﻿Zoom Individual ID,Last name,First name,Middle name,Salutation,Suffix,Job title,Job title hierarchy level,Job Function,Management Level,Company division name,Direct Phone Number,Email address,Person Street,Person City,Person State,Person Zip,Country,Source count,Last updated date,Zoom company ID,Company name,Column1,Company domain name,Company phone number,Company Street address,Company City,Company State,Company ZIP/Postal code,Company Country,Industry label,Industry hierarchical category,Secondary industry label,Secondary industry hierarchical category,Revenue (in 000s),Revenue Range,Employees,Employees Range,SIC1,SIC2,NAICS1,NAICS2,TitleCode,Highest Level Job Function,Contact Zoom URL,Encrypted Email Address,Email Domain
1683857952,Dalton,Russ,,,,"Senior Manager, Information Technology",723,Information Technology,Manager,,(317) 938-0508,russ.dalton@aecom.com,2450 South Tibbs Ave.,Indianapolis,Indiana,46241,United States,85,8/10/2019,1756285,AECOM Limited,AECOM,www.aecom.com,(213) 593-8000,1999 Ave. Of The Stars Ste. 2600,Los Angeles,California,90067,United States,"Architecture, Engineering & Design",Industry.construction.architecture,Construction,Industry.construction,20155500,Sales.5GPlus,87000,Employees.10000plus,87,871,2379,541511,"TitleCode.IT,TitleCodeTop.Business,TitleCodeMiddle.Manager,TitleCodeMiddle.Technical,TitleCode.Manager","Manager,Engineering & Technical",https://go.zoominfo.com/#/apps/search/person/results?personProfileId=1683857952,b50812ac4ba3240bcca796d115be7511,aecom.com
2379647111,Hooper,Hope,,,,"Manager I, Information Technology",719,Information Technology,Manager,,(803) 502-9767,hope.hooper@aecom.com,2131 S. Centennial Dr.,Aiken,South Carolina,29803,United States,5,8/1/2019,1756285,AECOM Limited,AECOM,www.aecom.com,(213) 593-8000,1999 Ave. Of The Stars Ste. 2600,Los Angeles,California,90067,United States,"Architecture, Engineering & Design",Industry.construction.architecture,Construction,Industry.construction,20155500,Sales.5GPlus,87000,Employees.10000plus,87,871,2379,541511,"TitleCode.IT,TitleCodeTop.Business,TitleCodeMiddle.Manager,TitleCodeMiddle.Technical,TitleCode.Manager","Manager,Engineering & Technical",https://go.zoominfo.com/#/apps/search/person/results?personProfileId=2379647111,4b0cea2c016e3919eebaf736afffc9e0,aecom.com
2156619896,Hurst,Steven,B.,,,"Business Senior Project Manager, Information Technology & Liaison",723,Information Technology,Manager,,(208) 386-5785,steven.hurst@aecom.com,3320 E. Goldstone Way,Meridian,Idaho,83642,United States,31,7/9/2019,1756285,AECOM Limited,AECOM,www.aecom.com,(213) 593-8000,1999 Ave. Of The Stars Ste. 2600,Los Angeles,California,90067,United States,"Architecture, Engineering & Design",Industry.construction.architecture,Construction,Industry.construction,20155500,Sales.5GPlus,87000,Employees.10000plus,87,871,2379,541511,"TitleCode.ProjectManagement,TitleCodeMiddle.Manager,TitleCodeTop.Business,TitleCode.IT,TitleCodeMiddle.Operations,TitleCodeMiddle.Technical,TitleCode.Manager","Operations,Manager",https://go.zoominfo.com/#/apps/search/person/results?personProfileId=2156619896,fac0de276a8ad5a239bcb7e942731976,aecom.com
1768722859,Stroud,Vicki,,,,"Manager, Information Technology",719,Information Technology,Manager,,(208) 386-6408,vicki.stroud@consultant.aecom.com,400 South Broadway Ave.,Boise,Idaho,83702,United States,51,5/1/2019,1756285,AECOM Limited,AECOM,www.aecom.com,(213) 593-8000,1999 Ave. Of The Stars Ste. 2600,Los Angeles,California,90067,United States,"Architecture, Engineering & Design",Industry.construction.architecture,Construction,Industry.construction,20155500,Sales.5GPlus,87000,Employees.10000plus,87,871,2379,541511,"TitleCode.IT,TitleCodeTop.Business,TitleCodeMiddle.Manager,TitleCodeMiddle.Technical,TitleCode.Manager","Manager,Engineering & Technical",https://go.zoominfo.com/#/apps/search/person/results?personProfileId=1768722859,8ded9c046e8a7e11ba71e905a5a2ee51,consultant.aecom.com
-2046118406,Piastuch,William,C.,,,"Division Manager, Information Technology",719,Information Technology,Manager,,(321) 861-5311,bill.piastuch@aecom.com,P.O. Box 21025,Orlando,Florida,32899,United States,12,12/6/2018,1756285,AECOM Limited,AECOM,www.aecom.com,(213) 593-8000,1999 Ave. Of The Stars Ste. 2600,Los Angeles,California,90067,United States,"Architecture, Engineering & Design",Industry.construction.architecture,Construction,Industry.construction,20155500,Sales.5GPlus,87000,Employees.10000plus,87,871,2379,541511,"TitleCode.IT,TitleCodeTop.Business,TitleCodeMiddle.Manager,TitleCodeMiddle.Technical,TitleCode.Manager","Manager,Engineering & Technical",https://go.zoominfo.com/#/apps/search/person/results?personProfileId=-2046118406,8c153878adc75be7a325be5dc195e5f3,aecom.com
2835447229,Schmitz,Steffen,,,,"Innovation, Process & Automation, B Project Manager, Information Technology",719,Information Technology,Manager,,,steffen.schmitz@aecom.com,,,,,,3,12/18/2018,1756285,AECOM Limited,AECOM,www.aecom.com,(213) 593-8000,1999 Ave. Of The Stars Ste. 2600,Los Angeles,California,90067,United States,"Architecture, Engineering & Design",Industry.construction.architecture,Construction,Industry.construction,20155500,Sales.5GPlus,87000,Employees.10000plus,87,871,2379,541511,"TitleCode.ProjectManagement,TitleCodeMiddle.Manager,TitleCodeTop.Business,TitleCode.IT,TitleCodeMiddle.Operations,TitleCodeMiddle.Technical,TitleCode.Manager","Operations,Manager",https://go.zoominfo.com/#/apps/search/person/results?personProfileId=2835447229,b8e3fe88f03c04bb2a0550cbf57c7a37,aecom.com
1938176264,Ibrahim,Alamin,M.,,,"Manager, Information Technology",719,Information Technology,Manager,,,alamin.ibrahim@aecom.com,,,,,,5,12/14/2018,1756285,AECOM Limited,AECOM,www.aecom.com,(213) 593-8000,1999 Ave. Of The Stars Ste. 2600,Los Angeles,California,90067,United States,"Architecture, Engineering & Design",Industry.construction.architecture,Construction,Industry.construction,20155500,Sales.5GPlus,87000,Employees.10000plus,87,871,2379,541511,"TitleCode.IT,TitleCodeTop.Business,TitleCodeMiddle.Manager,TitleCodeMiddle.Technical,TitleCode.Manager","Manager,Engineering & Technical",https://go.zoominfo.com/#/apps/search/person/results?personProfileId=1938176264,3d289598fdfe70b28c5304c9124db1b7,aecom.com
-884017884,Madden,John,,,,"Manager, Coast Information Technology, Combined Tactical Training Range (East)",719,Information Technology,Manager,,,john.k.madden@aecom.com,,Maysville,North Carolina,28555,United States,5,10/21/2018,1756285,AECOM Limited,AECOM,www.aecom.com,(213) 593-8000,1999 Ave. Of The Stars Ste. 2600,Los Angeles,California,90067,United States,"Architecture, Engineering & Design",Industry.construction.architecture,Construction,Industry.construction,20155500,Sales.5GPlus,87000,Employees.10000plus,87,871,2379,541511,"TitleCode.IT,TitleCodeTop.Business,TitleCodeMiddle.Manager,TitleCodeMiddle.Technical,TitleCode.Manager","Manager,Engineering & Technical",https://go.zoominfo.com/#/apps/search/person/results?personProfileId=-884017884,0c60f97f62cf6563d02c1eb0b883f688,aecom.com
783633189,Lloyd,David,,,,"Global Project Manager, Information Technology",719,Information Technology,Manager,,(415) 955-2939,david.lloyd@aecom.com,"300 California St., Ste. 400",San Francisco,California,94104,United States,36,10/13/2018,1756285,AECOM Limited,AECOM,www.aecom.com,(213) 593-8000,1999 Ave. Of The Stars Ste. 2600,Los Angeles,California,90067,United States,"Architecture, Engineering & Design",Industry.construction.architecture,Construction,Industry.construction,20155500,Sales.5GPlus,87000,Employees.10000plus,87,871,2379,541511,"TitleCode.ProjectManagement,TitleCodeMiddle.Manager,TitleCodeTop.Business,TitleCode.IT,TitleCodeMiddle.Operations,TitleCodeMiddle.Technical,TitleCode.Manager","Operations,Manager",https://go.zoominfo.com/#/apps/search/person/results?personProfileId=783633189,668c42cc6d26f2d9b2cd9869a8001c42,aecom.com
-1962425002,Hanson,Anthony,,,,"Manager, Information Technology & Survey Coordinator",720,Information Technology,Manager,,,a.hanson@agsconsultantsllc.com,16800 Greenspoint Park Dr.,Houston,Texas,77060,United States,6,8/10/2019,357379697,"AGS CONSULTANTS , LLC",AGS Consultants,www.agsconsultantsllc.com,(832) 301-3815,16800 Greenspoint Park Dr.,Houston,Texas,77060,United States,"Architecture, Engineering & Design",Industry.construction.architecture,Construction,Industry.construction,6800,Sales.5Mto10M,34,Employees.20to49,8712,871,541,5413,"TitleCode.IT,TitleCodeTop.Business,TitleCodeMiddle.Manager,TitleCodeMiddle.Technical,TitleCode.Manager","Manager,Engineering & Technical",https://go.zoominfo.com/#/apps/search/person/results?personProfileId=-1962425002,0ab6748cf30f2f62100de5bfc2fcda30,agsconsultantsllc.com
1444748698,Raymond,Jeffrey,,,,"Managing Director, Information Technology",763,Information Technology,Director,,(202) 626-7428,jeffreyraymond@aia.org,1735 New York Ave. NW,"Washington, D.C.",District of Columbia,20006,United States,47,7/18/2019,2590958,AIA-NS,AIA,www.aia.org,(202) 626-7300,1735 New York Ave. NW,"Washington, D.C.",District of Columbia,20006,United States,Membership Organizations,Industry.orgs.association,Organizations,Industry.orgs,,,239,Employees.100to249,86,862,81321,5417,"TitleCode.IT,TitleCodeTop.Business,TitleCodeMiddle.Technical,TitleCode.Director,TitleCodeMiddle.Director","Engineering & Technical,Director",https://go.zoominfo.com/#/apps/search/person/results?personProfileId=1444748698,10a92f76f35a61e14df32e5bb28d802e,aia.org
-1531775555,Soundar,Preethi,,,,"Project Management Office Project Manager, Information Technology",719,Information Technology,Manager,,(202) 626-7407,preethisoundar@aia.org,1735 New York Ave. NW,"Washington, D.C.",District of Columbia,20006,United States,8,3/22/2019,2590958,AIA-NS,AIA,www.aia.org,(202) 626-7300,1735 New York Ave. NW,"Washington, D.C.",District of Columbia,20006,United States,Membership Organizations,Industry.orgs.association,Organizations,Industry.orgs,,,239,Employees.100to249,86,862,81321,5417,"TitleCode.ProjectManagement,TitleCodeMiddle.Manager,TitleCodeTop.Business,TitleCode.IT,TitleCodeMiddle.Operations,TitleCodeMiddle.Technical,TitleCode.Manager","Operations,Manager",https://go.zoominfo.com/#/apps/search/person/results?personProfileId=-1531775555,e50265cf46358b4d44f35dd2e27673a8,aia.org
-2095413952,Summarell,Steven,R.,,,IT Infrastructure Manager,719,Information Technology,Manager,,,steve.summarell@alphafacilities.com,11503 NW Military,San Antonio,Texas,78231,United States,22,4/11/2019,347486592,ALPHA Facilities Solutions LLC,ALPHA Facilities,www.alphafacilities.com,(210) 492-5742,11503 NW Military,San Antonio,Texas,78231,United States,"Architecture, Engineering & Design",Industry.construction.architecture,Construction,Industry.construction,7400,Sales.5Mto10M,37,Employees.20to49,87,871,541511,541,"TitleCode.IT,TitleCodeTop.Business,TitleCodeMiddle.Manager,TitleCodeMiddle.Technical,TitleCode.Manager","Manager,Engineering & Technical",https://go.zoominfo.com/#/apps/search/person/results?personProfileId=-2095413952,9110532429ffe835214b6acca41cdf4b,alphafacilities.com
1134864478,Dedischew,Terri,,,,"Manager, Information Technology",719,Information Technology,Manager,,,tdedischew@aewinc.com,51301 Schoenherr Rd.,Utica,Michigan,48315,United States,16,4/12/2019,6491125,Anderson Eckstein & Westrick Inc,AEW,www.aewinc.com,(586) 726-1234,51301 Schoenherr Rd.,Utica,Michigan,48315,United States,"Architecture, Engineering & Design",Industry.construction.architecture,Construction,Industry.construction,,,81,Employees.50to99,87,871,541,541370,"TitleCode.IT,TitleCodeTop.Business,TitleCodeMiddle.Manager,TitleCodeMiddle.Technical,TitleCode.Manager","Manager,Engineering & Technical",https://go.zoominfo.com/#/apps/search/person/results?personProfileId=1134864478,6bcce7fb7d3a8db362be4a66aba2bedd,aewinc.com
2071045678,Conyers,Curt,,,,"Manager, Information Technology",719,Information Technology,Manager,,(812) 307-3525,cconyers@apex-engineering.com,,Mount Vernon,Indiana,47620,United States,9,3/21/2019,6375800,APEX Engineering Inc,APEX,www.apex-engineering.com,(270) 395-4121,326 E 5Th Ave.,Calvert City,Kentucky,42029,United States,"Architecture, Engineering & Design",Industry.construction.architecture,Construction,Industry.construction,9200,Sales.5Mto10M,46,Employees.20to49,8712,871,541,5413,"TitleCode.IT,TitleCodeTop.Business,TitleCodeMiddle.Manager,TitleCodeMiddle.Technical,TitleCode.Manager","Manager,Engineering & Technical",https://go.zoominfo.com/#/apps/search/person/results?personProfileId=2071045678,df375e815a6fe4b7bb81b8a1636fbcac,apex-engineering.com
33289371,Daniels,Joseph,,,,"Customer, Information Technology Service Manager",719,Information Technology,Manager,,,jdaniels@arescorporation.com,"1331 Gemini St,Ste 120",Houston,Texas,77058-2729,United States,22,3/21/2019,2621651,ARES Corporation,ARES,www.arescorporation.com,(650) 401-7100,1440 Chapin Ave. Ste. 390,Burlingame,California,94010,United States,Business Services General,Industry.bizservice.general,Business Services,Industry.bizservice,140000,Sales.100MMto250M,700,Employees.500to999,737,73,541511,541,"TitleCode.IT,TitleCodeTop.Business,TitleCodeMiddle.Manager,TitleCode.Technical,TitleCodeMiddle.Technical,TitleCode.Manager","Manager,Engineering & Technical",https://go.zoominfo.com/#/apps/search/person/results?personProfileId=33289371,2dc44b767e5b5fd0b0068ff8ac311b47,arescorporation.com
1844530427,Crum,Ron,,,,"Manager, Information Technology",719,Information Technology,Manager,,,rcrum@arescorporation.com,1440 Chapin Ave. Ste. 390,Burlingame,California,94010,United States,8,3/21/2019,2621651,ARES Corporation,ARES,www.arescorporation.com,(650) 401-7100,1440 Chapin Ave. Ste. 390,Burlingame,California,94010,United States,Business Services General,Industry.bizservice.general,Business Services,Industry.bizservice,140000,Sales.100MMto250M,700,Employees.500to999,737,73,541511,541,"TitleCode.IT,TitleCodeTop.Business,TitleCodeMiddle.Manager,TitleCodeMiddle.Technical,TitleCode.Manager","Manager,Engineering & Technical",https://go.zoominfo.com/#/apps/search/person/results?personProfileId=1844530427,c81602a16e9ea16556539fb9d5ce58ab,arescorporation.com
2440166558,Taylor,Scott,J.,,,"Operations Manager, Information Technology",719,Operations,Manager,,(813) 281-7325,scott.taylor@atkinsglobal.com,4030 W Boy Scout Blvd. Ste. 700,Tampa,Florida,33607,United States,25,3/21/2019,8228377,Atkins Limited,Atkins Limited,www.atkinsglobal.com,+44 20 7121 2000,Woodcote Grove Ashley Rd.,Epsom,Surrey,KT18 5BW,United Kingdom,Construction,Industry.construction,"Architecture, Engineering & Design",Industry.construction.architecture,2601727,Sales.1Gto5G,17489,Employees.10000plus,89,899,561499,5416,"TitleCodeMiddle.Manager,TitleCode.Operations,TitleCodeTop.Business,TitleCode.IT,TitleCodeMiddle.Operations,TitleCodeMiddle.Technical,TitleCode.Manager","Operations,Manager",https://go.zoominfo.com/#/apps/search/person/results?personProfileId=2440166558,10ab32e3d4e7e3977eb406f91c16fda1,atkinsglobal.com
42047567,Crouse,Linda,,,,"Manager, Information Technology",719,Information Technology,Manager,,(415) 293-5775,lcrouse@bararch.com,901 Battery St. Ste. 300,San Francisco,California,94111,United States,98,8/7/2019,3948873,BAR Architects,BAR,www.bararch.com,(415) 293-5700,901 Battery St. Ste. 300,San Francisco,California,94111,United States,"Architecture, Engineering & Design",Industry.construction.architecture,Construction,Industry.construction,,,85,Employees.50to99,87,871,541,5413,"TitleCode.IT,TitleCodeTop.Business,TitleCodeMiddle.Manager,TitleCodeMiddle.Technical,TitleCode.Manager","Manager,Engineering & Technical",https://go.zoominfo.com/#/apps/search/person/results?personProfileId=42047567,e317b22ed1d8dfea09843fd581ec37ed,bararch.com
1951425352,Wolozyn,Greg,,,,"Manager, Cadd & Information Technology",719,Information Technology,Manager,,,gwolozyn@bcplc.com,"5661 Columbia Pike, Ste. 200",Falls Church,Virginia,22041,United States,9,11/3/2018,348568545,BC Architects Engineers PLC,BC,www.bcplc.com,(703) 671-6000,"5661 Columbia Pike, Ste. 200",Falls Church,Virginia,22041,United States,"Architecture, Engineering & Design",Industry.construction.architecture,Construction,Industry.construction,5200,Sales.5Mto10M,26,Employees.20to49,8712,871,541,5413,"TitleCode.IT,TitleCodeTop.Business,TitleCodeMiddle.Manager,TitleCodeMiddle.Technical,TitleCode.Manager","Manager,Engineering & Technical",https://go.zoominfo.com/#/apps/search/person/results?personProfileId=1951425352,e4041d062db8c058421c4c5ea0ebdfa1,bcplc.com
1526320727,Witt,Keith,M.,,,Associate Architect and Project Manager and Information Technology Manager and Accounting and Estimating Support,719,Technical,Manager,,(614) 358-7462,kwitt@bsdarchitects.com,990 West Third Ave.,Columbus,Ohio,43212,United States,29,10/21/2018,5784950,Behal Sampson Dietz Inc,BSD,bsdarchitects.com,(614) 464-1933,990 West Third Ave.,Columbus,Ohio,43212,United States,"Architecture, Engineering & Design",Industry.construction.architecture,Construction,Industry.construction,5400,Sales.5Mto10M,27,Employees.20to49,8712,871,541,5413,"TitleCodeMiddle.Manager,TitleCode.Technical,TitleCode.ProjectManagement,TitleCode.IT,TitleCodeTop.Business,TitleCodeMiddle.Finance,TitleCodeMiddle.Operations,TitleCode.SoftwareEng,TitleCodeMiddle.Technical,TitleCode.Manager,TitleCode.Accounting","Finance,Manager",https://go.zoominfo.com/#/apps/search/person/results?personProfileId=1526320727,727a2d078e89b963694ae885b3ad63fd,bsdarchitects.com
-1905997043,Hinderlie,Knute,,,,"Manager, Information Technology",719,Information Technology,Manager,,(763) 843-0498,khinderlie@bkbm.com,"6120 Earle Brown Dr., Ste. 700",Minneapolis,Minnesota,55430,United States,10,10/8/2018,4850383,"BKBM Engineers , Inc.",BKBM,www.bkbm.com,(763) 843-0420,"6120 Earle Brown Dr., Ste. 700",Minneapolis,Minnesota,55430,United States,"Architecture, Engineering & Design",Industry.construction.architecture,Construction,Industry.construction,19000,Sales.10Mto25M,95,Employees.50to99,8712,871,541,5413,"TitleCode.IT,TitleCodeTop.Business,TitleCodeMiddle.Manager,TitleCodeMiddle.Technical,TitleCode.Manager","Manager,Engineering & Technical",https://go.zoominfo.com/#/apps/search/person/results?personProfileId=-1905997043,403d6364a6bc1c0526effebfdf8d86d4,bkbm.com
-1209398471,Burton,Justin,,,,"Manager, BIM and Revit and Information Technology Support Programmer",719,Technical,Manager,,(509) 252-5080,jburton@blrb.com,1250 Pacific Ave. Ste. 700,Tacoma,Washington,98402,United States,4,4/11/2019,12667384,BLRB Architects,BLRB,www.blrb.com,(253) 627-5599,1250 Pacific Ave. Ste. 700,Tacoma,Washington,98402,United States,"Architecture, Engineering & Design",Industry.construction.architecture,Construction,Industry.construction,10600,Sales.10Mto25M,53,Employees.50to99,87,871,541,5413,"TitleCodeMiddle.Manager,TitleCode.Technical,TitleCode.IT,TitleCodeTop.Business,TitleCodeMiddle.Operations,TitleCode.CustomerRel,TitleCode.SoftwareEng,TitleCodeMiddle.Technical,TitleCode.Manager","Operations,Manager",https://go.zoominfo.com/#/apps/search/person/results?personProfileId=-1209398471,6844f1bbab509fa5f1a12e491fb4221d,blrb.com
1874788344,Morningstar,Julie,,,,"Project Manager V, Information Technology",719,Information Technology,Manager,,(215) 563-3900 ext. 133,jmorningstar@blta.com,1216 ARCH St.,Philadelphia,Pennsylvania,19107,United States,24,3/21/2019,5325985,Bower Lewis Thrower Architects Ltd,BLTA,www.blta.com,(215) 563-3900,1216 ARCH St.,Philadelphia,Pennsylvania,19107,United States,"Architecture, Engineering & Design",Industry.construction.architecture,Construction,Industry.construction,10287,Sales.10Mto25M,49,Employees.20to49,87,871,541,5413,"TitleCode.ProjectManagement,TitleCodeMiddle.Manager,TitleCodeTop.Business,TitleCode.IT,TitleCodeMiddle.Operations,TitleCodeMiddle.Technical,TitleCode.Manager","Operations,Manager",https://go.zoominfo.com/#/apps/search/person/results?personProfileId=1874788344,092f999ae47a665895f432cec0f43391,blta.com
1899961330,Dell,William,,,,"Senior Associate Manager, Information Technology",719,Information Technology,Manager,,(617) 925-8327,wdell@brplusa.com,10 Guest St. 4th Fl.,Boston,Massachusetts,2135,United States,34,7/31/2019,346523831,BR+A Consulting Engineers,BR+A,www.brplusa.com,(617) 925-8296,10 Guest St. 4th Fl.,Boston,Massachusetts,2135,United States,"Architecture, Engineering & Design",Industry.construction.architecture,Construction,Industry.construction,31800,Sales.25Mto50M,159,Employees.100to249,87,871,541,5413,"TitleCode.IT,TitleCodeTop.Business,TitleCodeMiddle.Manager,TitleCodeMiddle.Technical,TitleCode.Manager","Manager,Engineering & Technical",https://go.zoominfo.com/#/apps/search/person/results?personProfileId=1899961330,d5f5df7262be4adbaf034dfa63dbd13d,brplusa.com
-1494133700,Kulykov,Dan,,,,"Global Manager, Marine Information Technology",719,Information Technology,Manager,,(832) 351-1663,dan.kulykov@cgg.com,10300 Town Park Dr.,Houston,Texas,77072-5236,United States,8,4/1/2019,67980171,CGG S.A,CGG,www.cgg.com,+33 1 64 47 45 00,Tour Maine-Montparnasse 33 Ave. du Maine,Paris,Ile-de-France,,France,"Electricity, Oil & Gas",Industry.energy.energy,"Energy, Utilities & Waste Treatment",Industry.energy,1320800,Sales.1Gto5G,5266,Employees.5000to9999,13,138,211,212,"TitleCode.IT,TitleCodeTop.Business,TitleCodeMiddle.Manager,TitleCodeMiddle.Technical,TitleCode.Manager","Manager,Engineering & Technical",https://go.zoominfo.com/#/apps/search/person/results?personProfileId=-1494133700,667e4417a3996002f9a8827380e53a1d,cgg.com
1920795341,Hernandez,Alex,,,,"Manager, Information Technology",719,Information Technology,Manager,,(214) 703-5151 ext. 4560,alex@civilassociates.com,9330 LBJ Freeway Ste. 1150,Dallas,Texas,75243,United States,10,12/26/2018,31755993,Civil Associates Inc,Civil Associates,www.civilassociates.com,(214) 703-5151,9330 LBJ Freeway Ste. 1150,Dallas,Texas,75243,United States,"Architecture, Engineering & Design",Industry.construction.architecture,Construction,Industry.construction,10600,Sales.10Mto25M,53,Employees.50to99,8712,871,541,5413,"TitleCode.IT,TitleCodeTop.Business,TitleCodeMiddle.Manager,TitleCodeMiddle.Technical,TitleCode.Manager","Manager,Engineering & Technical",https://go.zoominfo.com/#/apps/search/person/results?personProfileId=1920795341,35d5daf91162a82b64f727ca29df5546,civilassociates.com
505201726,Mosby,Mark,L.,Mr.,,"Manager, Information Technology",719,Information Technology,Manager,,(314) 984-9887 ext. 1119,mmosby@colestl.com,10777 Sunset Office Dr. Ste. 10,St. Louis,Missouri,63127,United States,27,7/31/2019,344188328,Cole & Associates Inc,Cole & Associates,www.colestl.com,(314) 984-9887,401 S 18Th St. Ste. 200,St. Louis,Missouri,63103,United States,"Architecture, Engineering & Design",Industry.construction.architecture,Construction,Industry.construction,26672,Sales.25Mto50M,98,Employees.50to99,87,871,541,5413,"TitleCode.IT,TitleCodeTop.Business,TitleCodeMiddle.Manager,TitleCodeMiddle.Technical,TitleCode.Manager","Manager,Engineering & Technical",https://go.zoominfo.com/#/apps/search/person/results?personProfileId=505201726,47e668f0f19084f88b5db8fc79d07d15,colestl.com
-1496897466,Elraheb,George,,,,"Manager, Information Technology",719,Information Technology,Manager,,,gelraheb@contrack.com,6862 Elm St. 5th Fl.,Mc Lean,Virginia,22101,United States,10,3/21/2019,12715706,Contrack International Inc.,Contrack,contrackwatts.com,(703) 358-8800,6862 Elm St. 5th Fl.,Mc Lean,Virginia,22101,United States,"Architecture, Engineering & Design",Industry.construction.architecture,Commercial & Residential Construction,Industry.construction.construction,2000000,Sales.1Gto5G,10000,Employees.10000plus,15,154,541,5413,"TitleCode.IT,TitleCodeTop.Business,TitleCodeMiddle.Manager,TitleCodeMiddle.Technical,TitleCode.Manager","Manager,Engineering & Technical",https://go.zoominfo.com/#/apps/search/person/results?personProfileId=-1496897466,5eb5689f905a6090ecd9ac483310689a,contrack.com
1931546751,Yorlano,Pablo,,,,"Manager, Information Technology",719,Information Technology,Manager,,+54 351 328-0310,pablo.yorlano@corbisstudio.com,,,Cordoba Province,,Argentina,37,8/5/2019,347940144,CorbisGlobal,CorbisGlobal,www.corbisstudio.com,(949) 340-9701,1500 Rosecrans Ave. Ste. 500,Manhattan Beach,California,90266,United States,"Architecture, Engineering & Design",Industry.construction.architecture,Construction,Industry.construction,19200,Sales.10Mto25M,96,Employees.50to99,8712,871,541,5413,"TitleCode.IT,TitleCodeTop.Business,TitleCodeMiddle.Manager,TitleCodeMiddle.Technical,TitleCode.Manager","Manager,Engineering & Technical",https://go.zoominfo.com/#/apps/search/person/results?personProfileId=1931546751,fae95e1792e2e679271cba1948ca9c9d,corbisstudio.com
-1710691261,Knight,Laura,,,,"Director, Accounting & IT Project Manager, Finance",760,Information Technology,Director,,(970) 498-2387,lknight@cppwind.com,2400 Midpoint Dr. Ste. 190,Fort Collins,Colorado,80525,United States,24,8/8/2019,345327760,CPP Inc,CPP,www.cppwind.com,(970) 221-3371,2400 Midpoint Dr. Ste. 190,Fort Collins,Colorado,80525,United States,"Architecture, Engineering & Design",Industry.construction.architecture,Construction,Industry.construction,16000,Sales.10Mto25M,80,Employees.50to99,87,871,541,5413,"TitleCodeMiddle.Manager,TitleCode.ProjectManagement,TitleCodeMiddle.Director,TitleCode.IT,TitleCodeTop.Business,TitleCodeMiddle.Finance,TitleCode.Finance,TitleCodeMiddle.Operations,TitleCodeMiddle.Technical,TitleCode.Manager,TitleCode.Accounting,TitleCode.Director","Manager,Director",https://go.zoominfo.com/#/apps/search/person/results?personProfileId=-1710691261,245429809848b06f0fa843b10a781f22,cppwind.com
-2144965287,Budd,Bill,,,,"Manager, Information Technology",719,Information Technology,Manager,,,wbudd@csarchpc.com,40 Beaver St.,Albany,New York,12207,United States,11,3/21/2019,23745681,CSArch,CSArch,www.csarchpc.com,(518) 463-8068,40 Beaver St.,Albany,New York,12207,United States,"Architecture, Engineering & Design",Industry.construction.architecture,Construction,Industry.construction,19200,Sales.10Mto25M,96,Employees.50to99,87,871,541,5413,"TitleCode.IT,TitleCodeTop.Business,TitleCodeMiddle.Manager,TitleCodeMiddle.Technical,TitleCode.Manager","Manager,Engineering & Technical",https://go.zoominfo.com/#/apps/search/person/results?personProfileId=-2144965287,e1f8769c2cd357bff2b55b067e6b557f,csarchpc.com
3102710880,Schmidt,John,,,,"CAD Manager, Information Technology",719,Information Technology,Manager,,,john.schmidt@cswst2.com,,,,,,2,12/14/2018,10125749,"CSW/Stuber-Stroeh Engineering Group , Inc.",CSW|ST2,www.cswst2.com,(415) 883-9850,45 Leveroni Ct.,Novato,California,94949,United States,"Architecture, Engineering & Design",Industry.construction.architecture,Construction,Industry.construction,15400,Sales.10Mto25M,77,Employees.50to99,87,871,541,5413,"TitleCode.IT,TitleCodeTop.Business,TitleCodeMiddle.Manager,TitleCodeMiddle.Technical,TitleCode.Manager","Manager,Engineering & Technical",https://go.zoominfo.com/#/apps/search/person/results?personProfileId=3102710880,e5faa48753759e1d8e0e04d2c0740712,cswst2.com
2207809906,Dhar,Susanta,,,,"Systems Senior Manager, Information Technology",723,Information Technology,Manager,,,susanta.d@dastur.com,,,,,,7,8/1/2019,348169930,Dastur International Inc,Dastur,www.dastur.com,(201) 261-2300,"650 From Rd., Ste. 158",Paramus,New Jersey,7652,United States,"Architecture, Engineering & Design",Industry.construction.architecture,Construction,Industry.construction,13400,Sales.10Mto25M,67,Employees.50to99,8712,871,541,5413,"TitleCode.IT,TitleCodeTop.Business,TitleCodeMiddle.Manager,TitleCodeMiddle.Technical,TitleCode.Manager","Manager,Engineering & Technical",https://go.zoominfo.com/#/apps/search/person/results?personProfileId=2207809906,72907f5ff49df7001980ee1b66d24423,dastur.com
3041847949,Ingram,Michael,,,,"Marine Division Manager, Information Technology",719,Information Technology,Manager,,(360) 314-3231,michael.ingram@deainc.com,,,Washington,,United States,6,8/2/2019,10651216,David Evans and Associates Inc,DEA,www.deainc.com,(503) 223-6663,2100 SW River Pkwy.,Portland,Oregon,97201,United States,Construction,Industry.construction,"Architecture, Engineering & Design",Industry.construction.architecture,,,1000,Employees.1000to4999,73,738,48,5419,"TitleCode.IT,TitleCodeTop.Business,TitleCodeMiddle.Manager,TitleCodeMiddle.Technical,TitleCode.Manager","Manager,Engineering & Technical",https://go.zoominfo.com/#/apps/search/person/results?personProfileId=3041847949,20deb3bdebb55032f823e5041774125d,deainc.com
-2049911326,Brown,Josh,D.,,,"Manager, Information Technology",719,Information Technology,Manager,,(602) 687-1686,josh.brown@dbmglobal.com,"3020 E. Camelback Rd., Ste. 100",Phoenix,Arizona,85016,United States,34,8/2/2019,353527500,DBM Global Inc,DBM,www.dbmglobal.com,(602) 252-7787,"3020 E. Camelback Rd., Ste. 100",Phoenix,Arizona,85016,United States,Commercial & Residential Construction,Industry.construction.construction,Construction,Industry.construction,486781,Sales.250Mto500M,1800,Employees.1000to4999,17,179,23812,5413,"TitleCode.IT,TitleCodeTop.Business,TitleCodeMiddle.Manager,TitleCodeMiddle.Technical,TitleCode.Manager","Manager,Engineering & Technical",https://go.zoominfo.com/#/apps/search/person/results?personProfileId=-2049911326,30acdcb335f5ca52f5df747bc5defbfc,dbmglobal.com
30019555,Chervenak,Michael,,,,"Manager, Information Technology",719,Information Technology,Manager,,(614) 255-2258,mchervenak@designgroup.us.com,515 East Main St.,Columbus,Ohio,43215,United States,46,8/9/2019,11108474,DesignGroup,DesignGroup,www.designgroup.us.com,(614) 255-0515,515 East Main St.,Columbus,Ohio,43215,United States,"Architecture, Engineering & Design",Industry.construction.architecture,Construction,Industry.construction,14200,Sales.10Mto25M,71,Employees.50to99,73,738,541199,541,"TitleCode.IT,TitleCodeTop.Business,TitleCodeMiddle.Manager,TitleCodeMiddle.Technical,TitleCode.Manager","Manager,Engineering & Technical",https://go.zoominfo.com/#/apps/search/person/results?personProfileId=30019555,ffe656e426a1663831a54845aad40ebd,designgroup.us.com
1751291198,Magyar,Jeffrey,M.,,,"Manager, Information Technology",719,Information Technology,Manager,,(703) 206-0842,jmagyar@dewberry.com,8401 Arlington Blvd.,Fairfax,Virginia,22031,United States,37,8/2/2019,11174272,Dewberry Company,Dewberry,www.dewberry.com,(703) 849-0100,8401 Arlington Blvd.,Fairfax,Virginia,22031,United States,"Architecture, Engineering & Design",Industry.construction.architecture,Construction,Industry.construction,406000,Sales.250Mto500M,2000,Employees.1000to4999,87,871,541,5413,"TitleCode.IT,TitleCodeTop.Business,TitleCodeMiddle.Manager,TitleCodeMiddle.Technical,TitleCode.Manager","Manager,Engineering & Technical",https://go.zoominfo.com/#/apps/search/person/results?personProfileId=1751291198,cd98d98fe47ec835ed3b93a7f781c4cc,dewberry.com
1678178290,Pineda,Benjamin,,,,"Automation Manager, Information Technology",719,Information Technology,Manager,,(303) 684-4198,ben.pineda@digitalglobe.com,1601 Dry Creek Dr. Ste. 260,Longmont,Colorado,80503,United States,32,3/21/2019,11337882,DigitalGlobe Inc,DigitalGlobe,www.digitalglobe.com,(303) 684-4000,1300 West 120Th Ave.,Westminster,Colorado,80234,United States,"Architecture, Engineering & Design",Industry.construction.architecture,Construction,Industry.construction,725400,Sales.500Mto1G,1733,Employees.1000to4999,73,87,561499,211,"TitleCode.IT,TitleCodeTop.Business,TitleCodeMiddle.Manager,TitleCodeMiddle.Technical,TitleCode.Manager","Manager,Engineering & Technical",https://go.zoominfo.com/#/apps/search/person/results?personProfileId=1678178290,cddab117c09d97cb07863f4be0c4aa0b,digitalglobe.com
933749483,Cain,Gregory,A.,Mr.,,"Manager, Information Technology",719,Information Technology,Manager,,,gcain@db-arch.com,,,,,,39,8/9/2019,15844167,Dreyfuss + Blackford Architecture,Dreyfuss + Blackford,www.dreyfussblackford.com,(916) 453-1234,3540 Folsom Blvd.,Sacramento,California,95816,United States,"Architecture, Engineering & Design",Industry.construction.architecture,Construction,Industry.construction,9400,Sales.5Mto10M,47,Employees.20to49,8712,871,541,5413,"TitleCode.IT,TitleCodeTop.Business,TitleCodeMiddle.Manager,TitleCodeMiddle.Technical,TitleCode.Manager","Manager,Engineering & Technical",https://go.zoominfo.com/#/apps/search/person/results?personProfileId=933749483,e9d5d1e2af9b7294e1dfe5b86f6eb25a,db-arch.com
2637462227,Morgan,William,,,,Job Captain and Information Technology and CAD Manager,719,Information Technology,Manager,,,williamm@eglinbresler.com,7391 East Tanque Verde Rd.,Tucson,Arizona,85715,United States,7,6/26/2019,38588857,"EGLIN + BRESLER ARCHITECTS, PC",Elgin + Bresler,www.eglinbresler.com,(520) 885-4455,7391 East Tanque Verde Rd.,Tucson,Arizona,85715,United States,"Architecture, Engineering & Design",Industry.construction.architecture,Construction,Industry.construction,5600,Sales.5Mto10M,28,Employees.20to49,8712,871,541,5413,"TitleCode.IT,TitleCodeTop.Business,TitleCodeMiddle.Manager,TitleCodeMiddle.Technical,TitleCode.Manager","Manager,Engineering & Technical",https://go.zoominfo.com/#/apps/search/person/results?personProfileId=2637462227,057ba16e59441b0218d7ebfad0ec6faf,eglinbresler.com
1692292489,Chowdhury,Manish,,,,"Manager, Information Technology",719,Information Technology,Manager,,+91 79 3932 0000,manish.chowdhury@einfochips.com,,Ahmedabad,Gujarat,,India,57,8/2/2019,22989066,eInfochips Inc,eInfochips,www.einfochips.com,(408) 496-1882,"2025 Gateway Pl., Ste. #270",San Jose,California,95110,United States,"Architecture, Engineering & Design",Industry.construction.architecture,Construction,Industry.construction,4630820,Sales.1Gto5G,1700,Employees.1000to4999,73,737,541511,541,"TitleCode.IT,TitleCodeTop.Business,TitleCodeMiddle.Manager,TitleCodeMiddle.Technical,TitleCode.Manager","Manager,Engineering & Technical",https://go.zoominfo.com/#/apps/search/person/results?personProfileId=1692292489,2d365313d5e0daac0549e53e62309b35,einfochips.com
-2048006641,Slagle,Johna,,,,"Manager, Information Technology",719,Information Technology,Manager,,,jslagle@eldengineering.com,120 E. Main St.,Forney,Texas,75126,United States,9,3/21/2019,60198482,"Eric L. Davis Engineering , Inc.",ELD Engineering,www.eldengineering.com,(281) 808-7071,25132 Oakhurst Dr.,Spring,Texas,77386,United States,"Architecture, Engineering & Design",Industry.construction.architecture,Construction,Industry.construction,10000,Sales.10Mto25M,50,Employees.50to99,87,871,541,5413,"TitleCode.IT,TitleCodeTop.Business,TitleCodeMiddle.Manager,TitleCodeMiddle.Technical,TitleCode.Manager","Manager,Engineering & Technical",https://go.zoominfo.com/#/apps/search/person/results?personProfileId=-2048006641,395c4f132c7b03030407a1747af513a9,eldengineering.com
-1481036864,Klemesrud,Jason,,,,"Manager, Information Technology",719,Information Technology,Manager,,,jasonk@twgi.com,257 Fuller Rd. 1St Fl.,Albany,New York,12203,United States,5,3/21/2019,12567382,EYP Inc,EYP,www.eypae.com,(518) 795-3800,257 Fuller Rd. 1St Fl.,Albany,New York,12203,United States,"Architecture, Engineering & Design",Industry.construction.architecture,Construction,Industry.construction,,,450,Employees.250to499,87,871,541,5413,"TitleCode.IT,TitleCodeTop.Business,TitleCodeMiddle.Manager,TitleCodeMiddle.Technical,TitleCode.Manager","Manager,Engineering & Technical",https://go.zoominfo.com/#/apps/search/person/results?personProfileId=-1481036864,2cf137ffe4d5330f2f63793290a3809e,twgi.com
2028255540,Matthias,Chad,,,,"Project Manager & Manager, Information Technology",719,Information Technology,Manager,,,cmatthias@f3-inc.com,701 E H St.,Benicia,California,94510,United States,11,9/26/2018,82004585,"F3 & Associates , Inc.",F3,www.f3-inc.com,(707) 748-4300,701 E H St.,Benicia,California,94510,United States,"Architecture, Engineering & Design",Industry.construction.architecture,Construction,Industry.construction,7000,Sales.5Mto10M,35,Employees.20to49,8712,871,541,5413,"TitleCode.ProjectManagement,TitleCodeMiddle.Manager,TitleCodeTop.Business,TitleCode.IT,TitleCodeMiddle.Operations,TitleCodeMiddle.Technical,TitleCode.Manager","Operations,Manager",https://go.zoominfo.com/#/apps/search/person/results?personProfileId=2028255540,774ba3eb7f4a95bcce5205a0b777d89f,f3-inc.com
447270559,Yoshino,Roy,,,,"Manager, Information Technology",719,Information Technology,Manager,,(626) 825-7431,ryoshino@flewelling-moody.com,1035 W Lancaster Blvd.,Lancaster,California,93534-2317,United States,11,11/3/2018,14648063,Flewelling & Moody,Flewelling & Moody,www.flewelling-moody.com,(323) 543-8300,815 Colorado Blvd. Ste. 200,Los Angeles,California,90041,United States,"Architecture, Engineering & Design",Industry.construction.architecture,Construction,Industry.construction,6860,Sales.5Mto10M,53,Employees.50to99,87,871,541,5413,"TitleCode.IT,TitleCodeTop.Business,TitleCodeMiddle.Manager,TitleCodeMiddle.Technical,TitleCode.Manager","Manager,Engineering & Technical",https://go.zoominfo.com/#/apps/search/person/results?personProfileId=447270559,c16b75af2a98ca5494b0b4fd2e21b393,flewelling-moody.com
-1377528261,Dillard,Brent,,,,"Manager, Information Technology & CAD Specialist",720,Information Technology,Manager,,(713) 778-6820,bdillard@fugro.com,6100 Hillcroft,Houston,Texas,77081,United States,6,10/16/2018,24544572,Fugro Roadware,Fugro,www.fugro.com,+31 70 311 1422,Veurse Achterweg 10,Leidschendam,South Holland,2264,Netherlands,"Architecture, Engineering & Design",Industry.construction.architecture,Construction,Industry.construction,1793666,Sales.1Gto5G,10044,Employees.10000plus,87,871,211,212,"TitleCode.IT,TitleCodeTop.Business,TitleCodeMiddle.Manager,TitleCodeMiddle.Technical,TitleCode.Manager","Manager,Engineering & Technical",https://go.zoominfo.com/#/apps/search/person/results?personProfileId=-1377528261,15aaa61dba173b157c8c22d47c93d662,fugro.com
1660915708,Wilson,Joseph,K.,,,"Regional Manager, Southeast Information Technology",719,Information Technology,Manager,,(407) 937-0968,jwilson@gpinet.com,423 South Keller Rd. Ste. 300,Orlando,Florida,32810,United States,37,10/30/2018,42027304,Greenman-Pedersen Inc,Greenman-Pedersen,www.gpinet.com,(631) 587-5060,325 West Main St.,Babylon,New York,11702,United States,"Architecture, Engineering & Design",Industry.construction.architecture,Construction,Industry.construction,300000,Sales.250Mto500M,1500,Employees.1000to4999,87,871,541,5413,"TitleCode.IT,TitleCodeTop.Business,TitleCodeMiddle.Manager,TitleCodeMiddle.Technical,TitleCode.Manager","Manager,Engineering & Technical",https://go.zoominfo.com/#/apps/search/person/results?personProfileId=1660915708,b5d118a70f541b20ef338b19a633c18f,gpinet.com
-2058042747,Fields,Cody,,,,"Visualization Manager, Information Technology",719,Information Technology,Manager,,(479) 273-7780 ext. 132,cody.fields@hfa-ae.com,1705 South Walton Blvd. Ste. 3,Bentonville,Arkansas,72712,United States,16,10/7/2018,61819093,"Harrison French & Associates, Ltd.",HFA,www.hfa-ae.com,(479) 273-7780,1705 South Walton Blvd. Ste. 3,Bentonville,Arkansas,72712,United States,"Architecture, Engineering & Design",Industry.construction.architecture,Construction,Industry.construction,20000,Sales.10Mto25M,100,Employees.100to249,87,871,541,5413,"TitleCode.IT,TitleCodeTop.Business,TitleCodeMiddle.Manager,TitleCodeMiddle.Technical,TitleCode.Manager","Manager,Engineering & Technical",https://go.zoominfo.com/#/apps/search/person/results?personProfileId=-2058042747,9b12153c17559f5f0f24e06e3e56d222,hfa-ae.com
2029898639,Kam,Ben,,,,"Pacific Senior Manager, Information Technology (Asia)",723,Information Technology,Manager,,+852 3197 6221,ben.kam@hok.com,41 Heung Yip Rd.,Hong Kong,Central and Western,,China,36,6/9/2019,17891854,"HOK , Inc.",HOK,www.hok.com,(314) 421-2000,"10 South Broadway, Ste. 200",St. Louis,Missouri,63102,United States,"Architecture, Engineering & Design",Industry.construction.architecture,Construction,Industry.construction,,,1700,Employees.1000to4999,87,871,541,5413,"TitleCode.IT,TitleCodeTop.Business,TitleCodeMiddle.Manager,TitleCodeMiddle.Technical,TitleCode.Manager","Manager,Engineering & Technical",https://go.zoominfo.com/#/apps/search/person/results?personProfileId=2029898639,324f4d30e3147f544f148af124128ca6,hok.com
-1961871498,Kerens,Chris,,,,"Program Manager, Information Technology",719,Information Technology,Manager,,(240) 650-1867,christopher.d.kerens@iapws.com,,Baghdad,Mayorality of Baghdad,,Iraq,12,12/20/2018,70141683,IAP Worldwide Services Inc,IAP,www.iapws.com,(321) 784-7100,7315 North Atlantic Ave.,Cape Canaveral,Florida,32920,United States,"Energy, Utilities & Waste Treatment General",Industry.energy.general,"Energy, Utilities & Waste Treatment",Industry.energy,750000,Sales.500Mto1G,2000,Employees.1000to4999,47,473,48,221,"TitleCode.ProgramManagement,TitleCodeMiddle.Manager,TitleCodeTop.Business,TitleCode.IT,TitleCodeMiddle.Operations,TitleCodeMiddle.Technical,TitleCode.Manager","Operations,Manager",https://go.zoominfo.com/#/apps/search/person/results?personProfileId=-1961871498,98646b456fad932747e57f9b0c7e47ad,iapws.com
-1889473257,Dillon,Jason,,,,"Project Manager, Information Technology",719,Information Technology,Manager,,(209) 502-0733,jason.dillon@katerra.com,,,California,,United States,4,2/20/2019,374066702,Katerra Inc,Katerra,www.katerra.com,(650) 422-3572,"2494 Sand Hill Rd. Bldg. 7, Ste. 100",Menlo Park,California,94025,United States,Software General,Industry.software.general,Software,Industry.software,353042,Sales.250Mto500M,5000,Employees.5000to9999,87,871,541,5182,"TitleCode.ProjectManagement,TitleCodeMiddle.Manager,TitleCodeTop.Business,TitleCode.IT,TitleCodeMiddle.Operations,TitleCodeMiddle.Technical,TitleCode.Manager","Operations,Manager",https://go.zoominfo.com/#/apps/search/person/results?personProfileId=-1889473257,b5327b069676c3b095c01cb2d13f0640,katerra.com
1711276628,Beganovic,Tibor,,,,"Manager, Information Technology",719,Information Technology,Manager,,,tbeganovic@keckwood.com,3090 Premiere Pkwy. Ste. 200,Duluth,Georgia,30097,United States,9,3/21/2019,21250584,"Keck & Wood , Inc.",Keck & Wood,www.keckwood.com,(678) 417-4000,3090 Premiere Pkwy. Ste. 200,Duluth,Georgia,30097,United States,Construction,Industry.construction,Commercial & Residential Construction,Industry.construction.construction,10000,Sales.10Mto25M,128,Employees.100to249,87,871,541,5413,"TitleCode.IT,TitleCodeTop.Business,TitleCodeMiddle.Manager,TitleCodeMiddle.Technical,TitleCode.Manager","Manager,Engineering & Technical",https://go.zoominfo.com/#/apps/search/person/results?personProfileId=1711276628,2c71fdee01968d9d1fd02bf389aaddff,keckwood.com
1871727136,Derrick,John,,,,"IT Manager, Information Systems",719,Information Technology,Manager,,(404) 693-8220,jderrick@khafra.com,230 Peachtree St. Nw Ste. 200,Atlanta,Georgia,30303,United States,24,8/5/2019,28509615,KHAFRA Engineering Consultants Inc,KHAFRA,www.khafra.com,(404) 525-2120,230 Peachtree St. Nw Ste. 200,Atlanta,Georgia,30303,United States,"Architecture, Engineering & Design",Industry.construction.architecture,Construction,Industry.construction,38400,Sales.25Mto50M,192,Employees.100to249,8712,871,541,5413,"TitleCode.IT,TitleCodeTop.Business,TitleCodeMiddle.Manager,TitleCodeMiddle.Technical,TitleCode.Manager","Manager,Engineering & Technical",https://go.zoominfo.com/#/apps/search/person/results?personProfileId=1871727136,87453ef1eec716700262590ccf8d6551,khafra.com
-2026584299,Artz,Jon,,,,"IT Project Manager, ERP",719,Information Technology,Manager,,(701) 355-8438,jon.artz@kljeng.com,4585 Coleman St.,Bismarck,North Dakota,58503,United States,20,3/21/2019,134169525,KLJ,KLJ,www.kljeng.com,(701) 355-8400,4585 Coleman St.,Bismarck,North Dakota,58503,United States,Construction,Industry.construction,Commercial & Residential Construction,Industry.construction.construction,,,780,Employees.500to999,87,871,541,5413,"TitleCode.ProjectManagement,TitleCodeMiddle.Manager,TitleCodeTop.Business,TitleCode.IT,TitleCodeMiddle.Operations,TitleCodeMiddle.Technical,TitleCode.Manager","Operations,Manager",https://go.zoominfo.com/#/apps/search/person/results?personProfileId=-2026584299,03d56848f261fece8ab265037e056bdc,kljeng.com
-1942833929,Bell,Alicia,,,,IT Administrative Manager,719,Information Technology,Manager,,(903) 236-7700 ext. 1102,abell@ksaeng.com,"140 E Tyler St,Ste 600",Longview,Texas,75601-7256,United States,21,3/21/2019,48305694,KSA Engineers Inc,KSA Engineers,www.ksaeng.com,(512) 342-6868,"4833 Spicewood Springs Rd., Ste. 204",Austin,Texas,78759,United States,"Architecture, Engineering & Design",Industry.construction.architecture,Construction,Industry.construction,28000,Sales.25Mto50M,140,Employees.100to249,87,871,541,541370,"TitleCodeMiddle.Administration,TitleCodeMiddle.Manager,TitleCode.Administration,TitleCodeTop.Business,TitleCode.IT,TitleCodeMiddle.Technical,TitleCode.Manager","Manager,Engineering & Technical",https://go.zoominfo.com/#/apps/search/person/results?personProfileId=-1942833929,b415e8e250ee5457cf627c612355f026,ksaeng.com
1638716379,Meyers,Mike,,,,"Manager, Information Technology",719,Information Technology,Manager,,(949) 476-8888 ext. 217,mike@lifescapesintl.com,4930 Campus Dr.,Newport Beach,California,92660,United States,44,3/21/2019,50039180,Lifescapes International Inc.,Lifescapes,www.lifescapesintl.com,(949) 476-8888,4930 Campus Dr.,Newport Beach,California,92660,United States,"Architecture, Engineering & Design",Industry.construction.architecture,Construction,Industry.construction,3660,Sales.1Mto5M,39,Employees.20to49,78,781,512,541,"TitleCode.IT,TitleCodeTop.Business,TitleCodeMiddle.Manager,TitleCodeMiddle.Technical,TitleCode.Manager","Manager,Engineering & Technical",https://go.zoominfo.com/#/apps/search/person/results?personProfileId=1638716379,0e1b5463693ffce7c387ed465993883b,lifescapesintl.com
-1055604654,Liberty,Chris,,,,Project Manager & IT Specialist,719,Information Technology,Manager,,,cliberty@locatiarchitects.com,1007 E MAIN,Bozeman,Montana,59715,United States,4,6/10/2019,22905624,Locati Architects,Locati Architects,www.locatiarchitects.com,(406) 587-1139,1007 E MAIN,Bozeman,Montana,59715,United States,"Architecture, Engineering & Design",Industry.construction.architecture,Construction,Industry.construction,7600,Sales.5Mto10M,38,Employees.20to49,8712,871,541,5413,"TitleCode.ProjectManagement,TitleCodeMiddle.Manager,TitleCodeTop.Business,TitleCode.IT,TitleCodeMiddle.Operations,TitleCodeMiddle.Technical,TitleCode.Manager","Operations,Manager",https://go.zoominfo.com/#/apps/search/person/results?personProfileId=-1055604654,1b67f361e072c5bf393b7995c71c8c32,locatiarchitects.com
-1775475515,Feist,Victoria,J.,,,"Manager, Information Technology",719,Information Technology,Manager,,(904) 400-2164,vfeist@martinenviro.com,4209 Baymeadows Rd.,Jacksonville,Florida,32217,United States,18,3/21/2019,170771742,Martin Environmental Solutions Inc,Martin Environmental,www.martinenviro.com,(904) 737-1034,4209 Baymeadows Rd.,Jacksonville,Florida,32217,United States,"Architecture, Engineering & Design",Industry.construction.architecture,"Waste Treatment, Environmental Services & Recycling",Industry.energy.environment,1600,Sales.1Mto5M,32,Employees.20to49,89,899,221,5416,"TitleCode.IT,TitleCodeTop.Business,TitleCodeMiddle.Manager,TitleCodeMiddle.Technical,TitleCode.Manager","Manager,Engineering & Technical",https://go.zoominfo.com/#/apps/search/person/results?personProfileId=-1775475515,5e054a88b6fde9a897db45e37ffdd851,martinenviro.com
1290327202,Davenport,Victoria,J.,,,"Manager, Information Technology",719,Information Technology,Manager,,,vdavenport@martinenviro.com,4209 Baymeadows Rd.,Jacksonville,Florida,32217,United States,15,3/21/2019,170771742,Martin Environmental Solutions Inc,Martin Environmental,www.martinenviro.com,(904) 737-1034,4209 Baymeadows Rd.,Jacksonville,Florida,32217,United States,"Architecture, Engineering & Design",Industry.construction.architecture,"Waste Treatment, Environmental Services & Recycling",Industry.energy.environment,1600,Sales.1Mto5M,32,Employees.20to49,89,899,221,5416,"TitleCode.IT,TitleCodeTop.Business,TitleCodeMiddle.Manager,TitleCodeMiddle.Technical,TitleCode.Manager","Manager,Engineering & Technical",https://go.zoominfo.com/#/apps/search/person/results?personProfileId=1290327202,49d2d257d8fc5a4bf1b381965e85000b,martinenviro.com
1838162746,Burke,Brian,,,,"Manager, Information Technology",719,Information Technology,Manager,,,bburke@meierinc.com,12 W. Kennewick Ave.,Kennewick,Washington,99336,United States,7,4/12/2019,42976801,MEIER Enterprises Inc,MEIER,www.meierinc.com,(509) 735-1589,12 W. Kennewick Ave.,Kennewick,Washington,99336,United States,"Architecture, Engineering & Design",Industry.construction.architecture,Construction,Industry.construction,10200,Sales.10Mto25M,51,Employees.50to99,8712,871,541511,541,"TitleCode.IT,TitleCodeTop.Business,TitleCodeMiddle.Manager,TitleCodeMiddle.Technical,TitleCode.Manager","Manager,Engineering & Technical",https://go.zoominfo.com/#/apps/search/person/results?personProfileId=1838162746,21c7bda8e7a9ed8e2d3e4c2d483986bf,meierinc.com
2070402775,Decker,Alan,,,,"Project Manager, Information Technology",719,Information Technology,Manager,,(806) 322-2813,adecker@merrickpetcare.com,"101 S.E. 11th Ave., Ste. 200",Amarillo,Texas,79101,United States,10,10/7/2018,24625351,Merrick & Company,Merrick,www.merrick.com,(303) 751-0741,5970 Greenwood Plz. Blvd.,Englewood,Colorado,80111,United States,Construction,Industry.construction,Commercial & Residential Construction,Industry.construction.construction,,,484,Employees.250to499,8712,871,541,5413,"TitleCode.ProjectManagement,TitleCodeMiddle.Manager,TitleCodeTop.Business,TitleCode.IT,TitleCodeMiddle.Operations,TitleCodeMiddle.Technical,TitleCode.Manager","Operations,Manager",https://go.zoominfo.com/#/apps/search/person/results?personProfileId=2070402775,aaf3bab4d25640bc2db4a8dc444a4195,merrickpetcare.com
874802981,Thompson,Roy,,,,"Manager, Information Technology",719,Information Technology,Manager,,,roy.thompson@mwalleng.com,4115 Sorrento Valley Blvd.,San Diego,California,92121,United States,22,10/31/2018,77710244,Michael Wall Engineering Inc,Michael Wall Engineering,www.mwalleng.com,(858) 638-0600,4115 Sorrento Valley Blvd.,San Diego,California,92121,United States,"Architecture, Engineering & Design",Industry.construction.architecture,Construction,Industry.construction,1840,Sales.1Mto5M,27,Employees.20to49,87,871,541,5413,"TitleCode.IT,TitleCodeTop.Business,TitleCodeMiddle.Manager,TitleCodeMiddle.Technical,TitleCode.Manager","Manager,Engineering & Technical",https://go.zoominfo.com/#/apps/search/person/results?personProfileId=874802981,493538a7f0160110a837d107900246a1,mwalleng.com
321204531,Middleton,Craig,,,,"Global Manager, Information Technology",719,Information Technology,Manager,,,craig@mitchamindustries.com,8141 SH 75 SOUTH,Huntsville,Texas,77342,United States,27,3/21/2019,55888509,Mitcham Industries Inc,Mitcham Industries,www.mitchamindustries.com,(936) 291-2277,8141 SH 75 SOUTH,Huntsville,Texas,77342,United States,"Architecture, Engineering & Design",Industry.construction.architecture,Construction,Industry.construction,48276,Sales.25Mto50M,197,Employees.100to249,87,871,211,5419,"TitleCode.IT,TitleCodeTop.Business,TitleCodeMiddle.Manager,TitleCodeMiddle.Technical,TitleCode.Manager","Manager,Engineering & Technical",https://go.zoominfo.com/#/apps/search/person/results?personProfileId=321204531,0a140b8f521c748885349e4e2d1b1816,mitchamindustries.com
2111231691,Nichols,Jeff,,,,"Manager, CAD & Information Technology",719,Information Technology,Manager,,,jnichols@morrisonshipley.com,5704 Euper Ln.,Fort Smith,Arkansas,72903,United States,13,11/4/2018,351874585,Morrison-Shipley Engineers Inc,Morrison-Shipley,www.morrisonshipley.com,(479) 452-1933,5704 Euper Ln.,Fort Smith,Arkansas,72903,United States,"Architecture, Engineering & Design",Industry.construction.architecture,Construction,Industry.construction,5200,Sales.5Mto10M,26,Employees.20to49,8712,871,541,5413,"TitleCode.IT,TitleCodeTop.Business,TitleCodeMiddle.Manager,TitleCodeMiddle.Technical,TitleCode.Manager","Manager,Engineering & Technical",https://go.zoominfo.com/#/apps/search/person/results?personProfileId=2111231691,4b58d66970a19250e12106ec66d024d5,morrisonshipley.com
1442304944,Bottone,Vincent,,,,Associate and Information Technology Regional Manager,719,Information Technology,Manager,,(512) 382-3466,vbottone@pagethink.com,400 W. Cesar Chavez St. Fifth Fl.,Austin,Texas,78701,United States,54,8/6/2019,344801378,PageSoutherlandPage,PageSoutherlandPage,www.pagethink.com,(512) 472-6721,400 W. Cesar Chavez St. Fifth Fl.,Austin,Texas,78701,United States,"Architecture, Engineering & Design",Industry.construction.architecture,Construction,Industry.construction,59000,Sales.50Mto100M,295,Employees.250to499,87,871,541,5413,"TitleCode.IT,TitleCodeTop.Business,TitleCodeMiddle.Manager,TitleCodeMiddle.Technical,TitleCode.Manager","Manager,Engineering & Technical",https://go.zoominfo.com/#/apps/search/person/results?personProfileId=1442304944,81eed5a1efab5e4fde4b24fbda4d9624,pagethink.com
-1679992603,Martel,Michael,L.,,,"Service Desk Manager, Information Technology",719,Information Technology,Manager,,(253) 604-6693,mmartel@parametrix.com,1019 39TH Ave. SE Ste. 100,Puyallup,Washington,98374,United States,36,5/7/2019,51709586,Parametrix Inc,Parametrix,www.parametrix.com,(206) 394-3700,719 2nd Ave.,Seattle,Washington,98104,United States,Construction,Industry.construction,Commercial & Residential Construction,Industry.construction.construction,43000,Sales.25Mto50M,500,Employees.500to999,87,871,541,5413,"TitleCode.IT,TitleCodeTop.Business,TitleCodeMiddle.Manager,TitleCodeMiddle.Technical,TitleCode.Manager","Manager,Engineering & Technical",https://go.zoominfo.com/#/apps/search/person/results?personProfileId=-1679992603,71e502f9b46c1d6703fa16e4c594a657,parametrix.com
63251761,Houser,Jonathan,D.,,,Landscape Architect and CAD Manager and Information Technology Manager,719,Technical,Manager,,(814) 231-8285 ext. 316,jhouser@pennterra.com,3075 Enterprise Dr. Ste. 100,State College,Pennsylvania,16801,United States,22,12/10/2018,30032440,Penn Terra Engineering Inc,Penn Terra,www.pennterra.com,(814) 231-8285,3075 Enterprise Dr. Ste. 100,State College,Pennsylvania,16801,United States,Construction,Industry.construction,"Architecture, Engineering & Design",Industry.construction.architecture,5800,Sales.5Mto10M,29,Employees.20to49,8712,871,541,5413,"TitleCodeMiddle.Construction,TitleCodeMiddle.Manager,TitleCode.Technical,TitleCodeTop.Services,TitleCode.Construction,TitleCode.IT,TitleCodeTop.Business,TitleCode.SoftwareEng,TitleCodeMiddle.Technical,TitleCode.Manager","Manager,Engineering & Technical",https://go.zoominfo.com/#/apps/search/person/results?personProfileId=63251761,4fcc9e2f40b33b427988bea6a2f0ca1f,pennterra.com
1852004418,Clayton,Robert,S.,,II,"Manager, Information Technology",719,Information Technology,Manager,,(215) 968-9300 ext. 292,rclayton@pcs-civil.com,828 B Newtown Yardley Rd.,Newtown,Pennsylvania,18940,United States,13,10/6/2018,83739434,Pickering Corts & Summerson Inc,PCS,www.pcs-civil.com,(215) 968-9300,828 B Newtown Yardley Rd.,Newtown,Pennsylvania,18940,United States,Construction,Industry.construction,Commercial & Residential Construction,Industry.construction.construction,29000,Sales.25Mto50M,145,Employees.100to249,8712,871,541,5413,"TitleCode.IT,TitleCodeTop.Business,TitleCodeMiddle.Manager,TitleCodeMiddle.Technical,TitleCode.Manager","Manager,Engineering & Technical",https://go.zoominfo.com/#/apps/search/person/results?personProfileId=1852004418,e51417656842ab85b947ba8cef56c507,pcs-civil.com
1837023330,Barrow,Trent,,,,"Manager, CAD & BIM & Information Technology",719,Information Technology,Manager,,(919) 846-8100 ext. 115,tbarrow@planworx.com,5711 Six Forks Rd. Ste. 100,Raleigh,North Carolina,27609,United States,19,10/7/2018,84297344,Planworx Architecture P.A,Planworx,www.planworx.com,(919) 846-8100,5711 Six Forks Rd. Ste. 100,Raleigh,North Carolina,27609,United States,"Architecture, Engineering & Design",Industry.construction.architecture,Construction,Industry.construction,7200,Sales.5Mto10M,36,Employees.20to49,8712,871,541,5413,"TitleCode.IT,TitleCodeTop.Business,TitleCodeMiddle.Manager,TitleCodeMiddle.Technical,TitleCode.Manager","Manager,Engineering & Technical",https://go.zoominfo.com/#/apps/search/person/results?personProfileId=1837023330,efb65ef5c09fafd3afce6ce2c39326e7,planworx.com
1533392068,Kumar,Yogesh,,,,"Operations, Trading Application Support Manager, Information Technology",719,Operations,Manager,,(203) 890-4437,yogesh.kumar@point72.com,72 Cummings Point Rd.,Stamford,Connecticut,6902,United States,16,6/28/2019,104382935,Point72,Point72,www.point72.com,(203) 890-2000,72 Cummings Point Rd.,Stamford,Connecticut,6902,United States,Venture Capital & Private Equity,Industry.finance.venturecapital,Finance,Industry.finance,9200,Sales.5Mto10M,1400,Employees.1000to4999,62,628,541,523,"TitleCodeMiddle.Manager,TitleCode.Operations,TitleCode.Investment,TitleCode.IT,TitleCodeTop.Business,TitleCodeMiddle.Finance,TitleCode.Finance,TitleCodeMiddle.Operations,TitleCodeMiddle.Technical,TitleCode.Manager","Finance,Manager",https://go.zoominfo.com/#/apps/search/person/results?personProfileId=1533392068,99f0a77756cffe68aff42f62179df485,point72.com
-1222004307,Rossi,Matteo,,,,"Operations, Macro Application Support Manager, Information Technology",719,Operations,Manager,,(646) 569-0811,matteo.rossi@point72.com,72 Cummings Point Rd.,Stamford,Connecticut,6902,United States,1,7/12/2019,104382935,Point72 Asset Management,Point72,www.point72.com,(203) 890-2000,72 Cummings Point Rd.,Stamford,Connecticut,6902,United States,Venture Capital & Private Equity,Industry.finance.venturecapital,Finance,Industry.finance,9200,Sales.5Mto10M,1400,Employees.1000to4999,62,628,541,523,"TitleCodeMiddle.Manager,TitleCode.Operations,TitleCodeTop.Business,TitleCode.IT,TitleCodeMiddle.Operations,TitleCodeMiddle.Technical,TitleCode.Manager","Operations,Manager",https://go.zoominfo.com/#/apps/search/person/results?personProfileId=-1222004307,df508546116d1d0ecd2ad1afa1365706,point72.com
-1304632923,Nyhus,Rich,,,,"Manager, Information Technology",719,Information Technology,Manager,,,rich.nyhus@point72.com,72 Cummings Point Rd.,Stamford,Connecticut,6902,United States,4,5/7/2019,104382935,Point72 Asset Management,Point72,www.point72.com,(203) 890-2000,72 Cummings Point Rd.,Stamford,Connecticut,6902,United States,Venture Capital & Private Equity,Industry.finance.venturecapital,Finance,Industry.finance,9200,Sales.5Mto10M,1400,Employees.1000to4999,62,628,541,523,"TitleCode.IT,TitleCodeTop.Business,TitleCodeMiddle.Manager,TitleCodeMiddle.Technical,TitleCode.Manager","Manager,Engineering & Technical",https://go.zoominfo.com/#/apps/search/person/results?personProfileId=-1304632923,9a6a7c1215359dd867d4a00affe75f94,point72.com
1942486933,D'Angelo,Mark,,,,"IT Operations Manager, End User Computing",719,Technical,Manager,,(646) 569-0836,mark.dangelo@point72.com,,Ronkonkoma,New York,11779,United States,18,2/11/2019,104382935,Point72 Asset Management,Point72,www.point72.com,(203) 890-2000,72 Cummings Point Rd.,Stamford,Connecticut,6902,United States,Venture Capital & Private Equity,Industry.finance.venturecapital,Finance,Industry.finance,9200,Sales.5Mto10M,1400,Employees.1000to4999,62,628,541,523,"TitleCode.Technical,TitleCodeMiddle.Manager,TitleCode.Operations,TitleCodeTop.Business,TitleCode.IT,TitleCodeMiddle.Operations,TitleCodeMiddle.Technical,TitleCode.Manager","Operations,Manager",https://go.zoominfo.com/#/apps/search/person/results?personProfileId=1942486933,600f5a6340654899b29d6e6d4eac12ee,point72.com
-2104176624,Wiles,Adam,,,,"Manager, Information Technology",719,Information Technology,Manager,,(616) 447-3409,wilesa@progressiveae.com,4 Mile Rd. NE,Grand Rapids,Michigan,49505,United States,28,6/18/2019,97780444,Progressive AE,Progressive AE,www.progressiveae.com,(616) 361-2664,4 Mile Rd. NE,Grand Rapids,Michigan,49505,United States,"Architecture, Engineering & Design",Industry.construction.architecture,Construction,Industry.construction,46000,Sales.25Mto50M,230,Employees.100to249,87,871,541,5413,"TitleCode.IT,TitleCodeTop.Business,TitleCodeMiddle.Manager,TitleCodeMiddle.Technical,TitleCode.Manager","Manager,Engineering & Technical",https://go.zoominfo.com/#/apps/search/person/results?personProfileId=-2104176624,59faffd5e02ac5d7ed77c3625c51b8c0,progressiveae.com
3107864477,Meadors,Chris,,,,"Business Services Manager, Information Technology",719,Information Technology,Manager,,(859) 592-2982,cmeadors@quantumspatial.com,,,Kentucky,,United States,3,5/3/2019,1788204,Quantum Spatial Inc,Quantum Spatial,www.quantumspatial.com,(907) 272-4495,2014 Merrill Field Dr.,Anchorage,Alaska,99501,United States,"Architecture, Engineering & Design",Industry.construction.architecture,Construction,Industry.construction,50000,Sales.50Mto100M,250,Employees.250to499,87,871,541,5413,"TitleCode.IT,TitleCodeTop.Business,TitleCodeMiddle.Manager,TitleCodeMiddle.Technical,TitleCode.Manager","Manager,Engineering & Technical",https://go.zoominfo.com/#/apps/search/person/results?personProfileId=3107864477,9ee9b768c084884b99e4318a022f8570,quantumspatial.com
2881121884,Keshetti,Srikanth,,,,Senior IT Service Manager,723,Information Technology,Manager,,,srikanth@ramboll.com,,,,,,2,3/6/2019,46010411,Ramboll AG,Ramboll,ramboll.com,(703) 516-2300,4350 N Fairfax Dr. Ste. 300,Arlington,Virginia,22203,United States,Construction,Industry.construction,Commercial & Residential Construction,Industry.construction.construction,,,10000,Employees.10000plus,87,874,5416,54169,"TitleCode.IT,TitleCodeTop.Business,TitleCodeMiddle.Manager,TitleCodeMiddle.Technical,TitleCode.Manager","Manager,Engineering & Technical",https://go.zoominfo.com/#/apps/search/person/results?personProfileId=2881121884,deac8948c80f16fca3414adc9a8719b0,ramboll.com
-1679926050,Booth,Alan,,,,"Manager, Information Technology & CAD Administrator",720,Information Technology,Manager,,(651) 292-3131,abooth@reigstad.com,192 West 9th St.,Saint Paul,Minnesota,55102,United States,11,6/21/2019,89440662,Reigstad Engineers Inc,Reigstad,www.reigstad.com,(651) 292-1123,192 West 9th St.,Saint Paul,Minnesota,55102,United States,Construction,Industry.construction,Commercial & Residential Construction,Industry.construction.construction,7400,Sales.5Mto10M,37,Employees.20to49,8712,871,611310,541,"TitleCodeMiddle.Administration,TitleCodeMiddle.Manager,TitleCode.Administration,TitleCodeTop.Business,TitleCode.IT,TitleCodeMiddle.Technical,TitleCode.Manager","Manager,Engineering & Technical",https://go.zoominfo.com/#/apps/search/person/results?personProfileId=-1679926050,a557b9438b15f7e51a0965251c910886,reigstad.com
1694101551,Korell,David,,,,"Manager, Information Technology",719,Information Technology,Manager,,(303) 513-3464,david.korell@rnldesign.com,1050 17Th St. Ste. A200,Denver,Colorado,80265,United States,17,5/14/2019,32997529,RNL Design,RNL Design,www.rnldesign.com,(303) 295-1717,1050 17Th St. Ste. A200,Denver,Colorado,80265,United States,"Architecture, Engineering & Design",Industry.construction.architecture,Construction,Industry.construction,,,137,Employees.100to249,8712,871,541,5413,"TitleCode.IT,TitleCodeTop.Business,TitleCodeMiddle.Manager,TitleCodeMiddle.Technical,TitleCode.Manager","Manager,Engineering & Technical",https://go.zoominfo.com/#/apps/search/person/results?personProfileId=1694101551,57da707be9f2d30f83950979585b488b,rnldesign.com
2691674265,Petersen,Helena,,,,"CAD Manager, Information Technology",719,Information Technology,Manager,,(212) 989-2853 ext. 109,hpetersen@rdgengineers.com,"18 West 21st St., 3rd Fl.",New York City,New York,10010,United States,5,2/25/2019,347954844,Rodney D. Gibble Consulting Engineers,RDG Engineers,www.rdgengineers.com,(212) 989-2853,"18 West 21st St., 3rd Fl.",New York City,New York,10010,United States,"Architecture, Engineering & Design",Industry.construction.architecture,Construction,Industry.construction,3600,Sales.1Mto5M,18,Employees.10to19,8712,871,541,5413,"TitleCode.IT,TitleCodeTop.Business,TitleCodeMiddle.Manager,TitleCodeMiddle.Technical,TitleCode.Manager","Manager,Engineering & Technical",https://go.zoominfo.com/#/apps/search/person/results?personProfileId=2691674265,968cd0b15a50c34c391b2f984d3da341,rdgengineers.com
-2048169271,Ford,Christopher,,,,"Manager, Information Technology",719,Information Technology,Manager,,,cford@sentechas.com,4421 Supply Ct.,Austin,Texas,78744,United States,7,3/21/2019,353658579,Sentech Architectural Systems LLC,Sentech,www.sentechas.com,(512) 266-7045,4421 Supply Ct.,Austin,Texas,78744,United States,"Architecture, Engineering & Design",Industry.construction.architecture,Construction,Industry.construction,6668,Sales.5Mto10M,22,Employees.20to49,87,871,541,423390,"TitleCode.IT,TitleCodeTop.Business,TitleCodeMiddle.Manager,TitleCodeMiddle.Technical,TitleCode.Manager","Manager,Engineering & Technical",https://go.zoominfo.com/#/apps/search/person/results?personProfileId=-2048169271,661bd79f715716301ebcb742cb410a17,sentechas.com
-2034912155,Rehman,Hasan,,,,"Project Manager, Information Technology",719,Information Technology,Manager,,,hrehman@sgt-inc.com,7701 Greenbelt Rd.,Greenbelt,Maryland,20770,United States,11,3/21/2019,95371598,SGT Inc,SGT,www.sgt-inc.com,(301) 614-8600,7701 Greenbelt Rd.,Greenbelt,Maryland,20770,United States,Software & Technical Consulting,Industry.software.consulting,Software,Industry.software,410946,Sales.250Mto500M,2500,Employees.1000to4999,73,737,5182,541512,"TitleCode.ProjectManagement,TitleCodeMiddle.Manager,TitleCodeTop.Business,TitleCode.IT,TitleCodeMiddle.Operations,TitleCodeMiddle.Technical,TitleCode.Manager","Operations,Manager",https://go.zoominfo.com/#/apps/search/person/results?personProfileId=-2034912155,2dffac55fa6a5689350dd5a2b9886391,sgt-inc.com
1302477240,Les,Taylor,,,,"Manager, CADD and Information Technology Coordinator",719,Information Technology,Manager,,,lestaylor@soproeng.com,140 Market Pl.,Montgomery,Alabama,36117,United States,6,3/21/2019,343345667,"SOUTHLAND PROFESSIONAL ENGINEERS, INC.",southerland Professional Engineering,www.soproeng.com,(334) 271-7107,140 Market Pl.,Montgomery,Alabama,36117,United States,"Architecture, Engineering & Design",Industry.construction.architecture,Construction,Industry.construction,1200,Sales.1Mto5M,6,Employees.5to9,8712,871,5179,517919,"TitleCode.IT,TitleCodeTop.Business,TitleCodeMiddle.Manager,TitleCode.Technical,TitleCodeMiddle.Technical,TitleCode.Manager","Manager,Engineering & Technical",https://go.zoominfo.com/#/apps/search/person/results?personProfileId=1302477240,2a67b9243772e74efebcc6a229c54cb0,soproeng.com
-1535783564,Enstrom,Erik,,,,"Manager, Information Technology",719,Information Technology,Manager,,,eenstrom@spectorgroup.com,220 Crossways Park West,Woodbury,New York,11797,United States,13,3/21/2019,109838740,Spector Group,Spector Group,www.spectorgroup.com,(212) 599-0055,183 Madison Ave.,New York City,New York,10016,United States,"Architecture, Engineering & Design",Industry.construction.architecture,Construction,Industry.construction,19000,Sales.10Mto25M,95,Employees.50to99,87,871,541,5413,"TitleCode.IT,TitleCodeTop.Business,TitleCodeMiddle.Manager,TitleCodeMiddle.Technical,TitleCode.Manager","Manager,Engineering & Technical",https://go.zoominfo.com/#/apps/search/person/results?personProfileId=-1535783564,f93e36f0141713fb2b74cc2c67dad137,spectorgroup.com
3110468845,Wyatt,Tim,,,,"Manager, Information Technology (AutoCAD Drafting)",719,Information Technology,Manager,,,twyatt@staffordconsultantsinc.com,,Charlotte,North Carolina,,United States,1,12/14/2018,84492666,Stafford Consultants Inc,Stafford Consultants,www.staffordconsultantsinc.com,(304) 425-9555,1105 Mercer St.,Princeton,West Virginia,24740,United States,"Architecture, Engineering & Design",Industry.construction.architecture,Construction,Industry.construction,5800,Sales.5Mto10M,29,Employees.20to49,87,871,541,5413,"TitleCode.IT,TitleCodeTop.Business,TitleCodeMiddle.Manager,TitleCodeMiddle.Technical,TitleCode.Manager","Manager,Engineering & Technical",https://go.zoominfo.com/#/apps/search/person/results?personProfileId=3110468845,c10c437b26e64c3bd8af747ea17ca85f,staffordconsultantsinc.com
1921144777,Garcia,Vivian,,,,"Latin America Regional Manager, Information Technology (North America)",719,Information Technology,Manager,,(626) 568-6030,vivian.garcia@stantec.com,"300 N Lake Ave., Ste. 400",Pasadena,California,91101,United States,28,6/13/2019,48152918,Stantec Inc.,Stantec,www.stantec.com,(403) 716-8000,25 25 St. SE,Calgary,Alberta,T2A 7H8,Canada,"Architecture, Engineering & Design",Industry.construction.architecture,Construction,Industry.construction,4094552,Sales.1Gto5G,22000,Employees.10000plus,87,871,5416,54141,"TitleCode.IT,TitleCodeTop.Business,TitleCodeMiddle.Manager,TitleCodeMiddle.Technical,TitleCode.Manager","Manager,Engineering & Technical",https://go.zoominfo.com/#/apps/search/person/results?personProfileId=1921144777,3ef85fe01ce8c1a8accd9cf2983a7f90,stantec.com
-1511652170,Nolan,Wyatt,,,,Designer and and Information Technology Manager,719,Information Technology,Manager,,(443) 569-6209,wnolan@skastudio.com,"47 Randall St., Ste. 2",Annapolis,Maryland,21401,United States,8,3/21/2019,371586808,"Steven Kahle Architects , Inc",SKA,www.skastudio.com,,"47 Randall St., Ste. 2",Annapolis,Maryland,21401,United States,"Architecture, Engineering & Design",Industry.construction.architecture,Construction,Industry.construction,5200,Sales.5Mto10M,26,Employees.20to49,8712,871,541,5413,"TitleCode.IT,TitleCodeTop.Business,TitleCodeMiddle.Manager,TitleCode.Technical,TitleCodeMiddle.Technical,TitleCode.Manager","Manager,Engineering & Technical",https://go.zoominfo.com/#/apps/search/person/results?personProfileId=-1511652170,287850cce3c998ed62f459f12750a9fc,skastudio.com
-2050706705,Pote,Jesse,,,,"Manager, CAD & Information Technology",719,Information Technology,Manager,,(973) 398-1776 ext. 2214,jpote@suburbanconsulting.com,"96 U.S. Hwy. 206, Ste. 101",Flanders,New Jersey,7836,United States,12,10/7/2018,92160267,Suburban Consulting Engineers Inc,Suburban Consulting,www.suburbanconsulting.com,(973) 398-1776,"96 U.S. Hwy. 206, Ste. 101",Flanders,New Jersey,7836,United States,"Architecture, Engineering & Design",Industry.construction.architecture,Construction,Industry.construction,5090,Sales.5Mto10M,53,Employees.50to99,8712,871,541,5413,"TitleCode.IT,TitleCodeTop.Business,TitleCodeMiddle.Manager,TitleCodeMiddle.Technical,TitleCode.Manager","Manager,Engineering & Technical",https://go.zoominfo.com/#/apps/search/person/results?personProfileId=-2050706705,3327fbce5ead8a959e3d6f1bba5ebb39,suburbanconsulting.com
1931603118,Gaughan,Daniel,P.,,,"Manager, Information Technology",719,Information Technology,Manager,,(413) 540-1427,dgaughan@oconnells.com,480 Hampden St.,Holyoke,Massachusetts,1040,United States,21,8/2/2019,32345207,The O'Connell Companies,O'Connell,www.oconnells.com,(413) 534-5667,800 Kelly Way,Holyoke,Massachusetts,1040,United States,"Architecture, Engineering & Design",Industry.construction.architecture,Construction,Industry.construction,100000,Sales.100MMto250M,200,Employees.100to249,8712,871,541,5413,"TitleCode.IT,TitleCodeTop.Business,TitleCodeMiddle.Manager,TitleCodeMiddle.Technical,TitleCode.Manager","Manager,Engineering & Technical",https://go.zoominfo.com/#/apps/search/person/results?personProfileId=1931603118,77bace2af0d0a447b9ee6b5f57654c3a,oconnells.com
1892403592,Norris,Tobias,,,,"Manager, Information Technology",719,Information Technology,Manager,,(215) 513-4270,toby.norris@thproperties.com,345 Main St.,Harleysville,Pennsylvania,19438-2420,United States,10,12/14/2018,38208354,THP Limited Inc,THP,www.thpltd.com,(513) 241-3222,100 East 8th St.,Cincinnati,Ohio,45202,United States,"Architecture, Engineering & Design",Industry.construction.architecture,Construction,Industry.construction,12800,Sales.10Mto25M,64,Employees.50to99,87,871,541,5413,"TitleCode.IT,TitleCodeTop.Business,TitleCodeMiddle.Manager,TitleCodeMiddle.Technical,TitleCode.Manager","Manager,Engineering & Technical",https://go.zoominfo.com/#/apps/search/person/results?personProfileId=1892403592,92646ae33ee31953dbfa8277c7dd31d2,thproperties.com
1326275099,Crumpler,Robin,,,,"Project Architect & Manager, CAD & Information Technology",719,Information Technology,Manager,,,rcrumpler@trainarchitects.com,612 East Jefferson St.,Charlottesville,Virginia,22902,United States,12,8/6/2019,356007035,Train Architects,Train Architects,www.trainarchitects.com,(434) 293-2965,612 East Jefferson St.,Charlottesville,Virginia,22902,United States,"Architecture, Engineering & Design",Industry.construction.architecture,Construction,Industry.construction,1400,Sales.1Mto5M,7,Employees.5to9,8712,871,541,5413,"TitleCode.IT,TitleCodeTop.Business,TitleCodeMiddle.Manager,TitleCode.SoftwareEng,TitleCodeMiddle.Technical,TitleCode.Manager","Manager,Engineering & Technical",https://go.zoominfo.com/#/apps/search/person/results?personProfileId=1326275099,9d0d9ec482698398571162af9230e19f,trainarchitects.com
2387840350,Fisher,Ryan,,,,IT Infrastructure Manager,719,Information Technology,Manager,,(267) 464-1777,rfisher@unitekgs.com,2010 Renaissance Blvd.,King of Prussia,Pennsylvania,19406,United States,4,10/31/2018,345537204,"UniTek Global Services, Inc.",UniTek Global Services,www.unitekglobalservices.com,(267) 464-1700,2010 Renaissance Blvd.,King of Prussia,Pennsylvania,19406,United States,Business Services,Industry.bizservice,"Architecture, Engineering & Design",Industry.construction.architecture,471930,Sales.250Mto500M,3000,Employees.1000to4999,17,173,517210,221,"TitleCode.IT,TitleCodeTop.Business,TitleCodeMiddle.Manager,TitleCodeMiddle.Technical,TitleCode.Manager","Manager,Engineering & Technical",https://go.zoominfo.com/#/apps/search/person/results?personProfileId=2387840350,369c1f831d61cbb003695d7573080d39,unitekgs.com
1560613967,Sheehan,Sean,T.,,,"Manager, Information Technology",719,Information Technology,Manager,,(630) 729-6115,ssheehan@v3co.com,7325 Janes Ave.,Woodridge,Illinois,60517,United States,16,3/26/2019,40534636,V3 Companies,V3,www.v3co.com,(630) 724-9200,7325 Janes Ave.,Woodridge,Illinois,60517,United States,Construction,Industry.construction,Commercial & Residential Construction,Industry.construction.construction,34800,Sales.25Mto50M,174,Employees.100to249,87,871,5416,541,"TitleCode.IT,TitleCodeTop.Business,TitleCodeMiddle.Manager,TitleCodeMiddle.Technical,TitleCode.Manager","Manager,Engineering & Technical",https://go.zoominfo.com/#/apps/search/person/results?personProfileId=1560613967,4f7b574699263eef8a209d93a7d0c8cd,v3co.com
-1629849008,Fallas,Ruben,,,,"Site Manager, Information Technology",719,Information Technology,Manager,,,ruben.fallas@valorglobal.com,14269 N 87th St. Ste. 203,Scottsdale,Arizona,85260,United States,3,3/21/2019,359405146,Valor Global LLC,Valor Global,www.valorglobal.com,(480) 263-0562,"13430 N. Black Canyon Hwy., Ste. 250",Phoenix,Arizona,85029,United States,Software & Technical Consulting,Industry.software.consulting,Software,Industry.software,200000,Sales.100MMto250M,1000,Employees.1000to4999,73,737,541,5182,"TitleCode.IT,TitleCodeTop.Business,TitleCodeMiddle.Manager,TitleCodeMiddle.Technical,TitleCode.Manager","Manager,Engineering & Technical",https://go.zoominfo.com/#/apps/search/person/results?personProfileId=-1629849008,087851cc80c73804f1a015093b49838b,valorglobal.com
-997409456,Conant,Kim,,,,"Manager, Information Technology",719,Information Technology,Manager,,(515) 225-8000 ext. 270,kconant@v-k.net,,,Iowa,,United States,7,2/26/2019,40698088,"Veenstra & Kimm , Inc.",Veenstra & Kimm,www.v-k.net,(515) 225-8000,3000 Westown Pkwy.,West Des Moines,Iowa,50266,United States,"Architecture, Engineering & Design",Industry.construction.architecture,Construction,Industry.construction,23200,Sales.10Mto25M,116,Employees.100to249,8712,871,541,5413,"TitleCode.IT,TitleCodeTop.Business,TitleCodeMiddle.Manager,TitleCodeMiddle.Technical,TitleCode.Manager","Manager,Engineering & Technical",https://go.zoominfo.com/#/apps/search/person/results?personProfileId=-997409456,b6ac89c08dff3cc8138463a921c0d3e4,v-k.net
1613831115,Aron,Patricia,D.,,,"Project Manager, Information Technology",719,Information Technology,Manager,,(281) 907-8600 ext. 20073,paron@wwebber.com,14333 Chrisman Rd.,Houston,Texas,77039-1508,United States,20,10/23/2018,155828306,Webber LLC,Webber,www.wwebber.com,(281) 907-8600,1725 Hughes Landing Ste. 1200,The Woodlands,Texas,77380,United States,Construction,Industry.construction,Commercial & Residential Construction,Industry.construction.construction,750000,Sales.500Mto1G,2000,Employees.1000to4999,16,162,2379,221,"TitleCode.ProjectManagement,TitleCodeMiddle.Manager,TitleCodeTop.Business,TitleCode.IT,TitleCodeMiddle.Operations,TitleCodeMiddle.Technical,TitleCode.Manager","Operations,Manager",https://go.zoominfo.com/#/apps/search/person/results?personProfileId=1613831115,eddfb93499d394fe7e64296827b87e5b,wwebber.com
-1672434666,Wills,Sarah,M.,,,"Project Manager, Information Technology",719,Information Technology,Manager,,(703) 679-5660,swills@wetlands.com,5300 Wellington Branch Dr. Ste. 100,Gainesville,Virginia,20155,United States,20,7/22/2019,55459901,Wetland Studies and Solutions Inc,Wetlands,www.wetlands.com,(703) 679-5600,5300 Wellington Branch Dr. Ste. 100,Gainesville,Virginia,20155,United States,"Waste Treatment, Environmental Services & Recycling",Industry.energy.environment,"Energy, Utilities & Waste Treatment",Industry.energy,30200,Sales.25Mto50M,151,Employees.100to249,89,899,221,5416,"TitleCode.ProjectManagement,TitleCodeMiddle.Manager,TitleCodeTop.Business,TitleCode.IT,TitleCodeMiddle.Operations,TitleCodeMiddle.Technical,TitleCode.Manager","Operations,Manager",https://go.zoominfo.com/#/apps/search/person/results?personProfileId=-1672434666,d0da280ebea78d79f73e5b4927d8ba02,wetlands.com
-1375645311,Karnessis,Dennis,,,,"Manager, CAD & Information Technology Support",719,Technical,Manager,,(631) 434-7900 ext. 156,dk@wiedersum.com,140 Adams Ave. Ste. B - 14,Hauppauge,New York,11788,United States,8,2/27/2019,42156245,Wiedersum Associates Architects PLLC,Wiedersum,www.wiedersum.com,(631) 434-7900,140 Adams Ave. Ste. B - 14,Hauppauge,New York,11788,United States,"Architecture, Engineering & Design",Industry.construction.architecture,Construction,Industry.construction,5200,Sales.5Mto10M,26,Employees.20to49,8712,871,541,5413,"TitleCode.Technical,TitleCodeMiddle.Manager,TitleCodeTop.Business,TitleCode.IT,TitleCodeMiddle.Operations,TitleCode.CustomerRel,TitleCodeMiddle.Technical,TitleCode.Manager","Operations,Manager",https://go.zoominfo.com/#/apps/search/person/results?personProfileId=-1375645311,58d34730091151a2bb0e9b526fa4ca03,wiedersum.com
1902342185,Davitt,Daniel,,,,"Manager, Information Technology",719,Information Technology,Manager,,(708) 229-3700,ddavitt@wynright.com,2500 Elmhurst Rd.,Elk Grove Village,Illinois,60007-6319,United States,23,4/15/2019,352747315,Wynright Corporation,Wynright,www.wynright.com,(847) 595-9400,2500 York Rd.,Elk Grove Village,Illinois,60007,United States,"Architecture, Engineering & Design",Industry.construction.architecture,Construction,Industry.construction,500000,Sales.500Mto1G,350,Employees.250to499,50,508,541,42,"TitleCode.IT,TitleCodeTop.Business,TitleCodeMiddle.Manager,TitleCodeMiddle.Technical,TitleCode.Manager","Manager,Engineering & Technical",https://go.zoominfo.com/#/apps/search/person/results?personProfileId=1902342185,0a9045da31cf64b4f571f77ca3aef67e,wynright.com
1625834786,Bui,Toan,,,,"Manager, Information Technology",719,Information Technology,Manager,,(713) 374-0068,tbui@zieglercooper.com,700 Louisiana St.,Houston,Texas,77002,United States,12,5/10/2019,95437138,Ziegler Cooper,Ziegler Cooper,www.zieglercooper.com,(713) 374-0000,700 Louisiana St.,Houston,Texas,77002,United States,"Architecture, Engineering & Design",Industry.construction.architecture,Construction,Industry.construction,12000,Sales.10Mto25M,182,Employees.100to249,87,871,541,5413,"TitleCode.IT,TitleCodeTop.Business,TitleCodeMiddle.Manager,TitleCodeMiddle.Technical,TitleCode.Manager","Manager,Engineering & Technical",https://go.zoominfo.com/#/apps/search/person/results?personProfileId=1625834786,79d724577bb54a8e0dd83e7fcad1cfe2,zieglercooper.com
