﻿Zoom Individual ID,Last name,First name,Middle name,Salutation,Suffix,Job title,Job title hierarchy level,Job Function,Management Level,Company division name,Direct Phone Number,Email address,Person Street,Person City,Person State,Person Zip,Country,Source count,Last updated date,Zoom company ID,Company name,Marketing Friendly Name,Company domain name,Company phone number,Company Street address,Company City,Company State,Company ZIP/Postal code,Company Country,Industry label,Industry hierarchical category,Secondary industry label,Secondary industry hierarchical category,Revenue (in 000s),Revenue Range,Employees,Employees Range,SIC1,SIC2,NAICS1,NAICS2,TitleCode,Highest Level Job Function,Contact Zoom URL,Encrypted Email Address,Email Domain
3180344331,Freeman,Phil,,,,"Director, Marketing & Information Technology",759,General Marketing,Director,,(314) 909-9050 ext. 210,phil@buildagape.com,435 East Clinton Pl.,Kirkwood,Missouri,63122,United States,4,8/9/2019,1886851,Agape Construction Company Inc,Agape Construction,www.agapeconstruction.com,(314) 909-9050,435 East Clinton Pl.,Kirkwood,Missouri,63122,United States,Construction General,Industry.construction.general,Construction,Industry.construction,27851,Sales.25Mto50M,122,Employees.100to249,,,,,"TitleCode.Marketing,TitleCodeMiddle.Director,TitleCodeTop.Business,TitleCode.IT,TitleCodeMiddle.Marketing,TitleCodeMiddle.Technical,TitleCode.Director","Marketing,Director",https://go.zoominfo.com/#/apps/search/person/results?personProfileId=3180344331,cecaa1fdbf2ad2b0ab919cd8762fbeb7,buildagape.com
1994919018,Wilson,Shawn,,,,"Project Manager, Information Technology",719,Information Technology,Manager,,(201) 507-3776,shawn.wilson@alliedbuilding.com,15 East Union Ave.,East Rutherford,New Jersey,7073,United States,18,10/16/2019,1310980,Allied Building Products Corp,Allied Buildign Products,www.alliedbuilding.com,(201) 507-8400,15 East Union Ave.,East Rutherford,New Jersey,7073,United States,Construction General,Industry.construction.general,Home Improvement & Hardware Retail,Industry.retail.hardware,1800000,Sales.1Gto5G,3100,Employees.1000to4999,50,503,444110,444,"TitleCode.ProjectManagement,TitleCodeMiddle.Manager,TitleCodeTop.Business,TitleCode.IT,TitleCodeMiddle.Operations,TitleCodeMiddle.Technical,TitleCode.Manager","Operations,Manager",https://go.zoominfo.com/#/apps/search/person/results?personProfileId=1994919018,f244d02f04430ae05caef8498837bfbd,alliedbuilding.com
-2045851662,Huggins,Daryl,,,,"Manager, CADD & IT System Analyst",720,Information Technology,Manager,,(251) 380-1208,daryl.huggins@aptim.com,"3600 Springhill Business Park, Ste. 200",Mobile,Alabama,36608-1212,United States,21,11/8/2019,407945030,Aptim Corp,Aptim,www.aptim.com,(833) 862-7846,1780 Hughes Landing Blvd. Ste. 1000,The Woodlands,Texas,77380,United States,Construction General,Industry.construction.general,Construction,Industry.construction,2000000,Sales.1Gto5G,10000,Employees.10000plus,17,179,238990,23,"TitleCode.IT,TitleCodeTop.Business,TitleCodeMiddle.Manager,TitleCode.SoftwareEng,TitleCodeMiddle.Technical,TitleCode.Manager","Manager,Engineering & Technical",https://go.zoominfo.com/#/apps/search/person/results?personProfileId=-2045851662,e2405a7343a14f87fd9089bcf42b65c4,aptim.com
1927816413,Dondanville,James,,,,"Manager, Information Technology",719,Information Technology,Manager,,(804) 523-8889,james.dondanville@acibuilds.com,1401 Battery Brooke Pkwy.,Richmond,Virginia,23237-3021,United States,59,10/30/2019,346917319,Atlantic Constructors Inc,Atlantic Constructors,www.acibuilds.com,(804) 222-3400,1401 BATTERY BROOKE Pkwy.,Chesterfield,Virginia,23237,United States,Construction General,Industry.construction.general,Construction,Industry.construction,61400,Sales.50Mto100M,800,Employees.500to999,17,179,48,488510,"TitleCode.IT,TitleCodeTop.Business,TitleCodeMiddle.Manager,TitleCodeMiddle.Technical,TitleCode.Manager","Manager,Engineering & Technical",https://go.zoominfo.com/#/apps/search/person/results?personProfileId=1927816413,ccd4aee5e80a1526d11d3547f6a60329,acibuilds.com
1877217949,Allison,Ian,E.,,,"Manager, Information Technology",719,Information Technology,Manager,,(602) 659-9361,iallison@aztec.us,4561 E Mcdowell Rd.,Phoenix,Arizona,85008,United States,38,10/31/2019,371609140,AZTEC Engineering Group Inc,AZTEC,www.aztec.us,(602) 454-0402,4561 E Mcdowell Rd.,Phoenix,Arizona,85008,United States,Commercial & Residential Construction,Industry.construction.construction,Construction,Industry.construction,34289,Sales.25Mto50M,180,Employees.100to249,87,871,5416,541,"TitleCode.IT,TitleCodeTop.Business,TitleCodeMiddle.Manager,TitleCodeMiddle.Technical,TitleCode.Manager","Manager,Engineering & Technical",https://go.zoominfo.com/#/apps/search/person/results?personProfileId=1877217949,0576b418664e8bd925af69bf8299c38d,aztec.us
1742309918,Cochran,Jared,,,,"Manager, Information Technology",719,Information Technology,Manager,,(281) 252-0286,jared@bcconstructors.com,27835 F.M. 2978,Magnolia,Texas,77354,United States,11,11/7/2019,345624553,B & C Constructors L.P,B&C Constructors,www.bcconstructors.com,(713) 932-9400,27835 F.M. 2978,Magnolia,Texas,77354,United States,Commercial & Residential Construction,Industry.construction.construction,Construction,Industry.construction,4794,Sales.1Mto5M,21,Employees.20to49,,,,,"TitleCode.IT,TitleCodeTop.Business,TitleCodeMiddle.Manager,TitleCodeMiddle.Technical,TitleCode.Manager","Manager,Engineering & Technical",https://go.zoominfo.com/#/apps/search/person/results?personProfileId=1742309918,9e22cea5dda6e55e2bc0ab5a9e2697c3,bcconstructors.com
-2035936152,Gawith,Brian,C.,,,"Manager, Information Technology Services",719,Information Technology,Manager,,(918) 728-7070,bgawith@btgrp.com,"1717 South Boulder Ave., Ste. 300",Tulsa,Oklahoma,74119,United States,21,11/6/2019,18241315,B+T Group,B+T Group,www.btgrp.com,(918) 587-4630,5301 S. Cherokee,Muskogee,Oklahoma,74403,United States,Commercial & Residential Construction,Industry.construction.construction,Construction,Industry.construction,31400,Sales.25Mto50M,170,Employees.100to249,87,871,541,5413,"TitleCode.IT,TitleCodeTop.Business,TitleCodeMiddle.Manager,TitleCode.Technical,TitleCodeMiddle.Technical,TitleCode.Manager","Manager,Engineering & Technical",https://go.zoominfo.com/#/apps/search/person/results?personProfileId=-2035936152,fb61a1e37cc876875b175c214110ba74,btgrp.com
42047567,Crouse,Linda,,,,"Manager, Information Technology",719,Information Technology,Manager,,(415) 293-5775,lcrouse@bararch.com,901 Battery St. Ste. 300,San Francisco,California,94111,United States,110,11/7/2019,3948873,BAR Architects,BAR Architects,www.bararch.com,(415) 293-5700,901 Battery St. Ste. 300,San Francisco,California,94111,United States,"Architecture, Engineering & Design",Industry.construction.architecture,Construction,Industry.construction,,,85,Employees.50to99,87,871,541,5413,"TitleCode.IT,TitleCodeTop.Business,TitleCodeMiddle.Manager,TitleCodeMiddle.Technical,TitleCode.Manager","Manager,Engineering & Technical",https://go.zoominfo.com/#/apps/search/person/results?personProfileId=42047567,e317b22ed1d8dfea09843fd581ec37ed,bararch.com
-1832772705,Ondrejko,Ryan,,,,"Manager, Information Technology",719,Information Technology,Manager,,(617) 212-3784,rondrejko@barlettaco.com,40 Shawmut Rd.,Canton,Massachusetts,2021,United States,23,11/8/2019,350646582,Barletta Engineering Corp,Barletta,www.barlettaco.com,(781) 821-6222,40 Shawmut Rd.,Canton,Massachusetts,2021,United States,Commercial & Residential Construction,Industry.construction.construction,Construction,Industry.construction,16893,Sales.10Mto25M,74,Employees.50to99,,,,,"TitleCode.IT,TitleCodeTop.Business,TitleCodeMiddle.Manager,TitleCodeMiddle.Technical,TitleCode.Manager","Manager,Engineering & Technical",https://go.zoominfo.com/#/apps/search/person/results?personProfileId=-1832772705,8576250e1ae4277176e6793b381894c0,barlettaco.com
2037254207,Shannon,Tom,,,,IT Strategy & Project Manager,719,Information Technology,Manager,,(252) 824-8292,tshannon@barnhillcontracting.com,2311 N. Main St.,Tarboro,North Carolina,27886,United States,31,11/1/2019,7833919,Barnhill Contracting Company,Barnhill Contracting,www.barnhillcontracting.com,(252) 823-1021,800 Tiffany Blvd. Ste. 200,Rocky Mount,North Carolina,27804,United States,Commercial & Residential Construction,Industry.construction.construction,Construction,Industry.construction,364879,Sales.250Mto500M,1100,Employees.1000to4999,17,177,238990,23,"TitleCode.ProjectManagement,TitleCodeMiddle.Manager,TitleCodeTop.Business,TitleCode.IT,TitleCodeMiddle.Operations,TitleCodeMiddle.Technical,TitleCode.Manager","Operations,Manager",https://go.zoominfo.com/#/apps/search/person/results?personProfileId=2037254207,901b7a044e1599954a7bd03a5c52fd20,barnhillcontracting.com
2703431745,Manning,Paul,,,,"Director, Information Technology Operations",759,Operations,Director,,(470) 381-3942,paul.manning@baytreelandscape.com,5830 E Ponce de Leon Ave.,Stone Mountain,Georgia,30083,United States,26,11/6/2019,374416282,Baytree Landscape Contractors Inc,Baytree Landscape,www.baytreelandscape.com,(866) 620-8750,5830 E Ponce de Leon Ave.,Stone Mountain,Georgia,30083,United States,"Architecture, Engineering & Design",Industry.construction.architecture,Construction,Industry.construction,6668,Sales.5Mto10M,65,Employees.50to99,78,781,512,541,"TitleCode.Operations,TitleCodeMiddle.Director,TitleCodeTop.Business,TitleCode.IT,TitleCodeMiddle.Operations,TitleCodeMiddle.Technical,TitleCode.Director","Operations,Director",https://go.zoominfo.com/#/apps/search/person/results?personProfileId=2703431745,cf445356d297a9f96cbddbee7505295e,baytreelandscape.com
2013960511,Schmidt,Jason,O.,,,"Director, Information Technology",759,Information Technology,Director,,(210) 860-9224 ext. 2007,jason.schmidt@bigreddog.com,"5710 W Hausman Rd,Ste 115",San Antonio,Texas,78249-1646,United States,43,11/9/2019,347203573,BIG RED DOG Inc,BIG RED DOG,www.bigreddog.com,(512) 669-5560,2021 east 5th St. Ste. 200,Austin,Texas,78702,United States,Construction,Industry.construction,Commercial & Residential Construction,Industry.construction.construction,13400,Sales.10Mto25M,105,Employees.100to249,87,871,541,5413,"TitleCode.IT,TitleCodeTop.Business,TitleCodeMiddle.Technical,TitleCode.Director,TitleCodeMiddle.Director","Engineering & Technical,Director",https://go.zoominfo.com/#/apps/search/person/results?personProfileId=2013960511,84f14a3b315ec915e09ccb2489a78177,bigreddog.com
1641577420,Gitter,Sean,,,,"Manager, Information Technology",719,Information Technology,Manager,,(973) 694-3211 ext. 209,sgitter@bonlandhvac.com,,,New Jersey,,United States,8,11/6/2019,16405577,Bonland Industries Inc,Bonland ,www.bonlandhvac.com,(973) 694-3211,50 Newark-Pompton Turnpike,Wayne,New Jersey,7470,United States,Commercial & Residential Construction,Industry.construction.construction,Construction,Industry.construction,70500,Sales.50Mto100M,300,Employees.250to499,17,171,23822,2382,"TitleCode.IT,TitleCodeTop.Business,TitleCodeMiddle.Manager,TitleCodeMiddle.Technical,TitleCode.Manager","Manager,Engineering & Technical",https://go.zoominfo.com/#/apps/search/person/results?personProfileId=1641577420,be9e2c9bdedf40aa012b445e8db3fa33,bonlandhvac.com
-1897307296,Peters,Robert,A.,,,"Director, Information Technology",759,Information Technology,Director,,(484) 821-0470 ext. 2119,rpeters@borton-lawson.com,3897 Adler Pl.,Bethlehem,Pennsylvania,18017,United States,10,3/21/2019,7078194,Borton-Lawson,Borton-Lawson,www.borton-lawson.com,(570) 821-1999,613 Baltimore Dr. Ste. 300,Wilkes-Barre,Pennsylvania,18702,United States,"Architecture, Engineering & Design",Industry.construction.architecture,Construction,Industry.construction,24660,Sales.10Mto25M,269,Employees.250to499,87,871,541,5413,"TitleCode.IT,TitleCodeTop.Business,TitleCodeMiddle.Technical,TitleCode.Director,TitleCodeMiddle.Director","Engineering & Technical,Director",https://go.zoominfo.com/#/apps/search/person/results?personProfileId=-1897307296,1d035facb2a6e6596fcf073a728c133d,borton-lawson.com
-1825767478,Aberle,Kurt,,,,"Manager, Information Technology",719,Information Technology,Manager,,(605) 230-0390,kurta@broszengineering.com,109 S. Main Box 357,Bowman,North Dakota,58623,United States,8,5/14/2019,9208983,Brosz Engineering Inc,Brosz Engineering,www.broszengineering.com,(701) 523-3340,109 S. Main Box 357,Bowman,North Dakota,58623,United States,"Architecture, Engineering & Design",Industry.construction.architecture,Construction,Industry.construction,14287,Sales.10Mto25M,75,Employees.50to99,8712,871,541,5413,"TitleCode.IT,TitleCodeTop.Business,TitleCodeMiddle.Manager,TitleCodeMiddle.Technical,TitleCode.Manager","Manager,Engineering & Technical",https://go.zoominfo.com/#/apps/search/person/results?personProfileId=-1825767478,30abeefac58aa896a2b628830b48457f,broszengineering.com
1984751303,Stickney,Cassidy,,,,"Project Coordinator & Manager, Information Technology",719,Information Technology,Manager,,,cstickney@clbarchitects.com,215 South King St.,Jackson,Wyoming,83001,United States,20,11/7/2019,6848926,Carney Architects,Carney Architects,www.clbarchitects.com,(307) 733-4000,215 South King St.,Jackson,Wyoming,83001,United States,"Architecture, Engineering & Design",Industry.construction.architecture,Construction,Industry.construction,4952,Sales.1Mto5M,26,Employees.20to49,8712,871,541,5413,"TitleCode.ProjectManagement,TitleCodeMiddle.Manager,TitleCodeTop.Business,TitleCode.IT,TitleCodeMiddle.Operations,TitleCodeMiddle.Technical,TitleCode.Manager","Operations,Manager",https://go.zoominfo.com/#/apps/search/person/results?personProfileId=1984751303,0ac5cd300e39ea88e5a0bc4c8156d46f,clbarchitects.com
-1329146353,McKenzie,Dj,,,,"Manager, Information Technology",719,Information Technology,Manager,,(208) 327-2643,dmckenzie@carollo.com,"2700 Ygnacio Valley Rd., Ste. 300",Walnut Creek,California,94598,United States,4,11/7/2019,11028149,Carollo Engineers Inc,Carollo Engineers,www.carollo.com,(925) 932-1710,"2700 Ygnacio Valley Rd., Ste. 300",Walnut Creek,California,94598,United States,Management Consulting,Industry.bizservice.consulting,Business Services,Industry.bizservice,,,1000,Employees.1000to4999,87,871,541,5413,"TitleCode.IT,TitleCodeTop.Business,TitleCodeMiddle.Manager,TitleCodeMiddle.Technical,TitleCode.Manager","Manager,Engineering & Technical",https://go.zoominfo.com/#/apps/search/person/results?personProfileId=-1329146353,bd03a0e663b67f6c028048b8eb3cbc90,carollo.com
2050965223,McCoy,Thom,,,,"Manager, Information Technology",719,Information Technology,Manager,,(662) 844-3331 ext. 228,thom.mccoy@centurycr.com,,Mount Laurel,New Jersey,8054,United States,27,11/5/2019,23071628,Century Construction Group Inc,Century Construction,www.centuryconstruction.com,(804) 330-4400,7416 FOREST HILL Ave.,Richmond,Virginia,23225,United States,Commercial & Residential Construction,Industry.construction.construction,Construction,Industry.construction,20089,Sales.10Mto25M,88,Employees.50to99,,,,,"TitleCode.IT,TitleCodeTop.Business,TitleCodeMiddle.Manager,TitleCodeMiddle.Technical,TitleCode.Manager","Manager,Engineering & Technical",https://go.zoominfo.com/#/apps/search/person/results?personProfileId=2050965223,0dc76c86e7672a807f6152306a6bbf08,centurycr.com
-866456028,Clark,Kim,,,,"Manager, Information Technology",719,Information Technology,Manager,,(480) 289-5831,kimclark@chasse.us,230 S Siesta Ln.,Tempe,Arizona,85281,United States,18,11/8/2019,346975013,CHASSE Building Team,CHASSE,www.chasse.us,(480) 425-7777,230 S Siesta Ln.,Tempe,Arizona,85281,United States,Commercial & Residential Construction,Industry.construction.construction,Construction,Industry.construction,19861,Sales.10Mto25M,87,Employees.50to99,15,152,23,2362,"TitleCode.IT,TitleCodeTop.Business,TitleCodeMiddle.Manager,TitleCodeMiddle.Technical,TitleCode.Manager","Manager,Engineering & Technical",https://go.zoominfo.com/#/apps/search/person/results?personProfileId=-866456028,65ea8cb93195466ca8715faabe619ea4,chasse.us
1729736188,Palace,Cecily,,,,"Manager, IT Operations",719,Operations,Manager,,(301) 272-8323,cecily.palace@clarkconstruction.com,7500 Old Georgetown Rd.,Bethesda,Maryland,20814,United States,38,10/25/2019,24941468,"Clark Construction Group, LLC",Clark Construction,www.clarkconstruction.com,(301) 272-8100,7500 Old Georgetown Rd.,Bethesda,Maryland,20814,United States,Construction,Industry.construction,Commercial & Residential Construction,Industry.construction.construction,4900000,Sales.1Gto5G,4200,Employees.1000to4999,15,154,23611,236115,"TitleCodeMiddle.Manager,TitleCode.Operations,TitleCodeTop.Business,TitleCode.IT,TitleCodeMiddle.Operations,TitleCodeMiddle.Technical,TitleCode.Manager","Operations,Manager",https://go.zoominfo.com/#/apps/search/person/results?personProfileId=1729736188,c4d89180605c978ce10f9c15b2242745,clarkconstruction.com
1585914283,Endrick,Jake,,,,"Senior Manager, IT Operations Support",723,Operations,Manager,,(301) 272-6705,jake.endrick@clarkconstruction.com,7500 Old Georgetown Rd.,Bethesda,Maryland,20814,United States,59,10/24/2019,24941468,"Clark Construction Group, LLC",Clark Construction,www.clarkconstruction.com,(301) 272-8100,7500 Old Georgetown Rd.,Bethesda,Maryland,20814,United States,Construction,Industry.construction,Commercial & Residential Construction,Industry.construction.construction,4900000,Sales.1Gto5G,4200,Employees.1000to4999,15,154,23611,236115,"TitleCodeMiddle.Manager,TitleCode.Operations,TitleCodeTop.Business,TitleCode.IT,TitleCodeMiddle.Operations,TitleCodeMiddle.Technical,TitleCode.Manager","Operations,Manager",https://go.zoominfo.com/#/apps/search/person/results?personProfileId=1585914283,caa5419c64321a6ebc28c37e94193f4c,clarkconstruction.com
-1814699255,Dailey,Carrie,,,,"Manager, Accounting & Human Resources & Information Technology",719,Information Technology,Manager,,(501) 519-2892,cdailey@clarkcontractors.net,15825 Cantrell Rd.,Little Rock,Arkansas,72223,United States,29,11/8/2019,345541302,Clark Contractors LLC,Clark Contractors,www.clarkcontractors.net,(501) 868-3133,15825 Cantrell Rd.,Little Rock,Arkansas,72223,United States,Commercial & Residential Construction,Industry.construction.construction,Construction,Industry.construction,18600,Sales.10Mto25M,93,Employees.50to99,,,,,"TitleCodeMiddle.HR,TitleCodeMiddle.Manager,TitleCode.IT,TitleCodeTop.Business,TitleCodeMiddle.Finance,TitleCode.HR,TitleCodeMiddle.Technical,TitleCode.Accounting,TitleCode.Manager","Manager,Human Resources",https://go.zoominfo.com/#/apps/search/person/results?personProfileId=-1814699255,5ff08d6c608a15251b5d91c98fa91b75,clarkcontractors.net
-1961305825,Reid,Victor,,,,"Manager, Information Technology",719,Information Technology,Manager,,(407) 926-3625,victor.reid@controllaser.com,7101 TPC Dr.,Orlando,Florida,32822,United States,28,11/8/2019,29823079,Control Laser Corporation Corporation,Control Laser,www.controllaser.com,(407) 926-3592,7101 TPC Dr.,Orlando,Florida,32822,United States,Electronic Components,Industry.mfg.electronics.electronics,Electronics,Industry.mfg.electronics,30394,Sales.25Mto50M,154,Employees.100to249,36,17,33599,238990,"TitleCode.IT,TitleCodeTop.Business,TitleCodeMiddle.Manager,TitleCodeMiddle.Technical,TitleCode.Manager","Manager,Engineering & Technical",https://go.zoominfo.com/#/apps/search/person/results?personProfileId=-1961305825,57e81fc16a71358bc64210d24a20df6e,controllaser.com
-1967069483,Fisher,Paul,L.,,,"Manager, Information Technology",719,Information Technology,Manager,,(602) 794-6003,p.fisher@corbinselectric.com,4829 S 38th St.,Phoenix,Arizona,85040,United States,34,10/31/2019,19924914,Corbins Electric,Corbins Electric,www.corbinselectric.com,(602) 275-8500,4829 S 38th St.,Phoenix,Arizona,85040,United States,Commercial & Residential Construction,Industry.construction.construction,"Electricity, Oil & Gas",Industry.energy.energy,27800,Sales.25Mto50M,139,Employees.100to249,17,173,221,23821,"TitleCode.IT,TitleCodeTop.Business,TitleCodeMiddle.Manager,TitleCodeMiddle.Technical,TitleCode.Manager","Manager,Engineering & Technical",https://go.zoominfo.com/#/apps/search/person/results?personProfileId=-1967069483,58b84a136c1304fb12758e9fc0b11e80,corbinselectric.com
3197251193,Chan,Newman,,,,"Manager, Information Technology",719,Information Technology,Manager,,(408) 437-7109,newman.chan@cmihvac.com,,,California,,United States,5,11/7/2019,344014849,Critchfield Mechanical Inc,Critchfield Mechanical,www.cmihvac.com,(408) 437-7000,1901 Jct. Ave.,San Jose,California,95131,United States,Commercial & Residential Construction,Industry.construction.construction,Construction,Industry.construction,76210,Sales.50Mto100M,530,Employees.500to999,17,171,23822,2382,"TitleCode.IT,TitleCodeTop.Business,TitleCodeMiddle.Manager,TitleCodeMiddle.Technical,TitleCode.Manager","Manager,Engineering & Technical",https://go.zoominfo.com/#/apps/search/person/results?personProfileId=3197251193,864228fd5654a32b3cd7717f45a07d31,cmihvac.com
1747685638,White,Daniel,,,,"Project Manager, Information Technology",719,Information Technology,Manager,,(501) 801-8648,dwhite@cteh.com,,,Arkansas,,United States,23,11/6/2019,16599090,CTEH LLC,CTEH,www.cteh.com,(501) 801-8500,5120 Northshore Dr.,North Little Rock,Arkansas,72118,United States,Commercial & Residential Construction,Industry.construction.construction,Construction,Industry.construction,31961,Sales.25Mto50M,140,Employees.100to249,89,899,5416,541,"TitleCode.ProjectManagement,TitleCodeMiddle.Manager,TitleCodeTop.Business,TitleCode.IT,TitleCodeMiddle.Operations,TitleCodeMiddle.Technical,TitleCode.Manager","Operations,Manager",https://go.zoominfo.com/#/apps/search/person/results?personProfileId=1747685638,217a2643bbc87c9fb7c1c07835fe446c,cteh.com
1681697486,Blansett,Josh,,,,"Project Manager, Information Technology",719,Information Technology,Manager,,(501) 801-8480,jblansett@cteh.com,5120 Northshore Dr.,North Little Rock,Arkansas,72118,United States,24,11/6/2019,16599090,CTEH LLC,CTEH,www.cteh.com,(501) 801-8500,5120 Northshore Dr.,North Little Rock,Arkansas,72118,United States,Commercial & Residential Construction,Industry.construction.construction,Construction,Industry.construction,31961,Sales.25Mto50M,140,Employees.100to249,89,899,5416,541,"TitleCode.ProjectManagement,TitleCodeMiddle.Manager,TitleCodeTop.Business,TitleCode.IT,TitleCodeMiddle.Operations,TitleCodeMiddle.Technical,TitleCode.Manager","Operations,Manager",https://go.zoominfo.com/#/apps/search/person/results?personProfileId=1681697486,e288e3abfa5eab95e79f525163517b15,cteh.com
3102713255,Labrie,Chiranjiv,,,,"Director, Information Technology",759,Information Technology,Director,,,clabrie@ctleng.com,,,,,,3,10/25/2019,31985133,CTL Engineering Inc,CTL Engineering,www.ctleng.com,(614) 276-8123,2860 Fisher Rd.,Columbus,Ohio,43204,United States,Commercial & Residential Construction,Industry.construction.construction,Construction,Industry.construction,32003,Sales.25Mto50M,168,Employees.100to249,87,871,541,5413,"TitleCode.IT,TitleCodeTop.Business,TitleCodeMiddle.Technical,TitleCode.Director,TitleCodeMiddle.Director","Engineering & Technical,Director",https://go.zoominfo.com/#/apps/search/person/results?personProfileId=3102713255,b083c219fc1d5ea37e4156e5d9f39d32,ctleng.com
3263945266,McCabe,Rory,,,,"Director, Information Technology",759,Information Technology,Director,,(518) 886-7858,rmccabe@dacollins.com,,,New York,,United States,4,9/27/2019,32707661,D.A. Collins Construction Company Co. Inc,D.A. Collins,www.dacollins.com,(518) 664-9855,269 Ballard Rd.,Wilton,New York,12831,United States,Commercial & Residential Construction,Industry.construction.construction,Construction,Industry.construction,136975,Sales.100MMto250M,600,Employees.500to999,,,,,"TitleCode.IT,TitleCodeTop.Business,TitleCodeMiddle.Technical,TitleCode.Director,TitleCodeMiddle.Director","Engineering & Technical,Director",https://go.zoominfo.com/#/apps/search/person/results?personProfileId=3263945266,481e69f7a8e2e45c1d78f4914689c2a4,dacollins.com
1969162231,Mangan,Brian,,,,"Manager, Information Technology",719,Information Technology,Manager,,(608) 268-7541,bmangan@davejonesinc.com,2225 Kilgust Rd.,Madison,Wisconsin,53713,United States,47,11/6/2019,29677765,Dave Jones Inc,Dave Jones,www.davejonesinc.com,(608) 222-8490,2225 Kilgust Rd.,Madison,Wisconsin,53713,United States,Commercial & Residential Construction,Industry.construction.construction,Construction,Industry.construction,26000,Sales.25Mto50M,130,Employees.100to249,,,,,"TitleCode.IT,TitleCodeTop.Business,TitleCodeMiddle.Manager,TitleCodeMiddle.Technical,TitleCode.Manager","Manager,Engineering & Technical",https://go.zoominfo.com/#/apps/search/person/results?personProfileId=1969162231,1f84e9213cd5c2435ef7b2d5e4df1b1a,davejonesinc.com
1751291198,Magyar,Jeffrey,M.,,,"Manager, Information Technology",719,Information Technology,Manager,,(703) 206-0842,jmagyar@dewberry.com,8401 Arlington Blvd.,Fairfax,Virginia,22031,United States,41,10/30/2019,11174272,Dewberry Company,Dewberry,www.dewberry.com,(703) 849-0100,8401 Arlington Blvd.,Fairfax,Virginia,22031,United States,"Architecture, Engineering & Design",Industry.construction.architecture,Construction,Industry.construction,406000,Sales.250Mto500M,2000,Employees.1000to4999,87,871,541,5413,"TitleCode.IT,TitleCodeTop.Business,TitleCodeMiddle.Manager,TitleCodeMiddle.Technical,TitleCode.Manager","Manager,Engineering & Technical",https://go.zoominfo.com/#/apps/search/person/results?personProfileId=1751291198,cd98d98fe47ec835ed3b93a7f781c4cc,dewberry.com
2164017340,Hartgrove,Kevin,,,,"Project Manager, IT Infrastructure",719,Information Technology,Manager,,(713) 428-3954,k.hartgrove@distributionintl.com,9000 Railwood Dr.,Houston,Texas,77078,United States,15,11/8/2019,32002377,"Distribution International , Inc.",Distribution International,www.distributioninternational.com,(972) 785-9900,2322 French Settlement Rd. Ste. 300,Dallas,Texas,75212,United States,Construction General,Industry.construction.general,Home Improvement & Hardware Retail,Industry.retail.hardware,,,448,Employees.250to499,50,503,4239,44,"TitleCode.ProjectManagement,TitleCodeMiddle.Manager,TitleCodeTop.Business,TitleCode.IT,TitleCodeMiddle.Operations,TitleCodeMiddle.Technical,TitleCode.Manager","Operations,Manager",https://go.zoominfo.com/#/apps/search/person/results?personProfileId=2164017340,ec4354487041008adf0477419c4e413b,distributionintl.com
1962399644,Mach,Quoc,,,,"Manager, IT Services",719,Information Technology,Manager,,(650) 347-1555 ext. 20161,jmach@ecc.net,1240 Bayshore Hwy.,Burlingame,California,94010,United States,22,11/7/2019,13090936,ECC,ECC,www.ecc.net,(650) 347-1555,1240 Bayshore Hwy.,Burlingame,California,94010,United States,Commercial & Residential Construction,Industry.construction.construction,Construction,Industry.construction,2187100,Sales.1Gto5G,1275,Employees.1000to4999,15,154,221,56,"TitleCode.IT,TitleCodeTop.Business,TitleCodeMiddle.Manager,TitleCodeMiddle.Technical,TitleCode.Manager","Manager,Engineering & Technical",https://go.zoominfo.com/#/apps/search/person/results?personProfileId=1962399644,cb0cb657ad0ea388e9c6043798b77d21,ecc.net
1692292489,Chowdhury,Manish,,,,"Manager, Information Technology",719,Information Technology,Manager,,+91 79 3932 0000,manish.chowdhury@einfochips.com,,Ahmedabad,Gujarat,,India,62,8/24/2019,22989066,eInfochips Inc,eInfochips,www.einfochips.com,(408) 496-1882,"2025 Gateway Pl., Ste. #270",San Jose,California,95110,United States,Software Development & Design,Industry.software.mfg,Software,Industry.software,3828969,Sales.1Gto5G,20100,Employees.10000plus,73,737,541511,541,"TitleCode.IT,TitleCodeTop.Business,TitleCodeMiddle.Manager,TitleCodeMiddle.Technical,TitleCode.Manager","Manager,Engineering & Technical",https://go.zoominfo.com/#/apps/search/person/results?personProfileId=1692292489,2d365313d5e0daac0549e53e62309b35,einfochips.com
1844667954,Flaherty,Bernadette,,,,"Manager, Information Technology",719,Information Technology,Manager,,(781) 272-8370,bflaherty@erland.com,71 Third Ave.,Burlington,Massachusetts,1803,United States,20,11/4/2019,13255274,Erland Construction Inc,Erland,www.erland.com,(781) 272-9440,71 Third Ave.,Burlington,Massachusetts,1803,United States,Commercial & Residential Construction,Industry.construction.construction,Construction,Industry.construction,132396,Sales.100MMto250M,135,Employees.100to249,15,154,23611,236115,"TitleCode.IT,TitleCodeTop.Business,TitleCodeMiddle.Manager,TitleCodeMiddle.Technical,TitleCode.Manager","Manager,Engineering & Technical",https://go.zoominfo.com/#/apps/search/person/results?personProfileId=1844667954,6e35850ff069f4d3f21eb792ce091431,erland.com
1107766382,Mendez,David,H.,,,"Manager, Information Technology Business Service Delivery",719,Information Technology,Manager,,(281) 249-3824,david.mendez@technipfmc.com,11750 Clay Rd.,Houston,Texas,77041,United States,34,10/29/2019,45091598,FMC Technologies Inc,FMC,technipfmc.com,(281) 591-4000,11740 Katy Freeway Energy Tower 3,Houston,Texas,77079,United States,"Electricity, Oil & Gas",Industry.energy.energy,"Energy, Utilities & Waste Treatment",Industry.energy,12552900,Sales.5GPlus,3700,Employees.1000to4999,35,13,2379,211,"TitleCode.IT,TitleCodeTop.Business,TitleCodeMiddle.Manager,TitleCodeMiddle.Technical,TitleCode.Manager","Manager,Engineering & Technical",https://go.zoominfo.com/#/apps/search/person/results?personProfileId=1107766382,e47af83ac99c9611c977fce37b9f4890,technipfmc.com
-1182985695,Ward,Nathan,,,,"Manager, Information Technology",719,Information Technology,Manager,,(503) 901-8120,nathan.ward@fortisconstruction.com,,,Oregon,,United States,13,11/8/2019,46648631,Fortis Construction Inc,Fortis Construction,www.fortisconstruction.com,(503) 459-4477,1705 SW Taylor St. Ste. 200,Portland,Oregon,97034,United States,Commercial & Residential Construction,Industry.construction.construction,Construction,Industry.construction,615200,Sales.500Mto1G,330,Employees.250to499,15,152,23,2362,"TitleCode.IT,TitleCodeTop.Business,TitleCodeMiddle.Manager,TitleCodeMiddle.Technical,TitleCode.Manager","Manager,Engineering & Technical",https://go.zoominfo.com/#/apps/search/person/results?personProfileId=-1182985695,7830347599dd7eb5b19a8877c75d4846,fortisconstruction.com
1710685741,Hessong,Sharon,,,,"Manager, Information Technology & Accounting",719,Information Technology,Manager,,(210) 227-8127 ext. 128,sharon.hessong@gwmitchell.com,2002 N. St. Mary's St.,San Antonio,Texas,78212,United States,61,11/9/2019,47042174,G.W. Mitchell Construction,G.W. Mitchell,www.gwmitchell.com,(210) 227-8127,8610 Broadway Ste. 310,San Antonio,Texas,78217,United States,Commercial & Residential Construction,Industry.construction.construction,Construction,Industry.construction,8600,Sales.5Mto10M,43,Employees.20to49,,,,,"TitleCodeMiddle.Manager,TitleCodeTop.Business,TitleCode.IT,TitleCodeMiddle.Finance,TitleCodeMiddle.Technical,TitleCode.Manager,TitleCode.Accounting","Finance,Manager",https://go.zoominfo.com/#/apps/search/person/results?personProfileId=1710685741,113bf52a6fa9ff053a2086f6f05ddbb6,gwmitchell.com
1512633791,Kowalski,Richard,,,,"Manager, IT Purchasing",719,Contracts,Manager,,(856) 396-2226 ext. 8115,rkowalski@gfnet.com,"5 Eves Dr., Ste. 200",Marlton,New Jersey,8053,United States,58,11/6/2019,48649212,"Gannett Fleming, Inc.",Gannett Fleming,www.gannettfleming.com,(717) 763-7211,207 Senate Ave.,Camp Hill,Pennsylvania,17011,United States,Construction,Industry.construction,Commercial & Residential Construction,Industry.construction.construction,,,2500,Employees.1000to4999,87,871,5416,541,"TitleCodeMiddle.Manager,TitleCode.Contracts,TitleCodeTop.Business,TitleCode.IT,TitleCodeMiddle.Operations,TitleCodeMiddle.Technical,TitleCode.Manager","Operations,Manager",https://go.zoominfo.com/#/apps/search/person/results?personProfileId=1512633791,f8eeeb3be761cf0eddbfa5f6e51b3027,gfnet.com
-1648514129,Levesque,Daniel,,,,"Director, Information Technology",759,Information Technology,Director,,(207) 883-6307 ext. 215,dlevesque@gawronturgeon.com,29 Black Point Rd.,Scarborough,Maine,4074,United States,11,6/15/2019,111576535,Gawron Turgeon Architects P.C,Gawron Turgeon,www.gawronturgeon.com,(207) 883-6307,29 Black Point Rd.,Scarborough,Maine,4074,United States,"Architecture, Engineering & Design",Industry.construction.architecture,Construction,Industry.construction,7238,Sales.5Mto10M,38,Employees.20to49,8712,871,541,5413,"TitleCode.IT,TitleCodeTop.Business,TitleCodeMiddle.Technical,TitleCode.Director,TitleCodeMiddle.Director","Engineering & Technical,Director",https://go.zoominfo.com/#/apps/search/person/results?personProfileId=-1648514129,016ca2a561e62d474b60dc6388260362,gawronturgeon.com
328116891,Taylor,Peter,,,,"Manager, Information Technology",719,Information Technology,Manager,,(630) 896-4500 ext. 105,ptaylor@gladstonehome.com,,,Illinois,,United States,9,11/1/2019,44468451,Gladstone Homes,Gladstone Homes,www.gladstonehomes.com,(630) 896-4500,536 Sycamore Ln.,North Aurora,Illinois,60542,United States,Construction General,Industry.construction.general,Construction,Industry.construction,14610,Sales.10Mto25M,64,Employees.50to99,,,,,"TitleCode.IT,TitleCodeTop.Business,TitleCodeMiddle.Manager,TitleCodeMiddle.Technical,TitleCode.Manager","Manager,Engineering & Technical",https://go.zoominfo.com/#/apps/search/person/results?personProfileId=328116891,d3ee5a6524dfc439eb5c737cd3195af4,gladstonehome.com
3306060876,Grogan,Tony,,,,"Director, IT Infrastructure",759,Information Technology,Director,,,rgrogan@goodmannetworks.com,2801 Network Blvd. Ste. 300,Frisco,Texas,75034,United States,4,10/24/2019,51103182,Goodman Networks Inc,Goodman Networks,www.goodmannetworks.com,(972) 406-9692,2801 Network Blvd. Ste. 300,Frisco,Texas,75034,United States,Telephony & Wireless,Industry.telecom.telephone,Telecommunications,Industry.telecom,725000,Sales.500Mto1G,2200,Employees.1000to4999,48,489,517919,5179,"TitleCode.IT,TitleCodeTop.Business,TitleCodeMiddle.Technical,TitleCode.Director,TitleCodeMiddle.Director","Engineering & Technical,Director",https://go.zoominfo.com/#/apps/search/person/results?personProfileId=3306060876,4d7af42a7aa893579eeb6ea0af3f9d67,goodmannetworks.com
-2086863838,Wilkes,Brandon,,,,"Manager, Information Technology",719,Information Technology,Manager,,(916) 855-4420,brandon.wilkes@gcinc.com,4001 BRADSHAW Rd.,Sacramento,California,95827,United States,31,11/4/2019,45878139,Granite Construction Inc,Granite Construction,www.graniteconstruction.com,(831) 724-1011,585 W Beach St.,Watsonville,California,95076,United States,Construction General,Industry.construction.general,Construction,Industry.construction,3318414,Sales.1Gto5G,2700,Employees.1000to4999,16,162,2379,237310,"TitleCode.IT,TitleCodeTop.Business,TitleCodeMiddle.Manager,TitleCodeMiddle.Technical,TitleCode.Manager","Manager,Engineering & Technical",https://go.zoominfo.com/#/apps/search/person/results?personProfileId=-2086863838,43723c704ff79920f1eefa799eae648d,gcinc.com
1101506276,Cotter,Joseph,,,,"Director, Information Technology",759,Information Technology,Director,,(615) 770-8398,joe.cotter@greshamsmith.com,222 Second Ave. South Ste. 1400,Nashville,Tennessee,37201,United States,87,11/4/2019,46467328,Gresham Smith and Partners,Gresham Smith,www.greshamsmith.com,(615) 770-8100,222 Second Ave. South Ste. 1400,Nashville,Tennessee,37201,United States,"Architecture, Engineering & Design",Industry.construction.architecture,Construction,Industry.construction,500000,Sales.500Mto1G,1000,Employees.1000to4999,87,871,5416,5417,"TitleCode.IT,TitleCodeTop.Business,TitleCodeMiddle.Technical,TitleCode.Director,TitleCodeMiddle.Director","Engineering & Technical,Director",https://go.zoominfo.com/#/apps/search/person/results?personProfileId=1101506276,3c37652ea8703ff6b8afdedbc936adf5,greshamsmith.com
-952922305,Fields,Daniel,,,,"Director, Information Technology",759,Information Technology,Director,,(559) 350-5809,dfields@guardiansafety.com,,,California,,United States,11,8/6/2019,86378264,Guardian Safety & Supply,Guardian Safety,www.guardiansafety.com,(559) 651-0919,8248 West Doe Ave.,Visalia,California,93291,United States,Construction General,Industry.construction.general,Construction,Industry.construction,5600,Sales.5Mto10M,28,Employees.20to49,,,,,"TitleCode.IT,TitleCodeTop.Business,TitleCodeMiddle.Technical,TitleCode.Director,TitleCodeMiddle.Director","Engineering & Technical,Director",https://go.zoominfo.com/#/apps/search/person/results?personProfileId=-952922305,bd671898e1922d9fea8eac21aa1aa277,guardiansafety.com
1431919720,West,Jonathan,H.,Mr.,,"Director, Information Technology",759,Information Technology,Director,,(214) 346-6305,jwest@halff.com,1201 North Bowser Rd.,Richardson,Texas,75081,United States,50,10/15/2019,17055763,Halff Associates Inc,Halff,www.halff.com,(214) 346-6200,1201 North Bowser Rd.,Richardson,Texas,75081,United States,"Architecture, Engineering & Design",Industry.construction.architecture,Construction,Industry.construction,,,1000,Employees.1000to4999,87,871,541,5413,"TitleCode.IT,TitleCodeTop.Business,TitleCodeMiddle.Technical,TitleCode.Director,TitleCodeMiddle.Director","Engineering & Technical,Director",https://go.zoominfo.com/#/apps/search/person/results?personProfileId=1431919720,d8e9a79e86064bbec2330b10ee04d8f1,halff.com
1699468107,Landis,Joshua,,,,"Director, Information Technology",759,Information Technology,Director,,(717) 625-1526,jlandis@hallerent.com,212 Bucky Dr.,Lititz,Pennsylvania,17543,United States,38,9/20/2019,52070828,Haller Enterprises Inc,Haller,www.hallerent.com,(717) 625-1600,P.O. Box 375,Lititz,Pennsylvania,17543,United States,Commercial & Residential Construction,Industry.construction.construction,Construction,Industry.construction,184591,Sales.100MMto250M,400,Employees.250to499,17,171,23822,23821,"TitleCode.IT,TitleCodeTop.Business,TitleCodeMiddle.Technical,TitleCode.Director,TitleCodeMiddle.Director","Engineering & Technical,Director",https://go.zoominfo.com/#/apps/search/person/results?personProfileId=1699468107,7bdb4f59a32cf3f72053d64602ed8594,hallerent.com
-1969990699,Wilson,David,,Dr.,,"Director, Information Technology",759,Information Technology,Director,,(561) 242-4335,dwilson@hedrickbrothers.com,2200 Centrepark West Dr.,West Palm Beach,Florida,33409,United States,26,9/9/2019,54675791,Hedrick Brothers Construction Co. Inc,Hedrick Brothers,www.hedrickbrothers.com,(561) 689-8880,2200 Centrepark West Dr.,West Palm Beach,Florida,33409,United States,Commercial & Residential Construction,Industry.construction.construction,Construction,Industry.construction,,,100,Employees.100to249,15,154,531,5312,"TitleCode.IT,TitleCodeTop.Business,TitleCodeMiddle.Technical,TitleCode.Director,TitleCodeMiddle.Director","Engineering & Technical,Director",https://go.zoominfo.com/#/apps/search/person/results?personProfileId=-1969990699,add7b27f941c46e643f6047d099af3bb,hedrickbrothers.com
1852033092,Richman,Ira,,,,"Manager, Information Technology",719,Information Technology,Manager,,(612) 758-4544,irichman@hga.com,420 5th St. N Ste. 100,Minneapolis,Minnesota,55401,United States,23,11/6/2019,41915970,HGA incorporated,HGA,www.hga.com,(612) 758-4000,420 5th St. N Ste. 100,Minneapolis,Minnesota,55401,United States,"Architecture, Engineering & Design",Industry.construction.architecture,Construction,Industry.construction,,,850,Employees.500to999,87,871,541,5413,"TitleCode.IT,TitleCodeTop.Business,TitleCodeMiddle.Manager,TitleCodeMiddle.Technical,TitleCode.Manager","Manager,Engineering & Technical",https://go.zoominfo.com/#/apps/search/person/results?personProfileId=1852033092,a87ac7f02f94b612bf6893b84e21d8c1,hga.com
3355658557,Wagar,Mike,,,,"Manager, Information Technology Service Delivery",719,Information Technology,Manager,,(214) 969-3085,mwagar@hksinc.com,350 N Saint Paul St. Ste. 100,Dallas,Texas,75201,United States,3,11/5/2019,17858578,HKS Inc,HKS,www.hksinc.com,(214) 969-5599,350 N Saint Paul St. Ste. 100,Dallas,Texas,75201,United States,"Architecture, Engineering & Design",Industry.construction.architecture,Construction,Industry.construction,,,1500,Employees.1000to4999,87,871,541,5414,"TitleCode.IT,TitleCodeTop.Business,TitleCodeMiddle.Manager,TitleCode.Technical,TitleCodeMiddle.Technical,TitleCode.Manager","Manager,Engineering & Technical",https://go.zoominfo.com/#/apps/search/person/results?personProfileId=3355658557,062752eaa766a1acb52ded1480aa8b88,hksinc.com
1270037778,Davies,Dan,,,,"Director, Information Technology",759,Information Technology,Director,,(262) 780-9129,ddavies@hunzinger.com,21100 Enterprise Ave.,Brookfield,Wisconsin,53045,United States,46,9/3/2019,18465119,Hunzinger Construction Company,Hunzinger,www.hunzinger.com,(262) 797-0797,21100 Enterprise Ave.,Brookfield,Wisconsin,53045,United States,Commercial & Residential Construction,Industry.construction.construction,Construction,Industry.construction,29678,Sales.25Mto50M,130,Employees.100to249,15,154,23,2362,"TitleCode.IT,TitleCodeTop.Business,TitleCodeMiddle.Technical,TitleCode.Director,TitleCodeMiddle.Director","Engineering & Technical,Director",https://go.zoominfo.com/#/apps/search/person/results?personProfileId=1270037778,d03e2ecafe7a3d55348df41aa86b3ba8,hunzinger.com
1976662566,Eby,Eric,,,,"Director, Information Technology",759,Information Technology,Director,,(507) 387-6651 ext. 1002,eric.eby@is-grp.com,115 E. Hickory St. Ste. 300,Mankato,Minnesota,56001,United States,47,8/30/2019,55937877,I&S Group Inc,I&S Group,www.is-grp.com,(515) 243-9143,"510 East Locust St., Ste. 104",Des Moines,Iowa,50309,United States,"Architecture, Engineering & Design",Industry.construction.architecture,Construction,Industry.construction,52300,Sales.50Mto100M,300,Employees.250to499,87,871,541,5413,"TitleCode.IT,TitleCodeTop.Business,TitleCodeMiddle.Technical,TitleCode.Director,TitleCodeMiddle.Director","Engineering & Technical,Director",https://go.zoominfo.com/#/apps/search/person/results?personProfileId=1976662566,64bddaeb312bbaa02671eaf47e872e94,is-grp.com
-1865443083,Nicholson,Kenton,L.,,,"Manager, Information Technology",719,Information Technology,Manager,,(310) 667-5651,knicholson@jbi-interiors.com,2650 El Presidio St.,Long Beach,California,90810,United States,14,11/4/2019,354407993,JBI Interiors,JBI Interiors,www.jbi-interiors.com,(310) 667-5600,2650 El Presidio St.,Long Beach,California,90810,United States,Freight & Logistics Services,Industry.transportation.freight,Construction General,Industry.construction.general,50000,Sales.50Mto100M,105,Employees.100to249,17,179,48,33712,"TitleCode.IT,TitleCodeTop.Business,TitleCodeMiddle.Manager,TitleCodeMiddle.Technical,TitleCode.Manager","Manager,Engineering & Technical",https://go.zoominfo.com/#/apps/search/person/results?personProfileId=-1865443083,5a07458be40c0c6388861933caf5c056,jbi-interiors.com
-1208312219,Letendre,Carla,,,,"Manager, IT Application",719,Information Technology,Manager,,(720) 452-1169,cletendre@jhlconstructors.com,7076 South Alton Way Bldg. H,Centennial,Colorado,80112,United States,30,11/7/2019,63211365,JHL Constructors Inc,JHL Constructors,www.jhlconstructors.com,(303) 741-6116,7076 South Alton Way Bldg. H,Centennial,Colorado,80112,United States,Commercial & Residential Construction,Industry.construction.construction,Construction,Industry.construction,8903,Sales.5Mto10M,39,Employees.20to49,15,152,541199,541,"TitleCode.IT,TitleCodeTop.Business,TitleCodeMiddle.Manager,TitleCodeMiddle.Technical,TitleCode.Manager","Manager,Engineering & Technical",https://go.zoominfo.com/#/apps/search/person/results?personProfileId=-1208312219,07324b53b94a0db8973e1f8012c175dc,jhlconstructors.com
1433982701,Fritton,Steve,F.,,PMP,"Senior Project Manager, Information Technology",723,Information Technology,Manager,,(402) 938-4481,steve.fritton@kiewit.com,3555 Farnam St. Ste. 1000,Omaha,Nebraska,68131,United States,23,11/7/2019,6178232,Kiewit Power Engineers Co.,Kiewit,www.kiewit.com,(402) 342-2052,3555 Farnam St. Ste. 1000,Omaha,Nebraska,68131,United States,Construction General,Industry.construction.general,Construction,Industry.construction,9025000,Sales.5GPlus,20000,Employees.10000plus,16,162,2379,221,"TitleCode.ProjectManagement,TitleCodeMiddle.Manager,TitleCodeTop.Business,TitleCode.IT,TitleCodeMiddle.Operations,TitleCodeMiddle.Technical,TitleCode.Manager","Operations,Manager",https://go.zoominfo.com/#/apps/search/person/results?personProfileId=1433982701,c9b30fb6b286ee6be4c06055eecfa304,kiewit.com
2835379617,Purdue,Ian,,,,"Senior Director, Information Technology",763,Information Technology,Director,,(303) 576-2203,ian.purdue@kodiakbp.com,,,Colorado,,United States,6,9/17/2019,348208068,Kodiak Building Partners,Kodiak,www.kodiakbp.com,(303) 576-2230,1745 Shea Center Dr. Ste. 130,Littleton,Colorado,80129,United States,Construction General,Industry.construction.general,Home Improvement & Hardware Retail,Industry.retail.hardware,748700,Sales.500Mto1G,2397,Employees.1000to4999,50,503,44419,44,"TitleCode.IT,TitleCodeTop.Business,TitleCodeMiddle.Technical,TitleCode.Director,TitleCodeMiddle.Director","Engineering & Technical,Director",https://go.zoominfo.com/#/apps/search/person/results?personProfileId=2835379617,d20b87a5c47ae52de7cdc44079d2b5dd,kodiakbp.com
2106101841,Elrod,Michelle,,,,"Manager, Information Technology Applications",719,Information Technology,Manager,,(717) 733-1536 ext. 116,michellee@ownalandmark.com,1737 W. Main St.,Ephrata,Pennsylvania,17522,United States,15,11/6/2019,347754649,Landmark Homes,Landmark Homes,www.ownalandmark.com,(717) 733-1536,1737 W. Main St.,Ephrata,Pennsylvania,17522,United States,Commercial & Residential Construction,Industry.construction.construction,Construction,Industry.construction,48398,Sales.25Mto50M,212,Employees.100to249,15,152,23611,4238,"TitleCode.IT,TitleCodeTop.Business,TitleCodeMiddle.Manager,TitleCodeMiddle.Technical,TitleCode.Manager","Manager,Engineering & Technical",https://go.zoominfo.com/#/apps/search/person/results?personProfileId=2106101841,86b5ac833f107b557bb36926b27dba7c,ownalandmark.com
3334454191,Cooper,Brenda,,,,"Director, Information Technology",759,Information Technology,Director,,,brenda.cooper@lewisbuilds.com,,,,,,3,10/28/2019,22332085,Lease Crutcher Lewis,LCL,www.lcl.com,(206) 622-0500,2200 Western Ave. #500,Seattle,Washington,98121,United States,Commercial & Residential Construction,Industry.construction.construction,Construction,Industry.construction,55200,Sales.50Mto100M,276,Employees.250to499,,,522,5221,"TitleCode.IT,TitleCodeTop.Business,TitleCodeMiddle.Technical,TitleCode.Director,TitleCodeMiddle.Director","Engineering & Technical,Director",https://go.zoominfo.com/#/apps/search/person/results?personProfileId=3334454191,e58af4b790c621cce22f1c8699593870,lewisbuilds.com
3358465313,Onken,Matthew,,,,"Director, Information Technology",759,Information Technology,Director,,,matthew.onken@lionakis.com,1919 19Th St.,Sacramento,California,95814,United States,1,11/8/2019,22773918,Lionakis Beaumont Design Group Inc.,Lionakis,www.lionakis.com,(916) 558-1900,1919 19Th St.,Sacramento,California,95814,United States,"Architecture, Engineering & Design",Industry.construction.architecture,Construction,Industry.construction,47433,Sales.25Mto50M,249,Employees.100to249,87,871,541,5413,"TitleCode.IT,TitleCodeTop.Business,TitleCodeMiddle.Technical,TitleCode.Director,TitleCodeMiddle.Director","Engineering & Technical,Director",https://go.zoominfo.com/#/apps/search/person/results?personProfileId=3358465313,533ec8761756c85e8965d9b455166c74,lionakis.com
-1533197560,Gray,Jeff,,,,"Manager, Information Technology",719,Information Technology,Manager,,(619) 230-0325 ext. 4240,jeff@mwsteele.com,1805 Newton Ave. Ste. A,San Diego,California,92113,United States,18,11/9/2019,81495845,M.W. Steele Group,M.W. Steele,www.mwsteele.com,(619) 230-0325,1805 Newton Ave. Ste. A,San Diego,California,92113,United States,"Architecture, Engineering & Design",Industry.construction.architecture,Construction,Industry.construction,4000,Sales.1Mto5M,47,Employees.20to49,87,871,541,5413,"TitleCode.IT,TitleCodeTop.Business,TitleCodeMiddle.Manager,TitleCodeMiddle.Technical,TitleCode.Manager","Manager,Engineering & Technical",https://go.zoominfo.com/#/apps/search/person/results?personProfileId=-1533197560,63204178de0c4eefa312d72c534b37d2,mwsteele.com
-1801485293,Dohnalik,Michael,J.,,,"Manager, Information Technology",719,Information Technology,Manager,,(608) 785-3309,mjd@michaelsenergy.com,400 Main St. Ste. 200,La Crosse,Wisconsin,54601,United States,23,11/7/2019,62343106,Michaels Energy,Michaels Energy,www.michaelsenergy.com,(608) 785-1900,400 Main St. Ste. 200,La Crosse,Wisconsin,54601,United States,Commercial & Residential Construction,Industry.construction.construction,Construction,Industry.construction,8382,Sales.5Mto10M,75,Employees.50to99,87,871,541,5413,"TitleCode.IT,TitleCodeTop.Business,TitleCodeMiddle.Manager,TitleCodeMiddle.Technical,TitleCode.Manager","Manager,Engineering & Technical",https://go.zoominfo.com/#/apps/search/person/results?personProfileId=-1801485293,f9b92e22065ef97d72c397773538329f,michaelsenergy.com
1784182858,Bowen,Michael,A.,,,"Director, Information Technology",759,Information Technology,Director,,(703) 321-4059,mbowen@msbs.net,7940 Woodruff Ct.,Springfield,Virginia,22151,United States,18,9/3/2019,76252215,Mid South Building Supply Inc,Mid South Building Supply,www.msbs.net,(703) 321-8500,7940 Woodruff Ct.,Springfield,Virginia,22151,United States,Construction General,Industry.construction.general,Construction,Industry.construction,35613,Sales.25Mto50M,156,Employees.100to249,50,503,423390,44,"TitleCode.IT,TitleCodeTop.Business,TitleCodeMiddle.Technical,TitleCode.Director,TitleCodeMiddle.Director","Engineering & Technical,Director",https://go.zoominfo.com/#/apps/search/person/results?personProfileId=1784182858,3801ca224552712da8a754cb83c03447,msbs.net
1833398621,Constantine,Charbel,,,,"Manager, Information Technology",719,Information Technology,Manager,,(469) 899-8000,cconstantine@neconstruction.net,420 Southfork Dr.,Lewisville,Texas,75057,United States,10,11/4/2019,79562858,NE Construction LLP,NE Construction,www.neconstruction.net,(972) 221-0095,420 Southfork Dr.,Lewisville,Texas,75057,United States,Commercial & Residential Construction,Industry.construction.construction,Construction,Industry.construction,23057,Sales.10Mto25M,101,Employees.100to249,15,152,23611,541,"TitleCode.IT,TitleCodeTop.Business,TitleCodeMiddle.Manager,TitleCodeMiddle.Technical,TitleCode.Manager","Manager,Engineering & Technical",https://go.zoominfo.com/#/apps/search/person/results?personProfileId=1833398621,91dc41bb97c4bcc6d1bf69fed71dfaa4,neconstruction.net
-2036492895,Carruth,Martin,,,,"Manager, Information Technology",719,Information Technology,Manager,,(864) 551-4387,martin.carruth@newsouthsupply.com,9 North Kings Rd.,Greenville,South Carolina,29605,United States,25,11/6/2019,49775684,New South Construction Supply LLC,New South Construction Supply,www.newsouthsupply.com,(864) 263-4376,9 North Kings Rd.,Greenville,South Carolina,29605,United States,Construction General,Industry.construction.general,Home Improvement & Hardware Retail,Industry.retail.hardware,33000,Sales.25Mto50M,165,Employees.100to249,50,503,444,423320,"TitleCode.IT,TitleCodeTop.Business,TitleCodeMiddle.Manager,TitleCodeMiddle.Technical,TitleCode.Manager","Manager,Engineering & Technical",https://go.zoominfo.com/#/apps/search/person/results?personProfileId=-2036492895,a0cd748ae721249f71640214613968cb,newsouthsupply.com
1308234888,Jones,Eric,,,,"Director, Information Technology",759,Information Technology,Director,,(440) 449-2226,ejones@panzica.com,739 Beta Dr.,Villa,Ohio,44143,United States,27,8/16/2019,29589869,Panzica Construction Company,Panzica,www.panzica.com,(440) 442-4300,739 Beta Dr.,Cleveland,Ohio,44143,United States,Construction General,Industry.construction.general,Construction,Industry.construction,50000,Sales.50Mto100M,68,Employees.50to99,17,179,23,2383,"TitleCode.IT,TitleCodeTop.Business,TitleCodeMiddle.Technical,TitleCode.Director,TitleCodeMiddle.Director","Engineering & Technical,Director",https://go.zoominfo.com/#/apps/search/person/results?personProfileId=1308234888,6d20ce06f868aa1b3340ea902623c333,panzica.com
1226761873,Dotson,Pam,,,,"Director, IT Services",759,Information Technology,Director,,(636) 561-9554,pjdotson@paric.com,77 Westport Plz. Ste. 250,St. Louis,Missouri,63146,United States,33,2/21/2019,87262289,PARIC Corporation,PARIC,www.paric.com,(636) 561-9500,77 Westport Plz. Ste. 250,St. Louis,Missouri,63146,United States,Commercial & Residential Construction,Industry.construction.construction,Construction,Industry.construction,110000,Sales.100MMto250M,300,Employees.250to499,15,154,541,5413,"TitleCode.IT,TitleCodeTop.Business,TitleCodeMiddle.Technical,TitleCode.Director,TitleCodeMiddle.Director","Engineering & Technical,Director",https://go.zoominfo.com/#/apps/search/person/results?personProfileId=1226761873,1e024c7ed0996dce4a6ba03a2c857e8f,paric.com
2019297534,Pham,Chris,,,,"Director, Information Technology",759,Information Technology,Director,,(626) 440-2259,chris.pham@parsons.com,100 W Walnut St.,Pasadena,California,91124,United States,11,10/4/2019,29920401,Parsons Corporation,Parsons,www.parsons.com,(626) 440-2000,100 W Walnut St.,Pasadena,California,91124,United States,Commercial & Residential Construction,Industry.construction.construction,Construction,Industry.construction,3016000,Sales.1Gto5G,15633,Employees.10000plus,16,162,2379,237310,"TitleCode.IT,TitleCodeTop.Business,TitleCodeMiddle.Technical,TitleCode.Director,TitleCodeMiddle.Director","Engineering & Technical,Director",https://go.zoominfo.com/#/apps/search/person/results?personProfileId=2019297534,aeca5e3aa3a5126dd7a7cde6a7cf6526,parsons.com
1465483341,Tan,Roy,,,,"Senior Director, Pmc Information Technology",763,Information Technology,Director,,(703) 797-3135,roy.tan@parsons.com,1911 N. FORT MYER Dr.,Arlington,Virginia,22209,United States,18,9/19/2019,29920401,Parsons Corporation,Parsons,www.parsons.com,(626) 440-2000,100 W Walnut St.,Pasadena,California,91124,United States,Commercial & Residential Construction,Industry.construction.construction,Construction,Industry.construction,3016000,Sales.1Gto5G,15633,Employees.10000plus,16,162,2379,237310,"TitleCode.IT,TitleCodeTop.Business,TitleCodeMiddle.Technical,TitleCode.Director,TitleCodeMiddle.Director","Engineering & Technical,Director",https://go.zoominfo.com/#/apps/search/person/results?personProfileId=1465483341,5da4f7fb1009856f917bfd76c7ab762a,parsons.com
1738714119,Gallivan,Dan,,,,"Director, Information Technology",759,Information Technology,Director,,(617) 895-1324,dgallivan@payette.com,290 Congress St. Fifth Fl.,Boston,Massachusetts,2210,United States,35,10/24/2019,29803127,Payette,Payette,www.payette.com,(617) 895-1000,290 Congress St. Fifth Fl.,Boston,Massachusetts,2210,United States,"Architecture, Engineering & Design",Industry.construction.architecture,Construction,Industry.construction,44195,Sales.25Mto50M,232,Employees.100to249,87,871,561499,56149,"TitleCode.IT,TitleCodeTop.Business,TitleCodeMiddle.Technical,TitleCode.Director,TitleCodeMiddle.Director","Engineering & Technical,Director",https://go.zoominfo.com/#/apps/search/person/results?personProfileId=1738714119,44dea955635a2419b13703c7b8b584fd,payette.com
3274463493,Hall,Jared,,,,"Director, Information Technology",759,Information Technology,Director,,,jhall@peak-innovations.com,1 Industrial Pkwy.,Johnstown,Colorado,80534,United States,1,9/28/2019,345104053,Peak Innovations,Peak Innovations,NITROcrete.com,(970) 587-7863,1 Industrial Pkwy.,Johnstown,Colorado,80534,United States,Commercial & Residential Construction,Industry.construction.construction,Construction,Industry.construction,10958,Sales.10Mto25M,48,Employees.20to49,,,,,"TitleCode.IT,TitleCodeTop.Business,TitleCodeMiddle.Technical,TitleCode.Director,TitleCodeMiddle.Director","Engineering & Technical,Director",https://go.zoominfo.com/#/apps/search/person/results?personProfileId=3274463493,fe7f3eed21aba93bcd6a02f8bdac7fba,peak-innovations.com
1378486675,Demeros,Angelo,,,,"Manager, Information Technology",719,Information Technology,Manager,,(847) 620-4021,ademeros@pepperconstruction.com,643 North Orleans St.,Chicago,Illinois,60654,United States,36,11/1/2019,69714485,Pepper Construction Company,Pepper Construction,www.pepperconstruction.com,(312) 266-4700,643 North Orleans St.,Chicago,Illinois,60654,United States,Commercial & Residential Construction,Industry.construction.construction,Construction,Industry.construction,1500000,Sales.1Gto5G,500,Employees.500to999,15,154,23,2362,"TitleCode.IT,TitleCodeTop.Business,TitleCodeMiddle.Manager,TitleCodeMiddle.Technical,TitleCode.Manager","Manager,Engineering & Technical",https://go.zoominfo.com/#/apps/search/person/results?personProfileId=1378486675,4f816ef688875711b7d50ffa499fb55f,pepperconstruction.com
-1992885781,McCaleb,Lisa,,,,"Manager, Information Technology Support Services",719,Technical,Manager,,(225) 215-8369,lisam@performance-contractors.com,9901 PERFORMANCE WAY,Baton Rouge,Louisiana,70810,United States,18,11/4/2019,93768516,"Performance Contractors , Inc.",Performance Contrators,www.performance-contractors.com,(225) 751-4156,9901 PERFORMANCE WAY,Baton Rouge,Louisiana,70810,United States,Commercial & Residential Construction,Industry.construction.construction,Construction,Industry.construction,1500000,Sales.1Gto5G,1116,Employees.1000to4999,,,23,2362,"TitleCode.Technical,TitleCodeMiddle.Manager,TitleCodeTop.Business,TitleCode.IT,TitleCodeMiddle.Operations,TitleCode.CustomerRel,TitleCodeMiddle.Technical,TitleCode.Manager","Operations,Manager",https://go.zoominfo.com/#/apps/search/person/results?personProfileId=-1992885781,f4bd5dd7169536b31d62739dcc3be124,performance-contractors.com
583485996,Ho,Alan,,,,"Co-Director, Information Technology",759,Information Technology,Director,,(212) 353-7388,a.ho@perkinseastman.com,115 Fifth Ave.,New York City,New York,10003,United States,36,8/1/2019,82936364,Perkins Eastman company,Perkins Eastman,www.perkinseastman.com,(212) 353-7200,115 Fifth Ave.,New York City,New York,10003,United States,"Architecture, Engineering & Design",Industry.construction.architecture,Construction,Industry.construction,,,1000,Employees.1000to4999,73,87,541420,541,"TitleCode.IT,TitleCodeTop.Business,TitleCodeMiddle.Technical,TitleCode.Director,TitleCodeMiddle.Director","Engineering & Technical,Director",https://go.zoominfo.com/#/apps/search/person/results?personProfileId=583485996,70599d6191e6c9425ec2070f39c2c8e3,perkinseastman.com
1104095425,Peter,Jeff,M.,,,"Director, Information Technology & Senior Associate",760,Information Technology,Director,,(414) 410-2962,jpeter@prarch.com,11000 West Park Pl.,Milwaukee,Wisconsin,53224,United States,43,3/21/2019,30720909,Plunkett Raysich Architects LLP,PRA,www.prarch.com,(414) 359-3060,209 South Water St.,Milwaukee,Wisconsin,53204,United States,"Architecture, Engineering & Design",Industry.construction.architecture,Construction,Industry.construction,19242,Sales.10Mto25M,236,Employees.100to249,73,738,541,5414,"TitleCodeMiddle.Construction,TitleCodeTop.Services,TitleCodeMiddle.Director,TitleCodeTop.Business,TitleCode.Construction,TitleCode.IT,TitleCodeMiddle.Technical,TitleCode.Director","Engineering & Technical,Director",https://go.zoominfo.com/#/apps/search/person/results?personProfileId=1104095425,a5b673219e9b396d4a64edf53e2b3a48,prarch.com
1780898780,Moore,Bradley,,,,"Program Manager, Information Technology",719,Information Technology,Manager,,(727) 497-2130,bmoore@powerdesigninc.us,11600 Dr. Martin Luther King Jr St. N,St. Petersburg,Florida,33716-2320,United States,43,11/7/2019,49382621,"Power Design , Inc.",Power Design,www.powerdesigninc.us,(727) 210-0492,11600 Ninth St. North,St. Petersburg,Florida,33716,United States,"Architecture, Engineering & Design",Industry.construction.architecture,Construction,Industry.construction,575100,Sales.500Mto1G,1840,Employees.1000to4999,8712,871,5413,238990,"TitleCode.ProgramManagement,TitleCodeMiddle.Manager,TitleCodeTop.Business,TitleCode.IT,TitleCodeMiddle.Operations,TitleCodeMiddle.Technical,TitleCode.Manager","Operations,Manager",https://go.zoominfo.com/#/apps/search/person/results?personProfileId=1780898780,cd936bab5918754c71dca9486e9c66fe,powerdesigninc.us
-2046971678,Litano,Nick,,,,"Manager, Operations RGA Information Technology (Memphis)",719,Operations,Manager,,(901) 362-5470,nlitano@rgausa.com,3360 Old Getwell Rd.,Memphis,Tennessee,38118,United States,17,11/8/2019,32768182,RGA,RGA,www.rgausa.com,(501) 568-7356,3905 East Progress,North Little Rock,Arkansas,72114,United States,Construction General,Industry.construction.general,Home Improvement & Hardware Retail,Industry.retail.hardware,242194,Sales.100MMto250M,294,Employees.250to499,50,503,444,4238,"TitleCodeMiddle.Manager,TitleCode.Operations,TitleCodeTop.Business,TitleCode.IT,TitleCodeMiddle.Operations,TitleCodeMiddle.Technical,TitleCode.Manager","Operations,Manager",https://go.zoominfo.com/#/apps/search/person/results?personProfileId=-2046971678,b46369d930a0161796962d36e9f15263,rgausa.com
405808410,Rhoads,Daniel,J.,Mr.,Jr.,"Manager, Information Technology",719,Information Technology,Manager,,(267) 728-6310,drhoads@rhoadsinc.com,"57, 1900 Kitty Hawk Ave., Ste. 108 East",Philadelphia,Pennsylvania,19112,United States,42,11/6/2019,75875505,Rhoads Industries Inc,Rhoads,www.rhoadsinc.com,(267) 728-6300,Bldg. 57 - Directions 1900 Kitty Hawk Ave.,Philadelphia,Pennsylvania,19112,United States,Commercial & Residential Construction,Industry.construction.construction,Construction,Industry.construction,21687,Sales.10Mto25M,95,Employees.50to99,17,176,332,3323,"TitleCode.IT,TitleCodeTop.Business,TitleCodeMiddle.Manager,TitleCodeMiddle.Technical,TitleCode.Manager","Manager,Engineering & Technical",https://go.zoominfo.com/#/apps/search/person/results?personProfileId=405808410,46945027bfb15a904ee6c766148cc851,rhoadsinc.com
3351858472,Sharma,Anil,Kumar,,,"Senior Manager, Information Technology Services",723,Information Technology,Manager,,,anil.sharma@sbec.com,,,,,,4,11/6/2019,105693534,S&B Engineers and Constructors Ltd,S&B Engineers,www.sbec.com,(713) 645-4141,7825 Park Pl. Blvd.,Houston,Texas,77087,United States,Construction,Industry.construction,"Architecture, Engineering & Design",Industry.construction.architecture,1400000,Sales.1Gto5G,6000,Employees.5000to9999,87,871,2379,238990,"TitleCode.IT,TitleCodeTop.Business,TitleCodeMiddle.Manager,TitleCode.Technical,TitleCodeMiddle.Technical,TitleCode.Manager","Manager,Engineering & Technical",https://go.zoominfo.com/#/apps/search/person/results?personProfileId=3351858472,492d13d511d7d3cadefc7347445117e3,sbec.com
570066679,Durbin,Matt,,,,"Director, Information Technology",759,Information Technology,Director,,,mdurbin@schmidt-arch.com,415 Massachusetts Ave.,Indianapolis,Indiana,46204,United States,55,11/6/2019,105972253,Schmidt Associates Inc,Schmidt,www.schmidt-arch.com,(317) 263-6226,415 Massachusetts Ave.,Indianapolis,Indiana,46204,United States,"Architecture, Engineering & Design",Industry.construction.architecture,Construction,Industry.construction,23812,Sales.10Mto25M,125,Employees.100to249,87,871,541,5413,"TitleCode.IT,TitleCodeTop.Business,TitleCodeMiddle.Technical,TitleCode.Director,TitleCodeMiddle.Director","Engineering & Technical,Director",https://go.zoominfo.com/#/apps/search/person/results?personProfileId=570066679,fe23881685bc4aff2e955890751c32a9,schmidt-arch.com
1444233964,Nguyen,Tom,,,,"Director, Information Technology",759,Information Technology,Director,,(562) 356-1054,tnguyen@scsengineers.com,3900 Kilroy Airport Way Ste. 100,Long Beach,California,90806,United States,35,10/2/2019,100778556,SCS ENGINEERS P.C,SCS Engineers,www.scsengineers.com,(562) 426-9544,3900 Kilroy Airport Way Ste. 100,Long Beach,California,90806,United States,Construction,Industry.construction,Commercial & Residential Construction,Industry.construction.construction,,,721,Employees.500to999,87,871,5416,5413,"TitleCode.IT,TitleCodeTop.Business,TitleCodeMiddle.Technical,TitleCode.Director,TitleCodeMiddle.Director","Engineering & Technical,Director",https://go.zoominfo.com/#/apps/search/person/results?personProfileId=1444233964,f7d6c1810d7abab76815b2051f6c8912,scsengineers.com
350627565,Edwards,Steven,,Mr.,,"Director, Information Technology",759,Information Technology,Director,,(312) 896-1147,steven.edwards@scb.com,625 N. Michigan Ave. Ste. 800,Chicago,Illinois,60611,United States,52,11/5/2019,34029969,Solomon Cordwell Buenz,SCB,www.scb.com,(312) 896-1100,625 N. Michigan Ave. Ste. 800,Chicago,Illinois,60611,United States,"Architecture, Engineering & Design",Industry.construction.architecture,Construction,Industry.construction,43623,Sales.25Mto50M,229,Employees.100to249,87,871,541,5413,"TitleCode.IT,TitleCodeTop.Business,TitleCodeMiddle.Technical,TitleCode.Director,TitleCodeMiddle.Director","Engineering & Technical,Director",https://go.zoominfo.com/#/apps/search/person/results?personProfileId=350627565,bac8b58cbf7ee270ecbc3de1b18f9f0b,scb.com
1665751772,McPeak,Michael,F.,,PMP,"Senior Project Manager, Information Technology",723,Information Technology,Manager,,(713) 985-5424,michael.mcpeak@stericycle.com,25515 Gold Crest Ct.,Spring,Texas,77389,United States,25,11/7/2019,164807080,Stericycle Inc,Stericycle,www.stericycle.com,(847) 367-5910,28161 North Keith Dr.,Lake Forest,Illinois,60045,United States,"Waste Treatment, Environmental Services & Recycling",Industry.energy.environment,"Energy, Utilities & Waste Treatment",Industry.energy,3485900,Sales.1Gto5G,22500,Employees.10000plus,49,495,562119,5416,"TitleCode.ProjectManagement,TitleCodeMiddle.Manager,TitleCodeTop.Business,TitleCode.IT,TitleCodeMiddle.Operations,TitleCodeMiddle.Technical,TitleCode.Manager","Operations,Manager",https://go.zoominfo.com/#/apps/search/person/results?personProfileId=1665751772,08e9ef2d74ae635aa491c09fba5ee637,stericycle.com
3589845,Chamberlain,Gary,L.,,,"Director, Information Technology",759,Information Technology,Director,,(407) 423-5355,gchamberlain@strolloarchitects.com,,Orlando,Florida,,United States,29,10/11/2019,60752831,Strollo Architects Inc,Strollo,www.strolloarchitects.com,(330) 743-1177,201 W Federal St.,Youngstown,Ohio,44503,United States,"Architecture, Engineering & Design",Industry.construction.architecture,Construction,Industry.construction,4762,Sales.1Mto5M,25,Employees.20to49,8712,871,541,5413,"TitleCode.IT,TitleCodeTop.Business,TitleCodeMiddle.Technical,TitleCode.Director,TitleCodeMiddle.Director","Engineering & Technical,Director",https://go.zoominfo.com/#/apps/search/person/results?personProfileId=3589845,21826998874e6ac95579b4c231428399,strolloarchitects.com
940992779,Burkle,Troy,A.,,,"Special Projects Manager, Information Technology",719,Information Technology,Manager,,(269) 353-9944 ext. 1125,troy.burkle@structuretec.com,4777 CAMPUS Dr.,Kalamazoo,Michigan,49008,United States,34,11/7/2019,36848523,StructureTec Corporation,StructureTec,www.structuretec.com,(269) 353-9944,4777 CAMPUS Dr.,Kalamazoo,Michigan,49008,United States,Commercial & Residential Construction,Industry.construction.construction,Construction,Industry.construction,15239,Sales.10Mto25M,80,Employees.50to99,87,871,541,5413,"TitleCode.ProjectManagement,TitleCodeMiddle.Manager,TitleCodeTop.Business,TitleCode.IT,TitleCodeMiddle.Operations,TitleCodeMiddle.Technical,TitleCode.Manager","Operations,Manager",https://go.zoominfo.com/#/apps/search/person/results?personProfileId=940992779,d977a241f17752d3bdfca0e5e1886caf,structuretec.com
-1449369158,Skelton,Raymond,,,,"Manager, Information Technology",719,Information Technology,Manager,,(904) 407-4762,rskelton@superiorconstruction.com,7072 Business Park Blvd.,Jacksonville,Florida,32256,United States,16,11/6/2019,92521320,Superior Construction Company Inc,Superior Construction,www.superiorconstruction.com,(904) 292-4240,7072 Business Park Blvd.,Jacksonville,Florida,32256,United States,Commercial & Residential Construction,Industry.construction.construction,Construction,Industry.construction,93000,Sales.50Mto100M,155,Employees.100to249,15,154,238990,23,"TitleCode.IT,TitleCodeTop.Business,TitleCodeMiddle.Manager,TitleCodeMiddle.Technical,TitleCode.Manager","Manager,Engineering & Technical",https://go.zoominfo.com/#/apps/search/person/results?personProfileId=-1449369158,57dc139aa90c44930df787eea6edb7fa,superiorconstruction.com
-2052583866,Labus,Thomas,,,,"Manager, Regional Information Technology Systems Administrator",720,Information Technology,Manager,,(219) 880-0004,tlabus@superiorconstruction.com,1455 Louis Sullivan Dr.,Portage,Indiana,46368,United States,42,10/31/2019,92521320,Superior Construction Company Inc,Superior Construction,www.superiorconstruction.com,(904) 292-4240,7072 Business Park Blvd.,Jacksonville,Florida,32256,United States,Commercial & Residential Construction,Industry.construction.construction,Construction,Industry.construction,93000,Sales.50Mto100M,155,Employees.100to249,15,154,238990,23,"TitleCode.IT,TitleCodeTop.Business,TitleCodeMiddle.Manager,TitleCodeMiddle.Technical,TitleCode.Manager","Manager,Engineering & Technical",https://go.zoominfo.com/#/apps/search/person/results?personProfileId=-2052583866,12b1d29b0e9ade3214767218a9ecfc88,superiorconstruction.com
1825369486,Traut,Brian,,,,"Senior Manager, Information Technology",723,Information Technology,Manager,,(512) 895-5102,btraut@sam.biz,"4801 Southwest Pkwy., Bldg. Two, Ste. 100",Austin,Texas,78735,United States,51,11/6/2019,49086472,Surveying And Mapping LLC,SAM,www.sam.biz,(512) 447-0575,4801 Sw Pkwy. Ste. 100,Austin,Texas,78735,United States,"Architecture, Engineering & Design",Industry.construction.architecture,Construction,Industry.construction,67800,Sales.50Mto100M,900,Employees.500to999,87,871,541,541370,"TitleCode.IT,TitleCodeTop.Business,TitleCodeMiddle.Manager,TitleCodeMiddle.Technical,TitleCode.Manager","Manager,Engineering & Technical",https://go.zoominfo.com/#/apps/search/person/results?personProfileId=1825369486,92fb8af187038541312840a83a49b559,sam.biz
1405422745,Doss,Vernie,,,,"Regional Manager, IT",719,Information Technology,Manager,,(706) 259-2655,vernie.doss@tarkett.com,1735 Cleveland Hwy.,Dalton,Georgia,30721,United States,42,11/4/2019,37552318,Tarkett SA,Tarkett,www.tarkett.com,+33 1 41 20 40 40,"1, Terrasse Bellini, Tour Initiale",Paris,Ile-de-France,,France,"Lumber, Wood Production & Timber Operations",Industry.mfg.building.lumber,Building Materials,Industry.mfg.building,3403240,Sales.1Gto5G,12621,Employees.10000plus,24,242,44419,3219,"TitleCode.IT,TitleCodeTop.Business,TitleCodeMiddle.Manager,TitleCodeMiddle.Technical,TitleCode.Manager","Manager,Engineering & Technical",https://go.zoominfo.com/#/apps/search/person/results?personProfileId=1405422745,bcb69d8e41301d246fd2c2f9c694821d,tarkett.com
-1126352159,Wilson,Joe,,,,"Manager, IT Support Services",719,Information Technology,Manager,,(856) 452-0342,jwilson@tmo.com,2 Cooper St.,Sicklerville,New Jersey,8081,United States,21,11/6/2019,205357141,The Michaels Organization,TMO,tmo.com,(856) 596-0500,3 East Stow Rd.,Marlton,New Jersey,8053,United States,Real Estate,Industry.realestate,Commercial & Residential Construction,Industry.construction.construction,91000,Sales.50Mto100M,1001,Employees.1000to4999,65,651,53111,531110,"TitleCode.IT,TitleCodeTop.Business,TitleCodeMiddle.Manager,TitleCodeMiddle.Technical,TitleCode.Manager","Manager,Engineering & Technical",https://go.zoominfo.com/#/apps/search/person/results?personProfileId=-1126352159,77cf72ecd8e1f3e580e788033392ce48,tmo.com
1450362165,Huff,Dan,,,,"Manager, Information Technology",719,Information Technology,Manager,,(714) 771-7670 ext. 225,danh@raymondgroup.com,520 West Walnut Ave.,Orange,California,92868,United States,51,11/7/2019,100025426,The Raymond Group,Raymond Group,www.raymondgroup.com,(714) 771-7670,520 West Walnut Ave.,Orange,California,92868,United States,Commercial & Residential Construction,Industry.construction.construction,Construction,Industry.construction,300000,Sales.250Mto500M,1542,Employees.1000to4999,17,179,23819,238190,"TitleCode.IT,TitleCodeTop.Business,TitleCodeMiddle.Manager,TitleCodeMiddle.Technical,TitleCode.Manager","Manager,Engineering & Technical",https://go.zoominfo.com/#/apps/search/person/results?personProfileId=1450362165,a72358a0b5a5111bb94bf6724d1851c7,raymondgroup.com
1673018953,Beatty,Giovanna,,,,"Senior Manager, IT Support",723,Information Technology,Manager,,(386) 304-2247,giovanna.beatty@topbuild.com,260 Jimmy Ann Dr.,Daytona Beach,Florida,32114,United States,38,11/5/2019,369163112,TopBuild Corp.,TopBuild,www.topbuild.com,(386) 304-2200,475 North Williamson Blvd.,Daytona Beach,Florida,32114,United States,Commercial & Residential Construction,Industry.construction.construction,Home Improvement & Hardware Retail,Industry.retail.hardware,2384249,Sales.1Gto5G,10300,Employees.10000plus,17,174,444,44,"TitleCode.IT,TitleCodeTop.Business,TitleCodeMiddle.Manager,TitleCodeMiddle.Technical,TitleCode.Manager","Manager,Engineering & Technical",https://go.zoominfo.com/#/apps/search/person/results?personProfileId=1673018953,a7db28f1fac99f74329a1396a4555d16,topbuild.com
-1015595030,Sharlow,Marc,,,,"Manager, Information Technology",719,Information Technology,Manager,,(817) 424-4381,marc_sharlow@tridal.com,540 Commerce St.,Southlake,Texas,76092,United States,11,11/6/2019,38847701,Tri Dal Ltd,Tri Dal,www.tridal.com,(817) 481-2886,540 Commerce St.,Southlake,Texas,76092,United States,Construction General,Industry.construction.general,Construction,Industry.construction,8200,Sales.5Mto10M,41,Employees.20to49,,,237110,23,"TitleCode.IT,TitleCodeTop.Business,TitleCodeMiddle.Manager,TitleCodeMiddle.Technical,TitleCode.Manager","Manager,Engineering & Technical",https://go.zoominfo.com/#/apps/search/person/results?personProfileId=-1015595030,4842260208e2ed600b00ccd0f55f4c78,tridal.com
2834000857,Harris,Wesley,,,,"Director, Information Technology",759,Information Technology,Director,,,wharris@troyconstruction.com,,,,,,3,11/6/2019,121798860,Troy Construction LLC,Troy,www.troyconstruction.com,(281) 437-8214,8521 McHard Rd.,Houston,Texas,77053,United States,"Energy, Utilities & Waste Treatment General",Industry.energy.general,"Energy, Utilities & Waste Treatment",Industry.energy,479774,Sales.250Mto500M,2000,Employees.1000to4999,16,162,221,237120,"TitleCode.IT,TitleCodeTop.Business,TitleCodeMiddle.Technical,TitleCode.Director,TitleCodeMiddle.Director","Engineering & Technical,Director",https://go.zoominfo.com/#/apps/search/person/results?personProfileId=2834000857,4b4f5bd074859b889a8e62be24654479,troyconstruction.com
2451837117,DeMaria,Jeff,,,,"Director, Information Technology",759,Information Technology,Director,,(843) 606-4777,jeff.demaria@tumeq.com,,,South Carolina,,United States,7,9/6/2019,355992497,Tumeq LLC,Tumeq,www.tumeq.com,(843) 856-2495,224 Seven Farms Dr. Ste. 200,Charleston,South Carolina,29492,United States,Commercial & Residential Construction,Industry.construction.construction,Construction,Industry.construction,5479,Sales.5Mto10M,24,Employees.20to49,,,,,"TitleCode.IT,TitleCodeTop.Business,TitleCodeMiddle.Technical,TitleCode.Director,TitleCodeMiddle.Director","Engineering & Technical,Director",https://go.zoominfo.com/#/apps/search/person/results?personProfileId=2451837117,f48077fb732f2a495115d4643277eb88,tumeq.com
1917892843,Dudzik,David,A.,,,"Senior Project Manager, Information Technology",723,Information Technology,Manager,,(816) 283-0555,ddudzik@tcco.com,1220 Washington St. Ste. 100,Kansas City,Missouri,64108,United States,18,10/31/2019,119702026,Turner Construction Company,Turner Construction,www.turnerconstruction.com,(212) 229-6000,375 Hudson St.,New York City,New York,10014,United States,Commercial & Residential Construction,Industry.construction.construction,Construction,Industry.construction,,,5200,Employees.5000to9999,15,154,23,2362,"TitleCode.ProjectManagement,TitleCodeMiddle.Manager,TitleCodeTop.Business,TitleCode.IT,TitleCodeMiddle.Operations,TitleCodeMiddle.Technical,TitleCode.Manager","Operations,Manager",https://go.zoominfo.com/#/apps/search/person/results?personProfileId=1917892843,0278145ea54907792dfa92edc0ae40d1,tcco.com
908317373,Valdez,Kyle,,,,"Director, Information Technology",759,Information Technology,Director,,,kyle@valcomfg.com,,,,,,8,11/6/2019,123502721,Valco Manufacturing Company,Valco,www.valcomfg.com,(405) 228-0932,4524 Enterprise Pl.,Oklahoma City,Oklahoma,73128,United States,Commercial & Residential Construction,Industry.construction.construction,Construction,Industry.construction,10729,Sales.10Mto25M,47,Employees.20to49,,,33281,56,"TitleCode.IT,TitleCodeTop.Business,TitleCodeMiddle.Technical,TitleCode.Director,TitleCodeMiddle.Director","Engineering & Technical,Director",https://go.zoominfo.com/#/apps/search/person/results?personProfileId=908317373,26e779f80388d0b1fcb586c36b6f41d3,valcomfg.com
1444263035,Ortiz,Joe,,,,"Manager, Information Technology",719,Information Technology,Manager,,(949) 270-3059,jortiz@watg.com,"300 Spectrum Center Dr., Ste. 500",Irvine,California,92618,United States,23,8/1/2019,151355448,WATG and Wimberly Interiors,WATG,www.watg.com,(949) 574-8500,"300 Spectrum Center Dr., Ste. 500",Irvine,California,92618,United States,"Architecture, Engineering & Design",Industry.construction.architecture,Construction,Industry.construction,,,309,Employees.250to499,73,738,541,5414,"TitleCode.IT,TitleCodeTop.Business,TitleCodeMiddle.Manager,TitleCodeMiddle.Technical,TitleCode.Manager","Manager,Engineering & Technical",https://go.zoominfo.com/#/apps/search/person/results?personProfileId=1444263035,cd30bc1cdab106c25fe394a1c2591376,watg.com
1708695779,Toups,Buddy,,,,"Director, Information Technology",759,Information Technology,Director,,(985) 475-1001,btoups@whpacific.com,188838 Hwy. 3235,Galliano,Louisiana,70354,United States,32,8/1/2019,115458215,WHPacific Inc,WHPacific,www.whpacific.com,(505) 247-0294,6501 AMERICAS Pkwy. NE Ste. 400,Albuquerque,New Mexico,87110,United States,"Architecture, Engineering & Design",Industry.construction.architecture,Construction,Industry.construction,62000,Sales.50Mto100M,190,Employees.100to249,78,781,56,5413,"TitleCode.IT,TitleCodeTop.Business,TitleCodeMiddle.Technical,TitleCode.Director,TitleCodeMiddle.Director","Engineering & Technical,Director",https://go.zoominfo.com/#/apps/search/person/results?personProfileId=1708695779,83f231a6c62cfb024d1ef5f5b49291a1,whpacific.com
-1375645311,Karnessis,Dennis,,,,"Manager, CAD & Information Technology Support",719,Technical,Manager,,(631) 434-7900 ext. 156,dk@wiedersum.com,140 Adams Ave. Ste. b14,Hauppauge,New York,11788-3618,United States,12,2/28/2019,42156245,Wiedersum Associates Architects PLLC,Wiedersum,www.wiedersum.com,(631) 756-8000,538 Broad Hollow Rd. 4th Fl.,Melville,New York,11747,United States,"Architecture, Engineering & Design",Industry.construction.architecture,Construction,Industry.construction,7048,Sales.5Mto10M,37,Employees.20to49,8712,871,541,5413,"TitleCode.Technical,TitleCodeMiddle.Manager,TitleCodeTop.Business,TitleCode.IT,TitleCodeMiddle.Operations,TitleCode.CustomerRel,TitleCodeMiddle.Technical,TitleCode.Manager","Operations,Manager",https://go.zoominfo.com/#/apps/search/person/results?personProfileId=-1375645311,58d34730091151a2bb0e9b526fa4ca03,wiedersum.com
3108153203,Scott,Matthew,,,,"Senior Manager, Information Technology",723,Information Technology,Manager,,(210) 588-6015,scottms@zachrygroup.com,527 Logwood Ave.,San Antonio,Texas,78221,United States,7,11/6/2019,195346907,Zachry Construction Corporation,Zachry,www.zachrygroup.com,(210) 588-5000,527 Logwood Ave.,San Antonio,Texas,78221,United States,Manufacturing General,Industry.mfg.general,Manufacturing,Industry.mfg,3200000,Sales.1Gto5G,20000,Employees.10000plus,39,399,339,325998,"TitleCode.IT,TitleCodeTop.Business,TitleCodeMiddle.Manager,TitleCodeMiddle.Technical,TitleCode.Manager","Manager,Engineering & Technical",https://go.zoominfo.com/#/apps/search/person/results?personProfileId=3108153203,3b023132dd08096aa8f4dded38ba84f7,zachrygroup.com
