﻿Zoom Individual ID,Last name,First name,Middle name,Salutation,Suffix,Job title,Job title hierarchy level,Job Function,Management Level,Company division name,Direct Phone Number,Email address,Person Street,Person City,Person State,Person Zip,Country,Source count,Last updated date,Zoom company ID,Company name,Marketing Friendly Name,Company domain name,Company phone number,Company Street address,Company City,Company State,Company ZIP/Postal code,Company Country,Industry label,Industry hierarchical category,Secondary industry label,Secondary industry hierarchical category,Revenue (in 000s),Revenue Range,Employees,Employees Range,SIC1,SIC2,NAICS1,NAICS2,TitleCode,Highest Level Job Function,Contact Zoom URL,Encrypted Email Address,Email Domain
34358131,Chalbeck,Carl,,,,"Manager, Information Technology",719,Information Technology,Manager,,(978) 261-1111,carl.chalbeck@adtechsystems.com,490 Boston Post Rd.,Sudbury,Massachusetts,1776,United States,53,11/15/2019,1116145,Ad-Tech Inc,Ad-Tech,ad-tech.com,(978) 261-1077,490 Boston Post Rd.,Sudbury,Massachusetts,1776,United States,Consumer Electronics,Industry.mfg.consumer.electronics,Consumer Goods,Industry.mfg.consumer,10450,Sales.10Mto25M,174,Employees.100to249,15,152,811,3343,"TitleCode.IT,TitleCodeTop.Business,TitleCodeMiddle.Manager,TitleCodeMiddle.Technical,TitleCode.Manager","Manager,Engineering & Technical",https://go.zoominfo.com/#/apps/search/person/results?personProfileId=34358131,a02103e4b2c872ce34fcc69080c94acb,adtechsystems.com
524550689,Worhle,Mike,,,,"Manager, Information Technology",719,Information Technology,Manager,,(631) 881-4912,mike.worhle@airindustriesgroup.com,360 Motor Pkwy. Ste. 100,Hauppauge,New York,11788,United States,43,43550,2755270,"Air Industries Group , Inc.",Air Industries Group,www.airindustriesgroup.com,(631) 968-5000,1460 FIFTH Ave.,Bay Shore,New York,11706,United States,Manufacturing,Industry.mfg,"Miscellaneous Building Materials (Flooring, Cabinets, etc.)",Industry.mfg.building.other,46309,Sales.25Mto50M,209,Employees.100to249,37,372,55,336413,"TitleCode.IT,TitleCodeTop.Business,TitleCodeMiddle.Manager,TitleCodeMiddle.Technical,TitleCode.Manager","Manager,Engineering & Technical",https://go.zoominfo.com/#/apps/search/person/results?personProfileId=524550689,dd0219522e3ca083ebbeddf631e6b26f,airindustriesgroup.com
2474261326,Black,Phillip,,,,"Manager, Information Technology",719,Information Technology,Manager,,,pblack@alliance-winding.com,3939 Vanguard Dr.,Fort Wayne,Indiana,46809,United States,2,4/11/2019,1803030,Alliance Winding Equipment Inc,Alliance Winding,www.alliance-winding.com,(260) 478-2200,3939 Vanguard Dr.,Fort Wayne,Indiana,46809,United States,Industrial Machinery & Equipment,Industry.mfg.industrialmachinery,Manufacturing,Industry.mfg,8684,Sales.5Mto10M,44,Employees.20to49,35,355,333249,3332,"TitleCode.IT,TitleCodeTop.Business,TitleCodeMiddle.Manager,TitleCodeMiddle.Technical,TitleCode.Manager","Manager,Engineering & Technical",https://go.zoominfo.com/#/apps/search/person/results?personProfileId=2474261326,35423632eab1711650e8135153a463fd,alliance-winding.com
1787471701,Morrison,Jackie,S.,,,"Manager, Information Technology",719,Information Technology,Manager,,(907) 787-8855,jackie.morrison@alyeska-pipeline.com,3700 Centerpoint Dr.,Anchorage,Alaska,99503,United States,33,11/11/2019,3163396,Alyeska Pipeline Service Company,Alyeska Pipeline,www.alyeska-pipeline.com,(907) 787-8700,3700 Centerpoint Dr.,Anchorage,Alaska,99503,United States,Petrochemicals,Industry.mfg.chemicals.petrochemicals,"Chemicals, Petrochemicals, Glass & Gases",Industry.mfg.chemicals,160000,Sales.100MMto250M,800,Employees.500to999,13,131,211,48,"TitleCode.IT,TitleCodeTop.Business,TitleCodeMiddle.Manager,TitleCodeMiddle.Technical,TitleCode.Manager","Manager,Engineering & Technical",https://go.zoominfo.com/#/apps/search/person/results?personProfileId=1787471701,741d49ecc7db0efcfec2aaae970226e8,alyeska-pipeline.com
-1715263295,Petzrick,James,,,,"Manager, Information Technology & Senior Designer",720,Information Technology,Manager,,,jamespetzrick@amwoodhomes.com,2017 N. Harmony Town Hall Rd.,Janesville,Wisconsin,53546,United States,8,43545,6428532,Amwood Homes INC,Amwood Homes,www.amwoodhomes.com,(608) 756-2989,2017 N. Harmony Town Hall Rd.,Janesville,Wisconsin,53546,United States,"Lumber, Wood Production & Timber Operations",Industry.mfg.building.lumber,Building Materials,Industry.mfg.building,19341,Sales.10Mto25M,98,Employees.50to99,24,245,3219,321992,"TitleCode.IT,TitleCodeTop.Business,TitleCodeMiddle.Manager,TitleCodeMiddle.Technical,TitleCode.Manager","Manager,Engineering & Technical",https://go.zoominfo.com/#/apps/search/person/results?personProfileId=-1715263295,541f8e72dd49ce54d79d5d92d60ea19e,amwoodhomes.com
1575032082,Wong,Himtang,,,,"Director, Information Technology",759,Information Technology,Director,,(917) 397-4002,himtang@awaytravel.com,10 Bond St.,New York City,New York,10012-2340,United States,21,9/5/2019,358804575,Away Travel,Away Travel,www.awaytravel.com,(617) 535-3366,50 Seaport Blvd.,Boston,Massachusetts,2210,United States,Textiles & Apparel,Industry.mfg.consumer.clothes,Consumer Goods,Industry.mfg.consumer,99630,Sales.50Mto100M,250,Employees.250to499,31,316,453,454,"TitleCode.IT,TitleCodeTop.Business,TitleCodeMiddle.Technical,TitleCode.Director,TitleCodeMiddle.Director","Engineering & Technical,Director",https://go.zoominfo.com/#/apps/search/person/results?personProfileId=1575032082,85e60cf65b5bbb7801ee2744529d3a42,awaytravel.com
-2024180329,Wang,James,,,,"Director, Information Technology",759,Information Technology,Director,,(708) 534-7187,james.wang@bimba.com,25150 S Governors Hwy.,University Park,Illinois,60484,United States,30,8/1/2019,4719046,Bimba Manufacturing Company,Bimba,www.bimba.com,(708) 534-8544,25150 S Governors Hwy.,University Park,Illinois,60484,United States,Industrial Machinery & Equipment,Industry.mfg.industrialmachinery,Manufacturing,Industry.mfg,125510,Sales.100MMto250M,325,Employees.250to499,35,359,333995,33399,"TitleCode.IT,TitleCodeTop.Business,TitleCodeMiddle.Technical,TitleCode.Director,TitleCodeMiddle.Director","Engineering & Technical,Director",https://go.zoominfo.com/#/apps/search/person/results?personProfileId=-2024180329,45ece6847d26206599b7fa70bc219ab5,bimba.com
1687628375,Hime,Shawn,,,,IT Assistant & Manager,420,Information Technology,Manager,,(307) 532-2151,shime@bloedornlumber.com,1551 Stillwater Ave.,Cheyenne,Wyoming,82003,United States,12,11/15/2019,37100327,Bloedorn Lumber Company,Bloedorn,www.bloedornlumber.com,(307) 632-0578,1551 Stillwater Ave.,Cheyenne,Wyoming,82003,United States,Plumbing & HVAC Equipment,Industry.mfg.building.plumbing,Building Materials,Industry.mfg.building,61972,Sales.50Mto100M,314,Employees.250to499,50,508,4238,42,"TitleCode.IT,TitleCodeTop.Business,TitleCodeMiddle.Manager,TitleCodeMiddle.Technical,TitleCode.Manager","Manager,Engineering & Technical",https://go.zoominfo.com/#/apps/search/person/results?personProfileId=1687628375,5c3dca54886406379594f2dbd12060fe,bloedornlumber.com
-2046070017,Banta,Caitlin,Rye,,,"IT Director, Marketing",759,General Marketing,Director,,(610) 347-8843,caitlin.banta@brentwoodindustries.com,500 Spring Ridge Dr.,Reading,Pennsylvania,19610-1069,United States,29,4/24/2019,5473545,Brentwood Industries Inc,Bretnwood,www.brentwoodindustries.com,(610) 374-5109,610 Morgantown Rd.,Reading,Pennsylvania,19611,United States,"Plastic, Packaging & Containers",Industry.mfg.plastic,Manufacturing,Industry.mfg,100000,Sales.100MMto250M,700,Employees.500to999,30,308,3261,32,"TitleCode.Marketing,TitleCodeMiddle.Director,TitleCodeTop.Business,TitleCode.IT,TitleCodeMiddle.Marketing,TitleCodeMiddle.Technical,TitleCode.Director","Marketing,Director",https://go.zoominfo.com/#/apps/search/person/results?personProfileId=-2046070017,74eb7c1117cd67036d41768878ac1aa1,brentwoodindustries.com
2011518958,Benoit,Jacques,,,,"Senior Electrical Engineer & Manager, Information Technology",723,Hardware Engineering,Manager,,,jacquesbenoit@burtprocess.com,,New York City,New York,,United States,20,43545,8341552,Burt Process Equipment Inc,Burt Process,www.burtprocess.com,(203) 287-1985,100 Overlook Dr.,Hamden,Connecticut,6514,United States,Plumbing & HVAC Equipment,Industry.mfg.building.plumbing,Building Materials,Industry.mfg.building,10000,Sales.10Mto25M,208,Employees.100to249,50,508,453,4539,"TitleCode.HardwareEng,TitleCode.IT,TitleCodeTop.Business,TitleCodeMiddle.Manager,TitleCodeMiddle.Technical,TitleCode.Manager","Manager,Engineering & Technical",https://go.zoominfo.com/#/apps/search/person/results?personProfileId=2011518958,8fec840ca78d5271702df14d7c4e9284,burtprocess.com
-2039406593,Rollins,Jason,,,,"Manager, Information Technology",719,Information Technology,Manager,,(864) 297-6655,jrollins@compx.com,26 Old Mill Rd.,Greenville,South Carolina,29607-5312,United States,15,11/22/2019,9224252,CompX International Inc,CompX,www.compx.com,(972) 448-1400,5430 Lbj Freeway Ste. 1700,Dallas,Texas,75240,United States,Manufacturing,Industry.mfg,Building Materials,Industry.mfg.building,118217,Sales.100MMto250M,547,Employees.500to999,34,342,337214,33712,"TitleCode.IT,TitleCodeTop.Business,TitleCodeMiddle.Manager,TitleCodeMiddle.Technical,TitleCode.Manager","Manager,Engineering & Technical",https://go.zoominfo.com/#/apps/search/person/results?personProfileId=-2039406593,48afcdf28c96c53220e4325ad98437b0,compx.com
2079727888,Moore,Ronald,,,,"Manager, Information Technology",719,Information Technology,Manager,,(631) 777-8900 ext. 4150,ron.moore@comtechpst.com,105 Baylis Rd.,Melville,New York,11735,United States,24,11/19/2019,27513011,Comtech PST Corp,Comtech,www.comtechpst.com,(631) 777-8900,105 Baylis Rd.,Melville,New York,11735,United States,Electronic Components,Industry.mfg.electronics.electronics,Electronics,Industry.mfg.electronics,76990,Sales.50Mto100M,58,Employees.50to99,36,362,335999,3359,"TitleCode.IT,TitleCodeTop.Business,TitleCodeMiddle.Manager,TitleCodeMiddle.Technical,TitleCode.Manager","Manager,Engineering & Technical",https://go.zoominfo.com/#/apps/search/person/results?personProfileId=2079727888,c454cd4aa0aff09a7b83e6c34f90df32,comtechpst.com
-1664481035,Trainor,John,,,,"Director, Information Technology",759,Information Technology,Director,,(562) 598-8808,jtrainor@cbpmail.net,13001 Seal Beach Blvd. Ste. 200,Seal Beach,California,90740,United States,51,8/22/2019,28581453,Custom Building Products Inc,Custom Building Products,www.custombuildingproducts.com,(562) 598-8808,13001 Seal Beach Blvd. Ste. 200,Seal Beach,California,90740,United States,"Miscellaneous Building Materials (Flooring, Cabinets, etc.)",Industry.mfg.building.other,Building Materials,Industry.mfg.building,100000,Sales.100MMto250M,1000,Employees.1000to4999,3272,327,327,3255,"TitleCode.IT,TitleCodeTop.Business,TitleCodeMiddle.Technical,TitleCode.Director,TitleCodeMiddle.Director","Engineering & Technical,Director",https://go.zoominfo.com/#/apps/search/person/results?personProfileId=-1664481035,c05eea53fd593b1ffe1c30b7bcfab7cc,cbpmail.net
-2040573156,Seals,Zane,,,,"Manager, Information Technology",719,Information Technology,Manager,,,zanes@demaeng.com,10020 Big Bend Blvd.,St. Louis,Missouri,63122,United States,9,4/12/2019,24332303,DEMA Engineering Company,DEMA Engineering,www.demaeng.com,(314) 966-3533,10020 Big Bend Blvd.,St. Louis,Missouri,63122,United States,Industrial Machinery & Equipment,Industry.mfg.industrialmachinery,Manufacturing,Industry.mfg,30591,Sales.25Mto50M,155,Employees.100to249,35,,541,5413,"TitleCode.IT,TitleCodeTop.Business,TitleCodeMiddle.Manager,TitleCodeMiddle.Technical,TitleCode.Manager","Manager,Engineering & Technical",https://go.zoominfo.com/#/apps/search/person/results?personProfileId=-2040573156,97fdd615a124e2283425b929ad2d4942,demaeng.com
1812942738,Vega,Jose,Cuauhtemoc,,,"Manager, Information Technology",719,Information Technology,Manager,,,jvega@dicktenplastics.com,,Nashotah,Wisconsin,53058,United States,5,43566,67161355,Dickten Masch Plastics LLC,Dickten Plastics,www.dicktenplastics.com,(262) 369-5555,3401 S.E. Convenience Blvd.,Ankeny,Iowa,50021,United States,"Miscellaneous Building Materials (Flooring, Cabinets, etc.)",Industry.mfg.building.other,Building Materials,Industry.mfg.building,155872,Sales.100MMto250M,35,Employees.20to49,30,308,3261,32,"TitleCode.IT,TitleCodeTop.Business,TitleCodeMiddle.Manager,TitleCodeMiddle.Technical,TitleCode.Manager","Manager,Engineering & Technical",https://go.zoominfo.com/#/apps/search/person/results?personProfileId=1812942738,1ff19d9e035857189aacc33c2af79df4,dicktenplastics.com
2048728002,Mutur,Jay,,,,"Manager, Information Technology",719,Information Technology,Manager,,,jaym@elietahari.com,"11 West 42nd St., 14th Fl.",New York City,New York,10036,United States,10,4/11/2019,353825820,Elie Tahari Ltd,Elie Tahari,www.elietahari.com,(212) 763-2000,"11 West 42nd St., 14th Fl.",New York City,New York,10036,United States,Textiles & Apparel,Industry.mfg.consumer.clothes,Consumer Goods,Industry.mfg.consumer,328070,Sales.250Mto500M,403,Employees.250to499,23,233,45399,45,"TitleCode.IT,TitleCodeTop.Business,TitleCodeMiddle.Manager,TitleCodeMiddle.Technical,TitleCode.Manager","Manager,Engineering & Technical",https://go.zoominfo.com/#/apps/search/person/results?personProfileId=2048728002,f4b498a3156ef7a9d1f8b7d565b6f1af,elietahari.com
-1854110286,Ma,Amy,,,,"Manager, Information Technology",719,Information Technology,Manager,,(510) 226-8900 ext. 6772,amy.ma@enablence.com,2933 Bayview Dr.,Fremont,California,94538,United States,9,9/19/2019,69471159,Enablence Technologies Inc,Enbalance,www.enablence.com,(510) 226-8900,2933 Bayview Dr.,Fremont,California,94538,United States,Photographic & Optical Equipment,Industry.mfg.consumer.photo,Consumer Goods,Industry.mfg.consumer,3388,Sales.1Mto5M,50,Employees.50to99,38,382,33421,334210,"TitleCode.IT,TitleCodeTop.Business,TitleCodeMiddle.Manager,TitleCodeMiddle.Technical,TitleCode.Manager","Manager,Engineering & Technical",https://go.zoominfo.com/#/apps/search/person/results?personProfileId=-1854110286,ed0d45638b1223b0db986128bd0b2a4b,enablence.com
2595362923,Zumwalde,Roderick,,,,"Operations Manager, Information Technology",719,Operations,Manager,,(702) 855-3075,rzumwalde@everi.com,7250 S. Tenaya Way Ste. 100,Las Vegas,Nevada,89113,United States,14,4/11/2019,369993814,Everi Holdings Inc.,Everi,www.everi.com,(702) 855-3000,7250 S. Tenaya Way Ste. 100,Las Vegas,Nevada,89113,United States,Business Services General,Industry.bizservice.general,Business Services,Industry.bizservice,469515,Sales.250Mto500M,1250,Employees.1000to4999,73,737,561499,3219,"TitleCodeMiddle.Manager,TitleCode.Operations,TitleCodeTop.Business,TitleCode.IT,TitleCodeMiddle.Operations,TitleCodeMiddle.Technical,TitleCode.Manager","Operations,Manager",https://go.zoominfo.com/#/apps/search/person/results?personProfileId=2595362923,4de9061a06c7ba2238103593fad2dcac,everi.com
1591729706,Davis,Tim,,,,"Director, Information Technology",759,Information Technology,Director,,,tim.davis@floridatile.com,3545 Reynolds Rd.,Lakeland,Florida,33803,United States,43,11/16/2019,14614623,"Florida Tile , Inc.",Florida Tile,www.floridatile.com,(863) 665-4646,3545 Reynolds Rd.,Lakeland,Florida,33803,United States,"Miscellaneous Building Materials (Flooring, Cabinets, etc.)",Industry.mfg.building.other,Building Materials,Industry.mfg.building,250000,Sales.250Mto500M,1700,Employees.1000to4999,32,325,44419,327,"TitleCode.IT,TitleCodeTop.Business,TitleCodeMiddle.Technical,TitleCode.Director,TitleCodeMiddle.Director","Engineering & Technical,Director",https://go.zoominfo.com/#/apps/search/person/results?personProfileId=1591729706,a0dc4b6d38091cb45f03ffaba39a9495,floridatile.com
1676574973,Vilardi,Roberto,,,,"Director, IT Applications",759,Information Technology,Director,,(847) 550-2733,roberto.vilardi@fresenius-kabi.com,Three Corporate Dr.,Lake Zurich,Illinois,60047,United States,41,11/22/2019,22824828,Fresenius Kabi AG,Fresenius,www.fresenius-kabi.com,(847) 550-2300,Three Corporate Dr.,Lake Zurich,Illinois,60047,United States,Drug Manufacturing & Research,Industry.healthcare.pharmaceuticals.drugs,Pharmaceuticals,Industry.healthcare.pharmaceuticals,65845,Sales.50Mto100M,2500,Employees.1000to4999,384,38,5418,32541,"TitleCode.IT,TitleCodeTop.Business,TitleCodeMiddle.Technical,TitleCode.Director,TitleCodeMiddle.Director","Engineering & Technical,Director",https://go.zoominfo.com/#/apps/search/person/results?personProfileId=1676574973,f8c0cf1a58e915b02ab5c91d306c11e4,fresenius-kabi.com
1458033592,Norwick,Robert,,,,"Director, IT Infrastructure (Fresenius Kabi)",759,Information Technology,Director,Fresenius Kabi USA,(847) 550-2386,robert.norwick@fresenius-netcare.com,Three Corporate Dr.,Lake Zurich,Illinois,60047,United States,45,4/24/2019,22824828,Fresenius Kabi AG,Fresenius,www.fresenius-kabi.com,(847) 550-2300,Three Corporate Dr.,Lake Zurich,Illinois,60047,United States,Drug Manufacturing & Research,Industry.healthcare.pharmaceuticals.drugs,Pharmaceuticals,Industry.healthcare.pharmaceuticals,65845,Sales.50Mto100M,2500,Employees.1000to4999,384,38,5418,32541,"TitleCode.IT,TitleCodeTop.Business,TitleCodeMiddle.Technical,TitleCode.Director,TitleCodeMiddle.Director","Engineering & Technical,Director",https://go.zoominfo.com/#/apps/search/person/results?personProfileId=1458033592,6659626c50a1346cfd1383f1c5769ab3,fresenius-netcare.com
2364424241,Gallis,Jolynn,,,,"Senior Manager, IT Compliance (North America)",723,Information Technology,Manager,Fresenius Kabi USA,(847) 550-5588,jolynn.gallis@fresenius-netcare.com,Three Corporate Dr.,Lake Zurich,Illinois,60047,United States,9,4/24/2019,22824828,Fresenius Kabi AG,Fresenius,www.fresenius-kabi.com,(847) 550-2300,Three Corporate Dr.,Lake Zurich,Illinois,60047,United States,Drug Manufacturing & Research,Industry.healthcare.pharmaceuticals.drugs,Pharmaceuticals,Industry.healthcare.pharmaceuticals,65845,Sales.50Mto100M,2500,Employees.1000to4999,384,38,5418,32541,"TitleCodeMiddle.Manager,TitleCodeTop.Business,TitleCode.IT,TitleCode.Compliance,TitleCodeMiddle.Operations,TitleCodeMiddle.Technical,TitleCode.Manager","Operations,Manager",https://go.zoominfo.com/#/apps/search/person/results?personProfileId=2364424241,6b2757e50922c916aac701bbfb3feec3,fresenius-netcare.com
-1827127943,McCord,Angela,,,,"Senior Manager, Information Technology Be Operations",723,Operations,Manager,,(650) 569-2050,amccord@genomichealth.com,,,California,,United States,20,9/5/2019,42159481,Genomic Health Inc,Genomic Health,www.genomichealth.com,(650) 556-9300,301 PENOBSCOT Dr.,Redwood City,California,94063,United States,Business Services General,Industry.bizservice.general,Business Services,Industry.bizservice,394111,Sales.250Mto500M,829,Employees.500to999,87,873,32541,5417,"TitleCodeMiddle.Manager,TitleCode.Operations,TitleCodeTop.Business,TitleCode.IT,TitleCodeMiddle.Operations,TitleCodeMiddle.Technical,TitleCode.Manager","Operations,Manager",https://go.zoominfo.com/#/apps/search/person/results?personProfileId=-1827127943,877a5a9dd64825245c7450ade4c671ef,genomichealth.com
1997836747,Athiyidath,Dani,,,,"Assistant Manager, IT Systems",419,Information Technology,Manager,,(860) 651-2708,dani.athiyidath@gilbarco.com,7300 West Friendly Ave.,Greensboro,North Carolina,27420,United States,24,11/7/2019,49958939,Gilbarco Veeder-Root Inc,Gilbarco,www.gilbarco.com,(336) 547-5000,7300 West Friendly Ave.,Greensboro,North Carolina,27420,United States,Industrial Machinery & Equipment,Industry.mfg.industrialmachinery,Manufacturing,Industry.mfg,250000,Sales.250Mto500M,4000,Employees.1000to4999,35,358,3339,333,"TitleCode.IT,TitleCodeTop.Business,TitleCodeMiddle.Manager,TitleCodeMiddle.Technical,TitleCode.Manager","Manager,Engineering & Technical",https://go.zoominfo.com/#/apps/search/person/results?personProfileId=1997836747,a67a19047163538843c0308775280886,gilbarco.com
1872923852,Newcomb,Tim,,,,"Manager, IT Operations",719,Operations,Manager,,(785) 537-8822 ext. 1110,tim.newcomb@hanes.com,520 McCall Rd.,Manhattan,Kansas,66503,United States,21,11/19/2019,16875608,GTM Sportswear,GTM Sportswear,championteamwear.com,(785) 537-8822,520 McCall Rd.,Manhattan,Kansas,66503,United States,Textiles & Apparel,Industry.mfg.consumer.clothes,Consumer Goods,Industry.mfg.consumer,75000,Sales.50Mto100M,156,Employees.100to249,23,,,,"TitleCodeMiddle.Manager,TitleCode.Operations,TitleCodeTop.Business,TitleCode.IT,TitleCodeMiddle.Operations,TitleCodeMiddle.Technical,TitleCode.Manager","Operations,Manager",https://go.zoominfo.com/#/apps/search/person/results?personProfileId=1872923852,bcb98483928bc0f13a79af7b873f5b54,hanes.com
1941523002,Wilhelm,Paul,,,,"Systems Senior Manager, Information Technology",723,Information Technology,Manager,,(318) 212-0763,paul.wilhelm@hardwareresources.com,4319 Marlena St.,Bossier City,Louisiana,71111,United States,22,11/25/2019,35638651,Hardware Resources,Hardware Resources,www.hardwareresources.com,(318) 742-9513,4319 Marlena St.,Bossier City,Louisiana,71111,United States,"Miscellaneous Building Materials (Flooring, Cabinets, etc.)",Industry.mfg.building.other,Building Materials,Industry.mfg.building,34400,Sales.25Mto50M,172,Employees.100to249,50,507,423710,4237,"TitleCode.IT,TitleCodeTop.Business,TitleCodeMiddle.Manager,TitleCodeMiddle.Technical,TitleCode.Manager","Manager,Engineering & Technical",https://go.zoominfo.com/#/apps/search/person/results?personProfileId=1941523002,ae2394e26eb1548b07a76aaeeb4a14b5,hardwareresources.com
2004183525,Hill,Jackson,,,,"Manager, Information Technology Systems",719,Information Technology,Manager,,(318) 212-0770,jackson.hill@hardwareresources.com,4319 Marlena St.,Bossier City,Louisiana,71111,United States,11,8/30/2019,35638651,Hardware Resources,Hardware Resources,www.hardwareresources.com,(318) 742-9513,4319 Marlena St.,Bossier City,Louisiana,71111,United States,"Miscellaneous Building Materials (Flooring, Cabinets, etc.)",Industry.mfg.building.other,Building Materials,Industry.mfg.building,34400,Sales.25Mto50M,172,Employees.100to249,50,507,423710,4237,"TitleCode.IT,TitleCodeTop.Business,TitleCodeMiddle.Manager,TitleCodeMiddle.Technical,TitleCode.Manager","Manager,Engineering & Technical",https://go.zoominfo.com/#/apps/search/person/results?personProfileId=2004183525,289df3d4e0cd2a125ecef787f55bde66,hardwareresources.com
1448922855,Petersen,Kyle,,,,"Manager, Information Technology",719,Information Technology,Manager,,(409) 842-3714 ext. 1125,kpetersen@helena.com,1530 Lindbergh,Beaumont,Texas,77707,United States,22,11/15/2019,51777952,Helena Laboratories Pty. Ltd,Helena Laboratories,www.helena.com,(409) 842-3714,1530 Lindbergh,Beaumont,Texas,77707,United States,Medical Devices & Equipment,Industry.mfg.medical,Manufacturing,Industry.mfg,226451,Sales.100MMto250M,800,Employees.500to999,38,382,339,33451,"TitleCode.IT,TitleCodeTop.Business,TitleCodeMiddle.Manager,TitleCodeMiddle.Technical,TitleCode.Manager","Manager,Engineering & Technical",https://go.zoominfo.com/#/apps/search/person/results?personProfileId=1448922855,9fb1bf4510015ba16d11d1224f1ddb85,helena.com
3358788110,Myers,Chris,,,,"Services Manager, Information Technology",719,Information Technology,Manager,,(763) 203-6407,cmyers@imris.com,,,Minnesota,,United States,3,11/15/2019,33410266,IMRIS Inc.,IMRIS,www.imris.com,(763) 203-6300,5101 Shady Oak Rd.,Minnetonka,Minnesota,55343,United States,Medical Devices & Equipment,Industry.mfg.medical,Manufacturing,Industry.mfg,37500,Sales.25Mto50M,121,Employees.100to249,38,384,339,33451,"TitleCode.IT,TitleCodeTop.Business,TitleCodeMiddle.Manager,TitleCodeMiddle.Technical,TitleCode.Manager","Manager,Engineering & Technical",https://go.zoominfo.com/#/apps/search/person/results?personProfileId=3358788110,69e94173a5fa4ab87c845423f1a10945,imris.com
1780842070,Pasquarella,Jim,,,,"Director, Information Technology",759,Information Technology,Director,,(203) 924-5933 ext. 7128,jpasquarella@inlineplastics.com,42 Canal St.,Shelton,Connecticut,6484,United States,27,9/6/2019,51415578,Inline Plastics Corp.,Inline Plastics,www.inlineplastics.com,(203) 924-5933,42 Canal St.,Shelton,Connecticut,6484,United States,"Plastic, Packaging & Containers",Industry.mfg.plastic,Manufacturing,Industry.mfg,71060,Sales.50Mto100M,1000,Employees.1000to4999,30,308,56191,48,"TitleCode.IT,TitleCodeTop.Business,TitleCodeMiddle.Technical,TitleCode.Director,TitleCodeMiddle.Director","Engineering & Technical,Director",https://go.zoominfo.com/#/apps/search/person/results?personProfileId=1780842070,049ffccd3a0afdb0fc3a145bc0a0b204,inlineplastics.com
-2037000034,Ng,Alice,,,,"Manager, Information Technology",719,Information Technology,Manager,,(408) 582-5424,alice.ng@intermolecular.com,3011 North First St.,San Jose,California,95134,United States,15,43545,49300868,Intermolecular Inc,Intermolecular,www.intermolecular.com,(408) 582-5700,3011 North First St.,San Jose,California,95134,United States,Electronic Components,Industry.mfg.electronics.electronics,Electronics,Industry.mfg.electronics,33660,Sales.25Mto50M,88,Employees.50to99,36,367,33251,334419,"TitleCode.IT,TitleCodeTop.Business,TitleCodeMiddle.Manager,TitleCodeMiddle.Technical,TitleCode.Manager","Manager,Engineering & Technical",https://go.zoominfo.com/#/apps/search/person/results?personProfileId=-2037000034,de325864bf3611a8f339614f2b5c347c,intermolecular.com
-1613326418,Herrera,Carlos,,,,"Information Systems Support Manager, Information Technology",719,Information Technology,Manager,,,cherrera@jawbone.com,99 Rhode Island St. 3rd Fl.,San Francisco,California,94103,United States,7,4/11/2019,20594851,Jawbone,Jawbone,www.jawbone.com,(415) 230-7600,"200 Kansas St., #205",San Francisco,California,94103,United States,Consumer Electronics,Industry.mfg.consumer.electronics,Consumer Goods,Industry.mfg.consumer,91182,Sales.50Mto100M,462,Employees.250to499,365,36,3343,7139,"TitleCode.IT,TitleCodeTop.Business,TitleCodeMiddle.Manager,TitleCodeMiddle.Technical,TitleCode.Manager","Manager,Engineering & Technical",https://go.zoominfo.com/#/apps/search/person/results?personProfileId=-1613326418,e99e82c2cd20bd7132657b924118c2c7,jawbone.com
-1236818176,Kalbacher,Michael,,,,"Management Manager, Information Technology",719,Information Technology,Manager,,,michael.kalbacher@jockey.com,2300 60th St.,Kenosha,Wisconsin,53140,United States,5,4/11/2019,61359674,Jockey International Inc,Jockey,www.jockey.com,(262) 658-8111,2300 60th St.,Kenosha,Wisconsin,53140,United States,Textiles & Apparel,Industry.mfg.consumer.clothes,Consumer Goods,Industry.mfg.consumer,443200,Sales.250Mto500M,1600,Employees.1000to4999,22,225,813,81321,"TitleCode.IT,TitleCodeTop.Business,TitleCodeMiddle.Manager,TitleCodeMiddle.Technical,TitleCode.Manager","Manager,Engineering & Technical",https://go.zoominfo.com/#/apps/search/person/results?personProfileId=-1236818176,1df31d96d77d59399232a8600f6061a2,jockey.com
-1986570710,Royster,Karen,,,,"Senior Director, Information Technology",763,Information Technology,Director,,(336) 500-8326,kroyster@centricbrands.com,"4620 Grandover Pkwy., 1st Fl.",Greensboro,North Carolina,27407,United States,32,8/29/2019,465225565,Joe's Jeans Inc.,Joe's Jeans,www.joesjeans.com,(646) 582-6000,350 5TH Ave. 6TH Fl.,New York City,New York,10118,United States,Textiles & Apparel,Industry.mfg.consumer.clothes,Consumer Goods,Industry.mfg.consumer,164000,Sales.100MMto250M,421,Employees.250to499,23,232,5414,316110,"TitleCode.IT,TitleCodeTop.Business,TitleCodeMiddle.Technical,TitleCode.Director,TitleCodeMiddle.Director","Engineering & Technical,Director",https://go.zoominfo.com/#/apps/search/person/results?personProfileId=-1986570710,b0bdc43c6c2edaa434209bfad325a4b1,centricbrands.com
2855498018,Conner,Eric,,,,"Manager, Information Technology",719,Information Technology,Manager,,(859) 283-7485,econner@krauss-maffeicorp.com,7095 Industrial Rd.,Florence,Kentucky,41042,United States,7,11/12/2019,78351022,KraussMaffei Group GmbH,KraussMaffei,kraussmaffei.com/en/our-topics/one-brand,(859) 283-0200,7095 Industrial Rd.,Florence,Kentucky,41042,United States,Industrial Machinery & Equipment,Industry.mfg.industrialmachinery,Manufacturing,Industry.mfg,99075,Sales.50Mto100M,275,Employees.250to499,51,35,333993,33399,"TitleCode.IT,TitleCodeTop.Business,TitleCodeMiddle.Manager,TitleCodeMiddle.Technical,TitleCode.Manager","Manager,Engineering & Technical",https://go.zoominfo.com/#/apps/search/person/results?personProfileId=2855498018,15aad9dc47a28a5228c5e5dbd259697f,krauss-maffeicorp.com
3379819747,Schnupp,Trevor,,,,"Manager, Information Technology",719,Information Technology,Manager,,(412) 387-9187,trevors@lesker.com,,Jefferson Hills,Pennsylvania,,United States,3,11/26/2019,30443236,Kurt J. Lesker Company,Kurt J. Lesker,www.lesker.com,(412) 387-9200,1925 Rte. 51,Clairton,Pennsylvania,15025,United States,Industrial Machinery & Equipment,Industry.mfg.industrialmachinery,Manufacturing,Industry.mfg,43000,Sales.25Mto50M,350,Employees.250to499,35,355,33712,42,"TitleCode.IT,TitleCodeTop.Business,TitleCodeMiddle.Manager,TitleCodeMiddle.Technical,TitleCode.Manager","Manager,Engineering & Technical",https://go.zoominfo.com/#/apps/search/person/results?personProfileId=3379819747,e84506afbd1117107ef0f3d3fa99dbee,lesker.com
1694230937,Teets,James,,,,"Manager, Information Technology",719,Information Technology,Manager,,(714) 449-5111,jteets@label-aire.com,550 Burning Tree Rd.,Fullerton,California,92833,United States,18,11/18/2019,21938677,Label-Aire Inc,Label-Aire,www.label-aire.com,(714) 526-0300,550 Burning Tree Rd.,Fullerton,California,92833,United States,Industrial Machinery & Equipment,Industry.mfg.industrialmachinery,Manufacturing,Industry.mfg,40000,Sales.25Mto50M,14,Employees.10to19,35,359,33399,333999,"TitleCode.IT,TitleCodeTop.Business,TitleCodeMiddle.Manager,TitleCodeMiddle.Technical,TitleCode.Manager","Manager,Engineering & Technical",https://go.zoominfo.com/#/apps/search/person/results?personProfileId=1694230937,050bef7929aa1c51b604f1ea939b1f27,label-aire.com
48862739,Lema,Roberto,,Mr.,,"Manager, Information Technology",719,Information Technology,Manager,,(800) 776-1342,rlema@listindustries.com,401 Jim Moran Blvd.,Deerfield Beach,Florida,33442,United States,18,11/15/2019,60689234,List Industries Inc,List Industries,www.listindustries.com,(954) 429-9155,401 Jim Moran Blvd.,Deerfield Beach,Florida,33442,United States,"Lumber, Wood Production & Timber Operations",Industry.mfg.building.lumber,Building Materials,Industry.mfg.building,98682,Sales.50Mto100M,500,Employees.500to999,25,254,444,337212,"TitleCode.IT,TitleCodeTop.Business,TitleCodeMiddle.Manager,TitleCodeMiddle.Technical,TitleCode.Manager","Manager,Engineering & Technical",https://go.zoominfo.com/#/apps/search/person/results?personProfileId=48862739,d42d18919733db64afd087123559d6a0,listindustries.com
-1963793718,Klundt,Don,,,,"Director, Information Technology",759,Information Technology,Director,,(206) 736-0990,donk@machinistsinc.com,7600 5Th Ave. S,Seattle,Washington,98108,United States,9,4/12/2019,173834906,Machinists Inc,Machinists,www.machinistsinc.com,(206) 763-0990,7600 5Th Ave. S,Seattle,Washington,98108,United States,Industrial Machinery & Equipment,Industry.mfg.industrialmachinery,Manufacturing,Industry.mfg,11447,Sales.10Mto25M,58,Employees.50to99,35,,,,"TitleCode.IT,TitleCodeTop.Business,TitleCodeMiddle.Technical,TitleCode.Director,TitleCodeMiddle.Director","Engineering & Technical,Director",https://go.zoominfo.com/#/apps/search/person/results?personProfileId=-1963793718,ff5d668f71eccd339a843d7fa33e096b,machinistsinc.com
1496284913,Sadiq,Imran,,,,Management Information Systems and Information Technology,,Information Technology,Manager,,(510) 492-2839,imran.sadiq@mattson.com,47131 Bayside Pkwy.,Fremont,California,94538,United States,40,4/11/2019,24068306,"Mattson Technology , Inc.",Mattson,www.mattson.com,(510) 657-5900,47131 Bayside Pkwy.,Fremont,California,94538,United States,Industrial Machinery & Equipment,Industry.mfg.industrialmachinery,Manufacturing,Industry.mfg,172532,Sales.100MMto250M,296,Employees.250to499,35,355,333242,3332,"TitleCode.IT,TitleCodeTop.Business,TitleCodeMiddle.Manager,TitleCodeMiddle.Technical,TitleCode.Manager","Manager,Engineering & Technical",https://go.zoominfo.com/#/apps/search/person/results?personProfileId=1496284913,adc2b65898d481a553ec5cdd682d564e,mattson.com
2457733719,Kelly,Dan,,,,"Project Manager, Information Technology (HBM Holdings)",719,Information Technology,Manager,,(314) 376-2546,djkelly@hbmholdings.com,3870 S. Lindbergh Blvd.,St. Louis,Missouri,63127,United States,7,43545,25215341,Mississippi Lime Company,Mississippi Lime,www.mississippilime.com,(314) 543-6300,3870 S. Lindbergh Blvd.,St. Louis,Missouri,63127,United States,Chemicals,Industry.mfg.chemicals.chemicals,Glass & Clay,Industry.mfg.chemicals.glass,54100,Sales.50Mto100M,204,Employees.100to249,28,287,3274,32532,"TitleCode.ProjectManagement,TitleCodeMiddle.Manager,TitleCodeTop.Business,TitleCode.IT,TitleCodeMiddle.Operations,TitleCodeMiddle.Technical,TitleCode.Manager","Operations,Manager",https://go.zoominfo.com/#/apps/search/person/results?personProfileId=2457733719,e6a7334c21eeb21993b2cf46f59d0185,hbmholdings.com
1444214088,McGlinchey,Tom,,,,"Senior Manager, Information Technology SAP",723,Information Technology,Manager,,(407) 688-6423,thomas.mcglinchey@amer.mhps.com,Ste. 400 Con call) Passcode 1929406,Lake Mary,Florida,32746,United States,41,8/24/2019,95093463,Mitsubishi Hitachi Power Systems Americas Inc,MHPS,http://amer.mhps.com,(407) 688-6100,400 Colonial Center Pkwy.,Lake Mary,Florida,32746,United States,Industrial Machinery & Equipment,Industry.mfg.industrialmachinery,Manufacturing,Industry.mfg,300000,Sales.250Mto500M,2000,Employees.1000to4999,35,351,335911,3353,"TitleCode.IT,TitleCodeTop.Business,TitleCodeMiddle.Manager,TitleCodeMiddle.Technical,TitleCode.Manager","Manager,Engineering & Technical",https://go.zoominfo.com/#/apps/search/person/results?personProfileId=1444214088,b7632ff0ed40b039e14a125e92556723,amer.mhps.com
2045856693,Barton,Bruce,E.,,,"Manager, Information Technology",719,Information Technology,Manager,,(912) 721-9414,bruce.barton@amer.mhps.com,1000 Pine Meadow Blvd.,Pooler,Georgia,31322,United States,19,8/8/2019,95093463,Mitsubishi Hitachi Power Systems Americas Inc,MHPS,http://amer.mhps.com,(407) 688-6100,400 Colonial Center Pkwy.,Lake Mary,Florida,32746,United States,Industrial Machinery & Equipment,Industry.mfg.industrialmachinery,Manufacturing,Industry.mfg,300000,Sales.250Mto500M,2000,Employees.1000to4999,35,351,335911,3353,"TitleCode.IT,TitleCodeTop.Business,TitleCodeMiddle.Manager,TitleCodeMiddle.Technical,TitleCode.Manager","Manager,Engineering & Technical",https://go.zoominfo.com/#/apps/search/person/results?personProfileId=2045856693,afc89d065b50a06325bc40b015bececd,amer.mhps.com
-1963808239,Cole,Richard,,,,"Kronos Senior Project Manager, Information Technology",723,Information Technology,Manager,,,rcole@mhpowersystems.com,400 Colonial Center Pkwy.,Lake Mary,Florida,32746,United States,11,4/11/2019,95093463,Mitsubishi Hitachi Power Systems Americas Inc,MHPS,http://amer.mhps.com,(407) 688-6100,400 Colonial Center Pkwy.,Lake Mary,Florida,32746,United States,Industrial Machinery & Equipment,Industry.mfg.industrialmachinery,Manufacturing,Industry.mfg,300000,Sales.250Mto500M,2000,Employees.1000to4999,35,351,335911,3353,"TitleCode.ProjectManagement,TitleCodeMiddle.Manager,TitleCodeTop.Business,TitleCode.IT,TitleCodeMiddle.Operations,TitleCodeMiddle.Technical,TitleCode.Manager","Operations,Manager",https://go.zoominfo.com/#/apps/search/person/results?personProfileId=-1963808239,521fcdb2720c0816bb56329cd594ca77,mhpowersystems.com
2056915958,White,Marc,,,,"Manager, Information Technology",719,Information Technology,Manager,,+27 11 060 8510,whitem@mmsi.com,3289 E Hemisphere Loop,Tucson,Arizona,85706,United States,9,11/15/2019,44565542,Modular Mining Systems Inc,Modular Mining Systems,http://www.modularmining.com,(520) 746-9127,3289 E Hemisphere Loop,Tucson,Arizona,85706,United States,"Other Rental Stores (Furniture, A/V, Construction & Industrial Equipment)",Industry.retail.rental,Retail,Industry.retail,50000,Sales.50Mto100M,700,Employees.500to999,73,735,532412,2131,"TitleCode.IT,TitleCodeTop.Business,TitleCodeMiddle.Manager,TitleCodeMiddle.Technical,TitleCode.Manager","Manager,Engineering & Technical",https://go.zoominfo.com/#/apps/search/person/results?personProfileId=2056915958,8331d48284e6084a549937e5d28a74ee,mmsi.com
-2083948721,Rankin,Renee,,,,"Manager, Information Technology",719,Information Technology,Manager,,,renee.rankin@moen.com,,Atlanta,Georgia,30339,United States,20,11/15/2019,25363346,Moen Incorporated,Moen,www.moen.com,(440) 962-2000,25300 Al Moen Dr.,North Olmsted,Ohio,44070,United States,Building Materials,Industry.mfg.building,Manufacturing,Industry.mfg,100000,Sales.100MMto250M,2500,Employees.1000to4999,34,342,23822,332,"TitleCode.IT,TitleCodeTop.Business,TitleCodeMiddle.Manager,TitleCodeMiddle.Technical,TitleCode.Manager","Manager,Engineering & Technical",https://go.zoominfo.com/#/apps/search/person/results?personProfileId=-2083948721,9adb201ddcfbf34ffe3bdaccb4d32cb7,moen.com
1765748255,Hoten,Michael,J.,,,"Manager, IT Operations",719,Operations,Manager,,(325) 365-8544,michael.hoten@muellerinc.com,1915 Hutchins Ave.,Ballinger,Texas,76821,United States,29,43545,25854331,Mueller Inc,Mueller,www.muellerinc.com,(325) 365-3555,1915 Hutchins Ave.,Ballinger,Texas,76821,United States,Metals & Minerals,Industry.mm.metals,Metals & Mining,Industry.mm,150000,Sales.100MMto250M,800,Employees.500to999,34,344,423390,42,"TitleCodeMiddle.Manager,TitleCode.Operations,TitleCodeTop.Business,TitleCode.IT,TitleCodeMiddle.Operations,TitleCodeMiddle.Technical,TitleCode.Manager","Operations,Manager",https://go.zoominfo.com/#/apps/search/person/results?personProfileId=1765748255,067849d1889a305123386456be8e658f,muellerinc.com
1638933898,Smith,James,R.,,,"Manager, IT Security",719,Information Technology,Manager,,(801) 363-6736 ext. 1218,jrsmith@nfm-filter.com,691 North 400 West,Salt Lake City,Utah,84103,United States,11,9/6/2019,35226609,National Filter Media Corporation,NFM,www.nfm-filter.com,(801) 531-1293,691 North 400 West,Salt Lake City,Utah,84103,United States,Industrial Machinery & Equipment,Industry.mfg.industrialmachinery,Manufacturing,Industry.mfg,85459,Sales.50Mto100M,433,Employees.250to499,35,356,33341,333413,"TitleCode.IT,TitleCodeTop.Business,TitleCodeMiddle.Manager,TitleCodeMiddle.Technical,TitleCode.Manager","Manager,Engineering & Technical",https://go.zoominfo.com/#/apps/search/person/results?personProfileId=1638933898,9f70905c4c99fc09d4d6d2279831178c,nfm-filter.com
-1878278177,Garcia,Emanuel,,,,"Manager, Information Technology",719,Information Technology,Manager,,,egarcia@neophotonics.com,2911 Zanker Rd.,San Jose,California,95134,United States,5,43545,27115788,NeoPhotonics Corporation,NeoPhotonics,www.neophotonics.com,(408) 232-9200,2911 Zanker Rd.,San Jose,California,95134,United States,Semiconductor & Semiconductor Equipment,Industry.mfg.electronics.semiconductors,Electronics,Industry.mfg.electronics,322540,Sales.250Mto500M,1769,Employees.1000to4999,36,367,33251,33441,"TitleCode.IT,TitleCodeTop.Business,TitleCodeMiddle.Manager,TitleCodeMiddle.Technical,TitleCode.Manager","Manager,Engineering & Technical",https://go.zoominfo.com/#/apps/search/person/results?personProfileId=-1878278177,d1a3ee0afaf5ee169a9d67ae92110afd,neophotonics.com
-1243879715,Walz,Anthony,,,,"Manager, Information Technology",719,Information Technology,Manager,,,twalz@nexusvalve.com,9982 E. 121st St.,Fishers,Indiana,46037,United States,3,4/12/2019,73156069,Nexus Valve Inc,Nexus Valve,www.nexusvalve.com,(317) 257-6050,9982 E. 121st St.,Fishers,Indiana,46037,United States,Industrial Machinery & Equipment,Industry.mfg.industrialmachinery,Manufacturing,Industry.mfg,11841,Sales.10Mto25M,60,Employees.50to99,34,349,33291,4237,"TitleCode.IT,TitleCodeTop.Business,TitleCodeMiddle.Manager,TitleCodeMiddle.Technical,TitleCode.Manager","Manager,Engineering & Technical",https://go.zoominfo.com/#/apps/search/person/results?personProfileId=-1243879715,2fc3c6ba74d11f8ecdd3d2bd6f60713c,nexusvalve.com
957317976,Amschler,Jason,,,,Global IT Manager,719,Information Technology,Manager,,(417) 380-5544,jason.amschler@northstarbattery.com,4000 Continental Way,Springfield,Missouri,65803,United States,48,8/28/2019,87393715,NorthStar Academy,NorthStar,www.northstarbattery.com,(417) 575-8200,4000 Continental Way,Springfield,Missouri,65803,United States,"Batteries, Power Storage Equipment & Generators",Industry.mfg.electronics.batteries,Electronics,Industry.mfg.electronics,170000,Sales.100MMto250M,500,Employees.500to999,36,369,335912,335911,"TitleCode.IT,TitleCodeTop.Business,TitleCodeMiddle.Manager,TitleCodeMiddle.Technical,TitleCode.Manager","Manager,Engineering & Technical",https://go.zoominfo.com/#/apps/search/person/results?personProfileId=957317976,fe91a0217b36f46e53058068584e6ee3,northstarbattery.com
1754661608,Gutierrez,Dennis,,,,"Manager, Information Technology",719,Information Technology,Manager,,,dgutierrez@nowfoods.com,244 Knollwood Dr.,Bloomingdale,Illinois,60108,United States,10,4/11/2019,77529612,NOW Foods Inc,NOW Foods,www.nowfoods.com,(630) 545-9098,244 Knollwood Dr.,Bloomingdale,Illinois,60108,United States,Health & Nutrition Products,Industry.mfg.consumer.health,Consumer Goods,Industry.mfg.consumer,250000,Sales.250Mto500M,5000,Employees.5000to9999,28,283,32541,3111,"TitleCode.IT,TitleCodeTop.Business,TitleCodeMiddle.Manager,TitleCodeMiddle.Technical,TitleCode.Manager","Manager,Engineering & Technical",https://go.zoominfo.com/#/apps/search/person/results?personProfileId=1754661608,553ac6b2324ac87d6d9788d3384829f3,nowfoods.com
2423514085,Wang,Zhe,,,,IT Associate & Manager,716,Information Technology,Manager,,,zhe.wang@o2micro.com,3118 Patrick Henry Dr.,Santa Clara,California,95054,United States,3,4/11/2019,28476004,O2Micro International Limited,O2Micro,www.o2micro.com,(408) 987-5920,3118 Patrick Henry Dr.,Santa Clara,California,95054,United States,Software & Technical Consulting,Industry.software.consulting,Business Services General,Industry.bizservice.general,62714,Sales.50Mto100M,400,Employees.250to499,73,737,541511,5182,"TitleCode.IT,TitleCodeTop.Business,TitleCodeMiddle.Manager,TitleCodeMiddle.Technical,TitleCode.Manager","Manager,Engineering & Technical",https://go.zoominfo.com/#/apps/search/person/results?personProfileId=2423514085,1e097f471151c983b0dd62231d618d4e,o2micro.com
1484394472,Adams,Bryan,,,,"Director, Information Technology",759,Information Technology,Director,,(801) 299-5401,bryana@orbitonline.com,845 North Overland Rd.,North Salt Lake,Utah,84054,United States,41,11/7/2019,80037248,Orbit Irrigation Products Inc,Orbit Irrigation,www.orbitonline.com,(801) 299-5555,845 N Overland Rd.,North Salt Lake,Utah,84054,United States,Industrial Machinery & Equipment,Industry.mfg.industrialmachinery,Manufacturing,Industry.mfg,26841,Sales.25Mto50M,136,Employees.100to249,35,352,3331,333,"TitleCode.IT,TitleCodeTop.Business,TitleCodeMiddle.Technical,TitleCode.Director,TitleCodeMiddle.Director","Engineering & Technical,Director",https://go.zoominfo.com/#/apps/search/person/results?personProfileId=1484394472,df95c25c2699c57fe27ec692c84bca65,orbitonline.com
-1672835905,Williams,Nicole,A.,,,"Project Manager, Information Technology CRM",719,Information Technology,Manager,,,nicolew@orbuscompany.com,380 Veterans Pkwy. Ste. 110,Bolingbrook,Illinois,60440,United States,11,11/21/2019,29082215,Orbus Exhibit & Display Group,Orbus,www.orbus.com,(630) 226-1155,9033 Murphy Rd.,Woodridge,Illinois,60517,United States,Manufacturing,Industry.mfg,Personal Computers & Peripherals,Industry.mfg.computers.computers,100000,Sales.100MMto250M,500,Employees.500to999,365,36,3343,339,"TitleCode.ProjectManagement,TitleCodeMiddle.Manager,TitleCodeTop.Business,TitleCode.IT,TitleCodeMiddle.Operations,TitleCode.CustomerRel,TitleCodeMiddle.Technical,TitleCode.Manager","Operations,Manager",https://go.zoominfo.com/#/apps/search/person/results?personProfileId=-1672835905,fdbeb57debbf1971357076ff9727f6bf,orbuscompany.com
573211765,Hicks,Don,,,,"Manager, Information Technology",719,Information Technology,Manager,,,dhicks@oxbocorp.com,7275 Byron Rd.,Byron,New York,14422,United States,14,4/12/2019,186090075,Oxbo International Corporation,Oxbo,www.oxbocorp.com,(585) 548-2665,7275 Byron Rd.,Byron,New York,14422,United States,Industrial Machinery & Equipment,Industry.mfg.industrialmachinery,Manufacturing,Industry.mfg,47290,Sales.25Mto50M,400,Employees.250to499,35,352,3331,333,"TitleCode.IT,TitleCodeTop.Business,TitleCodeMiddle.Manager,TitleCodeMiddle.Technical,TitleCode.Manager","Manager,Engineering & Technical",https://go.zoominfo.com/#/apps/search/person/results?personProfileId=573211765,1326fc32afcd7fc8a6ee274f3a71b202,oxbocorp.com
2059857472,Imbert,Rey,J.,,,IT Services Management Leader,,Information Technology,Manager,,(480) 567-3070,rey.imbert@paradigmprecision.com,404 West Guadalupe Rd.,Tempe,Arizona,85283,United States,9,11/7/2019,353210243,Paradigm Precision Holdings,Paradighm,www.paradigmprecision.com,(860) 828-0344,134 Commerce St.,East Berlin,Connecticut,6023,United States,Power Conversion & Protection Equipment,Industry.mfg.electronics.powerequip,Electronics,Industry.mfg.electronics,37500,Sales.25Mto50M,713,Employees.500to999,37,372,5511,3332,"TitleCode.IT,TitleCodeTop.Business,TitleCodeMiddle.Manager,TitleCodeMiddle.Technical,TitleCode.Manager","Manager,Engineering & Technical",https://go.zoominfo.com/#/apps/search/person/results?personProfileId=2059857472,29710b6695e605114faca36846cb5331,paradigmprecision.com
2029844084,Palmer,Melissa,,,,"Manager, Information Technology",719,Information Technology,Manager,,(520) 382-4843,mpalmer@paragonsdc.com,3481 E. Michigan St.,Tucson,Arizona,85714,United States,21,43545,175293090,Paragon Space Development Corporation,Paragon SDC,www.paragonsdc.com,(520) 903-1000,3481 E. Michigan St.,Tucson,Arizona,85714,United States,Aerospace & Defense,Industry.mfg.aerospace,Manufacturing,Industry.mfg,10000,Sales.10Mto25M,75,Employees.50to99,37,376,336415,336414,"TitleCode.IT,TitleCodeTop.Business,TitleCodeMiddle.Manager,TitleCodeMiddle.Technical,TitleCode.Manager","Manager,Engineering & Technical",https://go.zoominfo.com/#/apps/search/person/results?personProfileId=2029844084,38adb0ac7b86d4305c80018215e624f2,paragonsdc.com
1732497510,Whipple,Joseph,,,,IT Operations Manager,719,Operations,Manager,,(713) 849-7127,jwhipple@park-usa.com,7015 FAIRBANKS N HOUSTON Rd.,Houston,Texas,77040,United States,48,43550,348420942,ParkUSA,ParkUSA,www.parkusa.com,(713) 937-7602,7015 FAIRBANKS N HOUSTON Rd.,Houston,Texas,77040,United States,"Aggregates, Concrete & Cement",Industry.mfg.building.concrete,"Miscellaneous Building Materials (Flooring, Cabinets, etc.)",Industry.mfg.building.other,67892,Sales.50Mto100M,250,Employees.250to499,32,327,327,3273,"TitleCodeMiddle.Manager,TitleCode.Operations,TitleCodeTop.Business,TitleCode.IT,TitleCodeMiddle.Operations,TitleCodeMiddle.Technical,TitleCode.Manager","Operations,Manager",https://go.zoominfo.com/#/apps/search/person/results?personProfileId=1732497510,4bcc77b79536b6563e167f3b7ffd3d61,park-usa.com
-1325863960,Vu,Marc,,,,"Manager, Information Technology",719,Information Technology,Manager,,(408) 414-8897,marc.vu@powerint.com,5245 Hellyer Ave.,San Jose,California,95138,United States,9,4/11/2019,96453377,Power Integrations Inc,Power Integrations,www.power.com,(408) 414-9200,5245 Hellyer Ave.,San Jose,California,95138,United States,Semiconductor & Semiconductor Equipment,Industry.mfg.electronics.semiconductors,Electronics,Industry.mfg.electronics,415955,Sales.250Mto500M,663,Employees.500to999,36,367,334419,33599,"TitleCode.IT,TitleCodeTop.Business,TitleCodeMiddle.Manager,TitleCodeMiddle.Technical,TitleCode.Manager","Manager,Engineering & Technical",https://go.zoominfo.com/#/apps/search/person/results?personProfileId=-1325863960,7c696aa14e9d66d281ced9ca9bc22ad9,powerint.com
-2108619834,Northrup,Parker,,,,IT Desktop Management Graphic Designer,499,General Marketing,Manager,,,parker.northrup@processbarron.com,2770 Welborn St.,Pelham,Alabama,35124,United States,17,4/12/2019,78217995,Process Barron,Process Barron,www.processbarron.com,(205) 663-5330,2770 Welborn St.,Pelham,Alabama,35124,United States,Plumbing & HVAC Equipment,Industry.mfg.building.plumbing,Building Materials,Industry.mfg.building,125000,Sales.100MMto250M,500,Employees.500to999,35,356,33341,333413,"TitleCodeMiddle.Artists,TitleCode.Marketing,TitleCodeMiddle.Manager,TitleCode.Technical,TitleCodeTop.Arts,TitleCode.Arts,TitleCode.IT,TitleCodeTop.Business,TitleCodeMiddle.Marketing,TitleCodeMiddle.Technical,TitleCode.Manager","Manager,Marketing",https://go.zoominfo.com/#/apps/search/person/results?personProfileId=-2108619834,b45f89210c5d0401a99352ffcaa3aa12,processbarron.com
3347515337,Day,Dann,,,,"Manager, LEAN Manufacturing & Information Technology",719,Operations,Manager,,(603) 746-2001 ext. 205,dann@prototek.com,205 Pine St.,Hopkinton,New Hampshire,3229,United States,4,11/12/2019,31506744,Prototek Sheetmetal Fabrication LLC,Prototek,www.prototek.com,(603) 746-2001,244 Burnham Intervale Rd.,Contoocook,New Hampshire,3229,United States,"Miscellaneous Building Materials (Flooring, Cabinets, etc.)",Industry.mfg.building.other,Building Materials,Industry.mfg.building,5723,Sales.5Mto10M,29,Employees.20to49,34,344,33441,332,"TitleCodeMiddle.Manager,TitleCode.Operations,TitleCodeTop.Business,TitleCode.IT,TitleCodeMiddle.Operations,TitleCodeMiddle.Technical,TitleCode.Manager","Operations,Manager",https://go.zoominfo.com/#/apps/search/person/results?personProfileId=3347515337,7248089c2f2cbfaf7ec564dc293006d3,prototek.com
1939233228,Helland,Ken,,,,"Project Manager, Information Technology",719,Information Technology,Manager,,(952) 941-9391 ext. 1605,khelland@qbp.com,6400 W. 105th St.,Bloomington,Minnesota,55438,United States,15,43545,31785367,"Quality Bicycle Products , Inc.",QBP,www.qbp.com,(952) 941-9391,6400 W. 105th St.,Bloomington,Minnesota,55438,United States,Consumer Goods,Industry.mfg.consumer,Manufacturing,Industry.mfg,200000,Sales.100MMto250M,690,Employees.500to999,37,375,33699,4239,"TitleCode.ProjectManagement,TitleCodeMiddle.Manager,TitleCodeTop.Business,TitleCode.IT,TitleCodeMiddle.Operations,TitleCodeMiddle.Technical,TitleCode.Manager","Operations,Manager",https://go.zoominfo.com/#/apps/search/person/results?personProfileId=1939233228,d1f3c45ede5c693edbc559a31fe16e32,qbp.com
3356981527,Romero,Ivan,,,,"Manager, Information Technology",719,Information Technology,Manager,,,ivan.romero@quanergy.com,482 Mercury Dr.,Sunnyvale,California,94085,United States,3,8/28/2019,357520423,"Quanergy Systems , Inc.",Quanergy,www.quanergy.com,(408) 245-9500,482 Mercury Dr.,Sunnyvale,California,94085,United States,Electronics,Industry.mfg.electronics,Manufacturing,Industry.mfg,54310,Sales.50Mto100M,200,Employees.100to249,38,381,33451,33,"TitleCode.IT,TitleCodeTop.Business,TitleCodeMiddle.Manager,TitleCodeMiddle.Technical,TitleCode.Manager","Manager,Engineering & Technical",https://go.zoominfo.com/#/apps/search/person/results?personProfileId=3356981527,4c4866762fa299cf7f1215f060d7379e,quanergy.com
-1193747232,Kumar,Prasanna,,,,"Service Desk Manager, Information Technology",719,Information Technology,Manager,,,prasannak@rambus.com,"1050 ENTERPRISE WAY, Ste. 700",Sunnyvale,California,94089,United States,2,43566,32080718,Rambus Inc.,Rambus,www.rambus.com,(408) 462-8000,"1050 ENTERPRISE WAY, Ste. 700",Sunnyvale,California,94089,United States,Semiconductor & Semiconductor Equipment,Industry.mfg.electronics.semiconductors,Electronics,Industry.mfg.electronics,231201,Sales.100MMto250M,796,Employees.500to999,36,367,33251,533110,"TitleCode.IT,TitleCodeTop.Business,TitleCodeMiddle.Manager,TitleCodeMiddle.Technical,TitleCode.Manager","Manager,Engineering & Technical",https://go.zoominfo.com/#/apps/search/person/results?personProfileId=-1193747232,53eb2a1e842b17777b277a32064ee040,rambus.com
1636333792,Dominick,Mike,,Mr.,,"Global Senior Director, Information Technology",763,Information Technology,Director,,(989) 619-2977,mike.dominick@ranir.com,4701 East Paris Ave. SE,Grand Rapids,Michigan,49512,United States,63,9/10/2019,80184691,Ranir LLC,Ranir,www.ranir.com,(616) 698-8880,P.O. Box 8877,Grand Rapids,Michigan,49518,United States,Medical Devices & Equipment,Industry.mfg.medical,Manufacturing,Industry.mfg,148023,Sales.100MMto250M,750,Employees.500to999,38,384,339994,339,"TitleCode.IT,TitleCodeTop.Business,TitleCodeMiddle.Technical,TitleCode.Director,TitleCodeMiddle.Director","Engineering & Technical,Director",https://go.zoominfo.com/#/apps/search/person/results?personProfileId=1636333792,3d7e367dadc76b90265e4b470648f0ee,ranir.com
1299111028,Pullman,Pooja,,,,"Director, Information Technology",759,Information Technology,Director,,(605) 305-0887,pooja.pullman@ravenind.com,205 E 6th St.,Sioux Falls,South Dakota,57104,United States,34,11/12/2019,9079836,Raven Industries Inc,Raven Industries,www.ravenind.com,(605) 336-2750,205 E 6th St.,Sioux Falls,South Dakota,57104,United States,"Plastic, Packaging & Containers",Industry.mfg.plastic,Manufacturing,Industry.mfg,406668,Sales.250Mto500M,1304,Employees.1000to4999,30,308,339,3261,"TitleCode.IT,TitleCodeTop.Business,TitleCodeMiddle.Technical,TitleCode.Director,TitleCodeMiddle.Director","Engineering & Technical,Director",https://go.zoominfo.com/#/apps/search/person/results?personProfileId=1299111028,97b262d671e808a9fc3b1729398ac6ea,ravenind.com
1821872129,Christian,Steve,,,,"Manager, Information Technology Application Development",719,Information Technology,Manager,,(614) 561-8446,christian@roguefitness.com,1080 Steelwood Rd.,Columbus,Ohio,43212,United States,15,43557,343379184,Rogue Fitness,Rogue Fitness,www.roguefitness.com,(614) 358-6190,545 E 5th Ave.,Columbus,Ohio,43201,United States,Sporting Goods,Industry.mfg.consumer.sport,Consumer Goods,Industry.mfg.consumer,65801,Sales.50Mto100M,550,Employees.500to999,39,394,33992,339,"TitleCode.IT,TitleCodeTop.Business,TitleCodeMiddle.Manager,TitleCode.SoftwareEng,TitleCodeMiddle.Technical,TitleCode.Manager","Manager,Engineering & Technical",https://go.zoominfo.com/#/apps/search/person/results?personProfileId=1821872129,8640cf871d8bb15a5e1f45b525fbd5c4,roguefitness.com
2365370987,Palmer,Corey,,,,"Manager, Information Technology",719,Information Technology,Manager,,,cpalmer@royal-basket.com,201 Badger Pkwy.,Darien,Wisconsin,53114,United States,5,43550,355495570,Royal Basket Trucks Inc,Royal Basket Trucks,www.royal-basket.com,(262) 882-3389,201 Badger Pkwy.,Darien,Wisconsin,53114,United States,Textiles & Apparel,Industry.mfg.consumer.clothes,Household Goods,Industry.mfg.consumer.household,21710,Sales.10Mto25M,110,Employees.100to249,23,239,3149,314910,"TitleCode.IT,TitleCodeTop.Business,TitleCodeMiddle.Manager,TitleCodeMiddle.Technical,TitleCode.Manager","Manager,Engineering & Technical",https://go.zoominfo.com/#/apps/search/person/results?personProfileId=2365370987,d2a834ffdeb6390290cfb269a49b06a2,royal-basket.com
-1903864718,Yentes,Blake,,,,"Manager, IT Network & Desktop Support",719,Information Technology,Manager,,(317) 392-8360,blake.yentes@ryobi.com,800 West Mausoleum Rd.,Shelbyville,Indiana,46176,United States,19,43550,69157458,Ryobi Limited,Ryobi,www.ryobi.com,(317) 398-3398,800 West Mausoleum Rd.,Shelbyville,Indiana,46176,United States,Motor Vehicle Parts,Industry.mfg.carparts,Metals & Minerals,Industry.mm.metals,90985,Sales.50Mto100M,461,Employees.250to499,3714,371,33,331,"TitleCode.IT,TitleCodeTop.Business,TitleCodeMiddle.Manager,TitleCodeMiddle.Technical,TitleCode.Manager","Manager,Engineering & Technical",https://go.zoominfo.com/#/apps/search/person/results?personProfileId=-1903864718,9a8e510caf103fde6248c16cf115cde1,ryobi.com
2163205676,Miranda,Kevin,,,,"Manager, IT Support - National",719,Information Technology,Manager,,(407) 299-0044 ext. 161,kmiranda@safemark.com,"2101 Park Center Dr,Ste 300",Orlando,Florida,32835-7625,United States,22,43545,58605921,Safemark Systems LP,Safemark,www.safemark.com,(407) 299-0044,200 West Sand Lake Rd. Ste. 800,Orlando,Florida,32809,United States,Network Security Hardware & Software,Industry.mfg.computers.security,Computer Equipment & Peripherals,Industry.mfg.computers,131100,Sales.100MMto250M,235,Employees.100to249,50,504,42344,5511,"TitleCode.IT,TitleCodeTop.Business,TitleCodeMiddle.Manager,TitleCodeMiddle.Technical,TitleCode.Manager","Manager,Engineering & Technical",https://go.zoominfo.com/#/apps/search/person/results?personProfileId=2163205676,aa0c51f78660269609af919da2657bbb,safemark.com
-1285147353,Chiam,Alex,,,,"Regional Assistant Manager, Information Technology",419,Information Technology,Manager,,(607) 755-7451 ext. 111,alex.chiam@ssi-schaefer.com,,,New York,,United States,11,11/26/2019,61506130,SCHAEFER SYSTEMS INTERNATIONAL PTE LTD,Schaefer,www.ssi-schaefer.com,(704) 944-4500,10125 Westlake Dr.,Charlotte,North Carolina,28273,United States,Software,Industry.software,Software Development & Design,Industry.software.mfg,12430,Sales.10Mto25M,450,Employees.250to499,737,73,5416,5182,"TitleCode.IT,TitleCodeTop.Business,TitleCodeMiddle.Manager,TitleCodeMiddle.Technical,TitleCode.Manager","Manager,Engineering & Technical",https://go.zoominfo.com/#/apps/search/person/results?personProfileId=-1285147353,ea345e5710e3a3317622a264fbaad293,ssi-schaefer.com
-2046438002,Schroeder,Keith,,,,"Manager, Information Technology",719,Information Technology,Manager,,(630) 424-0392,keith.schroeder@scheckandsiress.com,,Oakbrook Terrace,Illinois,60181,United States,29,43545,44974694,Scheck & Siress,Scheck & Siress,www.scheckandsiress.com,(847) 619-1701,1701 E Woodfield Rd.,Schaumburg,Illinois,60173,United States,"Miscellaneous Building Materials (Flooring, Cabinets, etc.)",Industry.mfg.building.other,Building Materials,Industry.mfg.building,12039,Sales.10Mto25M,61,Employees.50to99,30,308,339,622310,"TitleCode.IT,TitleCodeTop.Business,TitleCodeMiddle.Manager,TitleCodeMiddle.Technical,TitleCode.Manager","Manager,Engineering & Technical",https://go.zoominfo.com/#/apps/search/person/results?personProfileId=-2046438002,7e716c4b4dbf106916e6e790d04713b7,scheckandsiress.com
-847395075,Walsh,Kevin,,,,"Director, Information Technology",759,Information Technology,Director,,,kwalsh@sditech.com,1299 Main St.,Rahway,New Jersey,7065,United States,5,9/3/2019,34258974,SDI Technologies Inc,SDI Technologies,www.sditech.com,(732) 574-9000,1299 Main St.,Rahway,New Jersey,7065,United States,Consumer Electronics,Industry.mfg.consumer.electronics,Consumer Goods,Industry.mfg.consumer,21200,Sales.10Mto25M,106,Employees.100to249,365,36,3343,33,"TitleCode.IT,TitleCodeTop.Business,TitleCodeMiddle.Technical,TitleCode.Director,TitleCodeMiddle.Director","Engineering & Technical,Director",https://go.zoominfo.com/#/apps/search/person/results?personProfileId=-847395075,f66661b18774ce45f53d8b8ca63680c9,sditech.com
1765887006,Scheck,Christopher,T.,,,"Manager, Information Technology",719,Information Technology,Manager,,(330) 829-6360,cscheck@seseng.com,1507 Beeson St.,Alliance,Ohio,44601,United States,29,11/26/2019,91570643,SES Automation Inc.,SES Automation,www.seseng.com,(330) 821-3322,1507 Beeson St.,Alliance,Ohio,44601,United States,Industrial Machinery & Equipment,Industry.mfg.industrialmachinery,Manufacturing,Industry.mfg,23000,Sales.10Mto25M,230,Employees.100to249,50,508,4238,541,"TitleCode.IT,TitleCodeTop.Business,TitleCodeMiddle.Manager,TitleCodeMiddle.Technical,TitleCode.Manager","Manager,Engineering & Technical",https://go.zoominfo.com/#/apps/search/person/results?personProfileId=1765887006,398226a424f7b61aecb639174a3fcb2a,seseng.com
981876375,Spaulding,Paul,,,,"Director, Information Technology",759,Information Technology,Director,,,paul.spaulding@sharpservices.com,7451 Keebler Way,Allentown,Pennsylvania,18106,United States,28,43550,185500182,Sharp Packaging Services,Sharp Packaging,www.sharpservices.com,(610) 395-5800,7451 Keebler Way,Allentown,Pennsylvania,18106,United States,"Miscellaneous Building Materials (Flooring, Cabinets, etc.)",Industry.mfg.building.other,Building Materials,Industry.mfg.building,100000,Sales.100MMto250M,1800,Employees.1000to4999,73,738,56191,5619,"TitleCode.IT,TitleCodeTop.Business,TitleCodeMiddle.Technical,TitleCode.Director,TitleCodeMiddle.Director","Engineering & Technical,Director",https://go.zoominfo.com/#/apps/search/person/results?personProfileId=981876375,f0749e49bf639212ae8344a5393217ac,sharpservices.com
2620120717,Morrissey,Ray,,,,"Manager, Information Technology",719,Information Technology,Manager,,,ray.morrissey@shopvac.com,2323 Reach Rd.,Williamsport,Pennsylvania,17701,United States,2,4/11/2019,108511592,ShopVac,ShopVac,www.shopvac.com,(570) 326-0502,2323 Reach Rd.,Williamsport,Pennsylvania,17701,United States,Consumer Electronics,Industry.mfg.consumer.electronics,Consumer Goods,Industry.mfg.consumer,304000,Sales.250Mto500M,1600,Employees.1000to4999,35,354,3352,3343,"TitleCode.IT,TitleCodeTop.Business,TitleCodeMiddle.Manager,TitleCodeMiddle.Technical,TitleCode.Manager","Manager,Engineering & Technical",https://go.zoominfo.com/#/apps/search/person/results?personProfileId=2620120717,7612a1ae3699f1fb6558a7e22f8cd1fe,shopvac.com
1631900358,Hydock,Steve,,,,"Manager, Information Technology",719,Information Technology,Manager,,(412) 837-5334,shydock@smithmicro.com,5800 CORPORATE Dr.,Pittsburgh,Pennsylvania,15237,United States,40,11/19/2019,35340452,Smith Micro Software Inc,Smith Micro,www.smithmicro.com,(412) 837-5300,5800 CORPORATE Dr.,Pittsburgh,Pennsylvania,15237,United States,Software Development & Design,Industry.software.mfg,Software,Industry.software,26285,Sales.25Mto50M,153,Employees.100to249,73,737,541511,334614,"TitleCode.IT,TitleCodeTop.Business,TitleCodeMiddle.Manager,TitleCodeMiddle.Technical,TitleCode.Manager","Manager,Engineering & Technical",https://go.zoominfo.com/#/apps/search/person/results?personProfileId=1631900358,954981bd93eca2c10e7d7ad7f88b10b3,smithmicro.com
-1519330789,Bardelle,Mauro,,,,"Manager, IT Technical Operations",719,Technical,Manager,,(949) 362-5800 ext. 8154,mbardelle@smithmicro.com,51 Columbia Ste. 200,Aliso Viejo,California,92656,United States,3,43545,35340452,Smith Micro Software Inc,Smith Micro,www.smithmicro.com,(412) 837-5300,5800 CORPORATE Dr.,Pittsburgh,Pennsylvania,15237,United States,Software Development & Design,Industry.software.mfg,Software,Industry.software,26285,Sales.25Mto50M,153,Employees.100to249,73,737,541511,334614,"TitleCode.Technical,TitleCodeMiddle.Manager,TitleCode.Operations,TitleCodeTop.Business,TitleCode.IT,TitleCodeMiddle.Operations,TitleCodeMiddle.Technical,TitleCode.Manager","Operations,Manager",https://go.zoominfo.com/#/apps/search/person/results?personProfileId=-1519330789,d0778be78ead353559317b7574594363,smithmicro.com
-868485190,Boughman,Rebekah,,,,"Manager, Information Technology",719,Information Technology,Manager,,,rboughman@sterilite.com,4495 Sterilite St. SE,Massillon,Ohio,44646-7400,United States,4,4/11/2019,36667409,Sterilite Corporation,Sterilite,www.sterilite.com,(978) 597-1000,30 Scales Ln.,Townsend,Massachusetts,1469,United States,"Plastic, Packaging & Containers",Industry.mfg.plastic,Manufacturing,Industry.mfg,100000,Sales.100MMto250M,1001,Employees.1000to4999,30,308,49,4239,"TitleCode.IT,TitleCodeTop.Business,TitleCodeMiddle.Manager,TitleCodeMiddle.Technical,TitleCode.Manager","Manager,Engineering & Technical",https://go.zoominfo.com/#/apps/search/person/results?personProfileId=-868485190,e915495743735cad1f719181249b468f,sterilite.com
-1514557623,Wilkinson,Greg,,,,"Manager, Enterprise Information Technology",719,Information Technology,Manager,,(314) 544-7546,gwilkinson@stupp.com,3800 Weber Rd.,St. Louis,Missouri,63125,United States,10,11/15/2019,36881550,Stupp Bros. Inc,Stupp Bros,www.stupp.com,(314) 638-5000,3800 Weber Rd.,St. Louis,Missouri,63125,United States,Construction General,Industry.construction.general,Construction,Industry.construction,343157,Sales.250Mto500M,1091,Employees.1000to4999,67,671,6111,55,"TitleCode.IT,TitleCodeTop.Business,TitleCodeMiddle.Manager,TitleCodeMiddle.Technical,TitleCode.Manager","Manager,Engineering & Technical",https://go.zoominfo.com/#/apps/search/person/results?personProfileId=-1514557623,68469a9f102009281f1970d63e2bc29f,stupp.com
-2034656840,Palermo,John,F.,,,"Manager, Information Technology Systems",719,Information Technology,Manager,,,jpalermo@sunbeltusa.com,1922 S. MLK Dr.,Temple,Texas,76504,United States,13,43545,76415295,Sunbelt Transformer Ltd,Sunbelt Transformer,www.sunbeltusa.com,(254) 771-3777,1922 South Martin Luther King Jr. Dr.,Temple,Texas,76504,United States,Power Conversion & Protection Equipment,Industry.mfg.electronics.powerequip,Electronics,Industry.mfg.electronics,29604,Sales.25Mto50M,150,Employees.100to249,36,361,3353,335311,"TitleCode.IT,TitleCodeTop.Business,TitleCodeMiddle.Manager,TitleCodeMiddle.Technical,TitleCode.Manager","Manager,Engineering & Technical",https://go.zoominfo.com/#/apps/search/person/results?personProfileId=-2034656840,d0b4d55e92045d77c31d8714e3bc0b46,sunbeltusa.com
1908639758,Sears,Daniel,,,,"Manager, Information Technology",719,Information Technology,Manager,,(972) 369-3971,daniel.sears@tesmec.com,12520 East,Alvarado,Texas,76009,United States,14,43545,104333875,Tesmec S.p.A,Tesmec,www.tesmec.com,(817) 473-2233,12520 East,Alvarado,Texas,76009,United States,Industrial Machinery & Equipment,Industry.mfg.industrialmachinery,Manufacturing,Industry.mfg,137475,Sales.100MMto250M,650,Employees.500to999,35,353,48,488510,"TitleCode.IT,TitleCodeTop.Business,TitleCodeMiddle.Manager,TitleCodeMiddle.Technical,TitleCode.Manager","Manager,Engineering & Technical",https://go.zoominfo.com/#/apps/search/person/results?personProfileId=1908639758,81c2f9d10531c05a91c61caf3656fe7c,tesmec.com
2761806819,Klaassen,Adriaan,,,,"Global Director, Information Technology",759,Information Technology,Director,,(732) 322-1369,adriaan@mohawkgp.com,,,New Jersey,,United States,4,11/20/2019,185385690,The Mohawk Group,Mohawk Group,www.mohawkgroup.com,(347) 676-1681,37 E 18th St. 7th Fl.,New York City,New York,10003,United States,"Miscellaneous Building Materials (Flooring, Cabinets, etc.)",Industry.mfg.building.other,Building Materials,Industry.mfg.building,73300,Sales.50Mto100M,156,Employees.100to249,67,671,5511,55,"TitleCode.IT,TitleCodeTop.Business,TitleCodeMiddle.Technical,TitleCode.Director,TitleCodeMiddle.Director","Engineering & Technical,Director",https://go.zoominfo.com/#/apps/search/person/results?personProfileId=2761806819,643e3952e5c4f925f070b1354fa81d91,mohawkgp.com
-1728978508,Jeffery,Mark,,,,"Assistant Manager, Information Technology",419,Information Technology,Manager,,(330) 264-4400 ext. 2101,markjeffery@woosterbrush.com,604 Madison Ave.,Wooster,Ohio,44691,United States,8,11/25/2019,82165886,The Wooster Brush Company,Wooster Brush,www.woosterbrush.com,(330) 264-4440,604 Madison Ave.,Wooster,Ohio,44691,United States,Cleaning Products,Industry.mfg.consumer.cleaning,Consumer Goods,Industry.mfg.consumer,128287,Sales.100MMto250M,650,Employees.500to999,39,399,339994,81393,"TitleCode.IT,TitleCodeTop.Business,TitleCodeMiddle.Manager,TitleCodeMiddle.Technical,TitleCode.Manager","Manager,Engineering & Technical",https://go.zoominfo.com/#/apps/search/person/results?personProfileId=-1728978508,6c6d7a791ba74c68bd31a8240fa1e4b1,woosterbrush.com
1521390302,Chan,Joseph,,,,"Manager, Information Technology",719,Information Technology,Manager,,(408) 347-3400 ext. 1362,jchan@therma.com,1601 Las Plumas Ave.,San Jose,California,95133,United States,50,11/25/2019,345003760,Therma Corporation,Therma,www.therma.com,(408) 347-3400,1601 Las Plumas Ave.,San Jose,California,95133,United States,"Energy, Utilities & Waste Treatment General",Industry.energy.general,Industrial Machinery & Equipment,Industry.mfg.industrialmachinery,100000,Sales.100MMto250M,1000,Employees.1000to4999,16,162,221,237120,"TitleCode.IT,TitleCodeTop.Business,TitleCodeMiddle.Manager,TitleCodeMiddle.Technical,TitleCode.Manager","Manager,Engineering & Technical",https://go.zoominfo.com/#/apps/search/person/results?personProfileId=1521390302,ae13f2fe53668785ff5f587783162cd4,therma.com
2102984739,Kokas,John,,,,"Manager, Information Technology",719,Information Technology,Manager,,,jkokas@wakefield-vette.com,33 Bridge St.,Pelham,New Hampshire,3076,United States,38,11/15/2019,102989840,Thermal Solutions,Wakefield-Vette,www.wakefield-vette.com,(603) 635-2800,33 Bridge St.,Pelham,New Hampshire,3076,United States,Industrial Machinery & Equipment,Industry.mfg.industrialmachinery,Manufacturing,Industry.mfg,94000,Sales.50Mto100M,229,Employees.100to249,35,356,33341,33241,"TitleCode.IT,TitleCodeTop.Business,TitleCodeMiddle.Manager,TitleCodeMiddle.Technical,TitleCode.Manager","Manager,Engineering & Technical",https://go.zoominfo.com/#/apps/search/person/results?personProfileId=2102984739,d97761061f8b1d2d50416e4f0a41d416,wakefield-vette.com
-1874963087,Rutherford,Michael,,,,"Manager, Information Technology",719,Information Technology,Manager,,(256) 260-3886,michael.rutherford@toraycma.com,2030 Hwy. 20,Decatur,Alabama,35601-7508,United States,22,5/1/2019,285802566,Toray Composite Materials America Inc,Toray CMA,www.toraycma.com,(253) 846-1777,19002 50th Ave. East,Tacoma,Washington,98446,United States,Electronic Components,Industry.mfg.electronics.electronics,Electronics,Industry.mfg.electronics,17481,Sales.10Mto25M,1300,Employees.1000to4999,36,362,541199,541,"TitleCode.IT,TitleCodeTop.Business,TitleCodeMiddle.Manager,TitleCodeMiddle.Technical,TitleCode.Manager","Manager,Engineering & Technical",https://go.zoominfo.com/#/apps/search/person/results?personProfileId=-1874963087,9cb7410053edea6aa304e0288cac7671,toraycma.com
1677746860,Johnson,Michael,,,,"Manager, Information Technology",719,Information Technology,Manager,,(401) 667-2240,michael.johnson@toraytpa.com,50 Belver Ave.,North Kingstown,Rhode Island,2852,United States,18,43545,138461293,Toray Plastics,Toray,www.toraytpa.com,(401) 294-4511,50 Belver Ave.,North Kingstown,Rhode Island,2852,United States,Chemicals,Industry.mfg.chemicals.chemicals,"Chemicals, Petrochemicals, Glass & Gases",Industry.mfg.chemicals,264310,Sales.250Mto500M,685,Employees.500to999,28,289,33271,3261,"TitleCode.IT,TitleCodeTop.Business,TitleCodeMiddle.Manager,TitleCodeMiddle.Technical,TitleCode.Manager","Manager,Engineering & Technical",https://go.zoominfo.com/#/apps/search/person/results?personProfileId=1677746860,6a78376c27fb5234b021be223da4d85c,toraytpa.com
1860130438,Denham,David,,,,"Manager, IT SAP",719,Information Technology,Manager,,(205) 417-8401,ddenham@uspipe.com,Two Chase Corporate Dr.,Birmingham,Alabama,35244,United States,15,43545,77807786,U. S. Pipe,U.S. Pipe,www.uspipe.com,(866) 347-7473,Two Chase Corporate Dr.,Birmingham,Alabama,35244,United States,Plumbing & HVAC Equipment,Industry.mfg.building.plumbing,Building Materials,Industry.mfg.building,400000,Sales.250Mto500M,900,Employees.500to999,33,331,332996,33121,"TitleCode.IT,TitleCodeTop.Business,TitleCodeMiddle.Manager,TitleCodeMiddle.Technical,TitleCode.Manager","Manager,Engineering & Technical",https://go.zoominfo.com/#/apps/search/person/results?personProfileId=1860130438,66ff879771e7b11d2ca1fc09932919b4,uspipe.com
3213592874,Mitchell,Vincent,,,,"Division Manager, Information Technology",719,Information Technology,Manager,,(703) 922-9800 ext. 277,vincent.mitchell@uii.com,,,Virginia,,United States,4,8/21/2019,39452743,Unified Industries Incorporated,UII,www.uii.com,(703) 922-9800,"6551 Loisdale Ct., Ste. 400",Springfield,Virginia,22150,United States,Software Development & Design,Industry.software.mfg,Software,Industry.software,2790,Sales.1Mto5M,36,Employees.20to49,34,342,48,488510,"TitleCode.IT,TitleCodeTop.Business,TitleCodeMiddle.Manager,TitleCodeMiddle.Technical,TitleCode.Manager","Manager,Engineering & Technical",https://go.zoominfo.com/#/apps/search/person/results?personProfileId=3213592874,974b6df9b4fd960b35c6762ac2856584,uii.com
-1910352484,Johnson,Rina,,,,"Senior Manager, Information Technology",723,Information Technology,Manager,,,mjohnson@ushio.com,5440 Cerritos Ave.,Cypress,California,90630,United States,11,5/8/2019,125812856,Ushio America Inc,Ushio,www.ushio.com,(714) 236-8600,5440 Cerritos Ave.,Cypress,California,90630,United States,Electronics,Industry.mfg.electronics,Manufacturing,Industry.mfg,54314,Sales.50Mto100M,111,Employees.100to249,36,369,4236,42361,"TitleCode.IT,TitleCodeTop.Business,TitleCodeMiddle.Manager,TitleCodeMiddle.Technical,TitleCode.Manager","Manager,Engineering & Technical",https://go.zoominfo.com/#/apps/search/person/results?personProfileId=-1910352484,d44f07ac78c6b6d55a586ca6d357dde9,ushio.com
2079844389,Hamilton,Michael,J.,,,"Director, IT Operations & Infrastructure",759,Operations,Director,,(978) 749-3254,mhamilton@vicorpower.com,25 FRONTAGE Rd.,Andover,Massachusetts,1810,United States,30,11/6/2019,153518114,Vicor Corporation,Vicor,www.vicorpower.com,(978) 470-2900,25 Frontage Rd.,Andover,Massachusetts,1810,United States,Electronic Components,Industry.mfg.electronics.electronics,Electronics,Industry.mfg.electronics,228000,Sales.100MMto250M,1027,Employees.1000to4999,36,367,334419,334416,"TitleCode.Operations,TitleCodeMiddle.Director,TitleCodeTop.Business,TitleCode.IT,TitleCodeMiddle.Operations,TitleCodeMiddle.Technical,TitleCode.Director","Operations,Director",https://go.zoominfo.com/#/apps/search/person/results?personProfileId=2079844389,b15e8a0a4d512ece7435e12476dd1e72,vicorpower.com
2845625298,Sharma,Manish,,,,"Manager, Information Technology",719,Information Technology,Manager,,(540) 682-5169,manish_sharma@vatransformer.com,220 Glade View Dr.,Roanoke,Virginia,24012,United States,13,8/29/2019,90292266,Virginia Transformer Corp,Virginia Transformer,www.vatransformer.com,(540) 342-7694,220 Glade View Dr.,Roanoke,Virginia,24012,United States,Power Conversion & Protection Equipment,Industry.mfg.electronics.powerequip,Electronics,Industry.mfg.electronics,167760,Sales.100MMto250M,850,Employees.500to999,36,361,3353,335311,"TitleCode.IT,TitleCodeTop.Business,TitleCodeMiddle.Manager,TitleCodeMiddle.Technical,TitleCode.Manager","Manager,Engineering & Technical",https://go.zoominfo.com/#/apps/search/person/results?personProfileId=2845625298,554456d91897e0f477bc55ccb7804950,vatransformer.com
1905967775,Phillips,Nicholas,,,,"Manager, Information Technology",719,Information Technology,Manager,,(503) 445-0324,nickp@thewesterngroup.com,11155 E. 45th Ave.,Denver,Colorado,80239,United States,25,11/15/2019,62685202,Western Group Inc,Western Group,www.thewesterngroup.com,(970) 247-8391,1199 Main Ave. Ste. 226,Durango,Colorado,81301,United States,Industrial Machinery & Equipment,Industry.mfg.industrialmachinery,Mining,Industry.mm.mining,19000,Sales.10Mto25M,340,Employees.250to499,35,353,333131,3331,"TitleCode.IT,TitleCodeTop.Business,TitleCodeMiddle.Manager,TitleCodeMiddle.Technical,TitleCode.Manager","Manager,Engineering & Technical",https://go.zoominfo.com/#/apps/search/person/results?personProfileId=1905967775,12bb9a803e20b62c474073380dce7901,thewesterngroup.com
1835078022,Lewis,Roger,,,,"Manager, Information Technology",719,Information Technology,Manager,,(303) 371-4160,roger@thewesterngroup.com,11155 E. 45th Ave.,Denver,Colorado,80239,United States,5,11/15/2019,62685202,Western Group Inc,Western Group,www.thewesterngroup.com,(970) 247-8391,1199 Main Ave. Ste. 226,Durango,Colorado,81301,United States,Industrial Machinery & Equipment,Industry.mfg.industrialmachinery,Mining,Industry.mm.mining,19000,Sales.10Mto25M,340,Employees.250to499,35,353,333131,3331,"TitleCode.IT,TitleCodeTop.Business,TitleCodeMiddle.Manager,TitleCodeMiddle.Technical,TitleCode.Manager","Manager,Engineering & Technical",https://go.zoominfo.com/#/apps/search/person/results?personProfileId=1835078022,1948f4d29209a163f7a3173a052a07d0,thewesterngroup.com
1444410392,Hawkes,Marshall,,,,"Manager, Information Technology",719,Information Technology,Manager,,,mhawkes@woodgrain.com,300 Nw 16Th St.,Fruitland,Idaho,83619,United States,31,11/16/2019,111346251,Woodgrain Millwork Inc,Woodgrain Millwork,www.woodgrain.com,(888) 783-5485,300 NW 16Th St.,Fruitland,Idaho,83619,United States,"Lumber, Wood Production & Timber Operations",Industry.mfg.building.lumber,Building Materials,Industry.mfg.building,300000,Sales.250Mto500M,2912,Employees.1000to4999,5211,521,444,44,"TitleCode.IT,TitleCodeTop.Business,TitleCodeMiddle.Manager,TitleCodeMiddle.Technical,TitleCode.Manager","Manager,Engineering & Technical",https://go.zoominfo.com/#/apps/search/person/results?personProfileId=1444410392,f32fbb13063df44081da6da29083dfb7,woodgrain.com
-2050617619,Burrell,Steve,,,,"Manager, Information Technology",719,Information Technology,Manager,,,sburrell@woodgrain.com,300 Nw 16Th St.,Fruitland,Idaho,83619,United States,16,43566,111346251,Woodgrain Millwork Inc,Woodgrain Millwork,www.woodgrain.com,(888) 783-5485,300 NW 16Th St.,Fruitland,Idaho,83619,United States,"Lumber, Wood Production & Timber Operations",Industry.mfg.building.lumber,Building Materials,Industry.mfg.building,300000,Sales.250Mto500M,2912,Employees.1000to4999,5211,521,444,44,"TitleCode.IT,TitleCodeTop.Business,TitleCodeMiddle.Manager,TitleCodeMiddle.Technical,TitleCode.Manager","Manager,Engineering & Technical",https://go.zoominfo.com/#/apps/search/person/results?personProfileId=-2050617619,3cba2d77d9dcb9a09cf336534f0e27ce,woodgrain.com
-1511520315,Wright,Michael,,,,"Development Manager, Information Technology",719,Information Technology,Manager,,(971) 249-7567,michael.wright@yakima.com,4101 Kruse Way,Lake Oswego,Oregon,97035,United States,9,4/12/2019,194511112,Yakima Products,Yakima,www.yakima.com,(888) 925-4621,4101 Kruse Way,Lake Oswego,Oregon,97035,United States,Boats & Submarines,Industry.mfg.boat,Manufacturing,Industry.mfg,141760,Sales.100MMto250M,495,Employees.250to499,37,373,33661,3366,"TitleCode.IT,TitleCodeTop.Business,TitleCodeMiddle.Manager,TitleCode.SoftwareEng,TitleCodeMiddle.Technical,TitleCode.Manager","Manager,Engineering & Technical",https://go.zoominfo.com/#/apps/search/person/results?personProfileId=-1511520315,38774a004aa9fbd2444c2c5a7e298ca6,yakima.com
1593123212,Bauerle,Ryan,,,,"Manager, IT Infrastructure",719,Information Technology,Manager,,(760) 597-8164,ryan.bauerle@zodiac.com,2620 Commerce Way,Vista,California,92081,United States,23,43545,108068963,Zodiac Pool Systems Inc,Zodiac,www.zodiac.com,(760) 599-9600,2620 Commerce Way,Vista,California,92081,United States,Plumbing & HVAC Equipment,Industry.mfg.building.plumbing,Building Materials,Industry.mfg.building,84072,Sales.50Mto100M,500,Employees.500to999,34,343,45399,33661,"TitleCode.IT,TitleCodeTop.Business,TitleCodeMiddle.Manager,TitleCodeMiddle.Technical,TitleCode.Manager","Manager,Engineering & Technical",https://go.zoominfo.com/#/apps/search/person/results?personProfileId=1593123212,c9e9920e152c16c27ea3af9c618459b3,zodiac.com
