Zoom Individual ID,Last name,First name,Middle name,Salutation,Suffix,Job title,Job title hierarchy level,Job Function,Management Level,Company division name,Direct Phone Number,Email address,Person Street,Person City,Person State,Person Zip,Country,Source count,Last updated date,Zoom company ID,Company name,Column1,Company domain name,Company phone number,Company Street address,Company City,Company State,Company ZIP/Postal code,Company Country,Industry label,Industry hierarchical category,Secondary industry label,Secondary industry hierarchical category,Revenue (in 000s),Revenue Range,Employees,Employees Range,SIC1,SIC2,NAICS1,NAICS2,TitleCode,Highest Level Job Function,Contact Zoom URL,Encrypted Email Address,Email Domain,Query Name
1463757289,Fry,Daniel,,,,"Manager, Information Technology",719,Information Technology,Manager,,(714) 278-6352,dfry@araero.com,4141 North Palm St.,Fullerton,California,92835,United States,19,3/21/2019,1281467,Adams Rite Aerospace Inc,Adams Rite,www.ar-aero.com,(714) 278-6500,4141 North Palm St.,Fullerton,California,92835,United States,Electronic Components,Industry.mfg.electronics.electronics,Semiconductor & Semiconductor Equipment,Industry.mfg.electronics.semiconductors,50000,Sales.50Mto100M,250,Employees.250to499,36,362,3353,33531,"TitleCode.IT,TitleCodeTop.Business,TitleCodeMiddle.Manager,TitleCodeMiddle.Technical,TitleCode.Manager","Manager,Engineering & Technical",https://go.zoominfo.com/#/apps/search/person/results?personProfileId=1463757289,d37e88e2aee9315d09c1fe089113bd59,araero.com,orbitalmanufacurers6-17
-1907423412,Makai,Tim,,,,"Global Manager, Information Technology",719,Information Technology,Manager,,(716) 243-8162,tim.makai@alliedmotion.com,495 Commerce Dr.,Amherst,New York,14228,United States,19,3/21/2019,4197904,Allied Motion Technologies Inc.,Allied Motion,www.alliedmotion.com,(716) 242-8634,495 Commerce Dr.,Buffalo,New York,14228,United States,Motor Vehicle Parts,Industry.mfg.carparts,Electronics,Industry.mfg.electronics,252012,Sales.250Mto500M,1250,Employees.1000to4999,38,382,332,33,"TitleCode.IT,TitleCodeTop.Business,TitleCodeMiddle.Manager,TitleCodeMiddle.Technical,TitleCode.Manager","Manager,Engineering & Technical",https://go.zoominfo.com/#/apps/search/person/results?personProfileId=-1907423412,4a9cfca81d9b907b4e67dec81322082f,alliedmotion.com,orbitalmanufacurers6-17
1752570897,Orantes,Peter,,,,"Manager, Information Technology",719,Information Technology,Manager,,(703) 396-6397,porantes@aurora.aero,9950 Wakeman Dr.,Manassas,Virginia,20110,United States,18,3/21/2019,10308897,Aurora Flight Sciences Corporation,Aurora,www.aurora.aero,(703) 369-3633,9950 Wakeman Dr.,Manassas,Virginia,20110,United States,Aerospace & Defense,Industry.mfg.aerospace,Manufacturing,Industry.mfg,169190,Sales.100MMto250M,550,Employees.500to999,37,372,33,336,"TitleCode.IT,TitleCodeTop.Business,TitleCodeMiddle.Manager,TitleCodeMiddle.Technical,TitleCode.Manager","Manager,Engineering & Technical",https://go.zoominfo.com/#/apps/search/person/results?personProfileId=1752570897,02fe9e89ee22678261679fe13a805316,aurora.aero,orbitalmanufacurers6-17
1968107167,Olmstead,Doug,,,,"Manager, Information Technology",719,Information Technology,Manager,,(815) 964-8661 ext. 2525,olmstead.doug@barnesintl.com,814 Chestnut St.,Rockford,Illinois,61105,United States,29,4/29/2019,8342341,Barnes International Inc,Barnes,www.barnesintl.com,(815) 964-8661,814 Chestnut St.,Rockford,Illinois,61105,United States,Electronics,Industry.mfg.electronics,Manufacturing,Industry.mfg,30000,Sales.25Mto50M,150,Employees.100to249,35,354,33441,333513,"TitleCode.IT,TitleCodeTop.Business,TitleCodeMiddle.Manager,TitleCodeMiddle.Technical,TitleCode.Manager","Manager,Engineering & Technical",https://go.zoominfo.com/#/apps/search/person/results?personProfileId=1968107167,02eec51c4ab3377eba3d45a55f88a204,barnesintl.com,orbitalmanufacurers6-17
1541896858,de Castro,Robert,,,,"Support Manager, Information Technology",719,Information Technology,Manager,,(253) 437-9648,rdecastro@blueorigin.com,20819 72nd Ave. S.,Kent,Washington,98032,United States,67,5/30/2019,5013709,Blue Origin LLC,Blue Origin,www.blueorigin.com,(253) 437-9300,21218 76Th Ave. S.,Kent,Washington,98032,United States,Aerospace & Defense,Industry.mfg.aerospace,Manufacturing,Industry.mfg,215000,Sales.100MMto250M,1500,Employees.1000to4999,372,37,336414,33,"TitleCode.IT,TitleCodeTop.Business,TitleCodeMiddle.Manager,TitleCodeMiddle.Technical,TitleCode.Manager","Manager,Engineering & Technical",https://go.zoominfo.com/#/apps/search/person/results?personProfileId=1541896858,dd8c8f06c6534f16fd3b73cf2f71047e,blueorigin.com,orbitalmanufacurers6-17
-1246984333,Rahbari,Marizsa,,,,"Project Manager, Information Technology",719,Information Technology,Manager,,(253) 234-9604,mrahbari@blueorigin.com,21218 76Th Ave. S.,Kent,Washington,98032,United States,5,6/10/2019,5013709,Blue Origin LLC,Blue Origin,www.blueorigin.com,(253) 437-9300,21218 76Th Ave. S.,Kent,Washington,98032,United States,Aerospace & Defense,Industry.mfg.aerospace,Manufacturing,Industry.mfg,215000,Sales.100MMto250M,1500,Employees.1000to4999,372,37,336414,33,"TitleCode.ProjectManagement,TitleCodeMiddle.Manager,TitleCodeTop.Business,TitleCode.IT,TitleCodeMiddle.Operations,TitleCodeMiddle.Technical,TitleCode.Manager","Operations,Manager",https://go.zoominfo.com/#/apps/search/person/results?personProfileId=-1246984333,2902702edaaa9a6f35eaad0c707f938e,blueorigin.com,orbitalmanufacurers6-17
2592363771,Reddoch,Steve,,,,"Manager, Information Technology",719,Information Technology,Manager,,(425) 440-6906,sreddoch@bungie.com,550 106th Ave. NE # 207,Bellevue,Washington,98004,United States,3,4/11/2019,23416019,Bungie LLC,Bungie,www.bungie.com,(312) 563-6200,550 106th Ave. NE # 207,Bellevue,Washington,98004,United States,Toys & Games,Industry.mfg.toys,Manufacturing,Industry.mfg,51400,Sales.50Mto100M,257,Employees.250to499,394,39,339,33,"TitleCode.IT,TitleCodeTop.Business,TitleCodeMiddle.Manager,TitleCodeMiddle.Technical,TitleCode.Manager","Manager,Engineering & Technical",https://go.zoominfo.com/#/apps/search/person/results?personProfileId=2592363771,8c8ee49b095b5d19b3c3331fcc6bf963,bungie.com,orbitalmanufacurers6-17
243450854,Wolfson,Roger,,,,"Manager, Information Technology",719,Information Technology,Manager,,,rwolfson@bungie.com,550 106th Ave. NE # 207,Bellevue,Washington,98004,United States,17,4/11/2019,23416019,Bungie LLC,Bungie,www.bungie.com,(312) 563-6200,550 106th Ave. NE # 207,Bellevue,Washington,98004,United States,Toys & Games,Industry.mfg.toys,Manufacturing,Industry.mfg,51400,Sales.50Mto100M,257,Employees.250to499,394,39,339,33,"TitleCode.IT,TitleCodeTop.Business,TitleCodeMiddle.Manager,TitleCodeMiddle.Technical,TitleCode.Manager","Manager,Engineering & Technical",https://go.zoominfo.com/#/apps/search/person/results?personProfileId=243450854,cdcce2c092d8f3fd7c300ff8681b9738,bungie.com,orbitalmanufacurers6-17
2046397153,Mayeux,Craig,,,,"Projects Manager, Information Technology & Senior Systems Engineer",719,Information Technology,Manager,,(713) 904-3303,craig.mayeux@cactuswellhead.com,920 MEMORIAL CITY WAY Ste. 300,Houston,Texas,77024,United States,15,3/21/2019,356795454,CACTUS WELLHEAD LLC,Catus Wellhead,www.cactuswhd.com,(713) 626-8800,920 MEMORIAL CITY WAY Ste. 300,Houston,Texas,77024,United States,Plumbing & HVAC Equipment,Industry.mfg.building.plumbing,Building Materials,Industry.mfg.building,300000,Sales.250Mto500M,880,Employees.500to999,35,353,221,2131,"TitleCode.ProjectManagement,TitleCodeMiddle.Manager,TitleCodeTop.Business,TitleCode.IT,TitleCodeMiddle.Operations,TitleCode.SoftwareEng,TitleCodeMiddle.Technical,TitleCode.Manager","Operations,Manager",https://go.zoominfo.com/#/apps/search/person/results?personProfileId=2046397153,f772fe46a5d4ee8df564e35a20496fea,cactuswellhead.com,orbitalmanufacurers6-17
1942761196,LaHatt,Lindy,C.,,,"Manager, Information Technology",719,Information Technology,Manager,,(503) 766-2616,llahatt@capsahealthcare.com,4253 NE 189th Ave.,Portland,Oregon,97230,United States,24,4/28/2019,354031617,Capsa Solutions LLC,Capsa Solutions,www.capsahealthcare.com,(503) 766-2324,4253 NE 189th Ave.,Portland,Oregon,97230,United States,Software Development & Design,Industry.software.mfg,Software,Industry.software,36500,Sales.25Mto50M,400,Employees.250to499,25,259,33712,44,"TitleCode.IT,TitleCodeTop.Business,TitleCodeMiddle.Manager,TitleCodeMiddle.Technical,TitleCode.Manager","Manager,Engineering & Technical",https://go.zoominfo.com/#/apps/search/person/results?personProfileId=1942761196,3a72cd7c2aab40a40ad8cf5eab80a858,capsahealthcare.com,orbitalmanufacurers6-17
-816606199,Kincannon,Penny,,,,"Program Manager, Information Technology",719,Information Technology,Manager,,,pkincannon@cleaverbrooks.com,221 Law St.,Thomasville,Georgia,31792,United States,3,4/11/2019,8438582,Cleaver-Brooks Inc,Cleaver-Brooks,www.cleaverbrooks.com,(229) 226-3024,221 Law St.,Thomasville,Georgia,31792,United States,Industrial Machinery & Equipment,Industry.mfg.industrialmachinery,Manufacturing,Industry.mfg,300000,Sales.250Mto500M,1400,Employees.1000to4999,34,344,332,33,"TitleCode.ProgramManagement,TitleCodeMiddle.Manager,TitleCodeTop.Business,TitleCode.IT,TitleCodeMiddle.Operations,TitleCodeMiddle.Technical,TitleCode.Manager","Operations,Manager",https://go.zoominfo.com/#/apps/search/person/results?personProfileId=-816606199,3cbb8c536468488bf6c3b49db386f4c1,cleaverbrooks.com,orbitalmanufacurers6-17
1870014703,Owen,Frank,,,,"Manager, Information Technology",719,Information Technology,Manager,,(602) 866-5305,fowen@climatec.com,2851 W. Kathleen Rd.,Phoenix,Arizona,85053,United States,33,6/5/2019,8487660,Climatec LLC,Climatec,www.climatec.com,(602) 944-3330,2851 W. Kathleen Rd.,Phoenix,Arizona,85053,United States,Software Development & Design,Industry.software.mfg,Software,Industry.software,140000,Sales.100MMto250M,700,Employees.500to999,50,507,4237,5182,"TitleCode.IT,TitleCodeTop.Business,TitleCodeMiddle.Manager,TitleCodeMiddle.Technical,TitleCode.Manager","Manager,Engineering & Technical",https://go.zoominfo.com/#/apps/search/person/results?personProfileId=1870014703,9d5789c94bd9302c0866da02e9c44877,climatec.com,orbitalmanufacurers6-17
1477690789,Loughrey,Archie,,,,"Division Manager, Information Technology",719,Information Technology,Manager,,(412) 858-6161,aloughrey@compunetix.com,14356 Mary Belle Dr.,Irwin,Pennsylvania,15642,United States,18,6/7/2019,21580424,Compunetix Inc,Compunetix,www.compunetix.com,(412) 373-8110,2420 Mosside Blvd.,Monroeville,Pennsylvania,15146,United States,Manufacturing,Industry.mfg,Telecommunication Equipment,Industry.mfg.telecom,80000,Sales.50Mto100M,400,Employees.250to499,365,36,33421,334210,"TitleCode.IT,TitleCodeTop.Business,TitleCodeMiddle.Manager,TitleCodeMiddle.Technical,TitleCode.Manager","Manager,Engineering & Technical",https://go.zoominfo.com/#/apps/search/person/results?personProfileId=1477690789,12f2dfd8a283077ab130ae98b250e66c,compunetix.com,orbitalmanufacurers6-17
-1351283515,Wright,Robert,,,,"Manager, Information Technology",719,Information Technology,Manager,,(661) 367-3338,rwright@crissair.com,28909 Ave. Williams,Valencia,California,91355,United States,5,8/29/2018,30773275,Crissair Inc,Crissair,www.crissair.com,(661) 367-3300,28909 Ave. Williams,Valencia,California,91355,United States,Plumbing & HVAC Equipment,Industry.mfg.building.plumbing,Building Materials,Industry.mfg.building,75000,Sales.50Mto100M,109,Employees.100to249,34,349,33291,332912,"TitleCode.IT,TitleCodeTop.Business,TitleCodeMiddle.Manager,TitleCodeMiddle.Technical,TitleCode.Manager","Manager,Engineering & Technical",https://go.zoominfo.com/#/apps/search/person/results?personProfileId=-1351283515,60e85683311573640ad164a818c2586c,crissair.com,orbitalmanufacurers6-17
-1645786504,McCormick,Brad,,,,"Manager, Information Technology",719,Information Technology,Manager,,,bmccormick@customgroupusa.com,30 Nashua St.,Woburn,Massachusetts,1801,United States,11,7/12/2018,76567850,Custom Machine LLC,Custom Machine,www.custommachineinc.com,(781) 935-4940,30 Nashua St.,Woburn,Massachusetts,1801,United States,Engineering Software,Industry.software.mfg.eng,Aerospace & Defense,Industry.mfg.aerospace,10000,Sales.10Mto25M,50,Employees.50to99,737,73,5182,51,"TitleCode.IT,TitleCodeTop.Business,TitleCodeMiddle.Manager,TitleCodeMiddle.Technical,TitleCode.Manager","Manager,Engineering & Technical",https://go.zoominfo.com/#/apps/search/person/results?personProfileId=-1645786504,ac09e1fb7774b0a5837a7bc99b5a770e,customgroupusa.com,orbitalmanufacurers6-17
-1734558361,Lango,James,,,,"Manager, Information Technology",719,Information Technology,Manager,,(650) 331-7148,jlango@dexterasurgical.com,900 Saginaw Dr.,Redwood City,California,94063,United States,8,3/21/2019,388376195,Dextera Surgical Inc,Dextera,www.dexterasurgical.com,(650) 364-9975,900 Saginaw Dr.,Redwood City,California,94063,United States,Test & Measurement Equipment,Industry.mfg.testequipment,Manufacturing,Industry.mfg,4000,Sales.1Mto5M,50,Employees.50to99,38,382,339,33,"TitleCode.IT,TitleCodeTop.Business,TitleCodeMiddle.Manager,TitleCodeMiddle.Technical,TitleCode.Manager","Manager,Engineering & Technical",https://go.zoominfo.com/#/apps/search/person/results?personProfileId=-1734558361,1fe51d64c2b746848552f39d96539c1f,dexterasurgical.com,orbitalmanufacurers6-17
-1359972283,Duncan,Monte,,,,IT Infrastructure Manager,719,Information Technology,Manager,,(503) 682-4389 ext. 4389,mduncan@dwfritz.com,27200 SW Pkwy. Ave.,Wilsonville,Oregon,97070,United States,4,3/21/2019,12009758,"Dwfritz Automation, Inc.",Dwfritz,www.dwfritz.com,(503) 598-9393,9600 SW Boeckman Rd.,Wilsonville,Oregon,97070,United States,Test & Measurement Equipment,Industry.mfg.testequipment,Manufacturing,Industry.mfg,40000,Sales.25Mto50M,200,Employees.100to249,382,38,333249,33399,"TitleCode.IT,TitleCodeTop.Business,TitleCodeMiddle.Manager,TitleCodeMiddle.Technical,TitleCode.Manager","Manager,Engineering & Technical",https://go.zoominfo.com/#/apps/search/person/results?personProfileId=-1359972283,8e995b2f81abf357fc66cabe87729322,dwfritz.com,orbitalmanufacurers6-17
1746860791,Frazier,Henry,,,,"Manager, Information Technology",719,Information Technology,Manager,,(256) 713-5313,henry.frazier@dynetics.com,1002 Explorer Blvd.,Huntsville,Alabama,35806,United States,7,3/21/2019,18171152,Dynetics Inc,Dynetics,www.dynetics.com,(256) 964-4000,1002 Explorer Blvd.,Huntsville,Alabama,35806,United States,Aerospace & Defense,Industry.mfg.aerospace,Manufacturing,Industry.mfg,293000,Sales.250Mto500M,2000,Employees.1000to4999,372,37,5417,336415,"TitleCode.IT,TitleCodeTop.Business,TitleCodeMiddle.Manager,TitleCodeMiddle.Technical,TitleCode.Manager","Manager,Engineering & Technical",https://go.zoominfo.com/#/apps/search/person/results?personProfileId=1746860791,3f01242f2dee4981c9adea57f1ff7bf7,dynetics.com,orbitalmanufacurers6-17
2366682715,Hershkowitz,Phil,,,,"Manager, Information Technology",719,Information Technology,Manager,,(510) 529-2516,phershkowitz@eksobionics.com,1414 Harbour Way South Ste. 1201,Richmond,California,94804,United States,21,3/21/2019,347637531,Ekso Bionics Holdings Inc,Ekso,www.eksobionics.com,(510) 984-1761,1414 Harbour Way South Ste. 1201,Richmond,California,94804,United States,Software Development & Design,Industry.software.mfg,Software,Industry.software,8661,Sales.5Mto10M,95,Employees.50to99,35,356,5182,3332,"TitleCode.IT,TitleCodeTop.Business,TitleCodeMiddle.Manager,TitleCodeMiddle.Technical,TitleCode.Manager","Manager,Engineering & Technical",https://go.zoominfo.com/#/apps/search/person/results?personProfileId=2366682715,4ef9b826c343d8b8716eaf994ed3b558,eksobionics.com,orbitalmanufacurers6-17
-2009946440,Watson,Kathy,,,,"Manager, Information Technology",719,Information Technology,Manager,,(276) 645-8595,kwatson@electro-mechanical.com,1 Goodson St.,Bristol,Virginia,24203,United States,16,3/21/2019,12648801,Electro-Mechanical Corporation,Electro-Mechanical,www.electro-mechanical.com,(276) 669-4084,1 Goodson St.,Bristol,Virginia,24201,United States,Power Conversion & Protection Equipment,Industry.mfg.electronics.powerequip,Electronics,Industry.mfg.electronics,150000,Sales.100MMto250M,750,Employees.500to999,35,356,56192,5619,"TitleCode.IT,TitleCodeTop.Business,TitleCodeMiddle.Manager,TitleCodeMiddle.Technical,TitleCode.Manager","Manager,Engineering & Technical",https://go.zoominfo.com/#/apps/search/person/results?personProfileId=-2009946440,2bdfcb00a1fc69e65d64dab91a939604,electro-mechanical.com,orbitalmanufacurers6-17
1889153433,Nguyen,Khanh,,,,"Manager, Information Technology Operations",719,Operations,Manager,,(714) 763-1907,knguyen@exemplis.com,6415 Katella Ave. Ste. 200,Cypress,California,90630,United States,64,6/6/2019,61967146,Exemplis Corporation,Exemplis,www.exemplis.com,(714) 995-4800,6415 Katella Ave. Ste. 200,Cypress,California,90630,United States,Furniture,Industry.mfg.furniture,Manufacturing,Industry.mfg,55400,Sales.50Mto100M,277,Employees.250to499,251,25,337214,3372,"TitleCodeMiddle.Manager,TitleCode.Operations,TitleCodeTop.Business,TitleCode.IT,TitleCodeMiddle.Operations,TitleCodeMiddle.Technical,TitleCode.Manager","Operations,Manager",https://go.zoominfo.com/#/apps/search/person/results?personProfileId=1889153433,e95a68dbc78452ea973968b9b3a81b33,exemplis.com,orbitalmanufacurers6-17
2541907010,Montagnino,Anjanette,,,,"Senior Project Manager, Information Technology",723,Information Technology,Manager,,(407) 562-5000 ext. 1181,anjanette.montagnino@faro.com,250 Technology Park,Lake Mary,Florida,32746,United States,5,3/21/2019,31037641,FARO Technologies Inc,FARO,www.faro.com,(407) 333-9911,250 Technology Park,Lake Mary,Florida,32746,United States,Electronics,Industry.mfg.electronics,Manufacturing,Industry.mfg,403627,Sales.250Mto500M,1862,Employees.1000to4999,38,382,541511,339,"TitleCode.ProjectManagement,TitleCodeMiddle.Manager,TitleCodeTop.Business,TitleCode.IT,TitleCodeMiddle.Operations,TitleCodeMiddle.Technical,TitleCode.Manager","Operations,Manager",https://go.zoominfo.com/#/apps/search/person/results?personProfileId=2541907010,fc855ce2e1ecf1cb977a33a3d7f00baa,faro.com,orbitalmanufacurers6-17
1362443236,Stone,William,M.,,III,"Project Manager, Information Technology",719,Information Technology,Manager,,(407) 562-5000 ext. 1165,william.stone@faro.com,125 TECHNOLOGY PARK,Lake Mary,Florida,32746,United States,39,3/26/2019,31037641,FARO Technologies Inc,FARO,www.faro.com,(407) 333-9911,250 Technology Park,Lake Mary,Florida,32746,United States,Electronics,Industry.mfg.electronics,Software Development & Design,Industry.software.mfg,403627,Sales.250Mto500M,1862,Employees.1000to4999,38,382,541511,339,"TitleCode.ProjectManagement,TitleCodeMiddle.Manager,TitleCodeTop.Business,TitleCode.IT,TitleCodeMiddle.Operations,TitleCodeMiddle.Technical,TitleCode.Manager","Operations,Manager",https://go.zoominfo.com/#/apps/search/person/results?personProfileId=1362443236,aa9dce90e475f09f262202317029bc42,faro.com,orbitalmanufacurers6-17
64644006,Littmann,Bill,,,,"General Manager, Information Technology",889,Information Technology,Manager,,(586) 247-2336,wlittmann@foriauto.com,23 Mile Rd.,Utica,Michigan,48315,United States,13,4/11/2019,33033431,Fori Automation Inc,Fori,www.foriauto.com,(586) 247-2336,23 Mile Rd.,Utica,Michigan,48315,United States,Industrial Machinery & Equipment,Industry.mfg.industrialmachinery,Manufacturing,Industry.mfg,25410,Sales.25Mto50M,118,Employees.100to249,35,,,,"TitleCode.IT,TitleCodeTop.Business,TitleCodeMiddle.Manager,TitleCodeMiddle.Technical,TitleCode.Manager","Manager,Engineering & Technical",https://go.zoominfo.com/#/apps/search/person/results?personProfileId=64644006,75c8da1aad0a1c4a5ea458eed5b2dd62,foriauto.com,orbitalmanufacurers6-17
1800325274,Farley,Tara,,Ms.,,"Administration Manager, Information Technology",719,Information Technology,Manager,,(201) 712-0555 ext. 3909,tfarley@fujielectric.com,50 Northfield Ave.,Edison,New Jersey,8837,United States,36,6/6/2019,114214580,Fuji Electric Co. LTD,Fuji,www.fujielectric.com,(732) 560-9410,50 Northfield Ave.,Edison,New Jersey,8837,United States,Manufacturing,Industry.mfg,Consumer Electronics,Industry.mfg.consumer.electronics,383186,Sales.250Mto500M,2692,Employees.1000to4999,365,36,4236,33599,"TitleCodeMiddle.Administration,TitleCodeMiddle.Manager,TitleCode.Administration,TitleCodeTop.Business,TitleCode.IT,TitleCodeMiddle.Technical,TitleCode.Manager","Manager,Engineering & Technical",https://go.zoominfo.com/#/apps/search/person/results?personProfileId=1800325274,39e1e8bd764c53060e5ff5ef72412cbe,fujielectric.com,orbitalmanufacurers6-17
-2092002779,Hardesty,Jackson,,,,"Manager, Information Technology",719,Information Technology,Manager,,,jackson.hardesty@gearboxsoftware.com,"101 E Park Blvd,Ste",Plano,Texas,75074-5401,United States,18,4/11/2019,15728764,Gearbox Software LLC,Gearbox,www.gearboxsoftware.com,(972) 312-8202,5757 Main St. Ste. 500,Frisco,Texas,75034,United States,Toys & Games,Industry.mfg.toys,Manufacturing,Industry.mfg,72471,Sales.50Mto100M,100,Employees.100to249,394,39,541511,541,"TitleCode.IT,TitleCodeTop.Business,TitleCodeMiddle.Manager,TitleCodeMiddle.Technical,TitleCode.Manager","Manager,Engineering & Technical",https://go.zoominfo.com/#/apps/search/person/results?personProfileId=-2092002779,1e6cd35008fc31c40fa80ccda6c7d30f,gearboxsoftware.com,orbitalmanufacurers6-17
1945733919,Bradford,Bret,,,,"Manager, Information Technology",720,Information Technology,Manager,,(407) 290-6000 ext. 287,bbradford@gencor.com,5201 N Orange Blossom Trail,Orlando,Florida,32810,United States,22,3/21/2019,49153943,Gencor Industries Inc,Gencor,www.gencor.com,(407) 290-6000,5201 N Orange Blossom Trail,Orlando,Florida,32810,United States,Industrial Machinery & Equipment,Industry.mfg.industrialmachinery,Manufacturing,Industry.mfg,98614,Sales.50Mto100M,372,Employees.250to499,35,353,333994,33399,"TitleCode.IT,TitleCodeTop.Business,TitleCodeMiddle.Manager,TitleCodeMiddle.Technical,TitleCode.Manager","Manager,Engineering & Technical",https://go.zoominfo.com/#/apps/search/person/results?personProfileId=1945733919,a7f8f10ae6a772a565440d1b6567a0b2,gencor.com,orbitalmanufacurers6-17
1320063726,Koliha,Rob,,,,"Operations Manager, Information Technology",719,Operations,Manager,,(336) 668-4410 ext. 36088,rob.koliha@haeco.aero,623 Radar Rd.,Greensboro,North Carolina,27410-6221,United States,39,5/21/2019,371659595,HAECO Americas,HAECO,www.haeco.aero,(336) 464-0122,5568 Gumtree Rd.,Winston-Salem,North Carolina,27107,United States,Aerospace & Defense,Industry.mfg.aerospace,Manufacturing,Industry.mfg,334569,Sales.250Mto500M,2331,Employees.1000to4999,372,37,33,336,"TitleCodeMiddle.Manager,TitleCode.Operations,TitleCodeTop.Business,TitleCode.IT,TitleCodeMiddle.Operations,TitleCodeMiddle.Technical,TitleCode.Manager","Operations,Manager",https://go.zoominfo.com/#/apps/search/person/results?personProfileId=1320063726,d34a3258a681a14a70a7d93a97468715,haeco.aero,orbitalmanufacurers6-17
1541034041,Kubas,Robert,,,,"Manager, Information Technology",719,Information Technology,Manager,,(727) 471-4279,rkubas@halkeyroberts.com,2700 Halkey-Roberts Pl. N,St. Petersburg,Florida,33716,United States,27,6/5/2019,31050040,Halkey-Roberts Corporation,Halkey-Roberts,www.halkeyroberts.com,(727) 471-4200,2700 Halkey-Roberts Pl. N,St. Petersburg,Florida,33716,United States,Photographic & Optical Equipment,Industry.mfg.consumer.photo,Consumer Goods,Industry.mfg.consumer,40000,Sales.25Mto50M,200,Employees.100to249,38,385,339,33,"TitleCode.IT,TitleCodeTop.Business,TitleCodeMiddle.Manager,TitleCodeMiddle.Technical,TitleCode.Manager","Manager,Engineering & Technical",https://go.zoominfo.com/#/apps/search/person/results?personProfileId=1541034041,3df58d4be9e2b84973e14902b86f007b,halkeyroberts.com,orbitalmanufacurers6-17
590034682,Cochran,Matthew,,,,"Manager, Information Technologies",719,Information Technology,Manager,,(704) 455-0364,mcochran@hendrickmotorsports.com,4400 Papa Joe Hendrick Blvd.,Charlotte,North Carolina,28262,United States,38,6/10/2019,125567911,Hendrick Motorsports LLC,Hendrick Motorsports,www.hendrickmotorsports.com,(704) 455-3400,4400 Papa Joe Hendrick Blvd.,Charlotte,North Carolina,28262,United States,Motor Vehicles,Industry.mfg.car,Manufacturing,Industry.mfg,100000,Sales.100MMto250M,500,Employees.500to999,371,37,7112,712110,"TitleCode.IT,TitleCodeTop.Business,TitleCodeMiddle.Manager,TitleCodeMiddle.Technical,TitleCode.Manager","Manager,Engineering & Technical",https://go.zoominfo.com/#/apps/search/person/results?personProfileId=590034682,385cbfa3612d23923b7f3f7687a5f262,hendrickmotorsports.com,orbitalmanufacurers6-17
1487360331,Clark,Tim,,,,"Director, Information Technology",759,Information Technology,Director,,(815) 895-1341,tim.clark@idealindustries.com,1375 Park Ave.,Sycamore,Illinois,60178,United States,35,6/11/2019,49842257,IDEAL INDUSTRIES INC,Ideal Industries,www.idealindustries.com,(815) 895-5181,1375 Park Ave.,Sycamore,Illinois,60178,United States,Test & Measurement Equipment,Industry.mfg.testequipment,Manufacturing,Industry.mfg,9400,Sales.5Mto10M,600,Employees.500to999,38,382,33599,332,"TitleCode.IT,TitleCodeTop.Business,TitleCodeMiddle.Technical,TitleCode.Director,TitleCodeMiddle.Director","Engineering & Technical,Director",https://go.zoominfo.com/#/apps/search/person/results?personProfileId=1487360331,1484b6f31f3d474962b8e5512695cfd3,idealindustries.com,orbitalmanufacurers6-17
-2082760172,Blass,Joel,,,,"Manager, Information Services",719,Information Technology,Manager,,(805) 681-2812,jblass@imtmems.com,75 Robin Hill Rd.,Goleta,California,93117,United States,15,6/13/2019,345182915,Innovative Micro Technology Inc,imt,www.imtmems.com,(805) 681-2800,75 Robin Hill Rd.,Goleta,California,93117,United States,Semiconductor & Semiconductor Equipment,Industry.mfg.electronics.semiconductors,Electronics,Industry.mfg.electronics,24200,Sales.10Mto25M,121,Employees.100to249,36,367,334419,33441,"TitleCode.IT,TitleCodeTop.Business,TitleCodeMiddle.Manager,TitleCodeMiddle.Technical,TitleCode.Manager","Manager,Engineering & Technical",https://go.zoominfo.com/#/apps/search/person/results?personProfileId=-2082760172,0d26fa4cbef23ce9c3dd763fe24cb647,imtmems.com,orbitalmanufacurers6-17
2203555117,Sitler,Michael,,,,"Manager, Information Technology",719,Information Technology,Manager,,(480) 981-6898,msitler@inter-coastal.net,5750 E Mckellips Rd. Bldg. 100,Mesa,Arizona,85215,United States,3,3/21/2019,45647375,Inter-Coastal Electronics Inc,Inter-Coastal,inter-coastal.com,(480) 981-6898,"5750 E McKellips Rd., Bldg. 100",Mesa,Arizona,85215,United States,Test & Measurement Equipment,Industry.mfg.testequipment,Manufacturing,Industry.mfg,17180,Sales.10Mto25M,131,Employees.100to249,382,38,541,5417,"TitleCode.IT,TitleCodeTop.Business,TitleCodeMiddle.Manager,TitleCodeMiddle.Technical,TitleCode.Manager","Manager,Engineering & Technical",https://go.zoominfo.com/#/apps/search/person/results?personProfileId=2203555117,3d8f00dffdf96ab145bd3cf77a98508c,inter-coastal.net,orbitalmanufacurers6-17
363105106,Cartagena,Alfredo,,,,"Senior Manager, Information Technology",723,Information Technology,Manager,,(949) 416-8426,acartagena@karmaautomotive.com,3080 AIRWAY Ave.,Costa Mesa,California,92626,United States,64,3/21/2019,372019330,Karma Automotive LLC,Karma,www.karmaautomotive.com,(714) 723-3474,9950 Jeronimo Rd.,Irvine,California,92618,United States,Motor Vehicles,Industry.mfg.car,Manufacturing,Industry.mfg,26000,Sales.25Mto50M,850,Employees.500to999,371,37,336111,33611,"TitleCode.IT,TitleCodeTop.Business,TitleCodeMiddle.Manager,TitleCodeMiddle.Technical,TitleCode.Manager","Manager,Engineering & Technical",https://go.zoominfo.com/#/apps/search/person/results?personProfileId=363105106,c6d53ed1d90ef3ed6372bb69c81481a1,karmaautomotive.com,orbitalmanufacurers6-17
-1876462558,Warren,Ross,,,,"Manager, Information Technology",719,Information Technology,Manager,,,rosswarren@kewaunee.com,2700 W FRONT St.,Statesville,North Carolina,28677,United States,8,4/11/2019,155927543,Kewaunee Scientific Corporation,Kewaunee,www.kewaunee.com,(704) 873-7202,2700 W Front St.,Statesville,North Carolina,28677,United States,Medical Devices & Equipment,Industry.mfg.medical,Manufacturing,Industry.mfg,158050,Sales.100MMto250M,820,Employees.500to999,38,382,337215,337214,"TitleCode.IT,TitleCodeTop.Business,TitleCodeMiddle.Manager,TitleCodeMiddle.Technical,TitleCode.Manager","Manager,Engineering & Technical",https://go.zoominfo.com/#/apps/search/person/results?personProfileId=-1876462558,8d854a8f633117089f35c113f15d7077,kewaunee.com,orbitalmanufacurers6-17
123321,Gabinoff,Tracey,,,,"Manager, Information Technology",719,Information Technology,Manager,,(360) 949-1414,tracey.gabinoff@piratici.com,2700 W FRONT St.,Statesville,North Carolina,28677,United States,8,4/11/2019,155927543,Kewaunee Scientific Corporation,Kewaunee,www.kewaunee.com,(704) 873-7202,2700 W Front St.,Statesville,North Carolina,28677,United States,Medical Devices & Equipment,Industry.mfg.medical,Manufacturing,Industry.mfg,158050,Sales.100MMto250M,820,Employees.500to999,38,382,337215,337214,"TitleCode.IT,TitleCodeTop.Business,TitleCodeMiddle.Manager,TitleCodeMiddle.Technical,TitleCode.Manager","Manager,Engineering & Technical",https://go.zoominfo.com/#/apps/search/person/results?personProfileId=-1876462558,8d854a8f633117089f35c113f15d7077,kewaunee.com,orbitalmanufacurers6-17
2756549973,Johnson,Sonya,,,,"Project Manager, Information Technology",719,Information Technology,Manager,,,sonya.johnson@kidsii.com,,,Georgia,,United States,10,5/27/2019,37752181,Kids II Inc,Kids II,kids2.com,(770) 751-0442,3333 Piedmont Rd. Ste. 1800,Atlanta,Georgia,30305,United States,Consumer Goods,Industry.mfg.consumer,Manufacturing,Industry.mfg,35600,Sales.25Mto50M,367,Employees.250to499,394,39,339,33,"TitleCode.ProjectManagement,TitleCodeMiddle.Manager,TitleCodeTop.Business,TitleCode.IT,TitleCodeMiddle.Operations,TitleCodeMiddle.Technical,TitleCode.Manager","Operations,Manager",https://go.zoominfo.com/#/apps/search/person/results?personProfileId=2756549973,82322f2d92115123bd447e00dcb8b4c3,kidsii.com,orbitalmanufacurers6-17
1619415026,Roy,Joseph,,,,"Program Manager, Information Technology",719,Information Technology,Manager,,(504) 570-1237,joseph.roy@laitram.com,220 Laitram Ln.,New Orleans,Louisiana,70123,United States,35,6/3/2019,58672726,"Laitram , L.L.C.",Laitram,www.laitram.com,(504) 733-6000,220 Laitram Ln.,Harahan,Louisiana,70123,United States,Industrial Machinery & Equipment,Industry.mfg.industrialmachinery,Manufacturing,Industry.mfg,353000,Sales.250Mto500M,2500,Employees.1000to4999,35,,332999,332,"TitleCode.ProgramManagement,TitleCodeMiddle.Manager,TitleCodeTop.Business,TitleCode.IT,TitleCodeMiddle.Operations,TitleCodeMiddle.Technical,TitleCode.Manager","Operations,Manager",https://go.zoominfo.com/#/apps/search/person/results?personProfileId=1619415026,ab306b716c89ce8a2d1c22b9e2f0ed78,laitram.com,orbitalmanufacurers6-17
1975975719,Cohen,Darlene,,,,"Manager, Information Technology ERP Practice",719,Information Technology,Manager,,,darlene.cohen@laitram.com,220 Laitram Ln.,Harahan,Louisiana,70123,United States,12,3/21/2019,58672726,"Laitram , L.L.C.",Laitram,www.laitram.com,(504) 733-6000,220 Laitram Ln.,Harahan,Louisiana,70123,United States,Industrial Machinery & Equipment,Industry.mfg.industrialmachinery,Manufacturing,Industry.mfg,65860,Sales.50Mto100M,182,Employees.100to249,35,,332999,332,"TitleCode.IT,TitleCodeTop.Business,TitleCodeMiddle.Manager,TitleCodeMiddle.Technical,TitleCode.Manager","Manager,Engineering & Technical",https://go.zoominfo.com/#/apps/search/person/results?personProfileId=1975975719,3132a2ab40e0a77aa306952f56427ee5,laitram.com,orbitalmanufacurers6-17
2018058301,Landry,Jay,,,,IT Infrastructure Manager,719,Information Technology,Manager,,(504) 570-1320,jay.landry@laitram.com,220 Laitram Ln.,Harahan,Louisiana,70123,United States,21,3/21/2019,58672726,"Laitram , L.L.C.",Laitram,www.laitram.com,(504) 733-6000,220 Laitram Ln.,Harahan,Louisiana,70123,United States,Industrial Machinery & Equipment,Industry.mfg.industrialmachinery,Manufacturing,Industry.mfg,353000,Sales.250Mto500M,2500,Employees.1000to4999,35,,332999,332,"TitleCode.IT,TitleCodeTop.Business,TitleCodeMiddle.Manager,TitleCodeMiddle.Technical,TitleCode.Manager","Manager,Engineering & Technical",https://go.zoominfo.com/#/apps/search/person/results?personProfileId=2018058301,63e3daf3258d57e345e2385f6b8e4916,laitram.com,orbitalmanufacurers6-17
1676605595,Prinsen,Sally,,,,"Director, Information Technology",759,Information Technology,Director,,(763) 972-5332,sallyprinsen@playlsi.com,601 7th St. South,Delano,Minnesota,55328,United States,39,3/26/2019,22086567,Landscape Structures Inc,Landscape Structures,www.playlsi.com,(763) 972-5200,601 7th St. South,Delano,Minnesota,55328,United States,Furniture,Industry.mfg.furniture,Manufacturing,Industry.mfg,22000,Sales.10Mto25M,300,Employees.250to499,251,25,332999,33712,"TitleCode.IT,TitleCodeTop.Business,TitleCodeMiddle.Technical,TitleCode.Director,TitleCodeMiddle.Director","Engineering & Technical,Director",https://go.zoominfo.com/#/apps/search/person/results?personProfileId=1676605595,453285d887ba8cb9e6c957b95c91c30e,playlsi.com,orbitalmanufacurers6-17
1561179311,Marx,Jim,,,,"Projects Programs Manager, Information Technology",719,Information Technology,Manager,,(636) 946-6525 ext. 23832,jmarx@lmiaerospace.com,411 Fountain Lakes Blvd.,Saint Charles,Missouri,63301,United States,29,3/21/2019,22872793,LMI Aerospace Inc,LMI,www.lmiaerospace.com,(636) 946-6525,411 Fountain Lakes Blvd.,Saint Charles,Missouri,63301,United States,"Architecture, Engineering & Design",Industry.construction.architecture,Construction,Industry.construction,311100,Sales.250Mto500M,2000,Employees.1000to4999,37,372,5413,336413,"TitleCodeMiddle.Administration,TitleCodeMiddle.Manager,TitleCode.Administration,TitleCodeTop.Business,TitleCode.IT,TitleCodeMiddle.Technical,TitleCode.Manager","Manager,Engineering & Technical",https://go.zoominfo.com/#/apps/search/person/results?personProfileId=1561179311,34868566903189ab11d24c96994bd0a5,lmiaerospace.com,orbitalmanufacurers6-17
-2039629342,Hosein,Michael,,,,"Manager, Information Technology",719,Information Technology,Manager,,(954) 889-7010 ext. 6415,mhosein@magicleap.com,1855 Griffin Rd. Ste. b454,Dania,Florida,33004,United States,15,3/21/2019,355637871,Magic Leap Inc,Magic Leap,www.magicleap.com,(954) 889-7010,7500 W. Sunrise Blvd.,Plantation,Florida,33322,United States,Electronics,Industry.mfg.electronics,Manufacturing,Industry.mfg,180000,Sales.100MMto250M,1500,Employees.1000to4999,737,73,5416,541,"TitleCode.IT,TitleCodeTop.Business,TitleCodeMiddle.Manager,TitleCodeMiddle.Technical,TitleCode.Manager","Manager,Engineering & Technical",https://go.zoominfo.com/#/apps/search/person/results?personProfileId=-2039629342,e5cdea5ae997defdb440b0c09f03c0d2,magicleap.com,orbitalmanufacurers6-17
-1759736503,Cahusac,Peter,,,,"Project Manager, Information Technology",719,Information Technology,Manager,,(954) 774-6025,pcahusac@magicleap.com,7500 W. Sunrise Blvd.,Plantation,Florida,33322,United States,14,3/21/2019,355637871,Magic Leap Inc,Magic Leap,www.magicleap.com,(954) 889-7010,7500 W. Sunrise Blvd.,Plantation,Florida,33322,United States,Electronics,Industry.mfg.electronics,Software Development & Design,Industry.software.mfg,180000,Sales.100MMto250M,1755,Employees.1000to4999,737,73,5416,541,"TitleCode.ProjectManagement,TitleCodeMiddle.Manager,TitleCodeTop.Business,TitleCode.IT,TitleCodeMiddle.Operations,TitleCodeMiddle.Technical,TitleCode.Manager","Operations,Manager",https://go.zoominfo.com/#/apps/search/person/results?personProfileId=-1759736503,892eadf71c51151332eb5770ad289932,magicleap.com,orbitalmanufacurers6-17
1454131285,Irene,Nelson,,,,"Systems Senior Manager, Information Technology",723,Information Technology,Manager,,,nirene@magicleap.com,1855 Griffin Rd. Ste. b454,Dania,Florida,33004,United States,34,3/21/2019,355637871,Magic Leap Inc,Magic Leap,www.magicleap.com,(954) 889-7010,7500 W. Sunrise Blvd.,Plantation,Florida,33322,United States,Electronics,Industry.mfg.electronics,Software Development & Design,Industry.software.mfg,180000,Sales.100MMto250M,1755,Employees.1000to4999,737,73,5416,541,"TitleCode.IT,TitleCodeTop.Business,TitleCodeMiddle.Manager,TitleCodeMiddle.Technical,TitleCode.Manager","Manager,Engineering & Technical",https://go.zoominfo.com/#/apps/search/person/results?personProfileId=1454131285,70ad1da2582c27ae9e5905419e1a843f,magicleap.com,orbitalmanufacurers6-17
-1132777364,Fuentes,Yardiel,,,,"Manager, Information Technology",719,Information Technology,Manager,,,yfuentes@magicleap.com,,Miami,Florida,,United States,16,12/21/2018,355637871,Magic Leap Inc,Magic Leap,www.magicleap.com,(954) 889-7010,7500 W. Sunrise Blvd.,Plantation,Florida,33322,United States,Electronics,Industry.mfg.electronics,Software Development & Design,Industry.software.mfg,180000,Sales.100MMto250M,1755,Employees.1000to4999,737,73,5416,541,"TitleCode.IT,TitleCodeTop.Business,TitleCodeMiddle.Manager,TitleCodeMiddle.Technical,TitleCode.Manager","Manager,Engineering & Technical",https://go.zoominfo.com/#/apps/search/person/results?personProfileId=-1132777364,eeadf27886850c1c1760cca32c3ae403,magicleap.com,orbitalmanufacurers6-17
-1192162428,Simpson,Anthony,,,,"Service Delivery Global Manager, Information Technology",719,Information Technology,Manager,,,asimpson@magicleap.com,7500 W. Sunrise Blvd.,Plantation,Florida,33322,United States,18,4/11/2019,355637871,Magic Leap Inc,Magic Leap,www.magicleap.com,(954) 889-7010,7500 W. Sunrise Blvd.,Plantation,Florida,33322,United States,Electronics,Industry.mfg.electronics,Manufacturing,Industry.mfg,180000,Sales.100MMto250M,1500,Employees.1000to4999,737,73,5416,541,"TitleCode.IT,TitleCodeTop.Business,TitleCodeMiddle.Manager,TitleCodeMiddle.Technical,TitleCode.Manager","Manager,Engineering & Technical",https://go.zoominfo.com/#/apps/search/person/results?personProfileId=-1192162428,7aa8f6a2785b548ee37aa1cd47abbd98,magicleap.com,orbitalmanufacurers6-17
-1054368551,Revezzo,Jennifer,,,,"Project Manager, Information Technology",719,Information Technology,Manager,,,jrevezzo@magicleap.com,7500 W. Sunrise Blvd.,Plantation,Florida,33322,United States,3,4/11/2019,355637871,Magic Leap Inc,Magic Leap,www.magicleap.com,(954) 889-7010,7500 W. Sunrise Blvd.,Plantation,Florida,33322,United States,Electronics,Industry.mfg.electronics,Software Development & Design,Industry.software.mfg,180000,Sales.100MMto250M,1755,Employees.1000to4999,737,73,5182,51,"TitleCode.ProjectManagement,TitleCodeMiddle.Manager,TitleCodeTop.Business,TitleCode.IT,TitleCodeMiddle.Operations,TitleCodeMiddle.Technical,TitleCode.Manager","Operations,Manager",https://go.zoominfo.com/#/apps/search/person/results?personProfileId=-1054368551,e73a09f33fc54e1dec8662e75658f6d2,magicleap.com,orbitalmanufacurers6-17
-1323700183,Sullivan,Steven,,,,"Manager, Information Technology",719,Information Technology,Manager,,,ssullivan@mestek.com,260 N Elm St.,Westfield,Massachusetts,1085,United States,4,4/11/2019,24658155,Mestek Inc,Mestek,www.mestek.com,(413) 568-9571,260 N Elm St.,Westfield,Massachusetts,1085,United States,Plumbing & HVAC Equipment,Industry.mfg.building.plumbing,Building Materials,Industry.mfg.building,329280,Sales.250Mto500M,2600,Employees.1000to4999,33,335,332,333,"TitleCode.IT,TitleCodeTop.Business,TitleCodeMiddle.Manager,TitleCodeMiddle.Technical,TitleCode.Manager","Manager,Engineering & Technical",https://go.zoominfo.com/#/apps/search/person/results?personProfileId=-1323700183,947475b4fe95d71f5639bdd3ea0f926a,mestek.com,orbitalmanufacurers6-17
1748345226,Lapointe,Mary Ann,,,,"Manager, Corporate Information Systems",720,Information Technology,Manager,,(413) 564-5767,malapointe@mestek.com,260 N Elm St.,Westfield,Massachusetts,1085,United States,13,4/18/2019,24658155,Mestek Inc,Mestek,www.mestek.com,(413) 568-9571,260 N Elm St.,Westfield,Massachusetts,1085,United States,Plumbing & HVAC Equipment,Industry.mfg.building.plumbing,Building Materials,Industry.mfg.building,329280,Sales.250Mto500M,2600,Employees.1000to4999,33,335,332,333,"TitleCode.IT,TitleCodeTop.Business,TitleCodeMiddle.Manager,TitleCodeMiddle.Technical,TitleCode.Manager","Manager,Engineering & Technical",https://go.zoominfo.com/#/apps/search/person/results?personProfileId=1748345226,49c54c1248961d67ad1b8349cc88ae72,mestek.com,orbitalmanufacurers6-17
-861451558,Monts,Jeremy,,,,"Manager, Information Technology",719,Information Technology,Manager,,(337) 606-4906,jmonts@metalsharkboats.com,6814 E Admiral Doyle Dr.,Jeanerette,Louisiana,70544,United States,8,4/30/2019,343365912,Metal Shark LLC,Metal Shark,www.metalsharkboats.com,(337) 364-0777,6814 E Admiral Doyle Dr.,Jeanerette,Louisiana,70544,United States,Boats & Submarines,Industry.mfg.boat,Manufacturing,Industry.mfg,22200,Sales.10Mto25M,111,Employees.100to249,373,37,33661,3366,"TitleCode.IT,TitleCodeTop.Business,TitleCodeMiddle.Manager,TitleCodeMiddle.Technical,TitleCode.Manager","Manager,Engineering & Technical",https://go.zoominfo.com/#/apps/search/person/results?personProfileId=-861451558,c460e196bd9bd2944e90f2e7db98270e,metalsharkboats.com,orbitalmanufacurers6-17
1892526793,Johnston,James,,,,"Manager, Information Technology",719,Information Technology,Manager,,,james_johnston@microvision.com,"6244 185TH Ave. NE, Ste. 100",Redmond,Washington,98052,United States,6,4/12/2019,24920372,"Microvision , Inc.",Microvision,www.microvision.com,(425) 936-6847,"6244 185TH Ave. NE, Ste. 100",Redmond,Washington,98052,United States,Manufacturing,Industry.mfg,Computer Equipment & Peripherals,Industry.mfg.computers,10891,Sales.10Mto25M,113,Employees.100to249,36,367,5417,334419,"TitleCode.IT,TitleCodeTop.Business,TitleCodeMiddle.Manager,TitleCodeMiddle.Technical,TitleCode.Manager","Manager,Engineering & Technical",https://go.zoominfo.com/#/apps/search/person/results?personProfileId=1892526793,9a44a0dfe4a04cc7606bbb68556270ad,microvision.com,orbitalmanufacurers6-17
2002296248,Gothenquist,Rudy,,,,"Manager, Information Technology",719,Information Technology,Manager,,(425) 936-6815,rudy_gothenquist@microvision.com,19910 N Creek Pkwy.,Bothell,Washington,98011,United States,20,4/22/2019,24920372,"Microvision , Inc.",Microvision,www.microvision.com,(425) 936-6847,"6244 185TH Ave. NE, Ste. 100",Redmond,Washington,98052,United States,Manufacturing,Industry.mfg,Computer Equipment & Peripherals,Industry.mfg.computers,10891,Sales.10Mto25M,113,Employees.100to249,36,367,5417,334419,"TitleCode.IT,TitleCodeTop.Business,TitleCodeMiddle.Manager,TitleCodeMiddle.Technical,TitleCode.Manager","Manager,Engineering & Technical",https://go.zoominfo.com/#/apps/search/person/results?personProfileId=2002296248,4127a474645b7a31bf32717bed14c761,microvision.com,orbitalmanufacurers6-17
-1870335561,Hovestadt,Luke,,,,"IT Manager, Information Systems",719,Information Technology,Manager,,(203) 639-2416,lhovestadt@mirion.com,800 Research Pkwy.,Meriden,Connecticut,6450,United States,8,5/29/2019,77579694,Mirion Technologies Inc,Mirion,www.mirion.com,(949) 419-1000,2652 McGaw Ave.,Irvine,California,92614,United States,Test & Measurement Equipment,Industry.mfg.testequipment,Manufacturing,Industry.mfg,8500,Sales.5Mto10M,660,Employees.500to999,38,382,334519,33451,"TitleCode.IT,TitleCodeTop.Business,TitleCodeMiddle.Manager,TitleCodeMiddle.Technical,TitleCode.Manager","Manager,Engineering & Technical",https://go.zoominfo.com/#/apps/search/person/results?personProfileId=-1870335561,be69d857ae8687316a2a3e42e1afac6c,mirion.com,orbitalmanufacurers6-17
2013145309,Weires,Scott,,,,"Manager, Corporate Information Technology",720,Information Technology,Manager,,(925) 498-6334,sweires@mirion.com,"3000 Executive Pkwy., Ste. 222",San Ramon,California,94583,United States,25,5/30/2019,77579694,Mirion Technologies Inc,Mirion,www.mirion.com,(949) 419-1000,2652 McGaw Ave.,Irvine,California,92614,United States,Test & Measurement Equipment,Industry.mfg.testequipment,Manufacturing,Industry.mfg,8500,Sales.5Mto10M,983,Employees.500to999,38,382,334519,33451,"TitleCode.IT,TitleCodeTop.Business,TitleCodeMiddle.Manager,TitleCodeMiddle.Technical,TitleCode.Manager","Manager,Engineering & Technical",https://go.zoominfo.com/#/apps/search/person/results?personProfileId=2013145309,96aa67bba77a4e0960860185b4f6fbad,mirion.com,orbitalmanufacurers6-17
1907912199,Hertogh,John,Janet,,,"Project Manager, Information Technology",719,Information Technology,Manager,,(949) 296-1848,jhertogh@mirion.com,2652 McGaw Ave.,Irvine,California,92614,United States,24,6/10/2019,77579694,Mirion Technologies Inc,Mirion,www.mirion.com,(949) 419-1000,2652 McGaw Ave.,Irvine,California,92614,United States,Test & Measurement Equipment,Industry.mfg.testequipment,Manufacturing,Industry.mfg,8500,Sales.5Mto10M,983,Employees.500to999,38,382,334519,33451,"TitleCode.ProjectManagement,TitleCodeMiddle.Manager,TitleCodeTop.Business,TitleCode.IT,TitleCodeMiddle.Operations,TitleCodeMiddle.Technical,TitleCode.Manager","Operations,Manager",https://go.zoominfo.com/#/apps/search/person/results?personProfileId=1907912199,0e52b93a435a26578b19c4b27c40d892,mirion.com,orbitalmanufacurers6-17
-980653684,Melendez,Robert,,,,"Manager, Information Technology & Systems Engineering",719,Information Technology,Manager,,(714) 228-8486,robert.melendez@maggroup.com,6892 Marlin Circle,La Palma,California,90623,United States,5,11/6/2018,183566971,"Motorsport Aftermarket Group, Inc.",MAG,www.maggroup.com,(469) 283-7777,651 Canyon Dr.,Coppell,Texas,75019,United States,Motor Vehicles,Industry.mfg.car,Manufacturing,Industry.mfg,19400,Sales.10Mto25M,97,Employees.50to99,371,37,3369,33699,"TitleCode.IT,TitleCodeTop.Business,TitleCodeMiddle.Manager,TitleCode.SoftwareEng,TitleCodeMiddle.Technical,TitleCode.Manager","Manager,Engineering & Technical",https://go.zoominfo.com/#/apps/search/person/results?personProfileId=-980653684,a904fb48f1eba504866643eae8feb06b,maggroup.com,orbitalmanufacurers6-17
-1715303827,Sullivan,Danny,,,,"Manager, Information Technology",719,Information Technology,Manager,,(540) 658-2720 ext. 1480,dsullivan@mteq.com,140 Technology Park Dr.,Kilmarnock,Virginia,22482,United States,17,3/21/2019,102337010,MTEQ Inc,MTEQ,www.mteq.com,(540) 658-2720,10440 Furnace Rd. Ste. 204,Lorton,Virginia,22079,United States,Electronic Components,Industry.mfg.electronics.electronics,Electronics,Industry.mfg.electronics,15650,Sales.10Mto25M,251,Employees.250to499,372,37,334419,5413,"TitleCode.IT,TitleCodeTop.Business,TitleCodeMiddle.Manager,TitleCodeMiddle.Technical,TitleCode.Manager","Manager,Engineering & Technical",https://go.zoominfo.com/#/apps/search/person/results?personProfileId=-1715303827,44b85fadbfce4de96bd5052464999e31,mteq.com,orbitalmanufacurers6-17
-1786211078,Roark,Jon,,,,"Manager, Information Technology",719,Information Technology,Manager,,,jon.roark@nacoal.com,5875 LANDERBROOK Dr. Ste. 220,Cleveland,Ohio,44124,United States,5,4/11/2019,81824112,NACCO Industries Inc,NACCO,www.nacco.com,(440) 229-5151,5875 LANDERBROOK Dr. Ste. 220,Cleveland,Ohio,44124,United States,Electronics,Industry.mfg.electronics,Industrial Machinery & Equipment,Industry.mfg.industrialmachinery,104778,Sales.100MMto250M,2300,Employees.1000to4999,35,353,212,55,"TitleCode.IT,TitleCodeTop.Business,TitleCodeMiddle.Manager,TitleCodeMiddle.Technical,TitleCode.Manager","Manager,Engineering & Technical",https://go.zoominfo.com/#/apps/search/person/results?personProfileId=-1786211078,87999c0b50a8c0a630d9c5805e96a68e,nacoal.com,orbitalmanufacurers6-17
-1519129638,Dixon,Randall,,,,"Services Manager, Information Technology",719,Information Technology,Manager,,(972) 448-5492,randall.dixon@nacoal.com,5875 LANDERBROOK Dr. Ste. 220,Cleveland,Ohio,44124,United States,6,3/21/2019,81824112,NACCO Industries Inc,NACCO,www.nacco.com,(440) 229-5151,5875 LANDERBROOK Dr. Ste. 220,Cleveland,Ohio,44124,United States,Electronics,Industry.mfg.electronics,Industrial Machinery & Equipment,Industry.mfg.industrialmachinery,104778,Sales.100MMto250M,2300,Employees.1000to4999,35,353,212,55,"TitleCode.IT,TitleCodeTop.Business,TitleCodeMiddle.Manager,TitleCodeMiddle.Technical,TitleCode.Manager","Manager,Engineering & Technical",https://go.zoominfo.com/#/apps/search/person/results?personProfileId=-1519129638,8b570e48a3f8dd6dfe063bb93f6bf15c,nacoal.com,orbitalmanufacurers6-17
2946113216,Dunn,Paul,,,,"Manager, Information Technology",719,Information Technology,Manager,,(718) 628-2621,pdunn@ovationinstore.com,57-13 49th Pl.,Maspeth,New York,11378,United States,8,5/17/2019,353792198,Ovation In-Store,Ovation,www.ovationinstore.com,(718) 628-2600,57-13 49th Pl.,Maspeth,New York,11378,United States,Manufacturing,Industry.mfg,Personal Computers & Peripherals,Industry.mfg.computers.computers,8000,Sales.5Mto10M,40,Employees.20to49,365,36,3343,339,"TitleCode.IT,TitleCodeTop.Business,TitleCodeMiddle.Manager,TitleCodeMiddle.Technical,TitleCode.Manager","Manager,Engineering & Technical",https://go.zoominfo.com/#/apps/search/person/results?personProfileId=2946113216,871419997a83445f98b155cbda349f38,ovationinstore.com,orbitalmanufacurers6-17
2027379595,Cooper,Cameron,V.,,,"Manager, Information Technology",719,Information Technology,Manager,,(913) 275-5549,cameron.cooper@p1group.com,13605 West 96th Terrace,Lenexa,Kansas,66215,United States,35,6/10/2019,1428395,P1 Group Inc,P1 Group,www.p1group.com,(913) 529-5000,13605 West 96th Terrace,Shawnee Mission,Kansas,66215,United States,Business Services General,Industry.bizservice.general,Business Services,Industry.bizservice,217416,Sales.100MMto250M,900,Employees.500to999,35,73,23822,23821,"TitleCode.IT,TitleCodeTop.Business,TitleCodeMiddle.Manager,TitleCodeMiddle.Technical,TitleCode.Manager","Manager,Engineering & Technical",https://go.zoominfo.com/#/apps/search/person/results?personProfileId=2027379595,02ccd4fe8ab3ffd3747bfe9c6985d950,p1group.com,orbitalmanufacurers6-17
2034189986,Penney,Bryan,,,,"Manager, Information Technology",719,Information Technology,Manager,,(417) 575-9376,bpenney@paulmueller.com,1600 W Phelps St.,Springfield,Missouri,65802,United States,25,3/21/2019,82035788,Paul Mueller Company,Paul Mueller,www.paulmueller.com,(417) 575-9000,1600 West Phelps St.,Springfield,Missouri,65802,United States,Industrial Machinery & Equipment,Industry.mfg.industrialmachinery,Manufacturing,Industry.mfg,167957,Sales.100MMto250M,928,Employees.500to999,34,344,333241,5413,"TitleCode.IT,TitleCodeTop.Business,TitleCodeMiddle.Manager,TitleCodeMiddle.Technical,TitleCode.Manager","Manager,Engineering & Technical",https://go.zoominfo.com/#/apps/search/person/results?personProfileId=2034189986,88b7c127b9062369966956635792c3fe,paulmueller.com,orbitalmanufacurers6-17
-2108630901,Miller,Sammy,,,,"Manager, Information Technology",719,Information Technology,Manager,,(417) 831-3000,smiller@paulmueller.com,1600 West Phelps St.,Springfield,Missouri,65802,United States,26,7/11/2018,82035788,Paul Mueller Company,Paul Mueller,www.paulmueller.com,(417) 575-9000,1600 West Phelps St.,Springfield,Missouri,65802,United States,Industrial Machinery & Equipment,Industry.mfg.industrialmachinery,Manufacturing,Industry.mfg,167957,Sales.100MMto250M,928,Employees.500to999,34,344,333241,5413,"TitleCode.IT,TitleCodeTop.Business,TitleCodeMiddle.Manager,TitleCodeMiddle.Technical,TitleCode.Manager","Manager,Engineering & Technical",https://go.zoominfo.com/#/apps/search/person/results?personProfileId=-2108630901,ddeeac4e516ba89c79b8d645f1ea5c3d,paulmueller.com,orbitalmanufacurers6-17
-1086002481,Kruchowski,Nick,,,,"Operations Manager, Information Technology",719,Operations,Manager,,(612) 404-3855,nick.kruchowski@protolabs.com,,Minneapolis,Minnesota,55426,United States,14,6/4/2019,351613502,Proto Labs Inc,Proto Labs,www.protolabs.com,(763) 479-7474,5540 Pioneer Creek,Maple Plain,Minnesota,55359,United States,Industrial Machinery & Equipment,Industry.mfg.industrialmachinery,Manufacturing,Industry.mfg,445596,Sales.250Mto500M,2487,Employees.1000to4999,30,306,3219,339,"TitleCodeMiddle.Manager,TitleCode.Operations,TitleCodeTop.Business,TitleCode.IT,TitleCodeMiddle.Operations,TitleCodeMiddle.Technical,TitleCode.Manager","Operations,Manager",https://go.zoominfo.com/#/apps/search/person/results?personProfileId=-1086002481,41085cb5fded5e2e11910717677fed4d,protolabs.com,orbitalmanufacurers6-17
1579528899,Moss,Michael,,,,"Senior Manager, Information Technology",723,Information Technology,Manager,,(781) 684-4430,mike.moss@qinetiq-na.com,350 Second Ave.,Waltham,Massachusetts,2451,United States,53,6/13/2019,225640739,QinetiQ North America Inc,QinetiQ,www.qinetiq-na.com,(781) 684-4000,350 Second Ave.,Waltham,Massachusetts,2451,United States,Manufacturing,Industry.mfg,Aerospace & Defense,Industry.mfg.aerospace,90500,Sales.50Mto100M,2051,Employees.1000to4999,372,37,33611,541,"TitleCode.IT,TitleCodeTop.Business,TitleCodeMiddle.Manager,TitleCodeMiddle.Technical,TitleCode.Manager","Manager,Engineering & Technical",https://go.zoominfo.com/#/apps/search/person/results?personProfileId=1579528899,aea6bb93d2ab02b2486ded7b620484fc,qinetiq-na.com,orbitalmanufacurers6-17
2620130654,Williams,Jeff,,,,"Manager, Information Technology",719,Information Technology,Manager,,(724) 539-1192,williams@ravenindustries.com,205 E 6TH St.,Sioux Falls,South Dakota,57117,United States,4,4/11/2019,9079836,Raven Industries Inc,Raven,www.ravenind.com,(605) 336-2750,205 E 6th St.,Sioux Falls,South Dakota,57104,United States,Manufacturing,Industry.mfg,Aerospace & Defense,Industry.mfg.aerospace,377317,Sales.250Mto500M,1157,Employees.1000to4999,30,308,339,3261,"TitleCode.IT,TitleCodeTop.Business,TitleCodeMiddle.Manager,TitleCodeMiddle.Technical,TitleCode.Manager","Manager,Engineering & Technical",https://go.zoominfo.com/#/apps/search/person/results?personProfileId=2620130654,7af1a91719b57d70b31a93674aa4adf4,ravenindustries.com,orbitalmanufacurers6-17
1928082460,Bizich,Edward,,,,"Manager, Information Technology",719,Information Technology,Manager,,,ebizich@ravenindustries.com,205 E 6TH St.,Sioux Falls,South Dakota,57117,United States,6,4/11/2019,9079836,Raven Industries Inc,Raven,www.ravenind.com,(605) 336-2750,205 East 6th St.,Sioux Falls,South Dakota,57104,United States,Manufacturing,Industry.mfg,Aerospace & Defense,Industry.mfg.aerospace,377317,Sales.250Mto500M,1157,Employees.1000to4999,30,308,326113,339,"TitleCode.IT,TitleCodeTop.Business,TitleCodeMiddle.Manager,TitleCodeMiddle.Technical,TitleCode.Manager","Manager,Engineering & Technical",https://go.zoominfo.com/#/apps/search/person/results?personProfileId=1928082460,6777aed5f647e212bf1d78ccb6783abf,ravenindustries.com,orbitalmanufacurers6-17
1298469100,Carrasquillo,Carlos,A.,Mr.,,"Manager, Information Technology",719,Information Technology,Manager,,,ccarrasquillo@roll-kraft.com,2301 Central Pkwy.,Houston,Texas,77092,United States,39,4/12/2019,85180993,RKI Inc,RKI,www.rkiinc.com,(713) 688-4414,2301 Central Pkwy.,Houston,Texas,77092,United States,Building Materials,Industry.mfg.building,Motor Vehicles,Industry.mfg.car,27600,Sales.25Mto50M,138,Employees.100to249,35,353,3331,333,"TitleCode.IT,TitleCodeTop.Business,TitleCodeMiddle.Manager,TitleCodeMiddle.Technical,TitleCode.Manager","Manager,Engineering & Technical",https://go.zoominfo.com/#/apps/search/person/results?personProfileId=1298469100,de995e367edbaf9a770b2683403e8f40,roll-kraft.com,orbitalmanufacurers6-17
-2108312684,Little,Bobby,,,,"Manager, Information Technology",719,Information Technology,Manager,,(770) 735-3456 ext. 3231,bobby.little@roystonllc.com,1 Pickroy Rd.,Jasper,Georgia,30143,United States,7,3/26/2019,33341623,Royston LLC,Royston,www.roystonllc.com,(770) 735-3456,1 Pickroy Rd.,Jasper,Georgia,30143,United States,Furniture,Industry.mfg.furniture,Manufacturing,Industry.mfg,100000,Sales.100MMto250M,500,Employees.500to999,251,25,33712,5414,"TitleCode.IT,TitleCodeTop.Business,TitleCodeMiddle.Manager,TitleCodeMiddle.Technical,TitleCode.Manager","Manager,Engineering & Technical",https://go.zoominfo.com/#/apps/search/person/results?personProfileId=-2108312684,dc8657dd34caa0dc698b35affe17f226,roystonllc.com,orbitalmanufacurers6-17
1434252351,Weitz,Rick,,,,"Manager, Information Technology",719,Information Technology,Manager,,(206) 577-0132,rick.weitz@safeworks.com,365 Upland Dr.,Tukwila,Washington,98188,United States,38,3/21/2019,98861972,"SafeWorks , LLC",SafeWorks,www.safeworks.com,(206) 575-6445,365 Upland Dr.,Seattle,Washington,98188,United States,Building Materials,Industry.mfg.building,Industrial Machinery & Equipment,Industry.mfg.industrialmachinery,68000,Sales.50Mto100M,340,Employees.250to499,35,353,332999,3331,"TitleCode.IT,TitleCodeTop.Business,TitleCodeMiddle.Manager,TitleCodeMiddle.Technical,TitleCode.Manager","Manager,Engineering & Technical",https://go.zoominfo.com/#/apps/search/person/results?personProfileId=1434252351,ac4095e76ed162a803d0b877ce4e69bf,safeworks.com,orbitalmanufacurers6-17
-2048171791,O'Connor,Brian,,,,"Manager, Information Technology",719,Information Technology,Manager,,(203) 483-3739,brian.oconnor@harcosemco.com,186 Cedar St.,Branford,Connecticut,6405,United States,56,3/26/2019,53630651,Semco Instruments Inc,Semco,harcosemco.com,(661) 257-2000,25700 Rye Canyon Rd.,Valencia,California,91355,United States,Wire & Cable,Industry.mfg.wire,Manufacturing,Industry.mfg,209109,Sales.100MMto250M,106,Employees.100to249,34,342,334519,33451,"TitleCode.IT,TitleCodeTop.Business,TitleCodeMiddle.Manager,TitleCodeMiddle.Technical,TitleCode.Manager","Manager,Engineering & Technical",https://go.zoominfo.com/#/apps/search/person/results?personProfileId=-2048171791,b01afbc97caba1f33ee70d80a360d69e,harcosemco.com,orbitalmanufacurers6-17
1861235572,Templen,Craig,,,,"Manager, Information Technology",719,Information Technology,Manager,,(608) 663-4553,craig.templen@simtec-silicone.com,1902 Wright St.,Madison,Wisconsin,53704,United States,17,3/21/2019,259784925,SIMTEC Silicone Parts LLC,SIMTEC,www.simtec-silicone.com,(954) 656-4212,9658 Premier Pkwy.,Hollywood,Florida,33025,United States,Consumer Goods,Industry.mfg.consumer,Toys & Games,Industry.mfg.toys,6200,Sales.5Mto10M,31,Employees.20to49,39,395,339,325998,"TitleCode.IT,TitleCodeTop.Business,TitleCodeMiddle.Manager,TitleCodeMiddle.Technical,TitleCode.Manager","Manager,Engineering & Technical",https://go.zoominfo.com/#/apps/search/person/results?personProfileId=1861235572,29b7e4ae96c389923bbdd044a924589c,simtec-silicone.com,orbitalmanufacurers6-17
1747226658,Bergman,Matt,,,,"Manager, Information Technology",719,Information Technology,Manager,,(920) 563-0541,mbergman@spacesaver.com,1450 Janesville Ave.,Fort Atkinson,Wisconsin,53538,United States,35,5/24/2019,35881339,Spacesaver Corporation,Spacesaver,www.spacesaver.com,(920) 563-6362,1450 Janesville Ave.,Fort Atkinson,Wisconsin,53538,United States,Computer Storage Equipment,Industry.mfg.computers.storage,Computer Equipment & Peripherals,Industry.mfg.computers,100000,Sales.100MMto250M,370,Employees.250to499,357,35,49,33712,"TitleCode.IT,TitleCodeTop.Business,TitleCodeMiddle.Manager,TitleCodeMiddle.Technical,TitleCode.Manager","Manager,Engineering & Technical",https://go.zoominfo.com/#/apps/search/person/results?personProfileId=1747226658,74a47a005b217b09a894242bab8d4741,spacesaver.com,orbitalmanufacurers6-17
-2060328952,Cruz,Hugo,,,,"Operations Manager, Information Technology",719,Operations,Manager,,(619) 333-4021,hugo.cruz@speckproducts.com,,,California,,United States,6,3/6/2019,47513617,SPECK PRODUCTS LIMITED,Speck,www.speckproducts.com,(650) 462-2040,177 Bovet Rd. Ste. 200,San Mateo,California,94402,United States,Manufacturing,Industry.mfg,Personal Computers & Peripherals,Industry.mfg.computers.computers,7100,Sales.5Mto10M,127,Employees.100to249,365,36,3343,316,"TitleCodeMiddle.Manager,TitleCode.Operations,TitleCodeTop.Business,TitleCode.IT,TitleCodeMiddle.Operations,TitleCodeMiddle.Technical,TitleCode.Manager","Operations,Manager",https://go.zoominfo.com/#/apps/search/person/results?personProfileId=-2060328952,b2dbd4d93412d383b94c833324512c55,speckproducts.com,orbitalmanufacurers6-17
-1513833731,Sanderson,Chris,,,,"Project Manager, Information Technology",719,Information Technology,Manager,Stant USA Corp.,(248) 816-6206,csanderson@stant.com,1955 Enterprise Dr.,Rochester,Michigan,48309,United States,8,6/11/2019,36454899,Stant Corporation,Stant,www.stant.com,(765) 825-3122,1620 Columbia Ave.,Connersville,Indiana,47331,United States,Motor Vehicle Parts,Industry.mfg.carparts,Manufacturing,Industry.mfg,100000,Sales.100MMto250M,1001,Employees.1000to4999,3714,371,336310,33,"TitleCode.ProjectManagement,TitleCodeMiddle.Manager,TitleCodeTop.Business,TitleCode.IT,TitleCodeMiddle.Operations,TitleCodeMiddle.Technical,TitleCode.Manager","Operations,Manager",https://go.zoominfo.com/#/apps/search/person/results?personProfileId=-1513833731,258eb9a3a0c5feeabfd707d05f601b47,stant.com,orbitalmanufacurers6-17
-1937681788,McKee,Paul,,,,"Global Manager, Information Technology",719,Information Technology,Manager,,(801) 747-1463,paul.mckee@tdwilliamson.com,369 N. Billy Mitchell Rd.,Salt Lake City,Utah,84116,United States,8,3/21/2019,65503335,T. D. Williamson Inc,T.D. Williamson,www.tdwilliamson.com,(918) 447-5000,6120 S Yale Ste. 1700,Tulsa,Oklahoma,74136,United States,Industrial Machinery & Equipment,Industry.mfg.industrialmachinery,Manufacturing,Industry.mfg,92150,Sales.50Mto100M,1315,Employees.1000to4999,35,,5419,237120,"TitleCode.IT,TitleCodeTop.Business,TitleCodeMiddle.Manager,TitleCodeMiddle.Technical,TitleCode.Manager","Manager,Engineering & Technical",https://go.zoominfo.com/#/apps/search/person/results?personProfileId=-1937681788,6e41fbd31239f39a4d1fe714ce8ab99b,tdwilliamson.com,orbitalmanufacurers6-17
-2059237148,Simmons,Julie,,,,"Global Manager, Information Technology",719,Information Technology,Manager,,(918) 447-5672,julie.simmons@tdwilliamson.com,6120 S Yale Ste. 1700,Tulsa,Oklahoma,74136,United States,5,3/25/2019,65503335,T. D. Williamson Inc,T.D. Williamson,www.tdwilliamson.com,(918) 447-5000,6120 S Yale Ste. 1700,Tulsa,Oklahoma,74136,United States,Industrial Machinery & Equipment,Industry.mfg.industrialmachinery,Manufacturing,Industry.mfg,92150,Sales.50Mto100M,1315,Employees.1000to4999,35,,5419,237120,"TitleCode.IT,TitleCodeTop.Business,TitleCodeMiddle.Manager,TitleCodeMiddle.Technical,TitleCode.Manager","Manager,Engineering & Technical",https://go.zoominfo.com/#/apps/search/person/results?personProfileId=-2059237148,264d8be4d8138aa318e19a237389e72f,tdwilliamson.com,orbitalmanufacurers6-17
-884672639,Ryan,Kevin,,,,"Manager, Information Technology",719,Information Technology,Manager,,,kevin.ryan@tdwilliamson.com,6120 S Yale Ste. 1700,Tulsa,Oklahoma,74136,United States,6,4/11/2019,65503335,T. D. Williamson Inc,T.D. Williamson,www.tdwilliamson.com,(918) 447-5000,6120 S Yale Ste. 1700,Tulsa,Oklahoma,74136,United States,Industrial Machinery & Equipment,Industry.mfg.industrialmachinery,Manufacturing,Industry.mfg,92150,Sales.50Mto100M,1315,Employees.1000to4999,35,,5419,237120,"TitleCode.IT,TitleCodeTop.Business,TitleCodeMiddle.Manager,TitleCodeMiddle.Technical,TitleCode.Manager","Manager,Engineering & Technical",https://go.zoominfo.com/#/apps/search/person/results?personProfileId=-884672639,314acef67ce903b0a0f48424b05bc18d,tdwilliamson.com,orbitalmanufacurers6-17
1440880690,O'Brien,Steven,,,,"Manager, Information Technology",719,Information Technology,Manager,,(916) 395-5725,sobrien@tescocontrols.com,8440 Florin Rd.,Sacramento,California,95823,United States,25,6/13/2019,118457127,Tesco Controls Inc,Tesco,www.tescocontrols.com,(916) 395-8800,8440 Florin Rd.,Sacramento,California,95823,United States,Semiconductor & Semiconductor Equipment,Industry.mfg.electronics.semiconductors,Electronics,Industry.mfg.electronics,70000,Sales.50Mto100M,350,Employees.250to499,3674,367,3353,33451,"TitleCode.IT,TitleCodeTop.Business,TitleCodeMiddle.Manager,TitleCodeMiddle.Technical,TitleCode.Manager","Manager,Engineering & Technical",https://go.zoominfo.com/#/apps/search/person/results?personProfileId=1440880690,3f440386c50992a4d892f0416271319c,tescocontrols.com,orbitalmanufacurers6-17
-1111147265,Lister,Teresa,,,,"Manager, Information Technology",719,Information Technology,Manager,,(903) 759-4424 ext. 215,teresalister@thecrosbygroup.com,900 Fisher Rd.,Longview,Texas,75604,United States,8,3/21/2019,25381390,The Crosby Group LLC,Crosby Group,www.thecrosbygroup.com,(918) 834-4611,2801 Dawson Rd.,Tulsa,Oklahoma,74110,United States,Metals & Minerals,Industry.mm.metals,Metals & Mining,Industry.mm,60000,Sales.50Mto100M,300,Employees.250to499,34,349,33251,332510,"TitleCode.IT,TitleCodeTop.Business,TitleCodeMiddle.Manager,TitleCodeMiddle.Technical,TitleCode.Manager","Manager,Engineering & Technical",https://go.zoominfo.com/#/apps/search/person/results?personProfileId=-1111147265,21aa07e3fc7759857c3bda19e19b0416,thecrosbygroup.com,orbitalmanufacurers6-17
-1879427734,Carter,Scott,,,,"Manager, Information Technology",719,Information Technology,Manager,,(414) 328-5242,scarter@oilgear.com,,Waterford,Wisconsin,53185,United States,21,3/21/2019,28704859,The Oilgear Company,Oilgear,www.oilgear.com,(231) 929-1660,1424 International Dr.,Traverse City,Michigan,49686,United States,Industrial Machinery & Equipment,Industry.mfg.industrialmachinery,Manufacturing,Industry.mfg,150000,Sales.100MMto250M,350,Employees.250to499,34,349,221,333995,"TitleCode.IT,TitleCodeTop.Business,TitleCodeMiddle.Manager,TitleCodeMiddle.Technical,TitleCode.Manager","Manager,Engineering & Technical",https://go.zoominfo.com/#/apps/search/person/results?personProfileId=-1879427734,eb5771bcb08de55f4b3c8131b12a43dc,oilgear.com,orbitalmanufacurers6-17
2038859901,Bautista,Jesus,,,,"Support Manager, Information Technology",719,Information Technology,Manager,,(661) 221-3350,jesus.bautista@thespaceshipcompany.com,"1223 Sabovich St,Bldg 79",Mojave,California,93501-1672,United States,24,6/14/2019,347185797,The Spaceship Company,The Spaceship Company,www.thespaceshipcompany.com,(661) 824-6600,16555 Spaceship Landing Way Bldg. 220,Mojave,California,93501,United States,Aerospace & Defense,Industry.mfg.aerospace,Manufacturing,Industry.mfg,48170,Sales.25Mto50M,450,Employees.250to499,372,37,336414,33,"TitleCode.IT,TitleCodeTop.Business,TitleCodeMiddle.Manager,TitleCodeMiddle.Technical,TitleCode.Manager","Manager,Engineering & Technical",https://go.zoominfo.com/#/apps/search/person/results?personProfileId=2038859901,c56f2988983e442c68aae3849e613250,thespaceshipcompany.com,orbitalmanufacurers6-17
1825064369,Bertke,Dale,,,,"Manager, Information Technology",719,Information Technology,Manager,,(937) 497-3158,dbertke@norcold.com,7101 Jackson Rd.,Ann Arbor,Michigan,48103,United States,20,11/13/2018,38142066,Thetford Corporation,Thetford,www.thetford.com,(734) 769-6000,7101 Jackson Rd.,Ann Arbor,Michigan,48103,United States,Plumbing & HVAC Equipment,Industry.mfg.building.plumbing,Building Materials,Industry.mfg.building,100000,Sales.100MMto250M,500,Employees.500to999,284,28,325612,325998,"TitleCode.IT,TitleCodeTop.Business,TitleCodeMiddle.Manager,TitleCodeMiddle.Technical,TitleCode.Manager","Manager,Engineering & Technical",https://go.zoominfo.com/#/apps/search/person/results?personProfileId=1825064369,e490f442b769c9a1202f7ee54f08b9ac,norcold.com,orbitalmanufacurers6-17
2041648317,Madsen,Austin,,,,"Manager, Information Technology",719,Information Technology,Manager,,(612) 455-3624,austinmadsen@tierneybrothers.com,3300 University Ave. SE,Minneapolis,Minnesota,55414,United States,24,4/11/2019,113016953,Tierney Brothers Inc,Tierney Brothers,www.tierneybrothers.com,(612) 331-5500,1771 Energy Park Dr. Ste. 100,Saint Paul,Minnesota,55108,United States,Manufacturing,Industry.mfg,Consumer Electronics,Industry.mfg.consumer.electronics,15790,Sales.10Mto25M,195,Employees.100to249,365,36,3343,33,"TitleCode.IT,TitleCodeTop.Business,TitleCodeMiddle.Manager,TitleCodeMiddle.Technical,TitleCode.Manager","Manager,Engineering & Technical",https://go.zoominfo.com/#/apps/search/person/results?personProfileId=2041648317,038b58abd1fce90e75eedb8aabe2a330,tierneybrothers.com,orbitalmanufacurers6-17
-1717271357,Enderby,Seth,,,,"Manager, Information Technology",719,Information Technology,Manager,,(913) 624-3559,senderby@torotelproducts.com,520 N Rogers Rd.,Olathe,Kansas,66062,United States,16,3/21/2019,245416241,"Torotel, Inc.",Torotel,www.torotelinc.com,(913) 747-6111,520 N Rogers Rd.,Olathe,Kansas,66062,United States,Electronic Components,Industry.mfg.electronics.electronics,Electronics,Industry.mfg.electronics,18396,Sales.10Mto25M,143,Employees.100to249,36,367,4236,44,"TitleCode.IT,TitleCodeTop.Business,TitleCodeMiddle.Manager,TitleCodeMiddle.Technical,TitleCode.Manager","Manager,Engineering & Technical",https://go.zoominfo.com/#/apps/search/person/results?personProfileId=-1717271357,2b0f41fd19fc99baf732f25dc6aaba80,torotelproducts.com,orbitalmanufacurers6-17
1855682774,Edwards,Jon,,,,"Manager, Information Technology",719,Information Technology,Manager,,(360) 841-6434,jon.edwards@usnr.com,1981 Schurman Way,Woodland,Washington,98674,United States,26,10/8/2018,40468809,USNR,USNR,www.usnr.com,(360) 225-8267,1981 Schurman Way,Woodland,Washington,98674,United States,"Lumber, Wood Production & Timber Operations",Industry.mfg.building.lumber,Building Materials,Industry.mfg.building,300000,Sales.250Mto500M,356,Employees.250to499,35,5211,444,44,"TitleCode.IT,TitleCodeTop.Business,TitleCodeMiddle.Manager,TitleCodeMiddle.Technical,TitleCode.Manager","Manager,Engineering & Technical",https://go.zoominfo.com/#/apps/search/person/results?personProfileId=1855682774,49e1f439e0b0ad74c2986365db76e134,usnr.com,orbitalmanufacurers6-17
-2032078076,Tardif,Guillaume,,,,"Manager, Information Systems",719,Information Technology,Manager,,,guillaume.tardif@usnr.com,1981 Schurman Way,Woodland,Washington,98674,United States,8,4/12/2019,40468809,USNR,USNR,www.usnr.com,(360) 225-8267,1981 Schurman Way,Woodland,Washington,98674,United States,"Lumber, Wood Production & Timber Operations",Industry.mfg.building.lumber,Building Materials,Industry.mfg.building,260000,Sales.250Mto500M,1300,Employees.1000to4999,35,5211,444,44,"TitleCode.IT,TitleCodeTop.Business,TitleCodeMiddle.Manager,TitleCodeMiddle.Technical,TitleCode.Manager","Manager,Engineering & Technical",https://go.zoominfo.com/#/apps/search/person/results?personProfileId=-2032078076,eda31937b280b771860452155900c55f,usnr.com,orbitalmanufacurers6-17
1618285536,Cooper,Eric,,,MCSE,"Manager, Information Technology",719,Information Technology,Manager,,(717) 354-4586 ext. 463,ecooper@val-co.com,2710 Division Hwy.,New Holland,Pennsylvania,17557-9650,United States,28,3/21/2019,101023858,Val-Co,Val-Co,www.val-co.com,(419) 678-8731,210 E. Main St.,Coldwater,Ohio,45828,United States,Electronics,Industry.mfg.electronics,Industrial Machinery & Equipment,Industry.mfg.industrialmachinery,6200,Sales.5Mto10M,31,Employees.20to49,35,,33261,332215,"TitleCode.IT,TitleCodeTop.Business,TitleCodeMiddle.Manager,TitleCodeMiddle.Technical,TitleCode.Manager","Manager,Engineering & Technical",https://go.zoominfo.com/#/apps/search/person/results?personProfileId=1618285536,89a1f5ba0a1f267c25a8b53beb445b30,val-co.com,orbitalmanufacurers6-17
2523011584,Kraay,Paul,,,,"Manager, Information Technology",719,Information Technology,Manager,,,pkraay@vectorworks.com,805 Marina Rd.,Titusville,Florida,32796,United States,9,5/30/2019,126566496,Vectorworks Marine Inc,Vectorworks,www.vectorworks.com,(321) 269-8444,805 Marina Rd.,Titusville,Florida,32796,United States,Boats & Submarines,Industry.mfg.boat,Manufacturing,Industry.mfg,6200,Sales.5Mto10M,31,Employees.20to49,373,37,3366,33,"TitleCode.IT,TitleCodeTop.Business,TitleCodeMiddle.Manager,TitleCodeMiddle.Technical,TitleCode.Manager","Manager,Engineering & Technical",https://go.zoominfo.com/#/apps/search/person/results?personProfileId=2523011584,04228748a09ac6df00db47c553cb6a69,vectorworks.com,orbitalmanufacurers6-17
1763481272,Hopkins,Jim,,,,"Operations Manager, Information Technology",719,Operations,Manager,,(516) 677-0200 ext. 1094,jhopkins@veeco.com,1 Terminal Dr.,Plainview,New York,11803,United States,36,5/18/2019,73318730,Veeco Instruments Inc,Veeco,www.veeco.com,(516) 677-0200,1 Terminal Dr.,Plainview,New York,11803,United States,Industrial Machinery & Equipment,Industry.mfg.industrialmachinery,Manufacturing,Industry.mfg,484756,Sales.250Mto500M,1014,Employees.1000to4999,35,355,4238,334419,"TitleCodeMiddle.Manager,TitleCode.Operations,TitleCodeTop.Business,TitleCode.IT,TitleCodeMiddle.Operations,TitleCodeMiddle.Technical,TitleCode.Manager","Operations,Manager",https://go.zoominfo.com/#/apps/search/person/results?personProfileId=1763481272,12b06c9ce5988e082df04d6f67a03370,veeco.com,orbitalmanufacurers6-17
-2055046085,Kanne,Joshua,A.,,,"Manager, Information Technology",719,Information Technology,Manager,,(732) 560-5300 ext. 4318,jkanne@veeco.com,1 Terminal Dr.,Plainview,New York,11803,United States,39,4/11/2019,73318730,Veeco Instruments Inc,Veeco,www.veeco.com,(516) 677-0200,1 Terminal Dr.,Plainview,New York,11803,United States,Industrial Machinery & Equipment,Industry.mfg.industrialmachinery,Manufacturing,Industry.mfg,484756,Sales.250Mto500M,1014,Employees.1000to4999,35,355,33,3344,"TitleCode.IT,TitleCodeTop.Business,TitleCodeMiddle.Manager,TitleCodeMiddle.Technical,TitleCode.Manager","Manager,Engineering & Technical",https://go.zoominfo.com/#/apps/search/person/results?personProfileId=-2055046085,0d0280869328823ca61148c53c38b644,veeco.com,orbitalmanufacurers6-17
-1172631552,Alexander,Ron,,,,"Manager, Information Technology",719,Information Technology,Manager,,,ron@veeco.com,1 Terminal Dr.,Plainview,New York,11803,United States,2,4/11/2019,73318730,Veeco Instruments Inc,Veeco,www.veeco.com,(516) 677-0200,1 Terminal Dr.,Plainview,New York,11803,United States,Industrial Machinery & Equipment,Industry.mfg.industrialmachinery,Manufacturing,Industry.mfg,484756,Sales.250Mto500M,1014,Employees.1000to4999,35,355,33,3344,"TitleCode.IT,TitleCodeTop.Business,TitleCodeMiddle.Manager,TitleCodeMiddle.Technical,TitleCode.Manager","Manager,Engineering & Technical",https://go.zoominfo.com/#/apps/search/person/results?personProfileId=-1172631552,dffab0cbc28378ef413d38523c64146a,veeco.com,orbitalmanufacurers6-17
1441422373,Saccomandi,John,W.,,,"Manager, Information Technology",719,Information Technology,Manager,,(267) 615-0828,jsaccomandi@veeco.com,185 Gibraltar Rd.,Horsham,Pennsylvania,19044,United States,15,6/25/2018,73318730,Veeco Instruments Inc,Veeco,www.veeco.com,(516) 677-0200,1 Terminal Dr.,Plainview,New York,11803,United States,Industrial Machinery & Equipment,Industry.mfg.industrialmachinery,Manufacturing,Industry.mfg,484756,Sales.250Mto500M,1014,Employees.1000to4999,35,355,4238,334419,"TitleCode.IT,TitleCodeTop.Business,TitleCodeMiddle.Manager,TitleCodeMiddle.Technical,TitleCode.Manager","Manager,Engineering & Technical",https://go.zoominfo.com/#/apps/search/person/results?personProfileId=1441422373,8b55d38b2c62e445ba0c683f59fc2e24,veeco.com,orbitalmanufacurers6-17
1833546429,Jilani,Josh,,,,"Global Senior Manager, Information Technology Operations",723,Operations,Manager,,,jjilani@veeco.com,1 Terminal Dr.,Plainview,New York,11803,United States,15,4/11/2019,73318730,Veeco Instruments Inc,Veeco,www.veeco.com,(516) 677-0200,1 Terminal Dr.,Plainview,New York,11803,United States,Industrial Machinery & Equipment,Industry.mfg.industrialmachinery,Manufacturing,Industry.mfg,484756,Sales.250Mto500M,1014,Employees.1000to4999,35,355,33,3344,"TitleCodeMiddle.Manager,TitleCode.Operations,TitleCodeTop.Business,TitleCode.IT,TitleCodeMiddle.Operations,TitleCodeMiddle.Technical,TitleCode.Manager","Operations,Manager",https://go.zoominfo.com/#/apps/search/person/results?personProfileId=1833546429,ccb546b4070a5c2eef73239a1fe3f260,veeco.com,orbitalmanufacurers6-17
1873559034,Alamo,Brian,,,,"Manager, Information Technology",719,Information Technology,Manager,,(408) 577-3054,balamo@ultratech.com,3050 Zanker Rd.,San Jose,California,95134,United States,12,3/26/2019,73318730,Veeco Instruments Inc,Veeco,www.veeco.com,(516) 677-0200,1 Terminal Dr.,Plainview,New York,11803,United States,Industrial Machinery & Equipment,Industry.mfg.industrialmachinery,Manufacturing,Industry.mfg,484756,Sales.250Mto500M,1014,Employees.1000to4999,35,355,4238,334419,"TitleCode.IT,TitleCodeTop.Business,TitleCodeMiddle.Manager,TitleCodeMiddle.Technical,TitleCode.Manager","Manager,Engineering & Technical",https://go.zoominfo.com/#/apps/search/person/results?personProfileId=1873559034,f805208cec75071bb6f70538be540e3f,ultratech.com,orbitalmanufacurers6-17
2079844389,Hamilton,Mike,,,,"Director, IT Infrastructure",759,Information Technology,Director,,(978) 749-3254,mhamilton@vicorpower.com,25 Frontage Rd.,Andover,Massachusetts,1810,United States,28,5/28/2019,153518114,Vicor Corporation,Vicor,www.vicorpower.com,(978) 470-2900,25 Frontage Rd.,Andover,Massachusetts,1810,United States,"Batteries, Power Storage Equipment & Generators",Industry.mfg.electronics.batteries,Electronics,Industry.mfg.electronics,227830,Sales.100MMto250M,970,Employees.500to999,36,367,335911,33599,"TitleCode.IT,TitleCodeTop.Business,TitleCodeMiddle.Technical,TitleCode.Director,TitleCodeMiddle.Director","Engineering & Technical,Director",https://go.zoominfo.com/#/apps/search/person/results?personProfileId=2079844389,b15e8a0a4d512ece7435e12476dd1e72,vicorpower.com,orbitalmanufacurers6-17
1804515233,Sandberg,Kevin,,,,"Manager, Corporate Information Technology",720,Information Technology,Manager,,(508) 573-7915,ksandberg@webindustries.com,700 Nickerson Rd. Ste. 250,Marlborough,Massachusetts,1752,United States,23,6/6/2019,62062597,Web Industries,Web Industries,www.webindustries.com,(508) 898-2988,700 Nickerson Rd. Ste. 250,Marlborough,Massachusetts,1752,United States,Aerospace & Defense,Industry.mfg.aerospace,Manufacturing,Industry.mfg,114906,Sales.100MMto250M,450,Employees.250to499,384,38,32222,322220,"TitleCode.IT,TitleCodeTop.Business,TitleCodeMiddle.Manager,TitleCodeMiddle.Technical,TitleCode.Manager","Manager,Engineering & Technical",https://go.zoominfo.com/#/apps/search/person/results?personProfileId=1804515233,9fbc8cb5ceb06f96d9120e0644b1d8da,webindustries.com,orbitalmanufacurers6-17
189277974,Paquette,Chris,,,,"Senior Manager, Corporate Information Technology",724,Information Technology,Manager,,(508) 573-7914,cpaquette@webindustries.com,377 Simarano Dr. - Ste. 220,Marlborough,Massachusetts,1752,United States,29,4/26/2019,62062597,Web Industries,Web Industries,www.webindustries.com,(508) 898-2988,700 Nickerson Rd. Ste. 250,Marlborough,Massachusetts,1752,United States,Aerospace & Defense,Industry.mfg.aerospace,Manufacturing,Industry.mfg,114906,Sales.100MMto250M,250,Employees.250to499,2844,284,32222,322220,"TitleCode.IT,TitleCodeTop.Business,TitleCodeMiddle.Manager,TitleCodeMiddle.Technical,TitleCode.Manager","Manager,Engineering & Technical",https://go.zoominfo.com/#/apps/search/person/results?personProfileId=189277974,ef65a14b13b2ecfe8a91a0e2d19ced74,webindustries.com,orbitalmanufacurers6-17
73078482,Ross,Byron,,,,"Manager, Information Technology",719,Information Technology,Manager,,(251) 473-6503,rossb@xante.com,2800 Dauphin St. Ste. 100,Mobile,Alabama,36606,United States,15,4/11/2019,42926739,Xant?? Corporation,Xante,www.xante.com,(251) 473-6502,2800 Dauphin St. Ste. 100,Mobile,Alabama,36606,United States,Manufacturing,Industry.mfg,Personal Computers & Peripherals,Industry.mfg.computers.computers,19800,Sales.10Mto25M,99,Employees.50to99,357,35,3341,33441,"TitleCode.IT,TitleCodeTop.Business,TitleCodeMiddle.Manager,TitleCodeMiddle.Technical,TitleCode.Manager","Manager,Engineering & Technical",https://go.zoominfo.com/#/apps/search/person/results?personProfileId=73078482,a62f3cd872753078423878ef07900c41,xante.com,orbitalmanufacurers6-17
-1757081143,Watts,Kevin,,,,"Support Manager, Information Technology",719,Information Technology,Manager,,(301) 354-4343,kevin.watts@zenimax.com,1370 Piccard Dr.,Rockville,Maryland,20850,United States,9,3/21/2019,43271107,ZeniMax Media Inc.,ZeniMax,www.zenimax.com,(301) 926-8300,1370 Piccard Dr.,Rockville,Maryland,20850,United States,Toys & Games,Industry.mfg.toys,Manufacturing,Industry.mfg,23280,Sales.10Mto25M,140,Employees.100to249,73,737,541511,339,"TitleCode.IT,TitleCodeTop.Business,TitleCodeMiddle.Manager,TitleCodeMiddle.Technical,TitleCode.Manager","Manager,Engineering & Technical",https://go.zoominfo.com/#/apps/search/person/results?personProfileId=-1757081143,125461921eb34232cd5a07a99e498b38,zenimax.com,orbitalmanufacurers6-17
