Zoom Individual ID,Last name,First name,Middle name,Salutation,Suffix,Job title,Job title hierarchy level,Job Function,Management Level,Company division name,Direct Phone Number,Email address,Person Street,Person City,Person State,Person Zip,Country,Source count,Last updated date,Zoom company ID,Company name,Column1,Company domain name,Company phone number,Company Street address,Company City,Company State,Company ZIP/Postal code,Company Country,Industry label,Industry hierarchical category,Secondary industry label,Secondary industry hierarchical category,Revenue (in 000s),Revenue Range,Employees,Employees Range,SIC1,SIC2,NAICS1,NAICS2,TitleCode,Highest Level Job Function,Contact Zoom URL,Encrypted Email Address,Email Domain,Query Name
-1998368248,Abercrombie,Jackie,,,,Member and Director of Information Technology Services,759,Information Technology,Director,,(240) 839-5050,jackie@abercrombiellc.com,,"Washington, D.C.",District of Columbia,,United States,12,4/9/2019,314001,Abercrombie & Associates Inc,Abercrombie & Associates,www.abercrombie-associates.com,(513) 385-5757,3377 COMPTON Rd.,Cincinnati,Ohio,45251,United States,"Architecture, Engineering & Design",Industry.construction.architecture,Construction,Industry.construction,6600,Sales.5Mto10M,33,Employees.20to49,8712,871,541,5413,"TitleCode.IT,TitleCodeTop.Business,TitleCode.Technical,TitleCodeMiddle.Technical,TitleCode.Director,TitleCodeMiddle.Director","Engineering & Technical,Director",https://go.zoominfo.com/#/apps/search/person/results?personProfileId=-1998368248,06df517a1bb28fa91a74a018d2ca1a3a,abercrombiellc.com,orbitalitleads5-20
1872737845,Dharkar,Abhay,Abhay,,,"Senior Director, Information Technology",763,Information Technology,Director,,(213) 593-8252,abhay.dharkar@aecom.com,1999 Ave. Of The Stars Ste. 2600,Los Angeles,California,90067,United States,48,3/21/2019,1756285,AECOM Limited,AECOM,www.aecom.com,(213) 593-8000,1999 Ave. Of The Stars Ste. 2600,Los Angeles,California,90067,United States,"Architecture, Engineering & Design",Industry.construction.architecture,Construction,Industry.construction,20155512,Sales.5GPlus,87000,Employees.10000plus,87,871,541,5413,"TitleCode.IT,TitleCodeTop.Business,TitleCodeMiddle.Technical,TitleCode.Director,TitleCodeMiddle.Director","Engineering & Technical,Director",https://go.zoominfo.com/#/apps/search/person/results?personProfileId=1872737845,ea644e2c3a7d4fd99ba30de7c462b1f2,aecom.com,orbitalitleads5-20
592581166,Phillips,Michael,A.,,,"Director, Information Technology",759,Information Technology,Director,,+61 7 3243 2143,mike.phillips@urs.com,1999 Ave. Of The Stars Ste. 2600,Los Angeles,California,90067,United States,16,3/21/2019,1756285,AECOM Limited,AECOM,www.aecom.com,(213) 593-8000,1999 Ave. Of The Stars Ste. 2600,Los Angeles,California,90067,United States,"Architecture, Engineering & Design",Industry.construction.architecture,Construction,Industry.construction,20155512,Sales.5GPlus,87000,Employees.10000plus,87,871,541,5413,"TitleCode.IT,TitleCodeTop.Business,TitleCodeMiddle.Technical,TitleCode.Director,TitleCodeMiddle.Director","Engineering & Technical,Director",https://go.zoominfo.com/#/apps/search/person/results?personProfileId=592581166,6b01f932dcc0cc38d0894e39a51b2516,urs.com,orbitalitleads5-20
1755988298,Srivastava,Madhav,,,,"Director, Information Technology",759,Information Technology,Director,,+91 124 483 0127,madhav.srivastava@aecom.com,,Gurgaon,Haryana,122001,India,64,3/21/2019,1756285,AECOM Limited,AECOM,www.aecom.com,(213) 593-8000,1999 Ave. Of The Stars Ste. 2600,Los Angeles,California,90067,United States,"Architecture, Engineering & Design",Industry.construction.architecture,Construction,Industry.construction,20155512,Sales.5GPlus,87000,Employees.10000plus,87,871,541,5413,"TitleCode.IT,TitleCodeTop.Business,TitleCodeMiddle.Technical,TitleCode.Director,TitleCodeMiddle.Director","Engineering & Technical,Director",https://go.zoominfo.com/#/apps/search/person/results?personProfileId=1755988298,b74f043310f50afc5870aede5f0a9adb,aecom.com,orbitalitleads5-20
1707336891,Underwood,Meg,,,,"Director, Information Technology",759,Information Technology,Director,,(512) 419-6899,meg.underwood@urs.com,8501 N Mopac Expy.,Austin,Texas,78757,United States,26,3/21/2019,1756285,AECOM Limited,AECOM,www.aecom.com,(213) 593-8000,1999 Ave. Of The Stars Ste. 2600,Los Angeles,California,90067,United States,"Architecture, Engineering & Design",Industry.construction.architecture,Construction,Industry.construction,20155512,Sales.5GPlus,87000,Employees.10000plus,87,871,541,5413,"TitleCode.IT,TitleCodeTop.Business,TitleCodeMiddle.Technical,TitleCode.Director,TitleCodeMiddle.Director","Engineering & Technical,Director",https://go.zoominfo.com/#/apps/search/person/results?personProfileId=1707336891,689ce815c75304fcf018529cb0974754,urs.com,orbitalitleads5-20
1733986694,Brandvig,William,E.,,,"Director, Information Technology",759,Information Technology,Director,,(210) 403-8800,william.brandvig@aecom.com,"333 Morris Witt St., Bldg. 1538, Ste. A",San Antonio,Texas,78216,United States,34,4/11/2019,1756285,AECOM Limited,AECOM,www.aecom.com,(213) 593-8000,1999 Ave. Of The Stars Ste. 2600,Los Angeles,California,90067,United States,"Architecture, Engineering & Design",Industry.construction.architecture,Construction,Industry.construction,20155512,Sales.5GPlus,87000,Employees.10000plus,87,871,541,5413,"TitleCode.IT,TitleCodeTop.Business,TitleCodeMiddle.Technical,TitleCode.Director,TitleCodeMiddle.Director","Engineering & Technical,Director",https://go.zoominfo.com/#/apps/search/person/results?personProfileId=1733986694,c05c0f67797915327889ac3ae35593a9,aecom.com,orbitalitleads5-20
123456,Foate,Lori,E.,,,"Director, Information Technology",759,Information Technology,Director,,(360) 949-1414,lori.foate@iniquita.com,"333 Morris Witt St., Bldg. 1538, Ste. A",San Antonio,Texas,78216,United States,34,4/11/2019,1756285,AECOM Limited,AECOM,www.aecom.com,(213) 593-8000,1999 Ave. Of The Stars Ste. 2600,Los Angeles,California,90067,United States,"Architecture, Engineering & Design",Industry.construction.architecture,Construction,Industry.construction,20155512,Sales.5GPlus,87000,Employees.10000plus,87,871,541,5413,"TitleCode.IT,TitleCodeTop.Business,TitleCodeMiddle.Technical,TitleCode.Director,TitleCodeMiddle.Director","Engineering & Technical,Director",https://go.zoominfo.com/#/apps/search/person/results?personProfileId=1733986694,c05c0f67797915327889ac3ae35593a9,aecom.com,orbitalitleads5-20
1825505141,Cezar,Raymond,,,,"Director, Information Technology",759,Information Technology,Director,,,raymond.cezar@aecom.com,1999 Ave. Of The Stars Ste. 2600,Los Angeles,California,90067,United States,10,4/11/2019,1756285,AECOM Limited,AECOM,www.aecom.com,(213) 593-8000,1999 Ave. Of The Stars Ste. 2600,Los Angeles,California,90067,United States,"Architecture, Engineering & Design",Industry.construction.architecture,Construction,Industry.construction,20155512,Sales.5GPlus,87000,Employees.10000plus,87,871,541,5413,"TitleCode.IT,TitleCodeTop.Business,TitleCodeMiddle.Technical,TitleCode.Director,TitleCodeMiddle.Director","Engineering & Technical,Director",https://go.zoominfo.com/#/apps/search/person/results?personProfileId=1825505141,7c933a944e19373b6adc1e09108ed5a2,aecom.com,orbitalitleads5-20
1875109474,Winterfield,Rich,,,,"IT Systems & Solutions Director, Client",759,Information Technology,Director,,(865) 425-7086,rich.winterfield@aecom.com,"200 W Martin Luther King Blvd., Ste. 1000",Chattanooga,Tennessee,37402,United States,91,4/30/2019,1756285,AECOM Limited,AECOM,www.aecom.com,(213) 593-8000,1999 Ave. Of The Stars Ste. 2600,Los Angeles,California,90067,United States,"Architecture, Engineering & Design",Industry.construction.architecture,Construction,Industry.construction,20155512,Sales.5GPlus,87000,Employees.10000plus,87,871,541,5413,"TitleCode.IT,TitleCodeTop.Business,TitleCodeMiddle.Technical,TitleCode.Director,TitleCodeMiddle.Director","Engineering & Technical,Director",https://go.zoominfo.com/#/apps/search/person/results?personProfileId=1875109474,12ca841ab4fb8b14c0ab6908e0bbe4ce,aecom.com,orbitalitleads5-20
1855110139,Bande,Prakash,Reddy,,,"Director, Information Technology",759,Information Technology,Director,,(248) 614-2400 ext. 489,prakash.bande@altair.com,1820 E. BIG BEAVER Rd.,Troy,Michigan,48083,United States,27,4/11/2019,10112620,Altair Engineering Inc,Altair,www.altair.com,(248) 614-2400,1820 E. BIG BEAVER Rd.,Troy,Michigan,48083,United States,"Architecture, Engineering & Design",Industry.construction.architecture,Construction,Industry.construction,333333,Sales.250Mto500M,2400,Employees.1000to4999,37,372,336415,5182,"TitleCode.IT,TitleCodeTop.Business,TitleCodeMiddle.Technical,TitleCode.Director,TitleCodeMiddle.Director","Engineering & Technical,Director",https://go.zoominfo.com/#/apps/search/person/results?personProfileId=1855110139,398f3d45f0e052749075adf7fc50d4b1,altair.com,orbitalitleads5-20
942749107,Callough,Micah,G.,,,Vice President Director Client Facing Information Technology Services,849,Technical,VP-Level,,(720) 344-3749,micah.callough@arcadis.com,"630 Plz. Dr., Ste. 200",Highlands Ranch,Colorado,80129,United States,79,3/21/2019,2572508,ARCADIS NV,Arcadis,www.arcadis.com,+31 20 201 1011,Gustav Mahlerplein 97-103,Amsterdam,North Holland,,Netherlands,"Architecture, Engineering & Design",Industry.construction.architecture,Construction,Industry.construction,3855778,Sales.1Gto5G,27327,Employees.10000plus,16,162,5511,541,"TitleCode.VP,TitleCode.Technical,TitleCodeTop.Business,TitleCode.IT,TitleCodeMiddle.VP,TitleCodeMiddle.Technical,TitleCode.Director","Engineering & Technical,VP-Level",https://go.zoominfo.com/#/apps/search/person/results?personProfileId=942749107,b10cd84dba81327442b1dfb3551bb395,arcadis.com,orbitalitleads5-20
1763098280,Knowles,Donald,,,,"Senior Associate, Director of Information Technology ( Information Technology )",759,Information Technology,Director,,(617) 575-4263,dknowles@arcusa.com,Five Cambridge Center Ste. 7,Cambridge,Massachusetts,02142-1407,United States,13,4/27/2019,2589368,"Architectural Resources Cambridge , Inc.",ARC,www.arcusa.com,(617) 547-2200,501 Boylston St. Ste. 4101,Boston,Massachusetts,2116,United States,"Architecture, Engineering & Design",Industry.construction.architecture,Construction,Industry.construction,14600,Sales.10Mto25M,73,Employees.50to99,8712,871,541,5413,"TitleCode.IT,TitleCodeTop.Business,TitleCodeMiddle.Technical,TitleCode.Director,TitleCodeMiddle.Director","Engineering & Technical,Director",https://go.zoominfo.com/#/apps/search/person/results?personProfileId=1763098280,d6df6c7615843b34fe7ba3a1ce89758f,arcusa.com,orbitalitleads5-20
-1645131753,Bava,David,,,,"Director, Information Technology",759,Information Technology,Director,,,dbava@apiplus.com,2709 Rocky Point Dr. Ste. 201,Tampa,Florida,33607,United States,9,5/14/2019,3457942,ArchitecturePlus International Inc.,ArchitecturePlus,www.apiplus.com,(813) 281-9299,2709 Rocky Point Dr. Ste. 201,Tampa,Florida,33607,United States,"Architecture, Engineering & Design",Industry.construction.architecture,Construction,Industry.construction,6800,Sales.5Mto10M,34,Employees.20to49,8712,871,541,5413,"TitleCode.IT,TitleCodeTop.Business,TitleCodeMiddle.Technical,TitleCode.Director,TitleCodeMiddle.Director","Engineering & Technical,Director",https://go.zoominfo.com/#/apps/search/person/results?personProfileId=-1645131753,314df5b8383f03f74f57f5ad8fbd712b,apiplus.com,orbitalitleads5-20
-1970903831,Eaton,Jon,,,,"Director, Information Technology",759,Information Technology,Director,,,jeaton@asg-architects.com,1040 Hull St. Ste. 100,Baltimore,Maryland,21230,United States,23,4/30/2019,10834065,Ayers Saint Gross Inc,ASG,www.asg-architects.com,(410) 347-8500,1040 Hull St. Ste. 100,Baltimore,Maryland,21230,United States,"Architecture, Engineering & Design",Industry.construction.architecture,Construction,Industry.construction,17500,Sales.10Mto25M,180,Employees.100to249,8712,871,541,5413,"TitleCode.IT,TitleCodeTop.Business,TitleCodeMiddle.Technical,TitleCode.Director,TitleCodeMiddle.Director","Engineering & Technical,Director",https://go.zoominfo.com/#/apps/search/person/results?personProfileId=-1970903831,9ef676b66c34a112099a03bc04fe29c0,asg-architects.com,orbitalitleads5-20
378210010,Castillo,Juan,,,,"Director, Information Technology",759,Information Technology,Director,,(210) 829-4099,juan@beicker.com,"2702 N Loop 1604 E, Ste. 201",San Antonio,Texas,78232,United States,10,4/16/2019,8440197,Beicker Consultants LLC,Beicker,www.beicker.com,(210) 824-2908,"2702 N Loop 1604 E, Ste. 201",San Antonio,Texas,78232,United States,Construction,Industry.construction,Commercial & Residential Construction,Industry.construction.construction,6200,Sales.5Mto10M,31,Employees.20to49,8712,871,541,5413,"TitleCode.IT,TitleCodeTop.Business,TitleCodeMiddle.Technical,TitleCode.Director,TitleCodeMiddle.Director","Engineering & Technical,Director",https://go.zoominfo.com/#/apps/search/person/results?personProfileId=378210010,ba9f9da0f31b1e548ddd20877deb394b,beicker.com,orbitalitleads5-20
378210011,Chernesky,Vince,,,,"Director, Information Technology",759,Information Technology,Director,,(210) 829-4099,vince@beicker.com,2702 N Loop 1604 E Ste. 201,San Antonio,Texas,78232,United States,11,4/16/2019,8440197,Beicker Consultants LLC,Beicker,www.beicker.com,(210) 824-2908,"2702 N Loop 1604 E, Ste. 201",San Antonio,Texas,78232,United States,Construction,Industry.construction,Commercial & Residential Construction,Industry.construction.construction,6000,Sales.5Mto10M,30,Employees.20to49,8712,871,541,5413,"TitleCode.IT,TitleCodeTop.Business,TitleCodeMiddle.Technical,TitleCode.Director,TitleCodeMiddle.Director","Engineering & Technical,Director",https://go.zoominfo.com/#/apps/search/person/results?personProfileId=378210011,33455b4f21a88af0b50ec55962c0af5a,beicker.com,orbitalitleads5-20
1766006234,Bouza,Erick,A.,,,"Director, Information Technology",759,Information Technology,Director,,(305) 860-3791,ebouza@bermelloajamil.com,2601 S. Bayshore Dr. Ste. 1000,Miami,Florida,33133,United States,23,4/12/2019,11260515,Bermello Ajamil & Partners Inc,BA,www.bermelloajamil.com,(305) 859-2050,2601 S. Bayshore Dr. Ste. 1000,Miami,Florida,33133,United States,"Architecture, Engineering & Design",Industry.construction.architecture,Construction,Industry.construction,32200,Sales.25Mto50M,161,Employees.100to249,8712,871,541,5413,"TitleCode.IT,TitleCodeTop.Business,TitleCodeMiddle.Technical,TitleCode.Director,TitleCodeMiddle.Director","Engineering & Technical,Director",https://go.zoominfo.com/#/apps/search/person/results?personProfileId=1766006234,d7003f72e011c6a89db119ee13612a49,bermelloajamil.com,orbitalitleads5-20
3043248989,Bryant,Craig,,,,"Director, Information Technology",759,Information Technology,Director,,(512) 347-3657,cbryant@broaddususa.com,,,Texas,,United States,3,5/7/2019,10275287,Broaddus & Associates Inc,Broaddus,www.broaddusassociates.com,(512) 329-8822,1301 S. Capital of Texas Hwy. Ste. A302,Austin,Texas,78746,United States,Construction,Industry.construction,Commercial & Residential Construction,Industry.construction.construction,34200,Sales.25Mto50M,171,Employees.100to249,8712,871,541,5413,"TitleCode.IT,TitleCodeTop.Business,TitleCodeMiddle.Technical,TitleCode.Director,TitleCodeMiddle.Director","Engineering & Technical,Director",https://go.zoominfo.com/#/apps/search/person/results?personProfileId=3043248989,65e5ac002bac0c92bb35bc9c1f0eca97,broaddususa.com,orbitalitleads5-20
2029747243,Vasconcelos,Alexandre,,,,Director of Information Technology,759,Information Technology,Director,,(207) 261-4200,a.vasconcelos@broadwaymalyan.com,,Lisbon,Maine,4250,United States,7,4/11/2019,17879242,Broadway Malyan Limited,Broadway Malyan,www.broadwaymalyan.com,+44 1932 845599,Addlestone Rd.,Weybridge,Surrey,KT15 2BW,United Kingdom,"Architecture, Engineering & Design",Industry.construction.architecture,Construction,Industry.construction,66857,Sales.50Mto100M,494,Employees.250to499,8712,871,541,5413,"TitleCode.IT,TitleCodeTop.Business,TitleCodeMiddle.Technical,TitleCode.Director,TitleCodeMiddle.Director","Engineering & Technical,Director",https://go.zoominfo.com/#/apps/search/person/results?personProfileId=2029747243,6cb48a104eb073101c79a57e15a0ac81,broadwaymalyan.com,orbitalitleads5-20
2055597252,Strowd,Michael,,,,"Director, Information Technology",759,Information Technology,Director,,(334) 394-0165,michael.strowd@caddell.com,2700 Lagoon Park Dr.,Montgomery,Alabama,36109,United States,48,5/16/2019,6160868,Caddell Construction Co. LLC,Caddell,www.caddell.com,(334) 272-7723,2700 Lagoon Park Dr.,Montgomery,Alabama,36109,United States,"Architecture, Engineering & Design",Industry.construction.architecture,Construction,Industry.construction,500000,Sales.500Mto1G,500,Employees.500to999,8712,871,541,5413,"TitleCode.IT,TitleCodeTop.Business,TitleCodeMiddle.Technical,TitleCode.Director,TitleCodeMiddle.Director","Engineering & Technical,Director",https://go.zoominfo.com/#/apps/search/person/results?personProfileId=2055597252,18f8850d1c74a1865210b5b5ce9192de,caddell.com,orbitalitleads5-20
1605020037,Hawks,Susan,,,,"Director, Information Technology",759,Information Technology,Director,,(970) 927-4925,shawks@ccyarchitects.com,228 Midland Ave.,Basalt,Colorado,81621,United States,8,4/12/2019,347827016,CCY Architects,CCY,www.ccyarchitects.com,(970) 927-4925,228 Midland Ave.,Basalt,Colorado,81621,United States,"Architecture, Engineering & Design",Industry.construction.architecture,Construction,Industry.construction,4800,Sales.1Mto5M,24,Employees.20to49,8712,871,541,5413,"TitleCode.IT,TitleCodeTop.Business,TitleCodeMiddle.Technical,TitleCode.Director,TitleCodeMiddle.Director","Engineering & Technical,Director",https://go.zoominfo.com/#/apps/search/person/results?personProfileId=1605020037,97d595d80ea5c8dc139063ee7d999eef,ccyarchitects.com,orbitalitleads5-20
1476883746,Fuchslocher,Keith,,,,"Associate, Director of Information Technology",759,Information Technology,Director,,(212) 941-9801 ext. 265,fuchslocherk@cetraruddy.com,584 Broadway Ste. 401,New York City,New York,10012,United States,37,5/16/2019,7520915,CetraRuddy,CetraRuddy,www.cetraruddy.com,(212) 941-9801,1 Battery Park Plz.,New York City,New York,10004,United States,"Architecture, Engineering & Design",Industry.construction.architecture,Construction,Industry.construction,13000,Sales.10Mto25M,65,Employees.50to99,8712,871,541,5413,"TitleCode.IT,TitleCodeTop.Business,TitleCodeMiddle.Technical,TitleCode.Director,TitleCodeMiddle.Director","Engineering & Technical,Director",https://go.zoominfo.com/#/apps/search/person/results?personProfileId=1476883746,28854d94831f2653e6e3ece57679a6b6,cetraruddy.com,orbitalitleads5-20
275833141,Conrad,Mark,A.,,,Information Technology Director,759,Information Technology,Director,,(585) 402-7539,mconrad@cplteam.com,"205 Saint Paul St,Ste 500",Rochester,New York,14604-1187,United States,30,4/9/2019,23317707,Clark Patterson Lee,CPL,cplteam.com,(518) 463-4107,30 century hill Dr. Ste. 104,Latham,New York,12110,United States,"Architecture, Engineering & Design",Industry.construction.architecture,Construction,Industry.construction,38800,Sales.25Mto50M,194,Employees.100to249,8712,871,541,5413,"TitleCode.IT,TitleCodeTop.Business,TitleCode.Technical,TitleCodeMiddle.Technical,TitleCode.Director,TitleCodeMiddle.Director","Engineering & Technical,Director",https://go.zoominfo.com/#/apps/search/person/results?personProfileId=275833141,fb175c891ade7832a3ab6dfd05a53176,cplteam.com,orbitalitleads5-20
235447194,Septien,Jorge,L.,,,Director of Information Technology and CAD Manager,759,Information Technology,Director,,(609) 477-7314,jseptien@cchnj.com,100 Barrack St.,Trenton,New Jersey,8608,United States,38,4/20/2019,8372733,Clarke Caton Hintz,CCH,www.clarkecatonhintz.com,(609) 883-8383,100 Barrack St.,Trenton,New Jersey,8608,United States,"Architecture, Engineering & Design",Industry.construction.architecture,Construction,Industry.construction,6600,Sales.5Mto10M,33,Employees.20to49,8712,871,541,5413,"TitleCodeMiddle.Manager,TitleCodeMiddle.Director,TitleCodeTop.Business,TitleCode.IT,TitleCodeMiddle.Technical,TitleCode.Manager,TitleCode.Director","Manager,Director",https://go.zoominfo.com/#/apps/search/person/results?personProfileId=235447194,f9858637bc3944c571a002798e8312dd,cchnj.com,orbitalitleads5-20
1828891220,Monroe,Linda,,,,"Director, Information Technology",759,Information Technology,Director,,(479) 636-4838,linda.monroe@craftontull.com,901 N 47Th St. Ste. 200,Rogers,Arkansas,72756,United States,9,4/22/2019,345332509,Crafton Tull & Associates Inc,Crafton Tull,www.craftontull.com,(479) 636-4838,901 N 47th St. Ste. 200,Rogers,Arkansas,72756,United States,"Architecture, Engineering & Design",Industry.construction.architecture,Construction,Industry.construction,31400,Sales.25Mto50M,157,Employees.100to249,8712,871,541,5413,"TitleCode.IT,TitleCodeTop.Business,TitleCodeMiddle.Technical,TitleCode.Director,TitleCodeMiddle.Director","Engineering & Technical,Director",https://go.zoominfo.com/#/apps/search/person/results?personProfileId=1828891220,99d2ac82a7138178c2caa2aa5b025f14,craftontull.com,orbitalitleads5-20
-1607251970,Cunningham,Jason,,,,Information Technology Director,759,Information Technology,Director,,(770) 971-5407,jcunningham@croyengineering.com,"200 Cobb Pkwy. North, Bldg. 400, Ste. 413",Marietta,Georgia,30062,United States,9,5/1/2019,59706958,Croy Engineering LLC,Croy Engineering,www.croyengineering.com,(770) 702-0194,1260 C West Spring St.,Smyrna,Georgia,30080,United States,Construction,Industry.construction,Commercial & Residential Construction,Industry.construction.construction,20800,Sales.10Mto25M,104,Employees.100to249,8712,871,541,5413,"TitleCode.IT,TitleCodeTop.Business,TitleCode.Technical,TitleCodeMiddle.Technical,TitleCode.Director,TitleCodeMiddle.Director","Engineering & Technical,Director",https://go.zoominfo.com/#/apps/search/person/results?personProfileId=-1607251970,936a1a10cabdf23a74bad8e696c324ef,croyengineering.com,orbitalitleads5-20
1895666998,Dean,Michael,C.,,,"Director, Information Technology",759,Information Technology,Director,,(907) 452-1241,michael@designalaska.com,601 College Rd.,Fairbanks,Alaska,99701,United States,14,4/12/2019,11092502,Design Alaska Inc,Design Alaska,www.designalaska.com,(907) 452-1241,601 College Rd.,Fairbanks,Alaska,99701,United States,"Architecture, Engineering & Design",Industry.construction.architecture,Construction,Industry.construction,8600,Sales.5Mto10M,43,Employees.20to49,8712,871,541,5413,"TitleCode.IT,TitleCodeTop.Business,TitleCodeMiddle.Technical,TitleCode.Director,TitleCodeMiddle.Director","Engineering & Technical,Director",https://go.zoominfo.com/#/apps/search/person/results?personProfileId=1895666998,2081726d63eca8bf7c52ec4d1685e124,designalaska.com,orbitalitleads5-20
-985687544,Roger,Lisa,,,,"Technology Executive Director, Information Technology",764,Information Technology,Director,,(703) 849-0120,lroger@dewberry.com,8401 Arlington Blvd.,Fairfax,Virginia,22031,United States,16,5/10/2019,11174272,Dewberry Company,Dewberry,www.dewberry.com,(703) 849-0100,8401 Arlington Blvd.,Fairfax,Virginia,22031,United States,Construction,Industry.construction,"Architecture, Engineering & Design",Industry.construction.architecture,,,1857,Employees.1000to4999,8712,871,541,5413,"TitleCode.IT,TitleCodeTop.Business,TitleCodeMiddle.Technical,TitleCode.Director,TitleCodeMiddle.Director","Engineering & Technical,Director",https://go.zoominfo.com/#/apps/search/person/results?personProfileId=-985687544,a2eccfda5b882580301abd26cb79817f,dewberry.com,orbitalitleads5-20
1900736684,Torrey,Emerson,,,,"Director, Information Technology",759,Information Technology,Director,,(401) 632-7876,emerson@diprete-eng.com,Two Stafford Ct.,Cranston,Rhode Island,2920,United States,45,4/11/2019,61360620,DiPrete Engineering,DiPrete,www.diprete-eng.com,(401) 619-5890,90 Broadway,Newport,Rhode Island,2840,United States,"Architecture, Engineering & Design",Industry.construction.architecture,Construction,Industry.construction,46000,Sales.25Mto50M,230,Employees.100to249,8712,871,541,5413,"TitleCode.IT,TitleCodeTop.Business,TitleCodeMiddle.Technical,TitleCode.Director,TitleCodeMiddle.Director","Engineering & Technical,Director",https://go.zoominfo.com/#/apps/search/person/results?personProfileId=1900736684,4fd699b918a92c1c99f87a194ca6e973,diprete-eng.com,orbitalitleads5-20
1581933384,Quinn,Edward,,,,"Director, Information Technology",759,Information Technology,Director,,,equinn@wrldesign.com,6457 Frances St. Ste. 200,Omaha,Nebraska,68106,United States,31,4/11/2019,25659631,DLR Group incorporated,DLR Group,www.dlrgroup.com,(602) 381-8580,"6225 North 24th St., Ste. 250",Phoenix,Arizona,85016,United States,"Architecture, Engineering & Design",Industry.construction.architecture,Construction,Industry.construction,,,530,Employees.500to999,67,671,5511,541,"TitleCode.IT,TitleCodeTop.Business,TitleCodeMiddle.Technical,TitleCode.Director,TitleCodeMiddle.Director","Engineering & Technical,Director",https://go.zoominfo.com/#/apps/search/person/results?personProfileId=1581933384,21df868e2986b39a5d14d1ae3ee75514,wrldesign.com,orbitalitleads5-20
1066966704,Bartlett,Larry,L.,Mr.,,"Director, Information Technology",759,Information Technology,Director,,(614) 888-0040,lbartlett@dlz.com,6121 Huntley Rd.,Columbus,Ohio,43229,United States,21,4/11/2019,43798440,DLZ Corporation,DLZ,www.dlz.com,(614) 888-0040,6121 Huntley Rd.,Columbus,Ohio,43229,United States,Construction,Industry.construction,Commercial & Residential Construction,Industry.construction.construction,75000,Sales.50Mto100M,971,Employees.500to999,8712,871,541,5413,"TitleCode.IT,TitleCodeTop.Business,TitleCodeMiddle.Technical,TitleCode.Director,TitleCodeMiddle.Director","Engineering & Technical,Director",https://go.zoominfo.com/#/apps/search/person/results?personProfileId=1066966704,bb4ef1642e711c667d1cdf9ef2add3c8,dlz.com,orbitalitleads5-20
-2052738534,Clay,Chris,,,,"Director, Information Technology",759,Information Technology,Director,,,chrisc@esarch.com,1033 Demonbreun St. Ste. 800,Nashville,Tennessee,37203,United States,7,4/25/2019,27052528,"Earl Swensson Associates , Inc.",ESa,www.esarch.com,(615) 329-9445,1033 Demonbreun St. Ste. 800,Nashville,Tennessee,37203,United States,"Architecture, Engineering & Design",Industry.construction.architecture,Construction,Industry.construction,37200,Sales.25Mto50M,186,Employees.100to249,8712,871,541,5413,"TitleCode.IT,TitleCodeTop.Business,TitleCodeMiddle.Technical,TitleCode.Director,TitleCodeMiddle.Director","Engineering & Technical,Director",https://go.zoominfo.com/#/apps/search/person/results?personProfileId=-2052738534,d82c4d79bfa500f2584526e291e896af,esarch.com,orbitalitleads5-20
-1459746172,Wilganowski,John,,,,"Director, Information Technology",759,Information Technology,Director,,(713) 433-5000 ext. 0330,jwilganowski@estudioarchitecture.com,2180 N Loop W Ste. 500,Houston,Texas,77018,United States,13,4/27/2019,354811435,ESTUDIO P.C.,Estudio,www.estudioarchitecture.com,(713) 433-5000,2180 N Loop W Ste. 500,Houston,Texas,77018,United States,"Architecture, Engineering & Design",Industry.construction.architecture,Construction,Industry.construction,6600,Sales.5Mto10M,33,Employees.20to49,8712,871,541,5413,"TitleCode.IT,TitleCodeTop.Business,TitleCodeMiddle.Technical,TitleCode.Director,TitleCodeMiddle.Director","Engineering & Technical,Director",https://go.zoominfo.com/#/apps/search/person/results?personProfileId=-1459746172,dc1d75f8c65a4a25a9edfb2c06737d47,estudioarchitecture.com,orbitalitleads5-20
1439642345,Tokash,Sandra,,,,"Director, Information Technology",759,Information Technology,Director,,(404) 610-5468,stokash@fg-inc.net,3740 Davinci Ct. Ste. 100,Norcross,Georgia,30092,United States,54,5/1/2019,110495380,Foresite Group Inc,FG,www.fg-inc.net,(770) 368-1399,3740 Davinci Ct. Ste. 100,Norcross,Georgia,30092,United States,"Architecture, Engineering & Design",Industry.construction.architecture,Construction,Industry.construction,37000,Sales.25Mto50M,185,Employees.100to249,8712,871,541,5413,"TitleCode.IT,TitleCodeTop.Business,TitleCodeMiddle.Technical,TitleCode.Director,TitleCodeMiddle.Director","Engineering & Technical,Director",https://go.zoominfo.com/#/apps/search/person/results?personProfileId=1439642345,666a71ff55876a1d7098c7593d4bca13,fg-inc.net,orbitalitleads5-20
-1515977046,Kirkpatrick,David,,,,Information Technology Director,759,Information Technology,Director,,(702) 736-8288,davek@fglv.com,4022 Dean Martin Dr.,Las Vegas,Nevada,89103,United States,3,4/11/2019,47680543,Friedmutter Group,Friedmutter,www.fglv.com,(702) 736-7477,4022 Dean Martin Dr.,Las Vegas,Nevada,89103,United States,"Architecture, Engineering & Design",Industry.construction.architecture,Construction,Industry.construction,17500,Sales.10Mto25M,134,Employees.100to249,8712,871,541,5413,"TitleCode.IT,TitleCodeTop.Business,TitleCode.Technical,TitleCodeMiddle.Technical,TitleCode.Director,TitleCodeMiddle.Director","Engineering & Technical,Director",https://go.zoominfo.com/#/apps/search/person/results?personProfileId=-1515977046,5d329c1c3b13c394e5cbe74bdce57495,fglv.com,orbitalitleads5-20
-1525710582,Petti,Sharon,,,,"Director, Information Technology and Internet Support",759,Information Technology,Director,,,sharon_petti@gensler.com,"45 Fremont St., Ste. 1500",San Francisco,California,94105,United States,7,4/11/2019,15827585,Gensler,Gensler,www.gensler.com,(619) 557-2500,225 Broadway Ste. 1600,San Diego,California,92101,United States,"Architecture, Engineering & Design",Industry.construction.architecture,Construction,Industry.construction,,,5349,Employees.5000to9999,8712,871,541,5413,"TitleCode.IT,TitleCodeTop.Business,TitleCode.Web,TitleCodeMiddle.Technical,TitleCode.Director,TitleCodeMiddle.Director","Engineering & Technical,Director",https://go.zoominfo.com/#/apps/search/person/results?personProfileId=-1525710582,3397dd88dfdb4ac367769892b063e205,gensler.com,orbitalitleads5-20
2036078912,Huckaba,Mike,,,,Information Technology Director,759,Information Technology,Director,,(469) 546-2226,mhuckaba@glsc.com,4201 International Pkwy.,Carrollton,Texas,75007,United States,26,4/16/2019,346665863,GL Seaman & Company,GL Seaman,www.glsc.com,(214) 764-6400,4201 International Pkwy.,Carrollton,Texas,75007,United States,"Architecture, Engineering & Design",Industry.construction.architecture,Construction,Industry.construction,10800,Sales.10Mto25M,54,Employees.50to99,8721,872,531,5312,"TitleCode.IT,TitleCodeTop.Business,TitleCode.Technical,TitleCodeMiddle.Technical,TitleCode.Director,TitleCodeMiddle.Director","Engineering & Technical,Director",https://go.zoominfo.com/#/apps/search/person/results?personProfileId=2036078912,17c30fc0349deda1d3162969631b4a64,glsc.com,orbitalitleads5-20
1844729867,Delaughter,Phillip,,,,"Director, Information Technology",759,Information Technology,Director,,(214) 303-1500,philip.delaughter@gff.com,2808 Fairmount St. Ste. 300,Dallas,Texas,75201,United States,27,4/12/2019,16368236,Good Fulton & Farrell,GFF,www.gff.com,(214) 303-1500,2808 Fairmount St. Ste. 300,Dallas,Texas,75201,United States,"Architecture, Engineering & Design",Industry.construction.architecture,Construction,Industry.construction,17500,Sales.10Mto25M,142,Employees.100to249,8712,871,541,5413,"TitleCode.IT,TitleCodeTop.Business,TitleCodeMiddle.Technical,TitleCode.Director,TitleCodeMiddle.Director","Engineering & Technical,Director",https://go.zoominfo.com/#/apps/search/person/results?personProfileId=1844729867,61b2c904272a77b1ff3da059265f636b,gff.com,orbitalitleads5-20
1101506276,Cotter,Joseph,,,,"Director, Information Technology & Principal",761,Information Technology,Director,,(615) 770-8398,joe_cotter@gspnet.com,"1400 Nashville City Center, 511 Union St.",Nashville,Tennessee,37219-1733,United States,76,3/21/2019,46467328,Gresham Smith and Partners,Gresham Smith,www.greshamsmith.com,(615) 770-8100,222 Second Ave. South Ste. 1400,Nashville,Tennessee,37201,United States,"Architecture, Engineering & Design",Industry.construction.architecture,Construction,Industry.construction,500000,Sales.500Mto1G,1028,Employees.1000to4999,8712,871,541,5413,"TitleCodeMiddle.Construction,TitleCodeTop.Services,TitleCodeMiddle.Director,TitleCodeTop.Business,TitleCode.Construction,TitleCode.IT,TitleCodeMiddle.Technical,TitleCode.Director","Engineering & Technical,Director",https://go.zoominfo.com/#/apps/search/person/results?personProfileId=1101506276,6437ab568c6c260fbe13961910946756,gspnet.com,orbitalitleads5-20
1444994918,Propson,Dennis,C.,,,"Director, Information Technology",759,Information Technology,Director,,(313) 887-6303,dpropson@hamilton-anderson.com,1435 Randolph Ste. 203,Detroit,Michigan,48226,United States,10,4/12/2019,47353594,Hamilton Anderson Associates,Hamilton Anderson,www.hamilton-anderson.com,(313) 964-0270,1435 Randolph Ste. 203,Detroit,Michigan,48226,United States,"Architecture, Engineering & Design",Industry.construction.architecture,Construction,Industry.construction,32000,Sales.25Mto50M,160,Employees.100to249,8712,871,541,5413,"TitleCode.IT,TitleCodeTop.Business,TitleCodeMiddle.Technical,TitleCode.Director,TitleCodeMiddle.Director","Engineering & Technical,Director",https://go.zoominfo.com/#/apps/search/person/results?personProfileId=1444994918,b378f9c22fcb3ab77a808d9cd5bc4bb1,hamilton-anderson.com,orbitalitleads5-20
-2046582535,Homiak,Stephen,,,,"Director, Information Technology and Project Controls",759,Information Technology,Director,,,shomiak@hill-wilkinson.com,5810 Trade Center Dr. | Bldg. 1 | Ste. 100,Austin,Texas,78744,United States,11,4/11/2019,55477865,Hill & Wilkinson Ltd,Hill & Wilkinson,www.hill-wilkinson.com,(214) 299-4300,2703 Telecom Pkwy. Ste. 120,Richardson,Texas,75082,United States,"Architecture, Engineering & Design",Industry.construction.architecture,Commercial & Residential Construction,Industry.construction.construction,100000,Sales.100MMto250M,241,Employees.100to249,8712,871,541,5413,"TitleCode.IT,TitleCodeTop.Business,TitleCodeMiddle.Technical,TitleCode.Director,TitleCodeMiddle.Director","Engineering & Technical,Director",https://go.zoominfo.com/#/apps/search/person/results?personProfileId=-2046582535,50f7e7a69dcda34f7770548cf83ef8b9,hill-wilkinson.com,orbitalitleads5-20
-1103414091,Higgins,Matthew,,,,"Director, Information Technology",759,Information Technology,Director,,(770) 285-3153,mhiggins@doverfoodretail.com,2016 Gees Mill Rd.,Conyers,Georgia,30013,United States,20,5/10/2019,55477874,Hillphoenix Inc.,Hillphoenix,www.hillphoenix.com,(770) 285-3264,2016 Gees Mill Rd.,Conyers,Georgia,30013,United States,Manufacturing General,Industry.mfg.general,Manufacturing,Industry.mfg,1006114,Sales.1Gto5G,3500,Employees.1000to4999,35,358,541,5413,"TitleCode.IT,TitleCodeTop.Business,TitleCodeMiddle.Technical,TitleCode.Director,TitleCodeMiddle.Director","Engineering & Technical,Director",https://go.zoominfo.com/#/apps/search/person/results?personProfileId=-1103414091,4b26e5b84bd02b446aab050e1869d323,doverfoodretail.com,orbitalitleads5-20
1475779720,Johnson,Karl,,,,Senior Director of Information Technology,763,Information Technology,Director,,(651) 659-7731,kjohnson@hrgreen.com,"2550 University Ave. W., Ste. 400N",Saint Paul,Minnesota,55114,United States,47,4/10/2019,45960804,HR Green Inc,HR Green,www.hrgreen.com,(815) 385-1778,420 N. Front St. Ste. 100,McHenry,Illinois,60050,United States,Construction,Industry.construction,Commercial & Residential Construction,Industry.construction.construction,,,368,Employees.250to499,8712,871,541,5413,"TitleCode.IT,TitleCodeTop.Business,TitleCodeMiddle.Technical,TitleCode.Director,TitleCodeMiddle.Director","Engineering & Technical,Director",https://go.zoominfo.com/#/apps/search/person/results?personProfileId=1475779720,ad9ead51e756b6683174314813e943f5,hrgreen.com,orbitalitleads5-20
227675363,Broussard,Donald,,,,"Director, Information Technology & Manager, Corporate Cadd",759,Information Technology,Director,Hunsaker and Associates,(858) 558-4500,dbroussard@hunsakersd.com,9707 Waples St.,San Diego,California,92121,United States,46,4/12/2019,18448456,Hunsaker & Associates Irvine Inc,Hunsaker,www.hunsakersd.com,(858) 558-4500,9707 Waples St.,San Diego,California,92121,United States,"Architecture, Engineering & Design",Industry.construction.architecture,Construction,Industry.construction,67800,Sales.50Mto100M,339,Employees.250to499,8712,871,541,5413,"TitleCodeMiddle.Manager,TitleCodeMiddle.Director,TitleCodeTop.Business,TitleCode.IT,TitleCodeMiddle.Technical,TitleCode.Manager,TitleCode.Director","Manager,Director",https://go.zoominfo.com/#/apps/search/person/results?personProfileId=227675363,3f2ffaf769efaf385d31e7748ec99130,hunsakersd.com,orbitalitleads5-20
1241215247,Pugsley,Brandon,L.,,,"Intelligence Senior Director, Information Technology",763,Information Technology,Director,,,brandon.pugsley@iapws.com,,Alexandria,Virginia,22314,United States,48,5/2/2019,70141683,IAP Worldwide Services Inc,IAP,www.iapws.com,(321) 784-7100,7315 N. Atlantic Ave.,Cape Canaveral,Florida,32920,United States,"Architecture, Engineering & Design",Industry.construction.architecture,Software & Technical Consulting,Industry.software.consulting,750000,Sales.500Mto1G,3000,Employees.1000to4999,737,73,221,541,"TitleCode.IT,TitleCodeTop.Business,TitleCodeMiddle.Technical,TitleCode.Director,TitleCodeMiddle.Director","Engineering & Technical,Director",https://go.zoominfo.com/#/apps/search/person/results?personProfileId=1241215247,0a379d8701892dc00444b488c710cdf7,iapws.com,orbitalitleads5-20
-1003748386,Fleming,David,A.,,,"Group Engineering Services Program Director, Information Technology",759,Information Technology,Director,,(910) 633-2125,david.fleming@iapws.com,"44 Canal Center, 6th Fl.",Alexandria,Virginia,22314,United States,13,4/29/2019,70141683,IAP Worldwide Services Inc,IAP,www.iapws.com,(321) 784-7100,7315 N. Atlantic Ave.,Cape Canaveral,Florida,32920,United States,"Architecture, Engineering & Design",Industry.construction.architecture,Software & Technical Consulting,Industry.software.consulting,750000,Sales.500Mto1G,3000,Employees.1000to4999,737,73,221,541,"TitleCode.ProgramManagement,TitleCodeMiddle.Director,TitleCodeTop.Business,TitleCode.IT,TitleCode.Engineer,TitleCodeMiddle.Operations,TitleCodeMiddle.Technical,TitleCode.Director","Operations,Director",https://go.zoominfo.com/#/apps/search/person/results?personProfileId=-1003748386,1ddfe657fc5b99177bef13c2c86e1139,iapws.com,orbitalitleads5-20
1567816487,Boboc,Ovidiu,,,,"Director, Information Technology",759,Information Technology,Director,,(210) 828-1700,oboboc@argylesecurity.com,12903 Delivery Dr.,San Antonio,Texas,78247,United States,11,4/12/2019,61657584,ISI Security Group Inc,ISI,www.isisecurity.com,(210) 495-5245,12903 Delivery Dr.,San Antonio,Texas,78247,United States,Security Products & Services,Industry.bizservice.security,Business Services,Industry.bizservice,25000,Sales.25Mto50M,125,Employees.100to249,87,871,541,5413,"TitleCode.IT,TitleCodeTop.Business,TitleCodeMiddle.Technical,TitleCode.Director,TitleCodeMiddle.Director","Engineering & Technical,Director",https://go.zoominfo.com/#/apps/search/person/results?personProfileId=1567816487,34570069b7baca9fdcfb7ad8d950ddf2,argylesecurity.com,orbitalitleads5-20
165570525,Benham,John,M.,,,"Director, Information Technology",759,Information Technology,Director,,,jbenham@jacksonryan.com,"2370 Rice Blvd., Ste. 210",Houston,Texas,77005,United States,14,4/12/2019,51382746,"Jackson & Ryan Architects , Inc.",Jacskon & Ryan,www.jacksonryan.com,(713) 526-5436,"2370 Rice Blvd., Ste. 210",Houston,Texas,77005,United States,"Architecture, Engineering & Design",Industry.construction.architecture,Construction,Industry.construction,5800,Sales.5Mto10M,29,Employees.20to49,8712,871,541,5413,"TitleCode.IT,TitleCodeTop.Business,TitleCodeMiddle.Technical,TitleCode.Director,TitleCodeMiddle.Director","Engineering & Technical,Director",https://go.zoominfo.com/#/apps/search/person/results?personProfileId=165570525,543f1c90e732b8ce5bab160089e381e5,jacksonryan.com,orbitalitleads5-20
-1994280691,Gonzalez,Alex,,,,"Director, Information Technology",759,Information Technology,Director,,(214) 660-1044,alex@jaureguiarchitect.com,"3660 Stoneridge Rd., Bldg. A-102",Austin,Texas,78746,United States,11,4/12/2019,64211169,JAUREGUI INC,Jauregui,www.jaureguiarchitect.com,(512) 328-7706,3660 Stoneridge Rd.,Austin,Texas,78746,United States,Real Estate,Industry.realestate,"Architecture, Engineering & Design",Industry.construction.architecture,5800,Sales.5Mto10M,29,Employees.20to49,8712,871,531,5312,"TitleCode.IT,TitleCodeTop.Business,TitleCodeMiddle.Technical,TitleCode.Director,TitleCodeMiddle.Director","Engineering & Technical,Director",https://go.zoominfo.com/#/apps/search/person/results?personProfileId=-1994280691,50aa35875452fe3e6fa379939f360b98,jaureguiarchitect.com,orbitalitleads5-20
-1014107729,Aschbacher,John,T.,Mr.,,"Director, Information Technology",759,Information Technology,Director,,(630) 655-8500,jaschbacher@jmsenviro.com,816 Burr Oak Dr.,Westmont,Illinois,60559,United States,3,4/12/2019,344400144,JMS Environmental Associates Ltd,JMS Environmental,www.jmsenviro.com,(630) 655-8500,816 Burr Oak Dr.,Westmont,Illinois,60559,United States,"Architecture, Engineering & Design",Industry.construction.architecture,Construction,Industry.construction,1000,Sales.1Mto5M,5,Employees.5to9,8712,871,541,5413,"TitleCode.IT,TitleCodeTop.Business,TitleCodeMiddle.Technical,TitleCode.Director,TitleCodeMiddle.Director","Engineering & Technical,Director",https://go.zoominfo.com/#/apps/search/person/results?personProfileId=-1014107729,8538d432bae465a3b2900cf3bf3e1a2c,jmsenviro.com,orbitalitleads5-20
1469197878,Mancini,Al,,,,"Director, Information Technology",759,Information Technology,Director,,(609) 512-2222,amancini@jingoli.com,100 Lenox Dr. Ste. 100,Lawrenceville,New Jersey,8648,United States,19,3/26/2019,61736800,"Joseph Jingoli and Son , Inc.",Jingoli,www.jingoli.com,(609) 896-3111,100 Lenox Dr. Ste. 100,Trenton,New Jersey,8648,United States,Construction,Industry.construction,"Architecture, Engineering & Design",Industry.construction.architecture,150990,Sales.100MMto250M,303,Employees.250to499,8712,871,541,5413,"TitleCode.IT,TitleCodeTop.Business,TitleCodeMiddle.Technical,TitleCode.Director,TitleCodeMiddle.Director","Engineering & Technical,Director",https://go.zoominfo.com/#/apps/search/person/results?personProfileId=1469197878,3c7bba962cc8eefeedeedc0b53359b48,jingoli.com,orbitalitleads5-20
-2119609607,Wirth,Karl,,,,Information Technology Director,759,Information Technology,Director,,,kwirth@jqieng.com,100 Glass St. Ste. 201,Dallas,Texas,75207,United States,12,4/12/2019,358736540,JQ Infrastructure LLC,JQ Infrastructure,www.jqieng.com,(972) 392-7340,100 Glass St. Ste. 201,Dallas,Texas,75207,United States,"Architecture, Engineering & Design",Industry.construction.architecture,Construction,Industry.construction,11800,Sales.10Mto25M,59,Employees.50to99,8712,871,541,5413,"TitleCode.IT,TitleCodeTop.Business,TitleCode.Technical,TitleCodeMiddle.Technical,TitleCode.Director,TitleCodeMiddle.Director","Engineering & Technical,Director",https://go.zoominfo.com/#/apps/search/person/results?personProfileId=-2119609607,11849170f0c8e9e1b75b8c1a535e6aaf,jqieng.com,orbitalitleads5-20
1934426700,Allen,Ron,,,,"Director, Information Technology",759,Information Technology,Director,,(803) 392-7744,ron.allen@wyle.com,601 Jefferson St. Ste. 3400,Houston,Texas,77002,United States,7,4/11/2019,135545775,KBR,KBR,www.kbr.com,(713) 753-2000,601 Jefferson St. Ste. 3400,Houston,Texas,77002,United States,Construction,Industry.construction,"Architecture, Engineering & Design",Industry.construction.architecture,4171000,Sales.1Gto5G,20000,Employees.10000plus,16,15,211,237310,"TitleCode.IT,TitleCodeTop.Business,TitleCodeMiddle.Technical,TitleCode.Director,TitleCodeMiddle.Director","Engineering & Technical,Director",https://go.zoominfo.com/#/apps/search/person/results?personProfileId=1934426700,cd803d672dab8f316199043a5de82f92,wyle.com,orbitalitleads5-20
1327025162,Chauhan,Nikhil,,,,"Strategy Director, Information Technology",759,Information Technology,Director,,(713) 753-3529,nikhil.chauhan@kbr.com,601 JEFFERSON St. Ste. 3400,Houston,Texas,77002,United States,101,3/21/2019,135545775,KBR,KBR,www.kbr.com,(713) 753-2000,601 Jefferson St. Ste. 3400,Houston,Texas,77002,United States,Construction,Industry.construction,"Architecture, Engineering & Design",Industry.construction.architecture,4171000,Sales.1Gto5G,20000,Employees.10000plus,16,15,211,237310,"TitleCode.IT,TitleCodeTop.Business,TitleCodeMiddle.Technical,TitleCode.Director,TitleCodeMiddle.Director","Engineering & Technical,Director",https://go.zoominfo.com/#/apps/search/person/results?personProfileId=1327025162,8be1a78e6756687d3f7e9ea673a54253,kbr.com,orbitalitleads5-20
-1762180182,Palis,Ryan,,,,"Director, Information Technology",759,Information Technology,Director,,,ryan@leightondesign.com,274 N Goodman St.,Rochester,New York,14607-1154,United States,11,4/12/2019,348722481,Leighton Design Group,Leighton Design,www.leightondesign.com,(561) 865-7191,1020 South Federal Hwy. Ste. 104,Delray Beach,Florida,33483,United States,"Architecture, Engineering & Design",Industry.construction.architecture,Construction,Industry.construction,7000,Sales.5Mto10M,35,Employees.20to49,8712,871,541,5413,"TitleCode.IT,TitleCodeTop.Business,TitleCodeMiddle.Technical,TitleCode.Director,TitleCodeMiddle.Director","Engineering & Technical,Director",https://go.zoominfo.com/#/apps/search/person/results?personProfileId=-1762180182,4afbeb9cb20645fd220b5b68ef2b8125,leightondesign.com,orbitalitleads5-20
806940494,Foreman,Tom,,,,"Director, Information Technology",759,Information Technology,Director,,,tforeman@lrk.com,175 Toyota Plz. Ste. 600,Memphis,Tennessee,38103,United States,20,5/8/2019,23052780,LRK Inc,LRK,www.lrk.com,(901) 521-1440,50 South B.B. King Blvd. Ste. 600,Memphis,Tennessee,38103,United States,"Architecture, Engineering & Design",Industry.construction.architecture,Construction,Industry.construction,21000,Sales.10Mto25M,105,Employees.100to249,8712,871,541,5413,"TitleCode.IT,TitleCodeTop.Business,TitleCodeMiddle.Technical,TitleCode.Director,TitleCodeMiddle.Director","Engineering & Technical,Director",https://go.zoominfo.com/#/apps/search/person/results?personProfileId=806940494,8371b42d323cd0de262981db34710317,lrk.com,orbitalitleads5-20
445044415,Howard,Mayes,,,,Information Technology Director and CAD Designer,759,Information Technology,Director,,,mhoward@mssarchitects.com,525 East Taylor St.,Griffin,Georgia,30223,United States,24,4/18/2019,74122155,Manley Spangler Smith Architects,MSSA,www.mssarchitects.com,(770) 227-5473,525 East Taylor St.,Griffin,Georgia,30223,United States,"Architecture, Engineering & Design",Industry.construction.architecture,Construction,Industry.construction,5200,Sales.5Mto10M,26,Employees.20to49,8712,871,541,5413,"TitleCode.IT,TitleCodeTop.Business,TitleCode.Technical,TitleCodeMiddle.Technical,TitleCode.Director,TitleCodeMiddle.Director","Engineering & Technical,Director",https://go.zoominfo.com/#/apps/search/person/results?personProfileId=445044415,80612c80b2f9bc9b3d6a4f0b67b7ddf7,mssarchitects.com,orbitalitleads5-20
-814700862,Carrillo,Frank,,,,"Director, IT Infrastructure & Operations",759,Operations,Director,,,frank.carrillo@mastec.com,800 S. DOUGLAS Rd. 12TH Fl.,Coral Gables,Florida,33134,United States,18,5/8/2019,24003054,MasTec Inc,MasTec,www.mastec.com,(305) 599-1800,800 S. DOUGLAS Rd. 12TH Fl.,Coral Gables,Florida,33134,United States,"Architecture, Engineering & Design",Industry.construction.architecture,Construction,Industry.construction,6606978,Sales.5GPlus,17300,Employees.10000plus,16,162,541,5413,"TitleCode.Operations,TitleCodeMiddle.Director,TitleCodeTop.Business,TitleCode.IT,TitleCodeMiddle.Operations,TitleCodeMiddle.Technical,TitleCode.Director","Operations,Director",https://go.zoominfo.com/#/apps/search/person/results?personProfileId=-814700862,7b66482e3dbc17a3d76e8c70eb27c2c1,mastec.com,orbitalitleads5-20
-931764858,Aguiar,John,,,,"Service Management Director, Information Technology",759,Information Technology,Director,,(305) 406-1890,john.aguiar@mastec.com,800 S. DOUGLAS Rd. 12TH Fl.,Coral Gables,Florida,33134,United States,10,5/13/2019,24003054,MasTec Inc,MasTec,www.mastec.com,(305) 599-1800,800 S. DOUGLAS Rd. 12TH Fl.,Coral Gables,Florida,33134,United States,"Architecture, Engineering & Design",Industry.construction.architecture,Construction,Industry.construction,6606978,Sales.5GPlus,17300,Employees.10000plus,16,162,541,5413,"TitleCode.IT,TitleCodeTop.Business,TitleCodeMiddle.Technical,TitleCode.Director,TitleCodeMiddle.Director","Engineering & Technical,Director",https://go.zoominfo.com/#/apps/search/person/results?personProfileId=-931764858,4c106d5a4c19955d5c4133f21dee42c6,mastec.com,orbitalitleads5-20
-2051083372,Chandler,Steven,,,,Information Technology Director,759,Information Technology,Director,,(786) 236-5345,steven.chandler@mastec.com,800 S. Douglas Rd. 10th Fl.,Coral Gables,Florida,33134,United States,15,4/8/2019,24003054,MasTec Inc,MasTec,www.mastec.com,(305) 599-1800,800 S. Douglas Rd. 10th Fl.,Coral Gables,Florida,33134,United States,"Architecture, Engineering & Design",Industry.construction.architecture,Construction,Industry.construction,6606978,Sales.5GPlus,17300,Employees.10000plus,16,162,541,5413,"TitleCode.IT,TitleCodeTop.Business,TitleCode.Technical,TitleCodeMiddle.Technical,TitleCode.Director,TitleCodeMiddle.Director","Engineering & Technical,Director",https://go.zoominfo.com/#/apps/search/person/results?personProfileId=-2051083372,c0eff79f115a63a4a6acfac353a35a0e,mastec.com,orbitalitleads5-20
1158482828,Araujo,Edson,O.,,,"Director, Information Technology Architecture",759,Information Technology,Director,,(305) 406-1878,edson.araujo@mastec.com,800 S. Douglas Rd. 10th Fl.,Coral Gables,Florida,33134,United States,40,4/30/2019,24003054,MasTec Inc,MasTec,www.mastec.com,(305) 599-1800,800 S. Douglas Rd. 10th Fl.,Coral Gables,Florida,33134,United States,"Architecture, Engineering & Design",Industry.construction.architecture,Construction,Industry.construction,6606978,Sales.5GPlus,17300,Employees.10000plus,16,162,541,5413,"TitleCode.IT,TitleCodeTop.Business,TitleCode.SoftwareEng,TitleCodeMiddle.Technical,TitleCode.Director,TitleCodeMiddle.Director","Engineering & Technical,Director",https://go.zoominfo.com/#/apps/search/person/results?personProfileId=1158482828,3ef248bd3d22bd34d342122f94eeee11,mastec.com,orbitalitleads5-20
1762667379,Nassif,Denise,,,,"IT & Operations Director, Customer Care",759,Operations,Director,,(918) 732-8508,dnassif@matrixservicecompany.com,5100 East Skelly Dr. Ste. 700,Tulsa,Oklahoma,74135,United States,29,5/8/2019,75288165,Matrix Service Company,Matrix Service,www.matrixservicecompany.com,(918) 838-8822,5100 East Skelly Dr. Ste. 700,Tulsa,Oklahoma,74135,United States,"Energy, Utilities & Waste Treatment General",Industry.energy.general,"Energy, Utilities & Waste Treatment",Industry.energy,1091553,Sales.1Gto5G,4650,Employees.1000to4999,17,16,221,2131,"TitleCode.Operations,TitleCodeMiddle.Director,TitleCodeTop.Business,TitleCode.IT,TitleCodeMiddle.Operations,TitleCode.CustomerRel,TitleCodeMiddle.Technical,TitleCode.Director","Operations,Director",https://go.zoominfo.com/#/apps/search/person/results?personProfileId=1762667379,9360fc6fc08e66714298fc515f0af21a,matrixservicecompany.com,orbitalitleads5-20
-1519276104,Hughes,Julius,,,,"Information Technology Director, Architecture",759,Technical,Director,,(918) 732-8520,jhughes@matrixservicecompany.com,5100 East Skelly Dr. Ste. 700,Tulsa,Oklahoma,74135,United States,20,4/22/2019,75288165,Matrix Service Company,Matrix Service,www.matrixservicecompany.com,(918) 838-8822,5100 East Skelly Dr. Ste. 700,Tulsa,Oklahoma,74135,United States,"Energy, Utilities & Waste Treatment General",Industry.energy.general,"Energy, Utilities & Waste Treatment",Industry.energy,1091553,Sales.1Gto5G,4650,Employees.1000to4999,17,16,221,2131,"TitleCode.Technical,TitleCodeMiddle.Director,TitleCodeTop.Business,TitleCode.IT,TitleCode.SoftwareEng,TitleCodeMiddle.Technical,TitleCode.Director","Engineering & Technical,Director",https://go.zoominfo.com/#/apps/search/person/results?personProfileId=-1519276104,4bffe88b7b216e57388f898e8ec7be7d,matrixservicecompany.com,orbitalitleads5-20
-2070892503,LeBlanc,Marc,,,,"Director, Information Technology",759,Information Technology,Director,,(919) 287-0911,leblanc@mcadamsco.com,2905 Meridian Pkwy.,Durham,North Carolina,27713,United States,19,4/19/2019,357200356,MCADAMS COMPANY,McAdams,www.mcadamsco.com,(919) 361-5000,2905 Meridian Pkwy.,Durham,North Carolina,27713,United States,"Architecture, Engineering & Design",Industry.construction.architecture,Construction,Industry.construction,29200,Sales.25Mto50M,146,Employees.100to249,8712,871,541,5413,"TitleCode.IT,TitleCodeTop.Business,TitleCodeMiddle.Technical,TitleCode.Director,TitleCodeMiddle.Director","Engineering & Technical,Director",https://go.zoominfo.com/#/apps/search/person/results?personProfileId=-2070892503,33f9e2f2de14ed9d0138b372046367e4,mcadamsco.com,orbitalitleads5-20
1911629232,Corn,Andrew,,,,"Director, Information Technology",759,Information Technology,Director,,(202) 220-0119,andrew.corn@mckissackdc.com,"901 K St., NW","Washington, D.C.",District of Columbia,20001,United States,47,4/7/2019,75810472,McKissack McKissack LLC,McKissack,www.mckinc.com,(202) 347-1446,"901 K St., NW","Washington, D.C.",District of Columbia,20001,United States,Construction,Industry.construction,Commercial & Residential Construction,Industry.construction.construction,,,121,Employees.100to249,8712,871,541,5413,"TitleCode.IT,TitleCodeTop.Business,TitleCodeMiddle.Technical,TitleCode.Director,TitleCodeMiddle.Director","Engineering & Technical,Director",https://go.zoominfo.com/#/apps/search/person/results?personProfileId=1911629232,f2ed8e628532cb58bcc45f1e5519f8d5,mckissackdc.com,orbitalitleads5-20
1895337524,Tamayo,Ivan,,,,"Iván Tamayo, Information Technology Director",759,Information Technology,Director,,(212) 226-0224,i.tamayo@meridiandesign.com,1140 Broadway,New York City,New York,10001,United States,51,5/6/2019,68027524,Meridian Design Associates,Meridian,www.meridiandesign.com,(212) 431-8643,1140 Broadway,New York City,New York,10001,United States,"Architecture, Engineering & Design",Industry.construction.architecture,Construction,Industry.construction,7600,Sales.5Mto10M,38,Employees.20to49,8712,871,541,5413,"TitleCode.IT,TitleCodeTop.Business,TitleCode.Technical,TitleCodeMiddle.Technical,TitleCode.Director,TitleCodeMiddle.Director","Engineering & Technical,Director",https://go.zoominfo.com/#/apps/search/person/results?personProfileId=1895337524,bb5da0672166f48f70d40e6e718c8c13,meridiandesign.com,orbitalitleads5-20
381343968,Read,Dean,R.,Mr.,,"Director, Information Technology",759,Information Technology,Director,,(512) 835-7000,drread@mlaw-eng.com,2804 Longhorn Blvd.,Austin,Texas,78758,United States,68,4/12/2019,25280646,MLAW Engineers,MLAW,www.mlaw-eng.com,(512) 835-7000,2804 Longhorn Blvd.,Austin,Texas,78758,United States,"Architecture, Engineering & Design",Industry.construction.architecture,Construction,Industry.construction,12800,Sales.10Mto25M,64,Employees.50to99,8712,871,541,5413,"TitleCode.IT,TitleCodeTop.Business,TitleCodeMiddle.Technical,TitleCode.Director,TitleCodeMiddle.Director","Engineering & Technical,Director",https://go.zoominfo.com/#/apps/search/person/results?personProfileId=381343968,04246e4ad8004de75c987d62f9b2a145,mlaw-eng.com,orbitalitleads5-20
1582071562,Webber,Larry,,,,Project Engineer and Director of Information Technology,759,Information Technology,Director,,,lwebber@mundellassociates.com,110 S Downey Ave.,Indianapolis,Indiana,46219,United States,21,5/3/2019,76629226,Mundell & Associates Inc,Mundell,www.mundellassociates.com,(317) 630-9060,110 South Downey Ave.,Indianapolis,Indiana,46219,United States,Construction,Industry.construction,"Architecture, Engineering & Design",Industry.construction.architecture,4600,Sales.1Mto5M,23,Employees.20to49,8712,871,541,5413,"TitleCode.IT,TitleCodeTop.Business,TitleCode.Engineer,TitleCodeMiddle.Technical,TitleCode.Director,TitleCodeMiddle.Director","Engineering & Technical,Director",https://go.zoominfo.com/#/apps/search/person/results?personProfileId=1582071562,e36af0afec5b0fdd280b9c0ea02a2b86,mundellassociates.com,orbitalitleads5-20
1758586514,Cassidy,Neil,,,,"Operations Director, Information Technology",759,Operations,Director,,,ncassidy@polarisce.com,214 W. Main St. Ste. #208,Moorestown,New Jersey,8057,United States,13,5/16/2019,67717993,Polaris Consulting Engineers P.C,Polaris,www.polarisce.com,(856) 778-5400,214 W. Main St. Ste. #208,Moorestown,New Jersey,8057,United States,"Architecture, Engineering & Design",Industry.construction.architecture,Construction,Industry.construction,4600,Sales.1Mto5M,23,Employees.20to49,8712,871,541,5413,"TitleCode.Operations,TitleCodeMiddle.Director,TitleCodeTop.Business,TitleCode.IT,TitleCodeMiddle.Operations,TitleCodeMiddle.Technical,TitleCode.Director","Operations,Director",https://go.zoominfo.com/#/apps/search/person/results?personProfileId=1758586514,2c6917b91042745e7da477872cf8a80d,polarisce.com,orbitalitleads5-20
-1013221592,Winterton,Rhett,,,,Director of Information Technology,759,Information Technology,Director,,,rwinterton@precisioneng.net,1234 St.,Fresno,California,93721,United States,7,4/19/2019,353544038,Precision Civil Engineering Inc,Precision Engineering,www.precisioneng.net,(559) 449-4500,1234 O St.,Fresno,California,93721,United States,"Architecture, Engineering & Design",Industry.construction.architecture,Construction,Industry.construction,4400,Sales.1Mto5M,22,Employees.20to49,8712,871,541,5413,"TitleCode.IT,TitleCodeTop.Business,TitleCodeMiddle.Technical,TitleCode.Director,TitleCodeMiddle.Director","Engineering & Technical,Director",https://go.zoominfo.com/#/apps/search/person/results?personProfileId=-1013221592,81d259060ea9e8a7bb9b95bde70b0ab7,precisioneng.net,orbitalitleads5-20
1631469119,Martinez,Elias,,,,"Director, Information Technology",759,Information Technology,Director,,(713) 403-8043,eli.martinez@willbros.com,2100 McKinney Ave. Ste. 1500,Dallas,Texas,75201,United States,18,4/11/2019,352834331,Primoris Services Corp,Primoris,www.prim.com,(214) 740-5600,2100 McKinney Ave. Ste. 1500,Dallas,Texas,75201,United States,Construction,Industry.construction,"Energy, Utilities & Waste Treatment General",Industry.energy.general,2379995,Sales.1Gto5G,7102,Employees.5000to9999,16,162,221,55,"TitleCode.IT,TitleCodeTop.Business,TitleCodeMiddle.Technical,TitleCode.Director,TitleCodeMiddle.Director","Engineering & Technical,Director",https://go.zoominfo.com/#/apps/search/person/results?personProfileId=1631469119,53063baef8da7339b912d2ce148feb2a,willbros.com,orbitalitleads5-20
1931849276,Haines,Timothy,,,,"Director, Information Technology",759,Information Technology,Director,,(713) 403-8189,timothy.haines@willbros.com,2100 McKinney Ave. Ste. 1500,Dallas,Texas,75201,United States,34,4/11/2019,352834331,Primoris Services Corp,Primoris,www.prim.com,(214) 740-5600,2100 McKinney Ave. Ste. 1500,Dallas,Texas,75201,United States,Construction,Industry.construction,"Energy, Utilities & Waste Treatment General",Industry.energy.general,2379995,Sales.1Gto5G,7102,Employees.5000to9999,16,162,221,55,"TitleCode.IT,TitleCodeTop.Business,TitleCodeMiddle.Technical,TitleCode.Director,TitleCodeMiddle.Director","Engineering & Technical,Director",https://go.zoominfo.com/#/apps/search/person/results?personProfileId=1931849276,78176b2441ad3d2b56e4ee2ee4752a39,willbros.com,orbitalitleads5-20
-866694409,Nguyen,Ken,,,,"Director, Information Technology",759,Information Technology,Director,,,ken.nguyen@willbros.com,2100 McKinney Ave. Ste. 1500,Dallas,Texas,75201,United States,2,4/11/2019,352834331,Primoris Services Corp,Primoris,www.prim.com,(214) 740-5600,2100 McKinney Ave. Ste. 1500,Dallas,Texas,75201,United States,Construction,Industry.construction,"Energy, Utilities & Waste Treatment General",Industry.energy.general,2379995,Sales.1Gto5G,7102,Employees.5000to9999,16,162,221,55,"TitleCode.IT,TitleCodeTop.Business,TitleCodeMiddle.Technical,TitleCode.Director,TitleCodeMiddle.Director","Engineering & Technical,Director",https://go.zoominfo.com/#/apps/search/person/results?personProfileId=-866694409,820d57099ede357a2c4c47b339a9031b,willbros.com,orbitalitleads5-20
1532078586,Fenstermacher,Jerry,A.,,,Director of Information Technology,759,Information Technology,Director,,,jerryf@pdgnw.com,3772 Portland Rd. NE,Salem,Oregon,97301,United States,32,4/12/2019,350763657,Project Delivery Group LLC,PDG,www.pdgnw.com,(503) 364-4004,3772 Portland Rd. NE,Salem,Oregon,97301,United States,Construction,Industry.construction,Commercial & Residential Construction,Industry.construction.construction,9200,Sales.5Mto10M,46,Employees.20to49,8712,871,541,5413,"TitleCode.IT,TitleCodeTop.Business,TitleCodeMiddle.Technical,TitleCode.Director,TitleCodeMiddle.Director","Engineering & Technical,Director",https://go.zoominfo.com/#/apps/search/person/results?personProfileId=1532078586,6a2583e778337b65d2269a53acb6d954,pdgnw.com,orbitalitleads5-20
1473682690,Converse,Michael,,,,"Director, Information Technology",759,Information Technology,Director,,,mikec@projectdesign.com,701 B St.,San Diego,California,92101,United States,7,4/11/2019,97797782,Project Design Consultants,Project Design,www.projectdesign.com,(619) 235-6471,701 B St.,San Diego,California,92101,United States,"Architecture, Engineering & Design",Industry.construction.architecture,Construction,Industry.construction,19800,Sales.10Mto25M,99,Employees.50to99,8712,871,541,5413,"TitleCode.IT,TitleCodeTop.Business,TitleCodeMiddle.Technical,TitleCode.Director,TitleCodeMiddle.Director","Engineering & Technical,Director",https://go.zoominfo.com/#/apps/search/person/results?personProfileId=1473682690,1319ccb65205923c1fab817c2862156e,projectdesign.com,orbitalitleads5-20
-968296250,Tran,Tu,,,,"Director, Information Technology Applications",759,Information Technology,Director,,(713) 457-7616,ttran@quantaservices.com,2800 POST OAK Blvd. Ste. 2600,Houston,Texas,77056,United States,92,3/21/2019,31802379,Quanta Services Inc,Quanta Services,www.quantaservices.com,(713) 629-7600,2800 POST OAK Blvd. Ste. 2600,Houston,Texas,77056,United States,Telecommunications General,Industry.telecom.general,Telecommunications,Industry.telecom,9466478,Sales.5GPlus,32800,Employees.10000plus,17,173,5413,23821,"TitleCode.IT,TitleCodeTop.Business,TitleCodeMiddle.Technical,TitleCode.Director,TitleCodeMiddle.Director","Engineering & Technical,Director",https://go.zoominfo.com/#/apps/search/person/results?personProfileId=-968296250,2c4f37afd0724ad3dc66eaddc7bfbae1,quantaservices.com,orbitalitleads5-20
-1655674380,Novoa,Octavio,,,,"Director, Information Technology (Latin America)",759,Information Technology,Director,,,onovoa@quantaservices.com,"5803 NW 151 St. 3rd Fl., Mail box 305-307",Miami Lakes,Florida,33014,United States,6,5/15/2019,31802379,Quanta Services Inc,Quanta Services,www.quantaservices.com,(713) 629-7600,2800 POST OAK Blvd. Ste. 2600,Houston,Texas,77056,United States,Telecommunications General,Industry.telecom.general,Telecommunications,Industry.telecom,9466478,Sales.5GPlus,32800,Employees.10000plus,17,173,221,5413,"TitleCode.IT,TitleCodeTop.Business,TitleCodeMiddle.Technical,TitleCode.Director,TitleCodeMiddle.Director","Engineering & Technical,Director",https://go.zoominfo.com/#/apps/search/person/results?personProfileId=-1655674380,1873646f82e21e74052db0e4be854a58,quantaservices.com,orbitalitleads5-20
-1128229397,de Orla,Chris,,,,"Director, Information Technology (Valard)",759,Information Technology,Director,,(780) 436-9876 ext. 3184,cdeorla@quantaservices.com,4209 99 St. NW Unit 209,Edmonton,Alberta,T6E 5V7,Canada,13,3/26/2019,31802379,Quanta Services Inc,Quanta Services,www.quantaservices.com,(713) 629-7600,2800 POST OAK Blvd. Ste. 2600,Houston,Texas,77056,United States,Telecommunications General,Industry.telecom.general,Telecommunications,Industry.telecom,9466478,Sales.5GPlus,32800,Employees.10000plus,17,173,5413,23821,"TitleCode.IT,TitleCodeTop.Business,TitleCodeMiddle.Technical,TitleCode.Director,TitleCodeMiddle.Director","Engineering & Technical,Director",https://go.zoominfo.com/#/apps/search/person/results?personProfileId=-1128229397,f58c17bf175ec1712e77c930ed74858b,quantaservices.com,orbitalitleads5-20
-1784712618,Saunders,Carl,,,,"Director, Information Technology",759,Information Technology,Director,,,csaunders@rossetti.com,2 Towne Sq. Ste. 200,Southfield,Michigan,48076,United States,13,4/16/2019,33227494,Rossetti Associates Inc,Rossetti,www.rossetti.com,(313) 463-5151,"160 W Fort St., Ste. 400",Detroit,Michigan,48226,United States,"Architecture, Engineering & Design",Industry.construction.architecture,Construction,Industry.construction,,,114,Employees.100to249,8712,871,541,5413,"TitleCode.IT,TitleCodeTop.Business,TitleCodeMiddle.Technical,TitleCode.Director,TitleCodeMiddle.Director","Engineering & Technical,Director",https://go.zoominfo.com/#/apps/search/person/results?personProfileId=-1784712618,6bd3c9d73e44b193bd6ab3a3fad98007,rossetti.com,orbitalitleads5-20
1167921019,Hahn,Cecil,,,,"Director, Information Technology",759,Information Technology,Director,,(810) 341-7500 ext. 2243,chahn@rowepsc.com,540 S Saginaw St. Ste. 200,Flint,Michigan,48502,United States,19,5/15/2019,64373361,Rowe Professional Services Company,Rowe,www.rowepsc.com,(810) 341-7500,"540 S. Saginaw St., Ste. 200",Flint,Michigan,48502,United States,"Architecture, Engineering & Design",Industry.construction.architecture,Construction,Industry.construction,30200,Sales.25Mto50M,151,Employees.100to249,8712,871,541,5413,"TitleCode.IT,TitleCodeTop.Business,TitleCodeMiddle.Technical,TitleCode.Director,TitleCodeMiddle.Director","Engineering & Technical,Director",https://go.zoominfo.com/#/apps/search/person/results?personProfileId=1167921019,2f689f1716c2f795ff7d1d4d199edd42,rowepsc.com,orbitalitleads5-20
-1215025497,Dabu,Navroz,N.,,,"Director, Information Technology",759,Information Technology,Director,,,ndabu@schopfer.com,1111 James St.,Syracuse,New York,13203,United States,10,4/12/2019,103891066,Schopfer Architects LLP,Schopfer,www.schopfer.com,(315) 474-6501,1111 James St.,Syracuse,New York,13203,United States,"Architecture, Engineering & Design",Industry.construction.architecture,Construction,Industry.construction,2400,Sales.1Mto5M,12,Employees.10to19,8712,871,541,5413,"TitleCode.IT,TitleCodeTop.Business,TitleCodeMiddle.Technical,TitleCode.Director,TitleCodeMiddle.Director","Engineering & Technical,Director",https://go.zoominfo.com/#/apps/search/person/results?personProfileId=-1215025497,fe21c9ddbf1f6855d0274274a1beda0e,schopfer.com,orbitalitleads5-20
1196111563,Blalock,Richard,W.,,,"Director, Information Technology",759,Information Technology,Director,,(843) 884-1667 ext. 214,rblalock@seamonwhiteside.com,501 Wando Park Blvd. Ste. 200,Mount Pleasant,South Carolina,29464,United States,15,3/26/2019,34292088,Seamon Whiteside,Seamon Whiteside,www.seamonwhiteside.com,(843) 884-1667,501 Wando Park Blvd. Ste. 200,Mount Pleasant,South Carolina,29464,United States,"Architecture, Engineering & Design",Industry.construction.architecture,Construction,Industry.construction,12800,Sales.10Mto25M,64,Employees.50to99,8712,871,541,5413,"TitleCode.IT,TitleCodeTop.Business,TitleCodeMiddle.Technical,TitleCode.Director,TitleCodeMiddle.Director","Engineering & Technical,Director",https://go.zoominfo.com/#/apps/search/person/results?personProfileId=1196111563,4c1bd8d9e7d9c763ca1ba5ad603e1e3a,seamonwhiteside.com,orbitalitleads5-20
-1972285112,Mansfield,Frances,,,,Director Information Technology Applications,759,Information Technology,Director,,(954) 797-5450,fran.mansfield@stofgaming.com,,,Florida,,United States,2,4/15/2019,105710328,SGA Companies Inc,SGA,www.sgacos.com,(301) 652-6263,7508 Wisconsin Ave. 4Th Fl.,Bethesda,Maryland,20814,United States,"Architecture, Engineering & Design",Industry.construction.architecture,Construction,Industry.construction,21600,Sales.10Mto25M,108,Employees.100to249,8712,871,541,5413,"TitleCode.IT,TitleCodeTop.Business,TitleCodeMiddle.Technical,TitleCode.Director,TitleCodeMiddle.Director","Engineering & Technical,Director",https://go.zoominfo.com/#/apps/search/person/results?personProfileId=-1972285112,4eeb375fe7d843468565f7effd9a5ac5,stofgaming.com,orbitalitleads5-20
40099768,Khozeimeh,Khalil,,,,"Director, Information Technology",759,Information Technology,Director,,(301) 881-1441 ext. 313,khalilk@skaengineers.com,12505 PARK POTOMAC Ave. Ste. 200,Potomac,Maryland,20854,United States,24,4/23/2019,107889128,Smislova Kehnemui & Associates P.A,SKA,www.skaengineers.com,(301) 881-1441,12505 PARK POTOMAC Ave. Ste. 200,Potomac,Maryland,20854,United States,"Architecture, Engineering & Design",Industry.construction.architecture,Construction,Industry.construction,26000,Sales.25Mto50M,130,Employees.100to249,8712,871,541,5413,"TitleCode.IT,TitleCodeTop.Business,TitleCodeMiddle.Technical,TitleCode.Director,TitleCodeMiddle.Director","Engineering & Technical,Director",https://go.zoominfo.com/#/apps/search/person/results?personProfileId=40099768,c437b1dfd8d3ef54d46a687747e04d8e,skaengineers.com,orbitalitleads5-20
-1777173741,Peng,Jack,,,,"Senior Director, Information Technology",763,Information Technology,Director,,,jpeng@spring-green.com,P.O. Box 1529,Plainfield,Illinois,60544,United States,5,4/11/2019,99418320,Spring-Green,Spring-Green,www.spring-green.com,(815) 436-8777,11909 Spaulding School Dr.,Plainfield,Illinois,60585,United States,"Architecture, Engineering & Design",Industry.construction.architecture,Construction,Industry.construction,28800,Sales.25Mto50M,144,Employees.100to249,8712,871,541,5413,"TitleCode.IT,TitleCodeTop.Business,TitleCodeMiddle.Technical,TitleCode.Director,TitleCodeMiddle.Director","Engineering & Technical,Director",https://go.zoominfo.com/#/apps/search/person/results?personProfileId=-1777173741,b1edef2978ad4731797883194c90c52b,spring-green.com,orbitalitleads5-20
-1016309744,Schendel,Joe,,,,"Director, Information Technology",759,Information Technology,Director,,(763) 249-6766,jschendel@srfconsulting.com,,,Minnesota,,United States,5,5/3/2019,110559515,"SRF Consulting Group , Inc.",SRF,www.srfconsulting.com,(763) 475-0010,One Carlson Pkwy. North Ste. 150,Minneapolis,Minnesota,55447,United States,"Architecture, Engineering & Design",Industry.construction.architecture,Construction,Industry.construction,37500,Sales.25Mto50M,262,Employees.250to499,8712,871,541,5413,"TitleCode.IT,TitleCodeTop.Business,TitleCodeMiddle.Technical,TitleCode.Director,TitleCodeMiddle.Director","Engineering & Technical,Director",https://go.zoominfo.com/#/apps/search/person/results?personProfileId=-1016309744,8958482ecb76dee201070818821c443f,srfconsulting.com,orbitalitleads5-20
3041700758,Mayer,Ted,,,III,"Director, Information Technology",759,Information Technology,Director,,,tmayer@stimsonstudio.com,,,,,,3,5/11/2019,114311721,Stephen Stimson Associates,Timson,www.stimsonstudio.com,(617) 876-8960,288 Norfolk St.,Cambridge,Massachusetts,2139,United States,"Architecture, Engineering & Design",Industry.construction.architecture,Construction,Industry.construction,7000,Sales.5Mto10M,35,Employees.20to49,8712,871,541,5413,"TitleCode.IT,TitleCodeTop.Business,TitleCodeMiddle.Technical,TitleCode.Director,TitleCodeMiddle.Director","Engineering & Technical,Director",https://go.zoominfo.com/#/apps/search/person/results?personProfileId=3041700758,517a6365bd30aa77a6136aa070a4e293,stimsonstudio.com,orbitalitleads5-20
3589845,Chamberlain,Gary,L.,,,"Director, Information Technology",759,Information Technology,Director,,(407) 423-5355,gchamberlain@strolloarchitects.com,,Orlando,Florida,,United States,21,4/12/2019,60752831,Strollo Architects Inc,Strollo,www.strolloarchitects.com,(330) 743-1177,201 W Federal St.,Youngstown,Ohio,44503,United States,"Architecture, Engineering & Design",Industry.construction.architecture,Construction,Industry.construction,5400,Sales.5Mto10M,27,Employees.20to49,8712,871,541,5413,"TitleCode.IT,TitleCodeTop.Business,TitleCodeMiddle.Technical,TitleCode.Director,TitleCodeMiddle.Director","Engineering & Technical,Director",https://go.zoominfo.com/#/apps/search/person/results?personProfileId=3589845,21826998874e6ac95579b4c231428399,strolloarchitects.com,orbitalitleads5-20
582426926,Perrigon,Mark,W.,,,Information Technology Director,759,Information Technology,Director,,,mperrigon@strdetail.com,229 Ward Circle Ste. C-12,Brentwood,Tennessee,37027,United States,20,4/24/2019,356340108,Structural Detailing LLC,Structrual Detailing,www.strdetail.com,(615) 369-0200,229 Ward Circle Ste. C-12,Brentwood,Tennessee,37027,United States,"Architecture, Engineering & Design",Industry.construction.architecture,Construction,Industry.construction,2000,Sales.1Mto5M,10,Employees.10to19,8712,871,541,5413,"TitleCode.IT,TitleCodeTop.Business,TitleCode.Technical,TitleCodeMiddle.Technical,TitleCode.Director,TitleCodeMiddle.Director","Engineering & Technical,Director",https://go.zoominfo.com/#/apps/search/person/results?personProfileId=582426926,90bdc011a3feff9a6193f8174af84c6c,strdetail.com,orbitalitleads5-20
43108911,Lick,Edward,C.,,,"Director, Information Technology",759,Information Technology,Director,,(610) 385-8335,edward.lick@stvinc.com,205 West Welsh Dr.,Douglassville,Pennsylvania,19518,United States,78,4/25/2019,101466853,STV Incorporated,STV,www.stvinc.com,(212) 777-4400,225 Park Ave. S,New York City,New York,10003,United States,Construction,Industry.construction,Commercial & Residential Construction,Industry.construction.construction,,,4555,Employees.1000to4999,87,871,541,5413,"TitleCode.IT,TitleCodeTop.Business,TitleCodeMiddle.Technical,TitleCode.Director,TitleCodeMiddle.Director","Engineering & Technical,Director",https://go.zoominfo.com/#/apps/search/person/results?personProfileId=43108911,8af096baec73f96cc06881e1df276415,stvinc.com,orbitalitleads5-20
2995517316,Dughman,Todd,,,,"Director, Information Technology",759,Information Technology,Director,,,tdughman@tnpinc.com,,,,,,3,5/17/2019,356224339,Teague Nall & Perkins,TNP,www.tnpinc.com,(817) 336-5773,5237 N. Riverside Dr. Ste. 100,Fort Worth,Texas,76137,United States,"Architecture, Engineering & Design",Industry.construction.architecture,Construction,Industry.construction,17000,Sales.10Mto25M,85,Employees.50to99,8712,871,541,5413,"TitleCode.IT,TitleCodeTop.Business,TitleCodeMiddle.Technical,TitleCode.Director,TitleCodeMiddle.Director","Engineering & Technical,Director",https://go.zoominfo.com/#/apps/search/person/results?personProfileId=2995517316,e85e70f42dda06f9a17cba3b4b439616,tnpinc.com,orbitalitleads5-20
1666948960,Bowman,Dan,,,,"Director, Information Technology",759,Information Technology,Director,,,dan.bowman@tbe.com,1049 Camino Dos Rios,Thousand Oaks,California,91360,United States,6,4/11/2019,73105793,"Teledyne Brown Engineering , Inc.",TBE,www.tbe.com,(256) 726-1000,300 Sparkman Dr. Cummings Research Park,Huntsville,Alabama,35805,United States,Manufacturing General,Industry.mfg.general,Manufacturing,Industry.mfg,183760,Sales.100MMto250M,800,Employees.500to999,37,372,541,5413,"TitleCode.IT,TitleCodeTop.Business,TitleCodeMiddle.Technical,TitleCode.Director,TitleCodeMiddle.Director","Engineering & Technical,Director",https://go.zoominfo.com/#/apps/search/person/results?personProfileId=1666948960,dc5be390b018e85ec85efac76cd67244,tbe.com,orbitalitleads5-20
1886515921,Maune,Cheryl,,,,"Director, Information Technology",759,Information Technology,Director,,(314) 242-1569,cheryl.maune@thelawrencegroup.com,319 North 4th St. Ste. 1000,St. Louis,Missouri,63102,United States,20,5/16/2019,55969441,The Lawrence Group,Lawrence,www.thelawrencegroup.com,(314) 231-5700,319 North 4th St. Ste. 1000,St. Louis,Missouri,63102,United States,"Architecture, Engineering & Design",Industry.construction.architecture,Construction,Industry.construction,46200,Sales.25Mto50M,231,Employees.100to249,8712,871,541,5413,"TitleCode.IT,TitleCodeTop.Business,TitleCodeMiddle.Technical,TitleCode.Director,TitleCodeMiddle.Director","Engineering & Technical,Director",https://go.zoominfo.com/#/apps/search/person/results?personProfileId=1886515921,115729f046d1f0b18239a0b993d68ce5,thelawrencegroup.com,orbitalitleads5-20
-919928470,LaVolpe,John,,,,"Director, Information Technology",759,Information Technology,Director,,(516) 214-8162,lavolpej@liro.com,3 AERIAL WAY,Syosset,New York,11791,United States,7,4/11/2019,63197075,The LiRo Group,LiRo,www.liro.com,(516) 938-5476,3 AERIAL WAY,Syosset,New York,11791,United States,"Architecture, Engineering & Design",Industry.construction.architecture,Management Consulting,Industry.bizservice.consulting,300000,Sales.250Mto500M,750,Employees.500to999,874,87,221,541,"TitleCode.IT,TitleCodeTop.Business,TitleCodeMiddle.Technical,TitleCode.Director,TitleCodeMiddle.Director","Engineering & Technical,Director",https://go.zoominfo.com/#/apps/search/person/results?personProfileId=-919928470,3ab247b3b8e80f2d8a3f4e851f07a98f,liro.com,orbitalitleads5-20
1901287691,Evans,James,,,,"Director, Information Technology",759,Information Technology,Director,,(217) 444-5429,james.evans@thyssenkrupp.com,1000 Lynch Rd.,Danville,Illinois,61834,United States,13,3/22/2019,34932407,ThyssenKrupp AG,ThyssenKrupp,www.thyssenkrupp.com,+49 201 8440,ThyssenKrupp Allee 1,Essen,Nordrhein-Westfalen,45143,Germany,"Architecture, Engineering & Design",Industry.construction.architecture,Construction,Industry.construction,41657977,Sales.5GPlus,161096,Employees.10000plus,33,331,33111,5413,"TitleCode.IT,TitleCodeTop.Business,TitleCodeMiddle.Technical,TitleCode.Director,TitleCodeMiddle.Director","Engineering & Technical,Director",https://go.zoominfo.com/#/apps/search/person/results?personProfileId=1901287691,498adb9011e65fd478b7f536f75df696,thyssenkrupp.com,orbitalitleads5-20
253791772,Ralphs,Barry,,,,IT Associate & Director,755,Information Technology,Director,,(510) 549-1906 ext. 224,b.ralphs@tippingstructural.com,1906 Shattuck Ave.,Berkeley,California,94704,United States,33,5/16/2019,95682748,Tipping Mar,Tipping Mar,www.tippingmar.com,(510) 549-1906,1906 Shattuck Ave.,Berkeley,California,94704,United States,"Architecture, Engineering & Design",Industry.construction.architecture,Construction,Industry.construction,7000,Sales.5Mto10M,35,Employees.20to49,8712,871,541,5413,"TitleCode.IT,TitleCodeTop.Business,TitleCodeMiddle.Technical,TitleCode.Director,TitleCodeMiddle.Director","Engineering & Technical,Director",https://go.zoominfo.com/#/apps/search/person/results?personProfileId=253791772,07027fe7b81318b8aac6b8cc2315dd96,tippingstructural.com,orbitalitleads5-20
1663319557,Michael,Jeff,,,,Information Technology Director,759,Information Technology,Director,,,jeffmichael@trugreenmail.com,860 Ridge Lake Blvd.,Memphis,Tennessee,38120,United States,14,4/11/2019,39620048,TruGreen Company,TruGreen,www.trugreen.com,(901) 681-1800,860 Ridge Lake Blvd.,Memphis,Tennessee,38120,United States,"Architecture, Engineering & Design",Industry.construction.architecture,Construction,Industry.construction,,,12000,Employees.10000plus,7,78,56173,541,"TitleCode.IT,TitleCodeTop.Business,TitleCode.Technical,TitleCodeMiddle.Technical,TitleCode.Director,TitleCodeMiddle.Director","Engineering & Technical,Director",https://go.zoominfo.com/#/apps/search/person/results?personProfileId=1663319557,386f3db3113d85465c3c86803549bab7,trugreenmail.com,orbitalitleads5-20
2088567930,Jones,Chris,,,,"Director, Information Technology",759,Information Technology,Director,,,cjones@vcea.org,32 Brower Ln.,Hillsborough,New Jersey,8844,United States,7,4/23/2019,111428392,Van Cleef Engineering Associates LLC,Van Cleef,www.vcea.org,(908) 359-8291,32 Brower Ln.,Hillsborough,New Jersey,8844,United States,Construction,Industry.construction,"Architecture, Engineering & Design",Industry.construction.architecture,,,183,Employees.100to249,8712,871,541,5413,"TitleCode.IT,TitleCodeTop.Business,TitleCodeMiddle.Technical,TitleCode.Director,TitleCodeMiddle.Director","Engineering & Technical,Director",https://go.zoominfo.com/#/apps/search/person/results?personProfileId=2088567930,f7eac8fbed087347ddafe621b479d804,vcea.org,orbitalitleads5-20
1555661208,Kilgore,Kamika,,,,Information Technology Director,759,Information Technology,Director,,(510) 748-7923,kamika@webcor.com,"1751 Harbor Bay Pkwy., Ste. 200",Alameda,California,94502,United States,25,3/26/2019,126960260,Webcor Builders Inc,Webcor,www.webcor.com,(415) 978-1000,207 King St. Ste. 300,San Francisco,California,94107,United States,Commercial & Residential Construction,Industry.construction.construction,Construction,Industry.construction,1557450,Sales.1Gto5G,1000,Employees.1000to4999,8712,871,541,5413,"TitleCode.IT,TitleCodeTop.Business,TitleCode.Technical,TitleCodeMiddle.Technical,TitleCode.Director,TitleCodeMiddle.Director","Engineering & Technical,Director",https://go.zoominfo.com/#/apps/search/person/results?personProfileId=1555661208,d600c08b121143f25f9785c1e5fd17a3,webcor.com,orbitalitleads5-20
3028023189,Goldstein,Brian,,,,Global Information Technology Director,759,Information Technology,Director,,,briangoldstein@wilsonassoc.com,,,,,,4,5/2/2019,116080681,Wilson & Associates LLC,Wilson & Associates,www.wilsonassociates.com,(214) 521-6753,3811 Turtle Creek Blvd. Ste. 1600,Dallas,Texas,75219,United States,"Architecture, Engineering & Design",Industry.construction.architecture,Construction,Industry.construction,62400,Sales.50Mto100M,312,Employees.250to499,8712,871,541,5413,"TitleCode.IT,TitleCodeTop.Business,TitleCode.Technical,TitleCodeMiddle.Technical,TitleCode.Director,TitleCodeMiddle.Director","Engineering & Technical,Director",https://go.zoominfo.com/#/apps/search/person/results?personProfileId=3028023189,352045be06d2e13977e42178c418dd44,wilsonassoc.com,orbitalitleads5-20
-1216153645,Chreene,Craig,,,,Information Technology Director,759,Information Technology,Director,,(214) 325-6500,cchreene@wraarchitects.com,,,Texas,,United States,9,4/27/2019,56476000,"WRA Architects , Inc.",WRA,www.wraarchitects.com,(214) 750-0077,12377 Merit Dr. Ste. 1800,Dallas,Texas,75251,United States,"Architecture, Engineering & Design",Industry.construction.architecture,Construction,Industry.construction,7800,Sales.5Mto10M,39,Employees.20to49,8712,871,541,5413,"TitleCode.IT,TitleCodeTop.Business,TitleCode.Technical,TitleCodeMiddle.Technical,TitleCode.Director,TitleCodeMiddle.Director","Engineering & Technical,Director",https://go.zoominfo.com/#/apps/search/person/results?personProfileId=-1216153645,1fe20743cd192eb701e4498ef3864178,wraarchitects.com,orbitalitleads5-20
