Zoom Individual ID,Last name,First name,Middle name,Salutation,Suffix,Job title,Job title hierarchy level,Job Function,Management Level,Company division name,Direct Phone Number,Email address,Person Street,Person City,Person State,Person Zip,Country,Source count,Last updated date,Zoom company ID,Company name,Column1,Company domain name,Company phone number,Company Street address,Company City,Company State,Company ZIP/Postal code,Company Country,Industry label,Industry hierarchical category,Secondary industry label,Secondary industry hierarchical category,Revenue (in 000s),Revenue Range,Employees,Employees Range,SIC1,SIC2,NAICS1,NAICS2,TitleCode,Highest Level Job Function,Contact Zoom URL,Encrypted Email Address,Email Domain,Query Name
2468423705,Richards,Aaron,,,,"Director, Information Technology",759,Information Technology,Director,,(727) 254-5555,aaron.richards@leadersfurniture.com,6303 126th Ave. N.,Largo,Florida,33773,United States,6,5/29/2019,84394774,Leader's Casual Furniture,Leader's Furniture,www.leadersfurniture.com,(727) 538-5577,6303 126th Ave. N.,Largo,Florida,33773,United States,Furniture,Industry.retail.furniture,Retail,Industry.retail,22370,Sales.10Mto25M,180,Employees.100to249,5712,571,48,45,"TitleCode.IT,TitleCodeTop.Business,TitleCodeMiddle.Technical,TitleCode.Director,TitleCodeMiddle.Director","Engineering & Technical,Director",https://go.zoominfo.com/#/apps/search/person/results?personProfileId=2468423705,4d25f2b9eead3babd3fec4ad9bec7d3d,leadersfurniture.com,orbitalitleads6-3
-1998706156,Martinez,Gilmer,,,,"Director, Information Technology",759,Information Technology,Director,,,gmartinez@navillusinc.com,633 3RD Ave. 17TH Fl.,New York City,New York,10017,United States,24,5/31/2019,82117267,Navillus Tile Inc,Navillus Tile,www.navillusinc.com,(212) 750-1808,633 3RD Ave. 17TH Fl.,New York City,New York,10017,United States,Commercial & Residential Construction,Industry.construction.construction,Construction,Industry.construction,18000,Sales.10Mto25M,90,Employees.50to99,,,23,2362,"TitleCode.IT,TitleCodeTop.Business,TitleCodeMiddle.Technical,TitleCode.Director,TitleCodeMiddle.Director","Engineering & Technical,Director",https://go.zoominfo.com/#/apps/search/person/results?personProfileId=-1998706156,61d81a46503aaba038bc8329ea28d21e,navillusinc.com,orbitalitleads6-3
2078985298,Bernstein,Jeremy,W.,,,"Director, Information Technology",759,Information Technology,Director,,(813) 626-8443,jeremyb@envirotrac.com,5309 56th Commerce Park Blvd.,Tampa,Florida,33610,United States,34,5/28/2019,29165801,EnviroTrac Ltd,EnviroTrac,www.envirotrac.com,(631) 924-3001,5 Old Dock Rd.,Yaphank,New York,11980,United States,Commercial & Residential Construction,Industry.construction.construction,Construction,Industry.construction,39800,Sales.25Mto50M,199,Employees.100to249,,,,,"TitleCode.IT,TitleCodeTop.Business,TitleCodeMiddle.Technical,TitleCode.Director,TitleCodeMiddle.Director","Engineering & Technical,Director",https://go.zoominfo.com/#/apps/search/person/results?personProfileId=2078985298,b60ae6a6d2ae2933ab168e21edde1967,envirotrac.com,orbitalitleads6-3
1676156744,Sparks,Mac,,,,"Director, Information Technology",759,Information Technology,Director,,(205) 802-5317,msparks@nelbro.com,820 Shades Creek Pkwy. Ste. 2000,Birmingham,Alabama,35209,United States,12,5/30/2019,74646400,Nelson Brothers LLC,Nelson Brothers,www.nelsonbrothers.com,(205) 414-2900,820 Shades Creek Pkwy. Ste. 2000,Birmingham,Alabama,35209,United States,Commercial & Residential Construction,Industry.construction.construction,Construction,Industry.construction,9000,Sales.5Mto10M,45,Employees.20to49,,,,,"TitleCode.IT,TitleCodeTop.Business,TitleCodeMiddle.Technical,TitleCode.Director,TitleCodeMiddle.Director","Engineering & Technical,Director",https://go.zoominfo.com/#/apps/search/person/results?personProfileId=1676156744,9cd974465c221c647b9beb747171fc5c,nelbro.com,orbitalitleads6-3
1282108517,Grothaus,Scott,,,,"Director, Project Management Office & Project Manager, Information Technology",759,Information Technology,Director,,(513) 482-5370,sgrothaus@messer.com,5158 Fishwick Dr.,Cincinnati,Ohio,45216,United States,24,5/28/2019,51135981,Messer Construction Co,Messer,www.messer.com,(513) 242-1541,643 W. Ct. St.,Cincinnati,Ohio,45203,United States,Commercial & Residential Construction,Industry.construction.construction,Construction,Industry.construction,,,687,Employees.500to999,,,,,"TitleCodeMiddle.Manager,TitleCode.ProjectManagement,TitleCodeMiddle.Director,TitleCode.IT,TitleCodeTop.Business,TitleCodeMiddle.Operations,TitleCodeMiddle.Technical,TitleCode.Director,TitleCode.Manager","Manager,Director",https://go.zoominfo.com/#/apps/search/person/results?personProfileId=1282108517,56fc40f93a7bc001e2b4712b5ee88640,messer.com,orbitalitleads6-3
1699405559,Belvedere,Tony,,,,"Director, Information Technology",759,Information Technology,Director,,(805) 985-7700 ext. 122,tbelvedere@jsltechinc.com,1701 PACIFIC Ave. Ste. 270,Oxnard,California,93033,United States,37,5/28/2019,354451536,JSL Technologies Inc,JSL Technologies,www.jsltechinc.com,(805) 985-7700,1701 PACIFIC Ave. Ste. 270,Oxnard,California,93033,United States,Commercial & Residential Construction,Industry.construction.construction,Construction,Industry.construction,16400,Sales.10Mto25M,157,Employees.100to249,,,,,"TitleCode.IT,TitleCodeTop.Business,TitleCodeMiddle.Technical,TitleCode.Director,TitleCodeMiddle.Director","Engineering & Technical,Director",https://go.zoominfo.com/#/apps/search/person/results?personProfileId=1699405559,180b100372f91d265b2371a7087e547d,jsltechinc.com,orbitalitleads6-3
2417295961,Volmer,Thomas,,,,"Director, Information Technology",759,Information Technology,Director,,(214) 443-5680,tvolmer@austin-ind.com,3535 Travis St.,Dallas,Texas,75204,United States,20,5/22/2019,24760267,Austin Industries Inc,Austin Industries,www.austin-ind.com,(214) 443-5500,3535 Travis St.,Dallas,Texas,75204,United States,Construction General,Industry.construction.general,Construction,Industry.construction,2323610,Sales.1Gto5G,6000,Employees.5000to9999,,,,,"TitleCode.IT,TitleCodeTop.Business,TitleCodeMiddle.Technical,TitleCode.Director,TitleCodeMiddle.Director","Engineering & Technical,Director",https://go.zoominfo.com/#/apps/search/person/results?personProfileId=2417295961,c77197a70f840f770087bbaeeb5da605,austin-ind.com,orbitalitleads6-3
1858909107,Rodriguez,Carlo,K.,,,"Director, Information Technology",759,Information Technology,Director,,(206) 576-1390,carlo.rodriguez@bayley.net,8005 South East 28th St.,Mercer Island,Washington,98040,United States,31,5/17/2019,12880798,Bayley Construction,Bayley,www.bayley.net,(206) 621-8884,8005 South East 28th St.,Mercer Island,Washington,98040,United States,Commercial & Residential Construction,Industry.construction.construction,Construction,Industry.construction,65800,Sales.50Mto100M,170,Employees.100to249,,,23,2362,"TitleCode.IT,TitleCodeTop.Business,TitleCodeMiddle.Technical,TitleCode.Director,TitleCodeMiddle.Director","Engineering & Technical,Director",https://go.zoominfo.com/#/apps/search/person/results?personProfileId=1858909107,fc7da87c14dc4491955c0d72ebef24a2,bayley.net,orbitalitleads6-3
1995996930,Galvez,Carol,,,,"Director, Information Technology",759,Information Technology,Director,,(717) 796-8169,carol.galvez@parsons.com,,Enola,Pennsylvania,17025,United States,24,5/21/2019,29920401,Parsons Corporation,Parsons,www.parsons.com,(703) 988-8500,5875 TRINITY Pkwy. #300,Centreville,Virginia,20120,United States,Construction,Industry.construction,Commercial & Residential Construction,Industry.construction.construction,,,15072,Employees.10000plus,16,162,23,,"TitleCode.IT,TitleCodeTop.Business,TitleCodeMiddle.Technical,TitleCode.Director,TitleCodeMiddle.Director","Engineering & Technical,Director",https://go.zoominfo.com/#/apps/search/person/results?personProfileId=1995996930,8c8c20883bf1556e883e5e1ffc2aabdd,parsons.com,orbitalitleads6-3
-946814247,Bonifant,David,,,,"Director, Information Technology",759,Information Technology,Director,,(402) 260-5322,david.bonifant@ngcgroupinc.com,"1000 O St., Ste. 102",Lincoln,Nebraska,68508,United States,6,5/21/2019,347117022,"NGC Group, Inc.",NGC,www.ngcgroupinc.com,(402) 261-5489,"1000 O St., Ste. 102",Lincoln,Nebraska,68508,United States,Commercial & Residential Construction,Industry.construction.construction,Construction,Industry.construction,13600,Sales.10Mto25M,68,Employees.50to99,,,23,2362,"TitleCode.IT,TitleCodeTop.Business,TitleCodeMiddle.Technical,TitleCode.Director,TitleCodeMiddle.Director","Engineering & Technical,Director",https://go.zoominfo.com/#/apps/search/person/results?personProfileId=-946814247,d2c6d1592bd5299b28341fa750e997fa,ngcgroupinc.com,orbitalitleads6-3
-2037751804,Pehmoeller,Donna,K.,,,"Treasurer & Management Director, Information Technology",809,Information Technology,C-Level,,,donna@collierelectricct.com,50 Harvard St.,New Britain,Connecticut,06051-2332,United States,28,5/24/2019,348227521,Collier Electrical Corp,Collier Electrical,www.collierelectrical.com,(860) 223-2300,P.O. Box 253,New Britain,Connecticut,6050,United States,Commercial & Residential Construction,Industry.construction.construction,Construction,Industry.construction,5200,Sales.5Mto10M,26,Employees.20to49,,,,,"TitleCode.Exec,TitleCode.IT,TitleCode.TopExec,TitleCodeTop.Business,TitleCodeMiddle.Finance,TitleCode.Finance,TitleCodeMiddle.Exec,TitleCodeMiddle.Technical,TitleCodeMiddle.TopExec,TitleCode.Director","Finance,Engineering & Technical",https://go.zoominfo.com/#/apps/search/person/results?personProfileId=-2037751804,ce65577620acb17f69441af8aea73c54,collierelectricct.com,orbitalitleads6-3
2998464790,Zadow,Doug,,,,"Director, Information Technology",759,Information Technology,Director,,(703) 810-3123,doug.zadow@prosphere.com,"1101 King St., Ste. 200",Alexandria,Virginia,22314,United States,1,5/28/2019,160104700,P roSphere,ProSphere,www.prosphere.com,(703) 810-3030,"1101 King St., Ste. 200",Alexandria,Virginia,22314,United States,Software General,Industry.software.general,Software,Industry.software,60400,Sales.50Mto100M,290,Employees.250to499,737,73,5182,51,"TitleCode.IT,TitleCodeTop.Business,TitleCodeMiddle.Technical,TitleCode.Director,TitleCodeMiddle.Director","Engineering & Technical,Director",https://go.zoominfo.com/#/apps/search/person/results?personProfileId=2998464790,518af68714443ae874d06c7b352cdc63,prosphere.com,orbitalitleads6-3
1217721019,Posillico,Frank,,,,"Managing Director, Information Technology",763,Information Technology,C-Level,,(631) 390-5733,fposillico@posillicoinc.com,1610 New Hwy.,Farmingdale,New York,11735,United States,35,5/29/2019,224264845,Posillico Inc,Posillico,www.posillicoinc.com,(631) 249-1872,1610 New Hwy.,Farmingdale,New York,11735,United States,Commercial & Residential Construction,Industry.construction.construction,Construction,Industry.construction,17500,Sales.10Mto25M,153,Employees.100to249,,,,,"TitleCode.Exec,TitleCodeTop.Business,TitleCode.TopExec,TitleCode.IT,TitleCodeMiddle.Exec,TitleCodeMiddle.Technical,TitleCodeMiddle.TopExec,TitleCode.Director","Engineering & Technical,General Management",https://go.zoominfo.com/#/apps/search/person/results?personProfileId=1217721019,10d0642fc65c2db2c2eaebd3ce44af01,posillicoinc.com,orbitalitleads6-3
-1937164488,Zimmer,John,,,,"Director, Information Technology",759,Information Technology,Director,,(215) 310-2016,jzimmer@alpsupply.com,,,Pennsylvania,,United States,12,5/24/2019,2853562,ALP Supply,ALP Supply,www.alpsupply.com,(215) 736-2030,300 Ben Fairless Dr.,Fairless Hills,Pennsylvania,19030,United States,Construction General,Industry.construction.general,Construction,Industry.construction,4200,Sales.1Mto5M,21,Employees.20to49,,,423390,42,"TitleCode.IT,TitleCodeTop.Business,TitleCodeMiddle.Technical,TitleCode.Director,TitleCodeMiddle.Director","Engineering & Technical,Director",https://go.zoominfo.com/#/apps/search/person/results?personProfileId=-1937164488,b4555881aec46fc6f0dca2e78a4d50c9,alpsupply.com,orbitalitleads6-3
1506028255,Falcone,Laurie,,,,"Director, Information Technology",759,Information Technology,Director,,(508) 286-4000 ext. 1126,lfalcone@bernphyl.com,308 EAST MAIN St.,Norton,Massachusetts,2766,United States,27,5/30/2019,13962257,Bernie & Phyl's Furniture,Bernie & Phyl's Furniture,www.bernphyl.com,(800) 244-9350,308 EAST MAIN St.,Norton,Massachusetts,2766,United States,Retail,Industry.retail,Commercial & Residential Construction,Industry.construction.construction,31800,Sales.25Mto50M,159,Employees.100to249,5712,571,452,45,"TitleCode.IT,TitleCodeTop.Business,TitleCodeMiddle.Technical,TitleCode.Director,TitleCodeMiddle.Director","Engineering & Technical,Director",https://go.zoominfo.com/#/apps/search/person/results?personProfileId=1506028255,da55d487d3fcfde9bfc626d2472c2910,bernphyl.com,orbitalitleads6-3
-1901054049,Davidson,Mark,A.,,,"Business Systems Director, Information Technology",759,Information Technology,Director,,(909) 594-0958,mark.davidson@jfshea.com,"667 Brea Canyon Rd., Ste. 22",Walnut,California,91789,United States,24,5/13/2019,57347882,J.F. Shea Co. Inc,J.F. Shea,www.jfshea.com,(909) 594-9500,"667 Brea Canyon Rd., Ste. 22",Walnut,California,91789,United States,Construction General,Industry.construction.general,Construction,Industry.construction,3500000,Sales.1Gto5G,2500,Employees.1000to4999,,,327,3273,"TitleCode.IT,TitleCodeTop.Business,TitleCodeMiddle.Technical,TitleCode.Director,TitleCodeMiddle.Director","Engineering & Technical,Director",https://go.zoominfo.com/#/apps/search/person/results?personProfileId=-1901054049,d6c5599e4e7602921e06aa6a23362dd7,jfshea.com,orbitalitleads6-3
2031140777,Myers,Robert,,,,"Director, Information Technology",759,Information Technology,Director,,(708) 459-5952,rmyers@rosepaving.com,7300 W 100Th Pl.,Bridgeview,Illinois,60455,United States,17,5/23/2019,91357921,Rose Paving Company,Rose Pacing,www.rosepaving.com,(708) 430-1100,7300 W 100Th Pl.,Bridgeview,Illinois,60455,United States,Construction General,Industry.construction.general,Construction,Industry.construction,25200,Sales.25Mto50M,126,Employees.100to249,,,,,"TitleCode.IT,TitleCodeTop.Business,TitleCodeMiddle.Technical,TitleCode.Director,TitleCodeMiddle.Director","Engineering & Technical,Director",https://go.zoominfo.com/#/apps/search/person/results?personProfileId=2031140777,e1b0013a4c2eebfc3f70c253f98ddd73,rosepaving.com,orbitalitleads6-3
1450138052,Cummins,Tony,,,,"Director, Information Technology",759,Information Technology,Director,,(513) 248-0090 ext. 302,tonycummins@sardiniaconcrete.com,911 US Hwy. 50,Milford,Ohio,45150,United States,12,5/13/2019,44777906,Sardinia Concrete Company,Sardinia Concrete,www.sardiniaconcrete.com,(513) 248-0090,911 US Hwy. 50,Milford,Ohio,45150,United States,Commercial & Residential Construction,Industry.construction.construction,Construction,Industry.construction,2800,Sales.1Mto5M,14,Employees.10to19,,,,,"TitleCode.IT,TitleCodeTop.Business,TitleCodeMiddle.Technical,TitleCode.Director,TitleCodeMiddle.Director","Engineering & Technical,Director",https://go.zoominfo.com/#/apps/search/person/results?personProfileId=1450138052,a0a9c7bdf5f903dcd79e889845dab3c1,sardiniaconcrete.com,orbitalitleads6-3
1919934765,Weinberger,Philip,,,,"Director, Information Technology",759,Information Technology,Director,,(212) 536-3867,weinberger@derector.com,19 West 44th St.,New York City,New York,10036,United States,34,5/28/2019,33014879,Robert Derector Associates,Derector,www.derector.com,(212) 764-7272,19 West 44th St.,New York City,New York,10036,United States,Manufacturing General,Industry.mfg.general,Manufacturing,Industry.mfg,25200,Sales.25Mto50M,126,Employees.100to249,,,541,5413,"TitleCode.IT,TitleCodeTop.Business,TitleCodeMiddle.Technical,TitleCode.Director,TitleCodeMiddle.Director","Engineering & Technical,Director",https://go.zoominfo.com/#/apps/search/person/results?personProfileId=1919934765,70e0c0e1d691bfa8def9ec6a99bf0ca3,derector.com,orbitalitleads6-3
11536777,Richey,David,C.,,,"Director, Information Technology & Chief Information Officer",899,Information Technology,C-Level,,(864) 599-4448,,"1999 BRYAN St., Ste. 1200",Dallas,Texas,75201,United States,31,4/11/2019,144933765,Jacobs Engineering Group Inc,Jacobs,www.jacobs.com,(214) 583-8500,"1999 BRYAN St., Ste. 1200",Dallas,Texas,75201,United States,Construction,Industry.construction,Commercial & Residential Construction,Industry.construction.construction,14984646,Sales.5GPlus,74400,Employees.10000plus,16,162,5413,23,"TitleCode.IT,TitleCodeTop.Business,TitleCodeMiddle.Exec,TitleCodeMiddle.Technical,TitleCode.Director,TitleCode.Exec","C-Level,Engineering & Technical",https://go.zoominfo.com/#/apps/search/person/results?personProfileId=11536777,,,orbitalitleads6-3
3044608701,Rueda,William,,,,"Director, Information Technology & IT Specialist",760,Information Technology,Director,,,,,,,,,1,5/15/2019,346745780,JC White,JC White,www.jcwhite.com,(954) 499-6677,3501 Commerce Pkwy.,Miramar,Florida,33025,United States,"Architecture, Engineering & Design",Industry.construction.architecture,Construction,Industry.construction,22400,Sales.10Mto25M,112,Employees.100to249,8712,871,541,337211,"TitleCode.IT,TitleCodeTop.Business,TitleCodeMiddle.Technical,TitleCode.Director,TitleCodeMiddle.Director","Engineering & Technical,Director",https://go.zoominfo.com/#/apps/search/person/results?personProfileId=3044608701,,,orbitalitleads6-3
1477508568,Ingle,Adam,,,,"Director, Information Technology",759,Information Technology,Director,,(208) 514-2204,adam@franklinbuildingsupply.com,11700 Franklin Rd.,Boise,Idaho,83709,United States,16,5/23/2019,41732930,Franklin Building Supply,Franklin Building,www.franklinbuildingsupply.com,(208) 634-8111,14047 Idaho 55,McCall,Idaho,83638,United States,Commercial & Residential Construction,Industry.construction.construction,Home Improvement & Hardware Retail,Industry.retail.hardware,35000,Sales.25Mto50M,175,Employees.100to249,5712,571,444,452,"TitleCode.IT,TitleCodeTop.Business,TitleCodeMiddle.Technical,TitleCode.Director,TitleCodeMiddle.Director","Engineering & Technical,Director",https://go.zoominfo.com/#/apps/search/person/results?personProfileId=1477508568,b920741bd91949a61756c4bef1a3d28d,franklinbuildingsupply.com,orbitalitleads6-3
26544997,Hackett,Robert,,,,"Vice President, Director of Information Technology ( Information Technology )",850,Information Technology,VP-Level,,(610) 701-3131,bob.hackett@westonsolutions.com,1400 Weston Way,West Chester,Pennsylvania,19380,United States,92,4/27/2019,41992755,"Weston Solutions , Inc.",Weston Solutions,www.westonsolutions.com,(610) 701-3000,1400 Weston Way,West Chester,Pennsylvania,19380,United States,Construction,Industry.construction,Commercial & Residential Construction,Industry.construction.construction,,,4252,Employees.1000to4999,,,,,"TitleCodeMiddle.VP,TitleCode.IT,TitleCodeTop.Business,TitleCode.VP,TitleCodeMiddle.Technical,TitleCode.Director","Engineering & Technical,VP-Level",https://go.zoominfo.com/#/apps/search/person/results?personProfileId=26544997,db0c844b92533208e13174754e27a700,westonsolutions.com,orbitalitleads6-3
1441796068,Ozier,Blake,,,,"Director, Information Technology",759,Information Technology,Director,,(217) 747-7279,bozier@springfieldelectric.com,700 North Ninth St.,Springfield,Illinois,62702,United States,38,5/22/2019,90276446,Springfield Electric Supply Company,Springfield Electric,www.springfieldelectric.com,(217) 788-2100,700 North Ninth St.,Springfield,Illinois,62702,United States,Commercial & Residential Construction,Industry.construction.construction,"Department Stores, Shopping Centers & Superstores",Industry.retail.departmentstore,35400,Sales.25Mto50M,177,Employees.100to249,5311,531,452,45,"TitleCode.IT,TitleCodeTop.Business,TitleCodeMiddle.Technical,TitleCode.Director,TitleCodeMiddle.Director","Engineering & Technical,Director",https://go.zoominfo.com/#/apps/search/person/results?personProfileId=1441796068,2b38ee3815d215b15ae8eb3e7d4edb62,springfieldelectric.com,orbitalitleads6-3
2418439077,Patel,Dhaval,,,,"DevOps Senior Director, Information Technology",763,Information Technology,Director,,(408) 735-5922 ext. 1015,dhaval@altair.com,,,California,,United States,4,5/31/2019,10112620,Altair Engineering Inc,Altair,www.altair.com,(248) 614-2400,1820 E. Big Beaver,Troy,Michigan,48083,United States,"Architecture, Engineering & Design",Industry.construction.architecture,Construction,Industry.construction,333333,Sales.250Mto500M,2400,Employees.1000to4999,37,372,336415,5182,"TitleCode.IT,TitleCodeTop.Business,TitleCode.SoftwareEng,TitleCodeMiddle.Technical,TitleCode.Director,TitleCodeMiddle.Director","Engineering & Technical,Director",https://go.zoominfo.com/#/apps/search/person/results?personProfileId=2418439077,9fac144d445041ac09a4e6536526a9f6,altair.com,orbitalitleads6-3
1435240534,Gilpatric,Aaron,,,,"Director, Information Technology",759,Information Technology,Director,,(207) 699-1210,gilpatric@cumberlandcounty.org,142 Federal St.,Portland,Maine,4101,United States,23,5/29/2019,60476090,Cumberland County,Cumberland County,www.cumberlandcounty.org,(207) 871-8380,142 Federal St.,Portland,Maine,4101,United States,"Architecture, Engineering & Design",Industry.construction.architecture,Construction,Industry.construction,,,914,Employees.500to999,8712,871,541,5413,"TitleCode.IT,TitleCodeTop.Business,TitleCodeMiddle.Technical,TitleCode.Director,TitleCodeMiddle.Director","Engineering & Technical,Director",https://go.zoominfo.com/#/apps/search/person/results?personProfileId=1435240534,3b51d252565ee9b720de520ca00a7101,cumberlandcounty.org,orbitalitleads6-3
-1062345684,Miller,Glenn,,,,"Director, Information Technology",759,Information Technology,Director,,(980) 254-3667,glenn@lakesideps.com,405 N. Pilot Knob Rd.,Denver,North Carolina,28037,United States,18,5/28/2019,347916246,Lakeside Project Solutions LLC,Lakeside,www.lakesideps.com,(704) 483-3739,405 N. Pilot Knob Rd.,Denver,North Carolina,28037,United States,Commercial & Residential Construction,Industry.construction.construction,Construction,Industry.construction,11200,Sales.10Mto25M,56,Employees.50to99,,,,,"TitleCode.IT,TitleCodeTop.Business,TitleCodeMiddle.Technical,TitleCode.Director,TitleCodeMiddle.Director","Engineering & Technical,Director",https://go.zoominfo.com/#/apps/search/person/results?personProfileId=-1062345684,1eed7dbe64d447ce678ed548dec01c44,lakesideps.com,orbitalitleads6-3
2067269104,Wesolowski,Mike,,,,"Director, Information Technology",759,Information Technology,Director,,(414) 286-5827,mwesol@hacm.org,,,Wisconsin,,United States,15,5/30/2019,57150930,HACM,HACM,www.hacm.org,(414) 286-8859,1901 N. 6th St.,Milwaukee,Wisconsin,53212,United States,"Architecture, Engineering & Design",Industry.construction.architecture,Construction,Industry.construction,,,471,Employees.250to499,8712,871,541,5413,"TitleCode.IT,TitleCodeTop.Business,TitleCodeMiddle.Technical,TitleCode.Director,TitleCodeMiddle.Director","Engineering & Technical,Director",https://go.zoominfo.com/#/apps/search/person/results?personProfileId=2067269104,11b02e2748b2d909157d70aa9fe7ea7a,hacm.org,orbitalitleads6-3
1663406737,Nowlan,Nic,,,,"Director, Information Technology",759,Information Technology,Director,,(352) 314-3194,nic.nowlan@romacfl.com,700 E Main St.,Leesburg,Florida,34748,United States,19,5/24/2019,100532576,The Ro-Mac Lumber & Supply Inc,Ro-Mac,romacfl.com,(352) 787-4545,700 E Main St.,Leesburg,Florida,34748,United States,Construction General,Industry.construction.general,Construction,Industry.construction,,,186,Employees.100to249,,,,,"TitleCode.IT,TitleCodeTop.Business,TitleCodeMiddle.Technical,TitleCode.Director,TitleCodeMiddle.Director","Engineering & Technical,Director",https://go.zoominfo.com/#/apps/search/person/results?personProfileId=1663406737,68af88c234d65a9b08a5659e042d195d,romacfl.com,orbitalitleads6-3
1979606503,Weaver,Philip,,,,"Senior Director, Information Technology",763,Information Technology,Director,,,pweaver@warfelcc.com,1110 Enterprise Rd.,East Petersburg,Pennsylvania,17520,United States,39,5/23/2019,41402734,Warfel Construction Company,Warfel,www.warfelcc.com,(717) 299-4500,1110 Enterprise Rd.,East Petersburg,Pennsylvania,17520,United States,Commercial & Residential Construction,Industry.construction.construction,Construction,Industry.construction,16000,Sales.10Mto25M,80,Employees.50to99,,,,,"TitleCode.IT,TitleCodeTop.Business,TitleCodeMiddle.Technical,TitleCode.Director,TitleCodeMiddle.Director","Engineering & Technical,Director",https://go.zoominfo.com/#/apps/search/person/results?personProfileId=1979606503,688d9ae8b8d27cfa7733c6ca332dcb0f,warfelcc.com,orbitalitleads6-3
1960136796,Delgado,Raul,,,,"Business Development Director, Information Technology",759,Information Technology,Director,,(562) 944-3166,rdelgado@iinspect.com,10600 Pioneer Blvd. Ste. A,Santa Fe Springs,California,90670,United States,23,5/14/2019,46402848,International Inspection Inc,International Inspection,www.iinspect.com,(503) 283-2668,10521 North Lombard St.,Portland,Oregon,97203,United States,Manufacturing General,Industry.mfg.general,Manufacturing,Industry.mfg,19800,Sales.10Mto25M,99,Employees.50to99,,,5416,541,"TitleCodeMiddle.Director,TitleCodeMiddle.Sales,TitleCodeTop.Business,TitleCode.IT,TitleCode.BizDev,TitleCodeMiddle.Technical,TitleCode.Director","Sales,Director",https://go.zoominfo.com/#/apps/search/person/results?personProfileId=1960136796,af60ffce89eb8707e7a429d850ec964c,iinspect.com,orbitalitleads6-3
723598623,Kasunick,Richard,K.,Mr.,,"Director, National Information Technology",759,Information Technology,Director,,(817) 375-3250,richard.kasunick@calatl.com,"7585 Fredle Dr., Ste. C",Concord,Ohio,44077,United States,65,5/16/2019,22446559,Lennar Corporation,Lennar,www.lennar.com,(305) 559-4000,700 NW 107TH Ave. Ste. 400,Miami,Florida,33172,United States,Commercial & Residential Construction,Industry.construction.construction,Construction,Industry.construction,20571631,Sales.5GPlus,9111,Employees.5000to9999,15,152,531,23611,"TitleCode.IT,TitleCodeTop.Business,TitleCodeMiddle.Technical,TitleCode.Director,TitleCodeMiddle.Director","Engineering & Technical,Director",https://go.zoominfo.com/#/apps/search/person/results?personProfileId=723598623,d81241609bcd9a32fcf7c9912e774bd7,calatl.com,orbitalitleads6-3
2086908846,Vaughn,Ronald,W.,,,"IT Director, Aerospace & Technology (US)",759,Information Technology,Director,,(931) 393-6124,ronald.vaughn@jacobs.com,600 William Northern Blvd.,Tullahoma,Tennessee,37388,United States,37,5/16/2019,144933765,Jacobs Engineering Group Inc,Jacobs,www.jacobs.com,(214) 583-8500,"1999 BRYAN St., Ste. 1200",Dallas,Texas,75201,United States,Construction,Industry.construction,Commercial & Residential Construction,Industry.construction.construction,14984646,Sales.5GPlus,74400,Employees.10000plus,16,162,5413,23,"TitleCode.IT,TitleCodeTop.Business,TitleCode.Technical,TitleCodeMiddle.Technical,TitleCode.Director,TitleCodeMiddle.Director","Engineering & Technical,Director",https://go.zoominfo.com/#/apps/search/person/results?personProfileId=2086908846,428b6f04de67320cc2ebbba8d150e6ba,jacobs.com,orbitalitleads6-3
2047013586,Martinez,Brian,C.,,,"Director, Information Technology",759,Information Technology,Director,,(801) 328-2051,brianmartinez@metrogroup.com,3150 W 900 S,Salt Lake City,Utah,84104-4535,United States,17,5/29/2019,343384467,Metro Group Inc,Metro Group,www.metrogroup.com,(718) 729-7200,50-23 Twenty-Third St.,Long Island City,New York,11101,United States,"Waste Treatment, Environmental Services & Recycling",Industry.energy.environment,"Energy, Utilities & Waste Treatment",Industry.energy,39000,Sales.25Mto50M,195,Employees.100to249,49,,221,22,"TitleCode.IT,TitleCodeTop.Business,TitleCodeMiddle.Technical,TitleCode.Director,TitleCodeMiddle.Director","Engineering & Technical,Director",https://go.zoominfo.com/#/apps/search/person/results?personProfileId=2047013586,ac135bd1037d16708cb977359b0a0d67,metrogroup.com,orbitalitleads6-3
1476890058,Roberts,Bruce,L.,,,"Director, Information Technology",759,Information Technology,Director,,(617) 558-0472,broberts@jfwhite.com,10 Burr St.,Framingham,Massachusetts,1701,United States,74,5/30/2019,57347919,J.F. White Contracting Co.,J.F. White,www.jfwhite.com,(508) 879-4700,10 Burr St.,Framingham,Massachusetts,1701,United States,Commercial & Residential Construction,Industry.construction.construction,Construction,Industry.construction,42040,Sales.25Mto50M,350,Employees.250to499,16,161,237310,23,"TitleCode.IT,TitleCodeTop.Business,TitleCodeMiddle.Technical,TitleCode.Director,TitleCodeMiddle.Director","Engineering & Technical,Director",https://go.zoominfo.com/#/apps/search/person/results?personProfileId=1476890058,edb577d35141948eb43257138fc2fa2c,jfwhite.com,orbitalitleads6-3
-1875592980,Stanton,David,,,,"Director, Information Technology",759,Information Technology,Director,,(469) 574-0250,dstanton@bellandmccoy.com,1941 Ringwood Ave.,San Jose,California,95131,United States,29,5/28/2019,12062491,Bell & McCoy Inc,Bell & McCoy,www.bellandmccoy.com,(972) 406-8700,4630 Nall Rd.,Farmers Branch,Texas,75244,United States,Commercial & Residential Construction,Industry.construction.construction,Construction,Industry.construction,,,190,Employees.100to249,,,,,"TitleCode.IT,TitleCodeTop.Business,TitleCodeMiddle.Technical,TitleCode.Director,TitleCodeMiddle.Director","Engineering & Technical,Director",https://go.zoominfo.com/#/apps/search/person/results?personProfileId=-1875592980,7e0919f2f42748a7e4dc49e4265bc0b9,bellandmccoy.com,orbitalitleads6-3
1670021456,Buehler,Jamie,,,,"Director, Information Technology & Business Partner",839,Information Technology,Director,,(901) 597-7910,jamie.buehler@servicemaster.com,150 Peabody Pl.,Memphis,Tennessee,38103,United States,24,3/21/2019,34586628,The ServiceMaster Company,ServiceMaster,www.servicemaster.com,(901) 597-1400,860 Ridge Lake Blvd.,Memphis,Tennessee,38120,United States,Consumer Services General,Industry.consumerservices.general,Consumer Services,Industry.consumerservices,2912000,Sales.1Gto5G,13000,Employees.10000plus,17,179,811,48,"TitleCodeMiddle.Construction,TitleCodeTop.Services,TitleCodeMiddle.Director,TitleCodeTop.Business,TitleCode.Construction,TitleCode.IT,TitleCodeMiddle.Technical,TitleCode.Director","Engineering & Technical,Director",https://go.zoominfo.com/#/apps/search/person/results?personProfileId=1670021456,759d5207add8325afb3ec12465574e5e,servicemaster.com,orbitalitleads6-3
2451837117,DeMaria,Jeff,,,,"Director, Information Technology",759,Information Technology,Director,,(843) 606-4777,jeff.demaria@tumeq.com,224 Seven Farms Dr. Ste. 200,Charleston,South Carolina,29492,United States,7,5/28/2019,355992497,Tumeq LLC,Tumeq,www.tumeq.com,(843) 856-2495,224 Seven Farms Dr. Ste. 200,Charleston,South Carolina,29492,United States,Commercial & Residential Construction,Industry.construction.construction,Construction,Industry.construction,4600,Sales.1Mto5M,23,Employees.20to49,,,,,"TitleCode.IT,TitleCodeTop.Business,TitleCodeMiddle.Technical,TitleCode.Director,TitleCodeMiddle.Director","Engineering & Technical,Director",https://go.zoominfo.com/#/apps/search/person/results?personProfileId=2451837117,f48077fb732f2a495115d4643277eb88,tumeq.com,orbitalitleads6-3
1640435403,Proctor,James,,,,"Director, Information Technology",759,Information Technology,Director,,(903) 783-7132,jproctor@hwh1887.com,2510 South Church St.,Paris,Texas,75460,United States,49,5/24/2019,126076601,HWH,HWH,www.hwh1887.com,(903) 784-1079,2510 South Church St.,Paris,Texas,75460,United States,Commercial & Residential Construction,Industry.construction.construction,Construction,Industry.construction,,,160,Employees.100to249,,,,,"TitleCode.IT,TitleCodeTop.Business,TitleCodeMiddle.Technical,TitleCode.Director,TitleCodeMiddle.Director","Engineering & Technical,Director",https://go.zoominfo.com/#/apps/search/person/results?personProfileId=1640435403,e02cef704c4be892f9f0de90ccf5f7de,hwh1887.com,orbitalitleads6-3
2041057492,Seymour,Joni,,,,"Director, Information Technology",759,Information Technology,Director,,(405) 425-3679,jseymour@pikepass.com,3500 N MARTIN LUTHER KING Ave.,Oklahoma City,Oklahoma,73111,United States,21,5/15/2019,63195238,Oklahoma Turnpike Authority,Oklahoma Turnpike Authority,www.pikepass.com,(405) 425-3600,3500 N MARTIN LUTHER KING Ave.,Oklahoma City,Oklahoma,73111,United States,Commercial & Residential Construction,Industry.construction.construction,Construction,Industry.construction,19200,Sales.10Mto25M,96,Employees.50to99,,,,,"TitleCode.IT,TitleCodeTop.Business,TitleCodeMiddle.Technical,TitleCode.Director,TitleCodeMiddle.Director","Engineering & Technical,Director",https://go.zoominfo.com/#/apps/search/person/results?personProfileId=2041057492,e927e4bbd6222a96a403b9f073262b4a,pikepass.com,orbitalitleads6-3
2567044884,Buck,Ken,,,,"Vice President, Southern California, Director of Information Technology",849,Information Technology,VP-Level,,,kenb@roebbelen.com,,,,,,4,4/15/2019,49316395,Roebbelen Contracting Inc,Roebbelen,www.roebbelen.com,(916) 939-4000,1241 Hawks Flight Ct.,El Dorado Hills,California,95762,United States,Commercial & Residential Construction,Industry.construction.construction,Construction,Industry.construction,100000,Sales.100MMto250M,500,Employees.500to999,,,541,5413,"TitleCodeMiddle.VP,TitleCode.IT,TitleCodeTop.Business,TitleCode.VP,TitleCodeMiddle.Technical,TitleCode.Director","Engineering & Technical,VP-Level",https://go.zoominfo.com/#/apps/search/person/results?personProfileId=2567044884,5bdc077f8fa0d0c4b907c16bb302b093,roebbelen.com,orbitalitleads6-3
-1014187274,Holmes,Michael,,,,"Director, Information Technology",759,Information Technology,Director,,(214) 525-5111,michael.holmes@structuretone.com,,Dallas,Texas,,United States,35,5/16/2019,51184112,Structure Tone Inc,Structure Tone,www.structuretone.com,(212) 481-6100,330 WEST 34 St.,New York City,New York,10001,United States,Construction General,Industry.construction.general,Construction,Industry.construction,4200000,Sales.1Gto5G,1900,Employees.1000to4999,,,,,"TitleCode.IT,TitleCodeTop.Business,TitleCodeMiddle.Technical,TitleCode.Director,TitleCodeMiddle.Director","Engineering & Technical,Director",https://go.zoominfo.com/#/apps/search/person/results?personProfileId=-1014187274,6915736f797e138a8d3ff5ec7ac36d14,structuretone.com,orbitalitleads6-3
1434892896,Arriola,Noel,,,,"Director, Information Technology",759,Information Technology,Director,,(407) 423-0504 ext. 3343,narriola@universalengineering.com,3532 Maggie Blvd.,Orlando,Florida,32801,United States,51,5/23/2019,88047647,Universal Engineering Sciences Inc,Universal Engineering,www.universalengineering.com,(386) 756-1105,"911 Beville Rd., Ste. 3",Daytona Beach,Florida,32119,United States,Commercial & Residential Construction,Industry.construction.construction,Construction,Industry.construction,38000,Sales.25Mto50M,274,Employees.250to499,,,54169,5416,"TitleCode.IT,TitleCodeTop.Business,TitleCodeMiddle.Technical,TitleCode.Director,TitleCodeMiddle.Director","Engineering & Technical,Director",https://go.zoominfo.com/#/apps/search/person/results?personProfileId=1434892896,39489820be9d21b85b11b9d3ca5f64f7,universalengineering.com,orbitalitleads6-3
-1288741982,Duermeier,Thomas,,,,"Director, Information Technology",759,Information Technology,Director,,(303) 802-5414,tduermeier@lignetics.com,,,Colorado,,United States,9,5/29/2019,50119967,Lignetics Inc,Lignetics Inc,www.lignetics.com,,31756 Hwy. 200 E,Kootenai,Idaho,83840,United States,Construction General,Industry.construction.general,Construction,Industry.construction,28800,Sales.25Mto50M,144,Employees.100to249,,,,,"TitleCode.IT,TitleCodeTop.Business,TitleCodeMiddle.Technical,TitleCode.Director,TitleCodeMiddle.Director","Engineering & Technical,Director",https://go.zoominfo.com/#/apps/search/person/results?personProfileId=-1288741982,ba9735dc8b94295bca18b34b0b80cf8a,lignetics.com,orbitalitleads6-3
1797282141,Warren,Bill,,,,"Director, Information Technology",759,Information Technology,Director,,(714) 841-2066 ext. 110,bill@afsfire.com,7272 Mars Dr.,Huntington Beach,California,92647,United States,31,5/23/2019,10734875,Automatic Fire Sprinklers Inc,AFS,www.afsfire.com,(714) 841-2066,7272 Mars Dr.,Huntington Beach,California,92647,United States,Commercial & Residential Construction,Industry.construction.construction,Construction,Industry.construction,4400,Sales.1Mto5M,22,Employees.20to49,,,,,"TitleCode.IT,TitleCodeTop.Business,TitleCodeMiddle.Technical,TitleCode.Director,TitleCodeMiddle.Director","Engineering & Technical,Director",https://go.zoominfo.com/#/apps/search/person/results?personProfileId=1797282141,5fa8d61671b40e2c0f242c8d04912017,afsfire.com,orbitalitleads6-3
1867450748,Griffin,Dominic,,,,"Director, Information Technology",759,Information Technology,Director,,(913) 742-8069,dgriffin@yainc.com,7780 W. 119TH St.,Overland Park,Kansas,66213,United States,19,5/20/2019,358634297,Yaeger Architecture Inc,Yaeger Architecture,www.yaegerarchitecture.com,(913) 742-8000,7780 W. 119TH St.,Shawnee Mission,Kansas,66213,United States,"Architecture, Engineering & Design",Industry.construction.architecture,Construction,Industry.construction,6800,Sales.5Mto10M,34,Employees.20to49,8712,871,5416,541,"TitleCode.IT,TitleCodeTop.Business,TitleCodeMiddle.Technical,TitleCode.Director,TitleCodeMiddle.Director","Engineering & Technical,Director",https://go.zoominfo.com/#/apps/search/person/results?personProfileId=1867450748,b6623124dd20672515b7e76233302346,yainc.com,orbitalitleads6-3
2049024828,Strid,Eric,D.,,,"Director, Information Technology",759,Information Technology,Director,,(813) 716-7625,eric.strid@linder.com,1601 South Frontage Rd.,Plant City,Florida,33563,United States,45,5/28/2019,44206214,Linder Industrial Machinery Company,Linder,www.linder.com,(813) 754-2727,1601 South Frontage Rd.,Plant City,Florida,33563,United States,Construction General,Industry.construction.general,Construction,Industry.construction,92200,Sales.50Mto100M,461,Employees.250to499,,,,,"TitleCode.IT,TitleCodeTop.Business,TitleCodeMiddle.Technical,TitleCode.Director,TitleCodeMiddle.Director","Engineering & Technical,Director",https://go.zoominfo.com/#/apps/search/person/results?personProfileId=2049024828,0193bf1f3ba2f69e4c92e4c43c86a3f2,linder.com,orbitalitleads6-3
1707984617,Smith,Mark,,,,"IT Director, Corporate",760,Information Technology,Director,,(408) 487-1238,mark.smith@atce.com,1321 Ridder Park Dr. No #50,San Jose,California,95131,United States,40,5/21/2019,5839614,Alfa Tech,Alfa Tech,www.atce.com,(408) 487-1200,1321 Ridder Park Dr. No #50,San Jose,California,95131,United States,Real Estate,Industry.realestate,Commercial & Residential Construction,Industry.construction.construction,17500,Sales.10Mto25M,136,Employees.100to249,6531,653,531,5312,"TitleCode.IT,TitleCodeTop.Business,TitleCodeMiddle.Technical,TitleCode.Director,TitleCodeMiddle.Director","Engineering & Technical,Director",https://go.zoominfo.com/#/apps/search/person/results?personProfileId=1707984617,0d0711ebf91f6cdb9bcbd5849cf015e2,atce.com,orbitalitleads6-3
2059416683,Augenstein,Matt,,,,"Director, Information Technology",759,Information Technology,Director,,(614) 851-4233,maugenstein@commercial-works.com,1299 Boltonfield St.,Columbus,Ohio,43228,United States,17,5/31/2019,8979156,Commercial Works Inc,Commercial Works,www.commercial-works.com,(614) 870-2342,1299 Boltonfield St.,Columbus,Ohio,43228,United States,"Architecture, Engineering & Design",Industry.construction.architecture,Construction,Industry.construction,70000,Sales.50Mto100M,350,Employees.250to499,421,42,49,492,"TitleCode.IT,TitleCodeTop.Business,TitleCodeMiddle.Technical,TitleCode.Director,TitleCodeMiddle.Director","Engineering & Technical,Director",https://go.zoominfo.com/#/apps/search/person/results?personProfileId=2059416683,94f28a3b5b8fa9fa70cb95cf39ec006e,commercial-works.com,orbitalitleads6-3
1578463558,Brewer,Mike,,,,"Director, Information Technology",759,Information Technology,Director,,(703) 257-1725,mikebrewer@superiorpaving.net,7940 Gainsford Ct.,Bristow,Virginia,20136,United States,25,5/15/2019,98091551,Superior Paving Corp.,Superior Paving,www.superiorpaving.net,(703) 631-0004,5551 Wellington Rd.,Gainesville,Virginia,20155,United States,Commercial & Residential Construction,Industry.construction.construction,Construction,Industry.construction,12000,Sales.10Mto25M,60,Employees.50to99,,,,,"TitleCode.IT,TitleCodeTop.Business,TitleCodeMiddle.Technical,TitleCode.Director,TitleCodeMiddle.Director","Engineering & Technical,Director",https://go.zoominfo.com/#/apps/search/person/results?personProfileId=1578463558,9899396c72862d7f46cc8ea9e25e7a27,superiorpaving.net,orbitalitleads6-3
2092809980,Smolarek,Michael,,,,"Support Services Director, Information Technology",759,Information Technology,Director,,(312) 492-0538,msmolarek@walshgroup.com,929 West Adams St.,Chicago,Illinois,60607,United States,47,5/29/2019,7885531,The Walsh Group Ltd,Walsh Group,www.walshgroup.com,(312) 563-5400,929 West Adams St.,Chicago,Illinois,60607,United States,Commercial & Residential Construction,Industry.construction.construction,Construction,Industry.construction,4800000,Sales.1Gto5G,6500,Employees.5000to9999,,,23,2362,"TitleCode.IT,TitleCodeTop.Business,TitleCodeMiddle.Technical,TitleCode.Director,TitleCodeMiddle.Director","Engineering & Technical,Director",https://go.zoominfo.com/#/apps/search/person/results?personProfileId=2092809980,3de4a1f46bb209d7d8b40d662f4b36a9,walshgroup.com,orbitalitleads6-3
1760810174,Love,Patrick,,,,"Director, Information Technology",759,Information Technology,Director,,(336) 292-3596,plove@dhgriffin.com,600 Green Valley Rd. Ste. 301,Greensboro,North Carolina,27408-7722,United States,26,5/15/2019,35246782,"DHG Construction Co. , LLC",DHG,www.dhgriffin.com,(336) 855-7030,4716 Hilltop Rd.,Greensboro,North Carolina,27407,United States,Commercial & Residential Construction,Industry.construction.construction,Construction,Industry.construction,,,3740,Employees.1000to4999,,,,,"TitleCode.IT,TitleCodeTop.Business,TitleCodeMiddle.Technical,TitleCode.Director,TitleCodeMiddle.Director","Engineering & Technical,Director",https://go.zoominfo.com/#/apps/search/person/results?personProfileId=1760810174,eeb265da74ae3bfc511c5a944ce20db9,dhgriffin.com,orbitalitleads6-3
1433684553,Robbins,Dan,,,,"Director, Information Technology & Smart Building Solutions",759,Information Technology,Director,,(716) 693-4490 ext. 218,robbinsd@usservicesinc.com,95 Stark St.,Tonawanda,New York,14150,United States,40,5/16/2019,355257388,U&S Services Inc,U&S Services,www.usservicesinc.com,(716) 693-4490,95 Stark St.,Tonawanda,New York,14150,United States,Commercial & Residential Construction,Industry.construction.construction,Construction,Industry.construction,20200,Sales.10Mto25M,101,Employees.100to249,,,,,"TitleCode.IT,TitleCodeTop.Business,TitleCodeMiddle.Technical,TitleCode.Director,TitleCodeMiddle.Director","Engineering & Technical,Director",https://go.zoominfo.com/#/apps/search/person/results?personProfileId=1433684553,5da87bcbb9bd314140a93c6c3ae4cd04,usservicesinc.com,orbitalitleads6-3
-2069347795,Sprague,Roger,,,,"Director, Information Technology",759,Information Technology,Director,,(815) 782-1362,rsprague@harbour.us,23830 West Main St.,Plainfield,Illinois,60544,United States,27,5/21/2019,40209235,Harbour Contractors Inc,Harbour,www.harbour-cm.com,(815) 254-5500,23830 West Main St.,Plainfield,Illinois,60544,United States,Commercial & Residential Construction,Industry.construction.construction,Construction,Industry.construction,20400,Sales.10Mto25M,102,Employees.100to249,,,,,"TitleCode.IT,TitleCodeTop.Business,TitleCodeMiddle.Technical,TitleCode.Director,TitleCodeMiddle.Director","Engineering & Technical,Director",https://go.zoominfo.com/#/apps/search/person/results?personProfileId=-2069347795,7d3a12d7fec6591c610f836dbc50b5a9,harbour.us,orbitalitleads6-3
2379907530,Lewis,Thomas,,,,"Infrastructure Director, Information Technology",759,Information Technology,Director,,(410) 931-6000 ext. 35389,thomas.lewis@willscot.com,901 S. BOND St. Ste. 600,Baltimore,Maryland,21231,United States,38,5/31/2019,124404401,Williams Scotsman Inc,Williams Scotsman,www.willscot.com,(410) 931-6000,901 S. BOND St. Ste. 600,Baltimore,Maryland,21231,United States,Construction General,Industry.construction.general,Construction,Industry.construction,445942,Sales.250Mto500M,1600,Employees.1000to4999,67,671,5311,531120,"TitleCode.IT,TitleCodeTop.Business,TitleCodeMiddle.Technical,TitleCode.Director,TitleCodeMiddle.Director","Engineering & Technical,Director",https://go.zoominfo.com/#/apps/search/person/results?personProfileId=2379907530,2b9303eb19eeaa212adc08cc5c785f6f,willscot.com,orbitalitleads6-3
1930875583,Marino,Annette,,,,"Director, Information Technology",759,Information Technology,Director,,(302) 221-3511 ext. 1145,amarino@horizonservices.com,320 Century Blvd.,Wilmington,Delaware,19808,United States,19,5/29/2019,352309083,Horizon Services LLC,Horizon Services,www.horizonservices.com,(302) 200-4266,320 Century Blvd.,Wilmington,Delaware,19808,United States,Commercial & Residential Construction,Industry.construction.construction,Construction,Industry.construction,5648,Sales.5Mto10M,110,Employees.100to249,17,171,23891,23822,"TitleCode.IT,TitleCodeTop.Business,TitleCodeMiddle.Technical,TitleCode.Director,TitleCodeMiddle.Director","Engineering & Technical,Director",https://go.zoominfo.com/#/apps/search/person/results?personProfileId=1930875583,4c98f1e6a48c77c46571d0c5f9cee9a1,horizonservices.com,orbitalitleads6-3
1793800786,Tiner,Aaron,R.,,,"Director, Information Technology",759,Information Technology,Director,,(909) 839-8007,atiner@morrow-meadows.com,231 Benton Ct.,Industry,California,91789,United States,41,5/30/2019,80185043,Morrow Meadows Corporation,Morrow Meadows,www.morrow-meadows.com,(909) 598-7700,231 Benton Ct.,Industry,California,91789,United States,Commercial & Residential Construction,Industry.construction.construction,Construction,Industry.construction,,,3174,Employees.1000to4999,,,23821,238210,"TitleCode.IT,TitleCodeTop.Business,TitleCodeMiddle.Technical,TitleCode.Director,TitleCodeMiddle.Director","Engineering & Technical,Director",https://go.zoominfo.com/#/apps/search/person/results?personProfileId=1793800786,9f40b578d6bd2be81ba423bf8e0df487,morrow-meadows.com,orbitalitleads6-3
2985853260,Alsop,Bryan,,,,"Director, Information Technology",759,Information Technology,Director,,(435) 657-1955 ext. 1116,bryan.alsop@probstelectric.com,441 W. Power Line Rd.,Heber City,Utah,84032,United States,2,5/31/2019,351034892,Probst Electric Company,Probst Electric,www.probstelectric.com,(435) 657-1955,441 W. Power Line Rd.,Heber City,Utah,84032,United States,Commercial & Residential Construction,Industry.construction.construction,Construction,Industry.construction,14000,Sales.10Mto25M,70,Employees.50to99,,,,,"TitleCode.IT,TitleCodeTop.Business,TitleCodeMiddle.Technical,TitleCode.Director,TitleCodeMiddle.Director","Engineering & Technical,Director",https://go.zoominfo.com/#/apps/search/person/results?personProfileId=2985853260,c65c48a62d14e7375e396771447ca933,probstelectric.com,orbitalitleads6-3
1191808884,Jobe,Donnie,,,,"Operations Director, Information Technology",759,Operations,Director,,(317) 508-6554,donniejobe@macallister.com,7575 E 30th St.,Indianapolis,Indiana,46219,United States,23,5/21/2019,41109495,MacAllister Machinery Co. Inc,MacAllister,www.macallister.com,(317) 545-2151,6300 Southeastern Ave.,Indianapolis,Indiana,46203,United States,Industrial Machinery & Equipment,Industry.mfg.industrialmachinery,Manufacturing,Industry.mfg,,,506,Employees.500to999,35,,,,"TitleCode.Operations,TitleCodeMiddle.Director,TitleCodeTop.Business,TitleCode.IT,TitleCodeMiddle.Operations,TitleCodeMiddle.Technical,TitleCode.Director","Operations,Director",https://go.zoominfo.com/#/apps/search/person/results?personProfileId=1191808884,007910df2418e923e9e4b6b083d8f0db,macallister.com,orbitalitleads6-3
-1769082078,Dumbrell,Drew,,,,"Director, Information Technology",759,Information Technology,Director,,(602) 532-3752,drew.dumbrell@shastapools.com,3750 W Indian School,Phoenix,Arizona,85019,United States,16,5/29/2019,14942852,Shasta Pool Repair,Shasta Pools,www.shastapools.com,(602) 532-3887,2653 S ALMA SCHOOL Rd.,Mesa,Arizona,85210,United States,Construction General,Industry.construction.general,Construction,Industry.construction,48200,Sales.25Mto50M,241,Employees.100to249,,,238990,23,"TitleCode.IT,TitleCodeTop.Business,TitleCodeMiddle.Technical,TitleCode.Director,TitleCodeMiddle.Director","Engineering & Technical,Director",https://go.zoominfo.com/#/apps/search/person/results?personProfileId=-1769082078,f63736ea9bc7e9ae6b6c1372e2d0bbe4,shastapools.com,orbitalitleads6-3
1324310902,Riley,Kevin,,,,"Infr Services Director, Information Technology",759,Information Technology,Director,,(973) 397-3700,kevin.riley@schindler.com,20 Whippany Rd.,Morristown,New Jersey,7962,United States,56,5/13/2019,242106544,Schindler Elevator Corporation,Schindler,www.schindler.com,+41 41 445 32 32,Zugerstrasse 13,Ebikon,Lucerne,6030,Switzerland,Manufacturing General,Industry.mfg.general,Manufacturing,Industry.mfg,10425637,Sales.5GPlus,61019,Employees.10000plus,35,353,5511,55,"TitleCode.IT,TitleCodeTop.Business,TitleCodeMiddle.Technical,TitleCode.Director,TitleCodeMiddle.Director","Engineering & Technical,Director",https://go.zoominfo.com/#/apps/search/person/results?personProfileId=1324310902,e72ca2c2ee7fb926ddae7a75e0e120e9,schindler.com,orbitalitleads6-3
2698498164,Cramer,Chris,,,,"Director, Information Technology",759,Information Technology,Director,,(262) 524-1719,ccramer@crmanagement.com,P.O. Box 1632,Waukesha,Wisconsin,53187,United States,11,5/31/2019,353686513,"Construction Resources Management , Inc",Walbeck Group,www.jobscrm.com,,P.O. Box 1632,Waukesha,Wisconsin,53187,United States,Commercial & Residential Construction,Industry.construction.construction,Construction,Industry.construction,12600,Sales.10Mto25M,63,Employees.50to99,,,,,"TitleCode.IT,TitleCodeTop.Business,TitleCodeMiddle.Technical,TitleCode.Director,TitleCodeMiddle.Director","Engineering & Technical,Director",https://go.zoominfo.com/#/apps/search/person/results?personProfileId=2698498164,faa341150794fe1f9f5a9c4802331424,crmanagement.com,orbitalitleads6-3
-962978252,Polk,Chris,,,,"Director, Information Technology",759,Information Technology,Director,,(225) 301-2145,cpolk@tipton-associates.com,449 WESTMORELAND Dr.,Baton Rouge,Louisiana,70806,United States,16,6/1/2019,273219727,Tipton Associates,Tipton Associates,www.tipton-associates.com,(225) 387-0101,449 WESTMORELAND Dr.,Baton Rouge,Louisiana,70806,United States,"Architecture, Engineering & Design",Industry.construction.architecture,Construction,Industry.construction,6200,Sales.5Mto10M,31,Employees.20to49,8712,871,541,5414,"TitleCode.IT,TitleCodeTop.Business,TitleCodeMiddle.Technical,TitleCode.Director,TitleCodeMiddle.Director","Engineering & Technical,Director",https://go.zoominfo.com/#/apps/search/person/results?personProfileId=-962978252,aa37d1b40153a1930effad1078c0e4fb,tipton-associates.com,orbitalitleads6-3
1739878094,Smith,Dan,,,,"Director, Information Technology",759,Information Technology,Director,,(212) 251-9221,dan.smith@structuretone.com,330 WEST 34 St.,New York City,New York,10001,United States,30,5/16/2019,51184112,Structure Tone Inc,Structure Tone,www.structuretone.com,(212) 481-6100,330 WEST 34 St.,New York City,New York,10001,United States,Construction General,Industry.construction.general,Construction,Industry.construction,4200000,Sales.1Gto5G,1900,Employees.1000to4999,,,,,"TitleCode.IT,TitleCodeTop.Business,TitleCodeMiddle.Technical,TitleCode.Director,TitleCodeMiddle.Director","Engineering & Technical,Director",https://go.zoominfo.com/#/apps/search/person/results?personProfileId=1739878094,3c89fd1282be000041658b05ab63cb7a,structuretone.com,orbitalitleads6-3
-844438762,Rapp,Daniel,,,,"Director, Information Technology",759,Information Technology,Director,,(718) 982-4801,drapp@adcoonline.com,201 Edward Curry Ave.,Staten Island,New York,10314,United States,10,5/29/2019,1034575,ADCO Electrical Corp,ADCO,www.adcoonline.com,(718) 494-4400,201 Edward Curry Ave.,Staten Island,New York,10314,United States,Construction General,Industry.construction.general,Construction,Industry.construction,157330,Sales.100MMto250M,100,Employees.100to249,,,23821,238210,"TitleCode.IT,TitleCodeTop.Business,TitleCodeMiddle.Technical,TitleCode.Director,TitleCodeMiddle.Director","Engineering & Technical,Director",https://go.zoominfo.com/#/apps/search/person/results?personProfileId=-844438762,da7c1718a826007181c307c03cc99c31,adcoonline.com,orbitalitleads6-3
2803177475,Dutcher,James,,,,"Chief Information Officer & Director, Information Systems & Chief Information Officer, Information Technology",900,Information Technology,C-Level,,,jdutcher@co.broome.ny.us,"225 Front St,Ste 1",Binghamton,New York,13905-2474,United States,1,10/6/2018,351611520,Broome County,Broome County,www.broomeswcd.org,(607) 778-2198,60 Hawley St.,Binghamton,New York,13901,United States,"Architecture, Engineering & Design",Industry.construction.architecture,Construction,Industry.construction,,,47,Employees.20to49,8712,871,541,5413,"TitleCode.IT,TitleCodeTop.Business,TitleCodeMiddle.Exec,TitleCodeMiddle.Technical,TitleCode.Director,TitleCode.Exec","C-Level,Engineering & Technical",https://go.zoominfo.com/#/apps/search/person/results?personProfileId=2803177475,8f80a1e1ec622feb3aabf8c25eb0eb23,co.broome.ny.us,orbitalitleads6-3
1592331995,Glover,Josh,,Mr.,,"Director, Information Technology",759,Information Technology,Director,,(281) 442-0550 ext. 113,joshglover@pref-tech.com,1414 Wedgewood St.,Houston,Texas,77093,United States,23,6/1/2019,197231322,"Preferred Technologies, Inc.",Preferred Tech,www.pref-tech.com,(281) 442-0550,1414 Wedgewood St.,Houston,Texas,77093,United States,Commercial & Residential Construction,Industry.construction.construction,Construction,Industry.construction,4990,Sales.1Mto5M,60,Employees.50to99,,,335999,3359,"TitleCode.IT,TitleCodeTop.Business,TitleCodeMiddle.Technical,TitleCode.Director,TitleCodeMiddle.Director","Engineering & Technical,Director",https://go.zoominfo.com/#/apps/search/person/results?personProfileId=1592331995,07a8e2ab47b010acb5c84a65e606ba64,pref-tech.com,orbitalitleads6-3
2602380129,Padilla,Jay,,,,"IT Director, Marketing",759,General Marketing,Director,,(877) 544-2104 ext. 306,jpadilla@hoganls.com,,,,,,6,5/30/2019,348514941,Hogan Land Services Inc,Hogan Land Services,www.hoganls.com,(707) 544-2104,1702 4th St.,Santa Rosa,California,95404,United States,Construction General,Industry.construction.general,Construction,Industry.construction,9000,Sales.5Mto10M,45,Employees.20to49,,,541,5413,"TitleCode.Marketing,TitleCodeMiddle.Director,TitleCodeTop.Business,TitleCode.IT,TitleCodeMiddle.Marketing,TitleCodeMiddle.Technical,TitleCode.Director","Marketing,Director",https://go.zoominfo.com/#/apps/search/person/results?personProfileId=2602380129,f5e6f69bb3833cfc318123f1d439229f,hoganls.com,orbitalitleads6-3
1488367417,Grogan,Kelly,,,,"Regional Director, Information Technology",759,Information Technology,Director,,(865) 481-6890,kelly.grogan@jacobs.com,600 William Northern Blvd.,Tullahoma,Tennessee,37388,United States,52,5/14/2019,144933765,Jacobs Engineering Group Inc,Jacobs,www.jacobs.com,(214) 583-8500,"1999 BRYAN St., Ste. 1200",Dallas,Texas,75201,United States,Construction,Industry.construction,Commercial & Residential Construction,Industry.construction.construction,14984646,Sales.5GPlus,74400,Employees.10000plus,16,162,5413,23,"TitleCode.IT,TitleCodeTop.Business,TitleCodeMiddle.Technical,TitleCode.Director,TitleCodeMiddle.Director","Engineering & Technical,Director",https://go.zoominfo.com/#/apps/search/person/results?personProfileId=1488367417,bc4770ef389076bc679fe1f590469d37,jacobs.com,orbitalitleads6-3
123789,Sangkavadana,Tracey,,,,"Regional Director, Information Technology",759,Information Technology,Director,,(360) 949-1414,tracey.sangkavadana@furtas.net,600 William Northern Blvd.,Tullahoma,Tennessee,37388,United States,52,5/14/2019,144933765,Jacobs Engineering Group Inc,Jacobs,www.jacobs.com,(214) 583-8500,"1999 BRYAN St., Ste. 1200",Dallas,Texas,75201,United States,Construction,Industry.construction,Commercial & Residential Construction,Industry.construction.construction,14984646,Sales.5GPlus,74400,Employees.10000plus,16,162,5413,23,"TitleCode.IT,TitleCodeTop.Business,TitleCodeMiddle.Technical,TitleCode.Director,TitleCodeMiddle.Director","Engineering & Technical,Director",https://go.zoominfo.com/#/apps/search/person/results?personProfileId=1488367417,bc4770ef389076bc679fe1f590469d37,jacobs.com,orbitalitleads6-3
2499306181,McSweeney,Kurt,,,,"Procurement Director, Information Technology",759,Contracts,Director,,(817) 540-7673,kmcsweeney@walkertx.com,,,Texas,,United States,5,5/29/2019,128647357,Walker Engineering Inc,Walker,www.walkertx.com,(817) 540-7777,1505 W. Walnut Hill Ln.,Irving,Texas,75038,United States,Construction,Industry.construction,Commercial & Residential Construction,Industry.construction.construction,68000,Sales.50Mto100M,340,Employees.250to499,,,,,"TitleCode.Contracts,TitleCodeMiddle.Director,TitleCodeTop.Business,TitleCode.IT,TitleCodeMiddle.Operations,TitleCodeMiddle.Technical,TitleCode.Director","Operations,Director",https://go.zoominfo.com/#/apps/search/person/results?personProfileId=2499306181,03a49b4091e0684cd9fcc2e825c91012,walkertx.com,orbitalitleads6-3
542847621,Mead,Mike,,,,"Director, Information Technology",759,Information Technology,Director,,(517) 346-9639,mmead@wielandbuilds.com,4162 English Oak Dr.,Lansing,Michigan,48911,United States,18,5/16/2019,55656533,Wieland Corporation,Wieland,wielandbuilds.com,(517) 372-8650,4162 English Oak Dr.,Lansing,Michigan,48911,United States,Commercial & Residential Construction,Industry.construction.construction,Construction,Industry.construction,75000,Sales.50Mto100M,157,Employees.100to249,,,,,"TitleCode.IT,TitleCodeTop.Business,TitleCodeMiddle.Technical,TitleCode.Director,TitleCodeMiddle.Director","Engineering & Technical,Director",https://go.zoominfo.com/#/apps/search/person/results?personProfileId=542847621,c676873f6601e21e275a264caf3bcae7,wielandbuilds.com,orbitalitleads6-3
1629842052,Petrone,Rob,,,,"Operations Director, Information Technology",759,Operations,Director,,(860) 298-6377,rpetrone@trccompanies.com,21 Griffin Rd. North,Windsor,Connecticut,6095,United States,58,5/30/2019,53822163,TRC Companies Inc,TRC,www.trcsolutions.com,(978) 970-5600,650 Suffolk St.,Lowell,Massachusetts,1854,United States,Construction General,Industry.construction.general,Construction,Industry.construction,620864,Sales.500Mto1G,4800,Employees.1000to4999,87,871,221,5416,"TitleCode.Operations,TitleCodeMiddle.Director,TitleCodeTop.Business,TitleCode.IT,TitleCodeMiddle.Operations,TitleCodeMiddle.Technical,TitleCode.Director","Operations,Director",https://go.zoominfo.com/#/apps/search/person/results?personProfileId=1629842052,32141aa800ecd06d0ca5acd47a4e4b30,trccompanies.com,orbitalitleads6-3
-1890253634,Artz,Valorie,,,,"Governance Director, Information Technology",759,Information Technology,Director,,(786) 618-6290,valorie.artz@lennar.com,700 NW 107TH Ave. Ste. 400,Miami,Florida,33172,United States,29,5/30/2019,22446559,Lennar Corporation,Lennar,www.lennar.com,(305) 559-4000,700 NW 107TH Ave. Ste. 400,Miami,Florida,33172,United States,Commercial & Residential Construction,Industry.construction.construction,Construction,Industry.construction,20571631,Sales.5GPlus,9111,Employees.5000to9999,15,152,531,23611,"TitleCode.IT,TitleCodeTop.Business,TitleCodeMiddle.Technical,TitleCode.Director,TitleCodeMiddle.Director","Engineering & Technical,Director",https://go.zoominfo.com/#/apps/search/person/results?personProfileId=-1890253634,4040f49081f9f6bd8d1f565612d866bc,lennar.com,orbitalitleads6-3
-2045335565,Breen,Andy,,,,"Director, Information Technology",759,Information Technology,Director,,,abreen@qdgroupinvesco.com,P.O. Box 10865,Reno,Nevada,89509,United States,13,5/31/2019,406071985,qdgroupinvesco.com,QD Group,www.qdgroupinvesco.com,(775) 786-2677,P.O. Box 10865,Reno,Nevada,89509,United States,Commercial & Residential Construction,Industry.construction.construction,Construction,Industry.construction,3400,Sales.1Mto5M,17,Employees.10to19,,,,,"TitleCode.IT,TitleCodeTop.Business,TitleCodeMiddle.Technical,TitleCode.Director,TitleCodeMiddle.Director","Engineering & Technical,Director",https://go.zoominfo.com/#/apps/search/person/results?personProfileId=-2045335565,1c3168f31e50af9537004d8535ebca00,qdgroupinvesco.com,orbitalitleads6-3
1765683311,Dorr,Art,,,,"Senior Director, Information Technology",763,Information Technology,Director,,(720) 977-3725,art.dorr@mdch.com,4350 S MONACO St. Ste. 500,Denver,Colorado,80237,United States,43,5/13/2019,47189027,"M.D.C. Holdings , Inc.",M.D.C. Holdings,www.mdcholdings.com,(303) 773-1100,4350 S MONACO St. Ste. 500,Denver,Colorado,80237,United States,Real Estate,Industry.realestate,Commercial & Residential Construction,Industry.construction.construction,2981811,Sales.1Gto5G,1581,Employees.1000to4999,15,153,5222,5312,"TitleCode.IT,TitleCodeTop.Business,TitleCodeMiddle.Technical,TitleCode.Director,TitleCodeMiddle.Director","Engineering & Technical,Director",https://go.zoominfo.com/#/apps/search/person/results?personProfileId=1765683311,67ed73a5ef58a79327ccf7d519c8aa70,mdch.com,orbitalitleads6-3
1502283226,Clemente,Arvind,,,,"Director, Information Technology",759,Information Technology,Director,,+971 4 885 4448 ext. 7100,arvind.clemente@amanabuildings.com,,,Utah,,United States,34,5/23/2019,346678867,Amana Contracting Group Limited,Amana,www.amanabuildings.com,,Dubai Investment Park 1,Dubai,Dubai,,United Arab Emirates,Commercial & Residential Construction,Industry.construction.construction,Construction,Industry.construction,28800,Sales.25Mto50M,144,Employees.100to249,,,,,"TitleCode.IT,TitleCodeTop.Business,TitleCodeMiddle.Technical,TitleCode.Director,TitleCodeMiddle.Director","Engineering & Technical,Director",https://go.zoominfo.com/#/apps/search/person/results?personProfileId=1502283226,a33e41e7b6f46228fad598c8aff8bd93,amanabuildings.com,orbitalitleads6-3
411340061,Bolan,Brett,A.,,,"Director, Information Technology",759,Information Technology,Director,,(501) 539-0414,bbolan@harrisonenergy.com,"1501 Westpark Dr., Ste. 9",Little Rock,Arkansas,72204,United States,23,5/23/2019,357052363,Harrison Energy Partners,Harrison Energy,www.harrisonenergy.com,(501) 661-0621,"1501 Westpark Dr., Ste. 9",Little Rock,Arkansas,72204,United States,Commercial & Residential Construction,Industry.construction.construction,Construction,Industry.construction,16200,Sales.10Mto25M,81,Employees.50to99,,,,,"TitleCode.IT,TitleCodeTop.Business,TitleCodeMiddle.Technical,TitleCode.Director,TitleCodeMiddle.Director","Engineering & Technical,Director",https://go.zoominfo.com/#/apps/search/person/results?personProfileId=411340061,779286f5cb3b82d04ccdc8b9cc6f40d5,harrisonenergy.com,orbitalitleads6-3
-1823712538,Fahner,Chris,,,,"Director, Information Technology",759,Information Technology,Director,,(734) 637-7906,cfahner@corbyenergy.com,6001 Schooner St.,Belleville,Michigan,48111-5366,United States,21,5/28/2019,345165509,Corby Energy Services Inc,Corby Energy,www.corbyenergy.com,(734) 547-9237,2021 S. Schaefer Hwy.,Detroit,Michigan,48217,United States,Oil & Gas Exploration & Services,Industry.energy.services,"Energy, Utilities & Waste Treatment",Industry.energy,11800,Sales.10Mto25M,59,Employees.50to99,138,13,21,211,"TitleCode.IT,TitleCodeTop.Business,TitleCodeMiddle.Technical,TitleCode.Director,TitleCodeMiddle.Director","Engineering & Technical,Director",https://go.zoominfo.com/#/apps/search/person/results?personProfileId=-1823712538,10ee26c1f35433dfa5313b52fc723bc5,corbyenergy.com,orbitalitleads6-3
-1303435130,McNamara,Connor,,,,"Director, Information Technology",759,Information Technology,Director,,(772) 285-8224,connor.mcnamara@straticon.com,8767 N 32nd St.,Richland,Michigan,49083-8555,United States,7,5/11/2019,145277080,"Straticon , LLC",Straticon,www.straticon.com,(772) 210-0200,451 SW Federal Hwy.,Stuart,Florida,34994,United States,Commercial & Residential Construction,Industry.construction.construction,Construction,Industry.construction,8400,Sales.5Mto10M,42,Employees.20to49,,,,,"TitleCode.IT,TitleCodeTop.Business,TitleCodeMiddle.Technical,TitleCode.Director,TitleCodeMiddle.Director","Engineering & Technical,Director",https://go.zoominfo.com/#/apps/search/person/results?personProfileId=-1303435130,676bf2953c9495d9d0ae2d06fd3e9e2d,straticon.com,orbitalitleads6-3
-1743295349,Spruill,Dan,,,,"Director, Information Technology",759,Information Technology,Director,,(240) 477-1583,dspruill@ruppertcompanies.com,23601 Laytonsville Rd.,Laytonsville,Maryland,20882,United States,30,6/1/2019,98372295,Ruppert Landscape Company,Ruppert,www.ruppertcompanies.com,(301) 482-0300,23601 Laytonsville Rd.,Laytonsville,Maryland,20882,United States,"Architecture, Engineering & Design",Industry.construction.architecture,Construction,Industry.construction,39270,Sales.25Mto50M,516,Employees.500to999,8712,871,541,5413,"TitleCode.IT,TitleCodeTop.Business,TitleCodeMiddle.Technical,TitleCode.Director,TitleCodeMiddle.Director","Engineering & Technical,Director",https://go.zoominfo.com/#/apps/search/person/results?personProfileId=-1743295349,b596cbf633964c1217ad876bcce148a1,ruppertcompanies.com,orbitalitleads6-3
2107314648,Smith,Erick,,,,"Director, Information Technology",759,Information Technology,Director,,(336) 447-0789,erick@sassercompanies.com,7237 Pace Dr.,Whitsett,North Carolina,27377,United States,39,5/21/2019,47121252,Sasser Companies Inc,Sasser,www.sassercompanies.com,(336) 449-1144,7237 Pace Dr.,Whitsett,North Carolina,27377,United States,Commercial & Residential Construction,Industry.construction.construction,Construction,Industry.construction,19800,Sales.10Mto25M,99,Employees.50to99,,,,,"TitleCode.IT,TitleCodeTop.Business,TitleCodeMiddle.Technical,TitleCode.Director,TitleCodeMiddle.Director","Engineering & Technical,Director",https://go.zoominfo.com/#/apps/search/person/results?personProfileId=2107314648,a30b21d3a9ee8698cbbe082a62ea9c87,sassercompanies.com,orbitalitleads6-3
2621160188,Hamm-Tellock,Julie,,,,"Senior Director, Information Technology",763,Information Technology,Director,,(920) 583-1508,jbtellock@michels.us,817 W. Main St.,Brownsville,Wisconsin,53006,United States,9,5/24/2019,62358623,Michels Corporation,Michels,www.michels.us,(920) 583-3132,817 W. Main St.,Brownsville,Wisconsin,53006,United States,Construction General,Industry.construction.general,Construction,Industry.construction,,,6000,Employees.5000to9999,16,162,221,22,"TitleCode.IT,TitleCodeTop.Business,TitleCodeMiddle.Technical,TitleCode.Director,TitleCodeMiddle.Director","Engineering & Technical,Director",https://go.zoominfo.com/#/apps/search/person/results?personProfileId=2621160188,31bcdf60d47ad49469d921ecbbc59b21,michels.us,orbitalitleads6-3
-1797942951,Havens,Justin,W.,,,"Director, Information Technology",759,Information Technology,Director,,(540) 853-3215,jhavens@srcusa.com,3140 Shenandoah Ave. NWPO Box 12646,Roanoke,Virginia,24027,United States,20,5/30/2019,111706407,Southern Refrigeration Corporation,SRC,www.srcusa.com,(540) 342-3493,3140 Shenandoah Ave. NWPO Box 12646,Roanoke,Virginia,24027,United States,Commercial & Residential Construction,Industry.construction.construction,Construction,Industry.construction,32600,Sales.25Mto50M,163,Employees.100to249,,,,,"TitleCode.IT,TitleCodeTop.Business,TitleCodeMiddle.Technical,TitleCode.Director,TitleCodeMiddle.Director","Engineering & Technical,Director",https://go.zoominfo.com/#/apps/search/person/results?personProfileId=-1797942951,87875fd6dded78b124dd5e768e488e14,srcusa.com,orbitalitleads6-3
1842764018,Glaser,Kathleen,D.,,,"Senior Director, Information Technology",763,Information Technology,Director,,(626) 568-7168,kathleen.glaser@jacobs.com,404 Camino del Rio S,San Diego,California,92108-3503,United States,88,4/28/2019,144933765,Jacobs Engineering Group Inc,Jacobs,www.jacobs.com,(214) 583-8500,"1999 BRYAN St., Ste. 1200",Dallas,Texas,75201,United States,Construction,Industry.construction,Commercial & Residential Construction,Industry.construction.construction,14984646,Sales.5GPlus,74400,Employees.10000plus,16,162,2379,3118,"TitleCode.IT,TitleCodeTop.Business,TitleCodeMiddle.Technical,TitleCode.Director,TitleCodeMiddle.Director","Engineering & Technical,Director",https://go.zoominfo.com/#/apps/search/person/results?personProfileId=1842764018,ced4d44fc87b46527f96121ffc5b319a,jacobs.com,orbitalitleads6-3
1476886303,Vella,Matt,,,,"Director, Information Technology",759,Information Technology,Director,,(413) 485-4024,mvella@elmelec.com,68 Union St.,Westfield,Massachusetts,1085,United States,15,5/28/2019,34245525,Elm Electrical Inc,Elm,www.elmelec.com,(413) 568-0905,68 Union St.,Westfield,Massachusetts,1085,United States,Industrial Machinery & Equipment,Industry.mfg.industrialmachinery,Manufacturing,Industry.mfg,17000,Sales.10Mto25M,85,Employees.50to99,35,,,,"TitleCode.IT,TitleCodeTop.Business,TitleCodeMiddle.Technical,TitleCode.Director,TitleCodeMiddle.Director","Engineering & Technical,Director",https://go.zoominfo.com/#/apps/search/person/results?personProfileId=1476886303,e9e125be431235b5ab31dbd4ff93d2aa,elmelec.com,orbitalitleads6-3
-1959366352,Moyer,Robert,G.,,,"Director, Information Technology",759,Information Technology,Director,,(717) 767-8294,rgmoyer@wagman.com,3290 North Susquehanna Trail,York,Pennsylvania,17406,United States,24,5/13/2019,41288474,Wagman Inc,Wagman,www.wagman.com,(717) 764-8521,3290 North Susquehanna Trail,York,Pennsylvania,17406,United States,Commercial & Residential Construction,Industry.construction.construction,Construction,Industry.construction,,,80,Employees.50to99,16,161,2379,237310,"TitleCode.IT,TitleCodeTop.Business,TitleCodeMiddle.Technical,TitleCode.Director,TitleCodeMiddle.Director","Engineering & Technical,Director",https://go.zoominfo.com/#/apps/search/person/results?personProfileId=-1959366352,28f6c085588cf3dcaabf0fd05b591f9f,wagman.com,orbitalitleads6-3
3020841552,Bilicke,Bryan,A.,,,"Director, Information Technology",759,Information Technology,Director,,,bryanb@lmcconstruction.com,,Beaverton,Oregon,97008,United States,11,5/31/2019,344183579,L M C Construction Inc,LMC Construction,www.lmcconstruction.com,(503) 646-0521,19200 SW Teton Ave.,Tualatin,Oregon,97062,United States,Commercial & Residential Construction,Industry.construction.construction,Construction,Industry.construction,3200,Sales.1Mto5M,16,Employees.10to19,15,153,23,236,"TitleCode.IT,TitleCodeTop.Business,TitleCodeMiddle.Technical,TitleCode.Director,TitleCodeMiddle.Director","Engineering & Technical,Director",https://go.zoominfo.com/#/apps/search/person/results?personProfileId=3020841552,e8d0199113eecd4a52ba4572ffdbb8c5,lmcconstruction.com,orbitalitleads6-3
2085262886,Johnson,Cole,,,,"Director, Information Technology",759,Information Technology,Director,,(724) 306-1600 ext. 218,cjohnson@bronderts.com,990 W OLD Rte. 422,Prospect,Pennsylvania,16052,United States,10,5/30/2019,17944463,"Bronder Technical Services, Inc.",Bronder,www.bronderts.com,(724) 306-1600,990 W OLD Rte. 422,Prospect,Pennsylvania,16052,United States,Commercial & Residential Construction,Industry.construction.construction,Construction,Industry.construction,5200,Sales.5Mto10M,26,Employees.20to49,,,,,"TitleCode.IT,TitleCodeTop.Business,TitleCodeMiddle.Technical,TitleCode.Director,TitleCodeMiddle.Director","Engineering & Technical,Director",https://go.zoominfo.com/#/apps/search/person/results?personProfileId=2085262886,6c48446e18a207ea8d23eff444784162,bronderts.com,orbitalitleads6-3
-2039595998,Tomita,Dave,T.,,,"Director, Information Technology",759,Information Technology,Director,,(949) 833-6061,dtomita@calpacifichomes.com,16530 Bake Pkwy.,Irvine,California,92618,United States,32,5/17/2019,15962738,California Pacific Homes,Cal Pacific Homes,www.calpacifichomes.com,(949) 833-6000,16530 Bake Pkwy.,Irvine,California,92618,United States,Construction General,Industry.construction.general,Construction,Industry.construction,23800,Sales.10Mto25M,119,Employees.100to249,,,23611,23,"TitleCode.IT,TitleCodeTop.Business,TitleCodeMiddle.Technical,TitleCode.Director,TitleCodeMiddle.Director","Engineering & Technical,Director",https://go.zoominfo.com/#/apps/search/person/results?personProfileId=-2039595998,5ec30619d51034e6d30d3c065be33937,calpacifichomes.com,orbitalitleads6-3
1263408208,Hernandez,Jose,S.,Mr.,,"Purchasing Agent & Director, Information Technology",759,Contracts,Director,,(305) 637-2007,jshernandez@nationalconcrete.net,2550 Nw 39Th St.,Miami,Florida,33142,United States,18,5/14/2019,353798877,National Concrete Preservation Inc,National Concrete,www.nationalconcrete.net,(305) 546-8113,2550 Nw 39Th St.,Miami,Florida,33142,United States,Construction General,Industry.construction.general,Construction,Industry.construction,7000,Sales.5Mto10M,35,Employees.20to49,,,,,"TitleCode.Contracts,TitleCodeMiddle.Director,TitleCodeTop.Business,TitleCode.IT,TitleCodeMiddle.Operations,TitleCodeMiddle.Technical,TitleCode.Director","Operations,Director",https://go.zoominfo.com/#/apps/search/person/results?personProfileId=1263408208,19394ff99ddd998798d320f532f633e0,nationalconcrete.net,orbitalitleads6-3
-1332624252,Ung,Jules,,Ms.,,"Director, Information Technology",759,Information Technology,Director,,(808) 932-2975,jules.ung@hawaiicounty.gov,"345 Kekuanaoa St., Ste. 45",Hilo,Hawaii,96720,United States,15,5/29/2019,57923009,County of Hawaii,County of Hawaii,www.hawaiicounty.gov,(808) 961-8211,25 Aupuni St.,Hilo,Hawaii,96720,United States,"Architecture, Engineering & Design",Industry.construction.architecture,Construction,Industry.construction,,,118,Employees.100to249,8712,871,9211,92111,"TitleCode.IT,TitleCodeTop.Business,TitleCodeMiddle.Technical,TitleCode.Director,TitleCodeMiddle.Director","Engineering & Technical,Director",https://go.zoominfo.com/#/apps/search/person/results?personProfileId=-1332624252,4916a0da5e2a423e3d6e5c06a7c89504,hawaiicounty.gov,orbitalitleads6-3
2079324490,Smyk,Lauren,,,,"Director, Information Technology",759,Information Technology,Director,,,lsmyk@jamersonlewis.com,1306 Stephenson Ave.,Lynchburg,Virginia,24501,United States,24,5/28/2019,358390854,Jamerson-Lewis Construction Inc,Jamerson-Lewis,www.jamersonlewis.com,(434) 845-3468,1306 Stephenson Ave.,Lynchburg,Virginia,24501,United States,Commercial & Residential Construction,Industry.construction.construction,Construction,Industry.construction,26600,Sales.25Mto50M,133,Employees.100to249,,,,,"TitleCode.IT,TitleCodeTop.Business,TitleCodeMiddle.Technical,TitleCode.Director,TitleCodeMiddle.Director","Engineering & Technical,Director",https://go.zoominfo.com/#/apps/search/person/results?personProfileId=2079324490,f0743246105816f4c80bf011a79214f9,jamersonlewis.com,orbitalitleads6-3
1799355636,Berry,Marie,,,,"Director, Information Technology",759,Information Technology,Director,,(615) 309-8357 ext. 4419,mberry@hfrdesign.com,"214 Centerview Dr., Ste. 300",Brentwood,Tennessee,37027,United States,20,5/19/2019,38227535,HFR Design Inc,HFR Design,www.hfrdesign.com,(615) 370-8500,214 Centerview Dr. Ste. 300,Brentwood,Tennessee,37027,United States,"Architecture, Engineering & Design",Industry.construction.architecture,Construction,Industry.construction,48000,Sales.25Mto50M,240,Employees.100to249,8712,871,541,5413,"TitleCode.IT,TitleCodeTop.Business,TitleCodeMiddle.Technical,TitleCode.Director,TitleCodeMiddle.Director","Engineering & Technical,Director",https://go.zoominfo.com/#/apps/search/person/results?personProfileId=1799355636,78387c747fd02ce15418a571e224bf3d,hfrdesign.com,orbitalitleads6-3
1566621418,Lough,Randy,,,,"Director, Information Technology",759,Information Technology,Director,,(724) 359-1855,rlough@mccarl.com,1413 Ninth Ave.,Beaver Falls,Pennsylvania,15010,United States,34,5/28/2019,24166449,McCarl's Inc.,McCarl's,www.mccarl.com,(724) 843-5660,1413 Ninth Ave.,Beaver Falls,Pennsylvania,15010,United States,Construction General,Industry.construction.general,Construction,Industry.construction,300000,Sales.250Mto500M,3000,Employees.1000to4999,3432,343,332,33,"TitleCode.IT,TitleCodeTop.Business,TitleCodeMiddle.Technical,TitleCode.Director,TitleCodeMiddle.Director","Engineering & Technical,Director",https://go.zoominfo.com/#/apps/search/person/results?personProfileId=1566621418,911c8c9ee3ba8fc2532c7095e874a35a,mccarl.com,orbitalitleads6-3
2062917029,Nichoalds,Shawn,,,,"IT Director, Operations",759,Operations,Director,,(314) 427-1637 ext. 8139,shawnn@westernspecialtycontractors.com,1637 N Warson Rd.,St. Louis,Missouri,63132,United States,26,5/30/2019,104611881,Western Specialty Contractors Inc,Western Specialty Contractors,www.westernspecialtycontractors.com,(314) 427-1637,1637 N Warson Rd.,St. Louis,Missouri,63132,United States,Construction General,Industry.construction.general,Construction,Industry.construction,213600,Sales.100MMto250M,1200,Employees.1000to4999,,,,,"TitleCode.Operations,TitleCodeMiddle.Director,TitleCodeTop.Business,TitleCode.IT,TitleCodeMiddle.Operations,TitleCodeMiddle.Technical,TitleCode.Director","Operations,Director",https://go.zoominfo.com/#/apps/search/person/results?personProfileId=2062917029,c7f5e690587a9c25e098559d5d9e76bc,westernspecialtycontractors.com,orbitalitleads6-3
-977448057,Stafursky,Susan,,,,"Director, Information Technology",759,Information Technology,Director,,(607) 210-4406,sstafursky@buildwelliver.com,250 North Genesee St.,Montour Falls,New York,14865,United States,20,5/30/2019,41828910,Welliver McGuire Inc.,Welliver McGuire,www.buildwelliver.com,(607) 535-5400,250 North Genesee St.,Montour Falls,New York,14865,United States,Commercial & Residential Construction,Industry.construction.construction,Construction,Industry.construction,19600,Sales.10Mto25M,98,Employees.50to99,,,,,"TitleCode.IT,TitleCodeTop.Business,TitleCodeMiddle.Technical,TitleCode.Director,TitleCodeMiddle.Director","Engineering & Technical,Director",https://go.zoominfo.com/#/apps/search/person/results?personProfileId=-977448057,375a8c66f221ee54ef3e25b51de49eaf,buildwelliver.com,orbitalitleads6-3
2522642589,Frioni,David,,,,"IT Director, Information Technology",759,Information Technology,Director,,(203) 439-2984,dfrioni@laneconstruct.com,90 Fieldstone Ct.,Cheshire,Connecticut,6410,United States,23,5/2/2019,69256372,The Lane Construction Corporation,Lane Construction,www.laneconstruct.com,(203) 235-3351,90 Fieldstone Ct.,Cheshire,Connecticut,6410,United States,Commercial & Residential Construction,Industry.construction.construction,Construction,Industry.construction,,,4600,Employees.1000to4999,67,671,5511,55,"TitleCode.IT,TitleCodeTop.Business,TitleCodeMiddle.Technical,TitleCode.Director,TitleCodeMiddle.Director","Engineering & Technical,Director",https://go.zoominfo.com/#/apps/search/person/results?personProfileId=2522642589,7e89a6cade7764d9122ca2dd0952c45a,laneconstruct.com,orbitalitleads6-3
-2114754908,VanNatta,Rod,,,,"Director, Information Technology",759,Information Technology,Director,,(262) 369-2162,rvannatta@priceeng.com,1175 Cottonwood Ave.,Hartland,Wisconsin,53029,United States,33,5/30/2019,97045413,Price Engineering Company Inc,Price Engineering,www.priceeng.com,(262) 369-3700,1175 Cottonwood Ave.,Hartland,Wisconsin,53029,United States,Commercial & Residential Construction,Industry.construction.construction,Construction,Industry.construction,,,126,Employees.100to249,,,4238,333249,"TitleCode.IT,TitleCodeTop.Business,TitleCodeMiddle.Technical,TitleCode.Director,TitleCodeMiddle.Director","Engineering & Technical,Director",https://go.zoominfo.com/#/apps/search/person/results?personProfileId=-2114754908,1739bd1c32df45849e1668ae86ebe6a0,priceeng.com,orbitalitleads6-3
-2073779588,Strapac,Todd,,,,"Director, Information Technology",759,Information Technology,Director,,(951) 276-9619 ext. 150,tstrapac@championelec.com,3950 Garner Rd.,Riverside,California,92501,United States,13,5/14/2019,23400765,Champion Electric Inc,Champion Electric,www.championelec.com,(951) 276-9619,3950 Garner Rd.,Riverside,California,92501,United States,Commercial & Residential Construction,Industry.construction.construction,Construction,Industry.construction,23200,Sales.10Mto25M,116,Employees.100to249,,,,,"TitleCode.IT,TitleCodeTop.Business,TitleCodeMiddle.Technical,TitleCode.Director,TitleCodeMiddle.Director","Engineering & Technical,Director",https://go.zoominfo.com/#/apps/search/person/results?personProfileId=-2073779588,73469b72bfb3abfec8167e3dac01299b,championelec.com,orbitalitleads6-3
-1674156410,Williams,Matt,,,,"Director, Information Technology",759,Information Technology,Director,,(517) 325-9862,williams@pmenv.com,3340 Ranger Rd.,Lansing,Michigan,48906,United States,25,5/21/2019,95617627,PM Environmental Inc,PM Environmental,www.pmenv.com,(517) 321-3331,3340 Ranger Rd.,Lansing,Michigan,48906,United States,Commercial & Residential Construction,Industry.construction.construction,Construction,Industry.construction,18900,Sales.10Mto25M,125,Employees.100to249,,,,,"TitleCode.IT,TitleCodeTop.Business,TitleCodeMiddle.Technical,TitleCode.Director,TitleCodeMiddle.Director","Engineering & Technical,Director",https://go.zoominfo.com/#/apps/search/person/results?personProfileId=-1674156410,a1a77495c20268b6b81320660835da7d,pmenv.com,orbitalitleads6-3
