﻿Zoom Individual ID,Last name,First name,Middle name,Salutation,Suffix,Job title,Job title hierarchy level,Job Function,Management Level,Company division name,Direct Phone Number,Email address,Person Street,Person City,Person State,Person Zip,Country,Source count,Last updated date,Zoom company ID,Company name,Column1,Company domain name,Company phone number,Company Street address,Company City,Company State,Company ZIP/Postal code,Company Country,Industry label,Industry hierarchical category,Secondary industry label,Secondary industry hierarchical category,Revenue (in 000s),Revenue Range,Employees,Employees Range,SIC1,SIC2,NAICS1,NAICS2,TitleCode,Highest Level Job Function,Contact Zoom URL,Encrypted Email Address,Email Domain
1827865050,Estrada,Alan,,,,"Desktop Support Manager, Information Technology",719,Information Technology,Manager,,(510) 346-4367,aestrada@accoes.com,1133 Aladdin Ave.,San Leandro,California,94577,United States,21,7/8/2019,723708,ACCO Engineered Systems,ACCO,www.accoes.com,(818) 244-6571,6265 San Fernando Rd.,Glendale,California,91201,United States,"Architecture, Engineering & Design",Industry.construction.architecture,Construction,Industry.construction,1010000,Sales.1Gto5G,4000,Employees.1000to4999,17,179,23822,5413,"TitleCode.IT,TitleCodeTop.Business,TitleCodeMiddle.Manager,TitleCodeMiddle.Technical,TitleCode.Manager","Manager,Engineering & Technical",https://go.zoominfo.com/#/apps/search/person/results?personProfileId=1827865050,f37522a15afc4706a4cc48fb2943fac2,accoes.com
-1968681236,McPherson,Sofia,,,,"Regional Manager, Pacific Information Technology",719,Information Technology,Manager,,(858) 263-9582,sofia.mcpherson@aecom.com,"401 West A St., Ste. 1200",San Diego,California,92101,United States,84,6/10/2019,1756285,AECOM Limited,AECOM,www.aecom.com,(213) 593-8000,1999 Ave. Of The Stars Ste. 2600,Los Angeles,California,90067,United States,"Architecture, Engineering & Design",Industry.construction.architecture,Construction,Industry.construction,20155500,Sales.5GPlus,87000,Employees.10000plus,87,871,2379,541511,"TitleCode.IT,TitleCodeTop.Business,TitleCodeMiddle.Manager,TitleCodeMiddle.Technical,TitleCode.Manager","Manager,Engineering & Technical",https://go.zoominfo.com/#/apps/search/person/results?personProfileId=-1968681236,b5f72cd44dca3b123e98d1494647e247,aecom.com
-2019338548,Boggs,Jennifer,,,,"Service Delivery Senior Manager, Information Technology",723,Information Technology,Manager,,(213) 593-8758,jennifer.boggs@aecom.com,300 S Grand Ave.,Los Angeles,California,90071,United States,78,5/10/2019,1756285,AECOM Limited,AECOM,www.aecom.com,(213) 593-8000,1999 Ave. Of The Stars Ste. 2600,Los Angeles,California,90067,United States,"Architecture, Engineering & Design",Industry.construction.architecture,Construction,Industry.construction,20155500,Sales.5GPlus,87000,Employees.10000plus,87,871,2379,541511,"TitleCode.IT,TitleCodeTop.Business,TitleCodeMiddle.Manager,TitleCodeMiddle.Technical,TitleCode.Manager","Manager,Engineering & Technical",https://go.zoominfo.com/#/apps/search/person/results?personProfileId=-2019338548,771761c64bb027abbf4ba2760048395e,aecom.com
-1268224848,Ermentrout,George,,,,"Controls Manager, Information Technology",719,Information Technology,Manager,,(480) 368-4719,george.ermentrout@aecom.com,6720 North Scottsdale Rd.,Scottsdale,Arizona,85253,United States,10,3/21/2019,1756285,AECOM Limited,AECOM,www.aecom.com,(213) 593-8000,1999 Ave. Of The Stars Ste. 2600,Los Angeles,California,90067,United States,"Architecture, Engineering & Design",Industry.construction.architecture,Construction,Industry.construction,20155500,Sales.5GPlus,87000,Employees.10000plus,87,871,2379,541511,"TitleCode.IT,TitleCodeTop.Business,TitleCodeMiddle.Manager,TitleCodeMiddle.Technical,TitleCode.Manager","Manager,Engineering & Technical",https://go.zoominfo.com/#/apps/search/person/results?personProfileId=-1268224848,ecbc425f95378e21ecc62f1b6a8b0142,aecom.com
-1531673744,Licence,Dan,,,,"Manager, Information Technology",719,Information Technology,Manager,,,dan.licence@aecom.com,1999 Ave. Of The Stars Ste. 2600,Los Angeles,California,90067,United States,2,4/11/2019,1756285,AECOM Limited,AECOM,www.aecom.com,(213) 593-8000,1999 Ave. Of The Stars Ste. 2600,Los Angeles,California,90067,United States,"Architecture, Engineering & Design",Industry.construction.architecture,Construction,Industry.construction,20155500,Sales.5GPlus,87000,Employees.10000plus,87,871,2379,541511,"TitleCode.IT,TitleCodeTop.Business,TitleCodeMiddle.Manager,TitleCodeMiddle.Technical,TitleCode.Manager","Manager,Engineering & Technical",https://go.zoominfo.com/#/apps/search/person/results?personProfileId=-1531673744,b56fd18c307d94990e008fc6572a2318,aecom.com
-1854531869,Harmon,Andy,F.,,,"CAD Manager, Information Technology",719,Information Technology,Manager,,,aharmon@aec-sc.com,P.O. Box 2299,West Columbia,South Carolina,29171,United States,7,4/12/2019,353596923,American Engineering,American Engineering,www.aec-sc.com,(803) 791-1400,1300 12TH St.,West Columbia,South Carolina,29033,United States,"Architecture, Engineering & Design",Industry.construction.architecture,Construction,Industry.construction,3600,Sales.1Mto5M,18,Employees.10to19,8712,871,541,5413,"TitleCode.IT,TitleCodeTop.Business,TitleCodeMiddle.Manager,TitleCodeMiddle.Technical,TitleCode.Manager","Manager,Engineering & Technical",https://go.zoominfo.com/#/apps/search/person/results?personProfileId=-1854531869,73313554431daf921c46e15c10d0e357,aec-sc.com
-862509481,Selinger,Michael,,,,"Manager, Information Technology",719,Information Technology,Manager,,(503) 972-5016,mselinger@anchorqea.com,"6720 SW Macadam Ave., Ste. 125",Portland,Oregon,97219,United States,11,3/28/2019,353558987,Anchor QEA LLC,Anchor,www.anchorqea.com,(206) 287-9130,720 Olive Way Ste. 1900,Seattle,Washington,98101,United States,Construction,Industry.construction,Commercial & Residential Construction,Industry.construction.construction,55400,Sales.50Mto100M,277,Employees.250to499,89,899,5416,5417,"TitleCode.IT,TitleCodeTop.Business,TitleCodeMiddle.Manager,TitleCodeMiddle.Technical,TitleCode.Manager","Manager,Engineering & Technical",https://go.zoominfo.com/#/apps/search/person/results?personProfileId=-862509481,5f498086e1fc071bde8198a72446aab1,anchorqea.com
-2124355387,Lane,Barry,,,Jr.,"Manager, Information Technology",719,Information Technology,Manager,,(312) 573-6122,blane@antunovich.com,224 West Huron St.,Chicago,Illinois,60654,United States,63,3/21/2019,2359324,Antunovich Associates,Antunovich,www.antunovich.com,(312) 266-1126,224 West Huron St.,Chicago,Illinois,60654,United States,"Architecture, Engineering & Design",Industry.construction.architecture,Construction,Industry.construction,5715,Sales.5Mto10M,146,Employees.100to249,73,738,541,5414,"TitleCode.IT,TitleCodeTop.Business,TitleCodeMiddle.Manager,TitleCodeMiddle.Technical,TitleCode.Manager","Manager,Engineering & Technical",https://go.zoominfo.com/#/apps/search/person/results?personProfileId=-2124355387,51be19455e58a4e6a7ad1b57165eea72,antunovich.com
-1968999665,Lydon,Jillian,,,,"Manager, Information Technology",719,Information Technology,Manager,,(617) 623-5555 ext. 1137,lydon@arrowstreet.com,"10 Post Office Sq., Ste. 700N",Boston,Massachusetts,2109,United States,13,7/10/2019,2769428,Arrowstreet Inc.,Arrowstreet,www.arrowstreet.com,(617) 623-5555,"10 Post Office Sq., Ste. 700N",Boston,Massachusetts,2109,United States,"Architecture, Engineering & Design",Industry.construction.architecture,Construction,Industry.construction,19600,Sales.10Mto25M,98,Employees.50to99,73,738,541,5414,"TitleCode.IT,TitleCodeTop.Business,TitleCodeMiddle.Manager,TitleCodeMiddle.Technical,TitleCode.Manager","Manager,Engineering & Technical",https://go.zoominfo.com/#/apps/search/person/results?personProfileId=-1968999665,82789d8c43a53130aa64642eaa965686,arrowstreet.com
2047712607,Stary,Justin,,,,"Senior Project Manager, Design & Information Technology-CNS & Survey Crew",723,Technical,Manager,,,justin.stary@ae-pc.com,2705 N Main St.,Elkhorn,Nebraska,68022,United States,10,4/12/2019,357673148,Associated Engineering Inc,Associated Engineering,www.ae-pc.com,(402) 289-5040,2705 N Main St.,Elkhorn,Nebraska,68022,United States,"Architecture, Engineering & Design",Industry.construction.architecture,Construction,Industry.construction,2600,Sales.1Mto5M,13,Employees.10to19,8712,871,541,5413,"TitleCode.Technical,TitleCode.ProjectManagement,TitleCodeMiddle.Manager,TitleCodeTop.Business,TitleCode.IT,TitleCodeMiddle.Operations,TitleCodeMiddle.Technical,TitleCode.Manager","Operations,Manager",https://go.zoominfo.com/#/apps/search/person/results?personProfileId=2047712607,7987d4c7c8d714ee705a27a63cd7ed82,ae-pc.com
2054283704,Panegasser,Victor,J.,,,"Manager, Information Technology",719,Information Technology,Manager,,(702) 990-7311,victor.panegasser@atkinsglobal.com,"2270 Corporate Circle, Ste. 100",Henderson,Nevada,89074,United States,17,6/11/2019,8228377,Atkins Limited,Atkins,www.atkinsglobal.com,+44 20 7121 2000,Woodcote Grove Ashley Rd.,Epsom,Surrey,KT18 5BW,United Kingdom,Construction,Industry.construction,"Architecture, Engineering & Design",Industry.construction.architecture,2601727,Sales.1Gto5G,17489,Employees.10000plus,89,899,561499,5416,"TitleCode.IT,TitleCodeTop.Business,TitleCodeMiddle.Manager,TitleCodeMiddle.Technical,TitleCode.Manager","Manager,Engineering & Technical",https://go.zoominfo.com/#/apps/search/person/results?personProfileId=2054283704,ed09b8f68a0e1ccbb9d7002a3da0cd2c,atkinsglobal.com
1944555173,Corace,Kelly,J.,,,"IT Senior Manager, Business Development",723,Information Technology,Manager,,(704) 665-4484,kelly.corace@atkinsglobal.com,5200 Seventy Seven Center Dr. Ste. 500,Charlotte,North Carolina,28217,United States,33,3/21/2019,8228377,Atkins Limited,Atkins,www.atkinsglobal.com,+44 20 7121 2000,Woodcote Grove Ashley Rd.,Epsom,Surrey,KT18 5BW,United Kingdom,Construction,Industry.construction,"Architecture, Engineering & Design",Industry.construction.architecture,2601727,Sales.1Gto5G,17489,Employees.10000plus,89,899,561499,5416,"TitleCodeMiddle.Manager,TitleCodeMiddle.Sales,TitleCodeTop.Business,TitleCode.IT,TitleCode.BizDev,TitleCodeMiddle.Technical,TitleCode.Manager","Sales,Manager",https://go.zoominfo.com/#/apps/search/person/results?personProfileId=1944555173,b3755389582c63fad9d545809716bebe,atkinsglobal.com
2089255670,Knight,Ed,,,,"Facilities Manager, Information Technology",719,Facilities,Manager,,(360) 823-6112,ed.knight@abam.com,1111 Main St. Ste. 300,Vancouver,Washington,98660,United States,3,2/7/2019,13864489,BergerABAM,ABAM,www.abam.com,(206) 431-2300,33301 Ninth Ave. South Ste. 300,Federal Way,Washington,98003,United States,"Architecture, Engineering & Design",Industry.construction.architecture,Construction,Industry.construction,600000,Sales.500Mto1G,3000,Employees.1000to4999,87,871,541,5413,"TitleCode.Facilities,TitleCodeMiddle.Manager,TitleCodeTop.Business,TitleCode.IT,TitleCodeMiddle.Operations,TitleCodeMiddle.Technical,TitleCode.Manager","Operations,Manager",https://go.zoominfo.com/#/apps/search/person/results?personProfileId=2089255670,1c8709cdb807ef49dcf488c0ad9ad279,abam.com
1133125792,Knott,Greg,,,,"Manager, Information Technology",719,Information Technology,Manager,,,gknott@brcjcivil.com,1351 West Tapp Rd.,Bloomington,Indiana,47403,United States,14,3/1/2019,345542337,Bledsoe Riggert Cooper James,BRCJ,www.brcjcivil.com,(812) 336-8277,1351 West Tapp Rd.,Bloomington,Indiana,47403,United States,"Architecture, Engineering & Design",Industry.construction.architecture,Construction,Industry.construction,7400,Sales.5Mto10M,37,Employees.20to49,8712,871,541511,541,"TitleCode.IT,TitleCodeTop.Business,TitleCodeMiddle.Manager,TitleCodeMiddle.Technical,TitleCode.Manager","Manager,Engineering & Technical",https://go.zoominfo.com/#/apps/search/person/results?personProfileId=1133125792,da076afe683da3446c963f9929784b69,brcjcivil.com
-2038677522,Konforti,Ofir,,,,"Manager, Information Technology",719,Information Technology,Manager,,,okonforti@bohlereng.com,35 Technology Dr.,Warren Township,New Jersey,7059,United States,10,3/21/2019,5145068,Bohler Engineering,Bohler Engineering,bohlerengineering.com,(908) 668-8300,35 Technology Dr.,Warren Township,New Jersey,7059,United States,Construction,Industry.construction,Commercial & Residential Construction,Industry.construction.construction,120000,Sales.100MMto250M,600,Employees.500to999,87,871,512,541,"TitleCode.IT,TitleCodeTop.Business,TitleCodeMiddle.Manager,TitleCodeMiddle.Technical,TitleCode.Manager","Manager,Engineering & Technical",https://go.zoominfo.com/#/apps/search/person/results?personProfileId=-2038677522,46f9df46db90600e8e4c26dfeaf3b1d5,bohlereng.com
2599667622,Borda,Philip,,,,"Manager, Information Technology",719,Information Technology,Manager,,(215) 563-3900 ext. 169,pborda@blta.com,1216 ARCH St.,Philadelphia,Pennsylvania,19107,United States,15,1/1/2019,5325985,Bower Lewis Thrower Architects Ltd,BLTA,www.blta.com,(215) 563-3900,1216 ARCH St.,Philadelphia,Pennsylvania,19107,United States,"Architecture, Engineering & Design",Industry.construction.architecture,Construction,Industry.construction,10287,Sales.10Mto25M,48,Employees.20to49,87,871,541,5413,"TitleCode.IT,TitleCodeTop.Business,TitleCodeMiddle.Manager,TitleCodeMiddle.Technical,TitleCode.Manager","Manager,Engineering & Technical",https://go.zoominfo.com/#/apps/search/person/results?personProfileId=2599667622,e4444817a461f36912ee89ea1b624794,blta.com
-2048747111,Stroebel,Jeremy,,,,Graduate Architect and Information Technology Coordinator and BIM Manager,719,Technical,Manager,,(317) 554-8299,jstroebel@bdmd.com,626 North Illinois St.,Indianapolis,Indiana,46204,United States,45,3/18/2019,7717381,Browning Day Mullins Dierdorf,BDMD,www.bdmd.com,(317) 635-5030,626 North Illinois St.,Indianapolis,Indiana,46204,United States,"Architecture, Engineering & Design",Industry.construction.architecture,Construction,Industry.construction,13800,Sales.10Mto25M,69,Employees.50to99,8712,871,541,5413,"TitleCodeMiddle.GeneralEdu,TitleCodeMiddle.Manager,TitleCode.Technical,TitleCode.Education,TitleCode.IT,TitleCodeTop.Business,TitleCodeTop.Education,TitleCode.SoftwareEng,TitleCodeMiddle.Technical,TitleCode.Manager","Manager,Engineering & Technical",https://go.zoominfo.com/#/apps/search/person/results?personProfileId=-2048747111,ff527808d6122d4af5e67887ce68cf54,bdmd.com
1717026917,Deyo,Matthew,,,,"Manager, Information Technology",719,Information Technology,Manager,,,mdeyo@brunercott.com,130 PROSPECT St.,Cambridge,Massachusetts,2139,United States,15,4/11/2019,5734838,Bruner/Cott & Associates,Bruner/Cott,www.brunercott.com,(617) 492-8400,130 PROSPECT St.,Cambridge,Massachusetts,2139,United States,"Architecture, Engineering & Design",Industry.construction.architecture,Construction,Industry.construction,7210,Sales.5Mto10M,138,Employees.100to249,87,871,541,5413,"TitleCode.IT,TitleCodeTop.Business,TitleCodeMiddle.Manager,TitleCodeMiddle.Technical,TitleCode.Manager","Manager,Engineering & Technical",https://go.zoominfo.com/#/apps/search/person/results?personProfileId=1717026917,d8a9321737460de72d9b392ce2539925,brunercott.com
1676529955,Mistric,Kevin,,,,"Manager, Draftsman & Information Technology",719,Information Technology,Manager,,,kevin@cmistric.com,11841 Coursey Blvd.,Baton Rouge,Louisiana,70816,United States,9,7/23/2019,347346804,C. Mistric Surveyors Inc,C. Mistric,www.cmistric.com,(225) 292-3953,11841 Coursey Blvd.,Baton Rouge,Louisiana,70816,United States,"Architecture, Engineering & Design",Industry.construction.architecture,Construction,Industry.construction,5200,Sales.5Mto10M,26,Employees.20to49,8712,871,5416,541,"TitleCode.IT,TitleCodeTop.Business,TitleCodeMiddle.Manager,TitleCodeMiddle.Technical,TitleCode.Manager","Manager,Engineering & Technical",https://go.zoominfo.com/#/apps/search/person/results?personProfileId=1676529955,2747ce09acf0ee4050f1b78bbd778735,cmistric.com
-2060243684,Triantafell,Steven,,,,IT HR Specialist & Project Manager,719,Information Technology,Manager,,(202) 579-8288,strianta@aoc.gov,US Capitol Bldg. FHOB H2-290,"Washington, D.C.",District of Columbia,20515,United States,10,3/21/2019,344416636,Cannon House Office Building,Cannon House,www.aoc.gov,(202) 225-3361,27 Independence Ave. SE,"Washington, D.C.",District of Columbia,20003,United States,"Architecture, Engineering & Design",Industry.construction.architecture,Construction,Industry.construction,,,2181,Employees.1000to4999,87,871,9211,92112,"TitleCodeMiddle.HR,TitleCodeMiddle.Manager,TitleCode.ProjectManagement,TitleCode.IT,TitleCodeTop.Business,TitleCodeMiddle.Operations,TitleCode.HR,TitleCodeMiddle.Technical,TitleCode.Manager","Manager,Human Resources",https://go.zoominfo.com/#/apps/search/person/results?personProfileId=-2060243684,0c4a6a93c37f7d6fac412c0619b2f01d,aoc.gov
-2108245184,Gemici,Kristine,,,,"Project Manager, Si Information Technology",719,Information Technology,Manager,,(832) 351-8012,kristine.gemici@cgg.com,10300 Town Park Dr.,Houston,Texas,77072,United States,16,3/21/2019,67980171,CGG S.A,CGG,www.cgg.com,+33 1 64 47 45 00,Tour Maine-Montparnasse 33 Ave. du Maine,Paris,Ile-de-France,,France,"Electricity, Oil & Gas",Industry.energy.energy,"Energy, Utilities & Waste Treatment",Industry.energy,1320800,Sales.1Gto5G,5266,Employees.5000to9999,13,138,211,212,"TitleCode.ProjectManagement,TitleCodeMiddle.Manager,TitleCodeTop.Business,TitleCode.IT,TitleCodeMiddle.Operations,TitleCodeMiddle.Technical,TitleCode.Manager","Operations,Manager",https://go.zoominfo.com/#/apps/search/person/results?personProfileId=-2108245184,765d7e3990b371afc5924bd52f0c47c6,cgg.com
-1834146231,Thompson,Robert,,,,"Compliance Manager, Information Technology",719,Information Technology,Manager,,(832) 351-8467,robert.thompson@cgg.com,10300 Town Park Dr.,Houston,Texas,77072,United States,12,3/21/2019,67980171,CGG S.A,CGG,www.cgg.com,+33 1 64 47 45 00,Tour Maine-Montparnasse 33 Ave. du Maine,Paris,Ile-de-France,,France,"Electricity, Oil & Gas",Industry.energy.energy,"Energy, Utilities & Waste Treatment",Industry.energy,1320800,Sales.1Gto5G,5266,Employees.5000to9999,13,138,211,212,"TitleCodeMiddle.Manager,TitleCodeTop.Business,TitleCode.IT,TitleCode.Compliance,TitleCodeMiddle.Operations,TitleCodeMiddle.Technical,TitleCode.Manager","Operations,Manager",https://go.zoominfo.com/#/apps/search/person/results?personProfileId=-1834146231,7dc781a0dc9e45ffe9f6e359531d899f,cgg.com
2961000040,Rodriguez,Heriberto,,,,"Program Manager, Information Technology",719,Information Technology,Manager,,(518) 254-5587,hrodriguez@chacompanies.com,P.O. Box 5269,Albany,New York,12205-0269,United States,5,3/13/2019,10601773,"CHA Consulting , Inc.",CHA,www.chacompanies.com,(518) 453-4500,575 Broadway Ste. 301,Albany,New York,12207,United States,Construction,Industry.construction,Commercial & Residential Construction,Industry.construction.construction,,,900,Employees.500to999,87,871,541,5413,"TitleCode.ProgramManagement,TitleCodeMiddle.Manager,TitleCodeTop.Business,TitleCode.IT,TitleCodeMiddle.Operations,TitleCodeMiddle.Technical,TitleCode.Manager","Operations,Manager",https://go.zoominfo.com/#/apps/search/person/results?personProfileId=2961000040,a72c3fb5c2d3927a9880e064220c2ef6,chacompanies.com
-1764030192,Langley,Dennis,,,,"Manager, Information Technology",719,Information Technology,Manager,,(401) 294-7171 ext. 129,dennis@constanttech.com,125 Steamboat Ave.,North Kingstown,Rhode Island,2852,United States,11,3/26/2019,37145969,Constant Technologies Inc,Constant Technologies,www.constanttech.com,(401) 294-7171,125 Steamboat Ave.,North Kingstown,Rhode Island,2852,United States,"Architecture, Engineering & Design",Industry.construction.architecture,Construction,Industry.construction,13600,Sales.10Mto25M,68,Employees.50to99,17,179,33712,5413,"TitleCode.IT,TitleCodeTop.Business,TitleCodeMiddle.Manager,TitleCodeMiddle.Technical,TitleCode.Manager","Manager,Engineering & Technical",https://go.zoominfo.com/#/apps/search/person/results?personProfileId=-1764030192,7c80884fbaf5d184469ab2054e84f82b,constanttech.com
2229535607,Bourke,David,,,,"Manager, Information Technology",719,Information Technology,Manager,,+61 2 9551 2000,dbourke@cppwind.com,2 500 Princes Hwy.,St Peters,New South Wales,2044,Australia,13,3/7/2019,345327760,CPP Inc,CPP,www.cppwind.com,(970) 221-3371,2400 Midpoint Dr. Ste. 190,Fort Collins,Colorado,80525,United States,"Architecture, Engineering & Design",Industry.construction.architecture,Construction,Industry.construction,16000,Sales.10Mto25M,80,Employees.50to99,87,871,541,5413,"TitleCode.IT,TitleCodeTop.Business,TitleCodeMiddle.Manager,TitleCodeMiddle.Technical,TitleCode.Manager","Manager,Engineering & Technical",https://go.zoominfo.com/#/apps/search/person/results?personProfileId=2229535607,3ca69e38c9ffd151741c1a0d70d28435,cppwind.com
-2026996803,Warren,Jeffrey,,,,"Customer Delivery Senior Manager, Information Technology",723,Information Technology,Manager,,(303) 684-4493,jeffrey.warren@digitalglobe.com,1300 West 120Th Ave.,Westminster,Colorado,80234,United States,11,3/21/2019,11337882,DigitalGlobe Inc,DigitalGlobe,www.digitalglobe.com,(303) 684-4000,1300 West 120Th Ave.,Westminster,Colorado,80234,United States,"Architecture, Engineering & Design",Industry.construction.architecture,Construction,Industry.construction,725400,Sales.500Mto1G,1733,Employees.1000to4999,73,87,561499,211,"TitleCode.IT,TitleCodeTop.Business,TitleCodeMiddle.Manager,TitleCodeMiddle.Technical,TitleCode.Manager","Manager,Engineering & Technical",https://go.zoominfo.com/#/apps/search/person/results?personProfileId=-2026996803,4a3f7cc2cb4a8b01a0b64f72f40e1c4e,digitalglobe.com
-1170494246,Main,Jason,,,,"Manager, International Information Technology",719,Information Technology,Manager,,,jmain@dileonardo.com,2348 Post Rd.,Warwick,Rhode Island,2886,United States,3,3/21/2019,31607628,"DiLeonardo International , Inc.",DiLeonardo,www.dileonardo.com,(401) 732-2900,2348 Post Rd.,Warwick,Rhode Island,2886,United States,"Architecture, Engineering & Design",Industry.construction.architecture,Construction,Industry.construction,15500,Sales.10Mto25M,130,Employees.100to249,73,738,541,5414,"TitleCode.IT,TitleCodeTop.Business,TitleCodeMiddle.Manager,TitleCodeMiddle.Technical,TitleCode.Manager","Manager,Engineering & Technical",https://go.zoominfo.com/#/apps/search/person/results?personProfileId=-1170494246,2a6ef5ce1d6e12200837634fa95fb2b6,dileonardo.com
1775278012,Claar,Erik,J.,,,"Manager, Information Technology",719,Information Technology,Manager,,(913) 685-5683,eclaar@dlrgroup.com,7290 West 133rd St.,Overland Park,Kansas,66213-4748,United States,39,5/24/2019,25659631,DLR Group incorporated,DLR Group,www.dlrgroup.com,(602) 381-8580,"6225 North 24th St., Ste. 250",Phoenix,Arizona,85016,United States,"Architecture, Engineering & Design",Industry.construction.architecture,Construction,Industry.construction,,,700,Employees.500to999,87,871,541199,5511,"TitleCode.IT,TitleCodeTop.Business,TitleCodeMiddle.Manager,TitleCodeMiddle.Technical,TitleCode.Manager","Manager,Engineering & Technical",https://go.zoominfo.com/#/apps/search/person/results?personProfileId=1775278012,169049498f71037c69b9c2d313c8a065,dlrgroup.com
1816582579,Connors,Jonathan,L.,,,"Manager, Information Technology",719,Information Technology,Manager,,(206) 461-6000,jconnors@dlrgroup.com,"901 Fifth Ave., Ste. 700",Seattle,Washington,98164-1006,United States,18,2/18/2019,25659631,DLR Group incorporated,DLR Group,www.dlrgroup.com,(602) 381-8580,"6225 North 24th St., Ste. 250",Phoenix,Arizona,85016,United States,"Architecture, Engineering & Design",Industry.construction.architecture,Construction,Industry.construction,,,700,Employees.500to999,87,871,541199,5511,"TitleCode.IT,TitleCodeTop.Business,TitleCodeMiddle.Manager,TitleCodeMiddle.Technical,TitleCode.Manager","Manager,Engineering & Technical",https://go.zoominfo.com/#/apps/search/person/results?personProfileId=1816582579,2b3987fb8af117384de0832febb3b196,dlrgroup.com
-1617911782,Hatem,Mohamed,,,,"Manager, Information Technology",719,Information Technology,Manager,,+971 4 391 6860,mohamed.hatem@econstruct.ae,,Dubai,Dubai,,United Arab Emirates,25,7/31/2019,397729591,econstruct.us,econstruct,www.econstruct.us,(402) 884-9998,"11823 Arbor St., Ste. 200",Omaha,Nebraska,68144,United States,"Architecture, Engineering & Design",Industry.construction.architecture,Construction,Industry.construction,3400,Sales.1Mto5M,17,Employees.10to19,8712,871,541,5413,"TitleCode.IT,TitleCodeTop.Business,TitleCodeMiddle.Manager,TitleCodeMiddle.Technical,TitleCode.Manager","Manager,Engineering & Technical",https://go.zoominfo.com/#/apps/search/person/results?personProfileId=-1617911782,90d2c50893b76db4d2ac77bfc7418571,econstruct.ae
-1512968128,Williams,Joseph,,,,"Manager, CAD & Information Technology",719,Information Technology,Manager,,,joseph.williams@e-a-a.com,,,,,,16,4/9/2019,17090343,Elliott + Associates Architects,Rand Elliott Architects,www.e-a-a.com,(405) 232-9554,35 Harrison Ave.,Oklahoma City,Oklahoma,73104,United States,"Architecture, Engineering & Design",Industry.construction.architecture,Construction,Industry.construction,8600,Sales.5Mto10M,43,Employees.20to49,8712,871,541,5413,"TitleCode.IT,TitleCodeTop.Business,TitleCodeMiddle.Manager,TitleCodeMiddle.Technical,TitleCode.Manager","Manager,Engineering & Technical",https://go.zoominfo.com/#/apps/search/person/results?personProfileId=-1512968128,51d9fd21822659a2cb9a7671491734f3,e-a-a.com
2401240820,Bruce,Lloyd,,,,"Manager, Information Technology",719,Information Technology,Manager,,(314) 533-2200 ext. 230,lloyd.bruce@etegra.com,"1121 Olivette Executive Pkwy., Ste. 100",Olivette,Missouri,63132,United States,7,3/21/2019,37210900,ETEGRA INC,Etegra,www.etegra.com,(314) 533-2200,"1121 Olivette Executive Pkwy., Ste. 100",St. Louis,Missouri,63132,United States,"Architecture, Engineering & Design",Industry.construction.architecture,Construction,Industry.construction,5500,Sales.5Mto10M,39,Employees.20to49,87,871,541,5413,"TitleCode.IT,TitleCodeTop.Business,TitleCodeMiddle.Manager,TitleCodeMiddle.Technical,TitleCode.Manager","Manager,Engineering & Technical",https://go.zoominfo.com/#/apps/search/person/results?personProfileId=2401240820,c3ca02547c85a8f330cfd59ad5c41e7e,etegra.com
1553236304,Root,Joe,,,,"Manager, Information Technology",719,Information Technology,Manager,,,jroot@exxelengineering.com,5252 Clyde Park Ave. SW,Grand Rapids,Michigan,49509,United States,8,2/21/2019,350998814,Exxel Engineering Inc,Exxel Engineering,www.exxelengineering.com,(616) 531-3660,5252 Clyde Park Ave. SW,Grand Rapids,Michigan,49509,United States,"Architecture, Engineering & Design",Industry.construction.architecture,Construction,Industry.construction,7000,Sales.5Mto10M,35,Employees.20to49,8712,871,541,5413,"TitleCode.IT,TitleCodeTop.Business,TitleCodeMiddle.Manager,TitleCodeMiddle.Technical,TitleCode.Manager","Manager,Engineering & Technical",https://go.zoominfo.com/#/apps/search/person/results?personProfileId=1553236304,c82e4fcb9203f9063ca5d11c23f4a8ed,exxelengineering.com
1292394813,Mount,Scott,A.,,,"Manager, Information Technology",719,Information Technology,Manager,,,smount@fuscoe.com,16795 Von Karman Ave. Ste. 100,Irvine,California,92606,United States,10,4/11/2019,15401177,Fuscoe Engineering Inc,Fuscoe,www.fuscoe.com,(949) 474-1960,16795 Von Karman Ave. Ste. 100,Irvine,California,92606,United States,Construction,Industry.construction,Commercial & Residential Construction,Industry.construction.construction,47600,Sales.25Mto50M,238,Employees.100to249,87,871,541,5413,"TitleCode.IT,TitleCodeTop.Business,TitleCodeMiddle.Manager,TitleCodeMiddle.Technical,TitleCode.Manager","Manager,Engineering & Technical",https://go.zoominfo.com/#/apps/search/person/results?personProfileId=1292394813,45d2717e66bb4d4b0592cbbcfe684420,fuscoe.com
1971450576,Fischer,Patrick,,,,"Manager, Information Technology",719,Information Technology,Manager,,,pfischer@glhn.com,2939 E Broadway Blvd.,Tucson,Arizona,85716,United States,18,4/12/2019,16090648,GLHN Architects & Engineers Inc,GLHN,www.glhn.com,(520) 881-4546,2939 E Broadway Blvd.,Tucson,Arizona,85716,United States,"Architecture, Engineering & Design",Industry.construction.architecture,Construction,Industry.construction,13800,Sales.10Mto25M,69,Employees.50to99,8712,871,541,5413,"TitleCode.IT,TitleCodeTop.Business,TitleCodeMiddle.Manager,TitleCodeMiddle.Technical,TitleCode.Manager","Manager,Engineering & Technical",https://go.zoominfo.com/#/apps/search/person/results?personProfileId=1971450576,5f86e2f077731d6b791de75eb2cefef7,glhn.com
-2033579260,Galloway,Mario,,,,"Manager, Information Technology",719,Information Technology,Manager,,(334) 387-0714,mario.galloway@gmcnetwork.com,"2660 EastChase Ln., Ste. 200",Montgomery,Alabama,36117,United States,45,3/21/2019,51136910,"Goodwyn , Mills & Cawood , Inc.",GMC,www.gmcnetwork.com,(334) 271-3200,"2660 EastChase Ln., Ste. 200",Montgomery,Alabama,36117,United States,"Architecture, Engineering & Design",Industry.construction.architecture,Construction,Industry.construction,75000,Sales.50Mto100M,375,Employees.250to499,87,871,541,5413,"TitleCode.IT,TitleCodeTop.Business,TitleCodeMiddle.Manager,TitleCodeMiddle.Technical,TitleCode.Manager","Manager,Engineering & Technical",https://go.zoominfo.com/#/apps/search/person/results?personProfileId=-2033579260,12c5bc00c741681cd8c423ae270f3ed4,gmcnetwork.com
-1485977760,Bonillas,Mark,,,,IT Service Manager,719,Information Technology,Manager,,(602) 650-7614,mark.bonillas@gouldevans.com,"521 South 3rd St., Ste. 100",Phoenix,Arizona,85004,United States,20,5/24/2019,50171513,Gould Evans,Gould Evans,www.gouldevans.com,(816) 931-6655,4041 Mill St.,Kansas City,Missouri,64111,United States,"Architecture, Engineering & Design",Industry.construction.architecture,Construction,Industry.construction,28800,Sales.25Mto50M,144,Employees.100to249,87,871,541,5413,"TitleCode.IT,TitleCodeTop.Business,TitleCodeMiddle.Manager,TitleCodeMiddle.Technical,TitleCode.Manager","Manager,Engineering & Technical",https://go.zoominfo.com/#/apps/search/person/results?personProfileId=-1485977760,811a880dd1690542ae6955fcce996010,gouldevans.com
1917398184,Oizumi,Dano,,,,"Manager, Information Technology",719,Information Technology,Manager,,(646) 293-7668,dano.oizumi@grimshaw-architects.com,637 W 27 St.,New York City,New York,10001,United States,25,6/4/2019,51235181,Grimshaw,Grimshaw,grimshaw.global/,+44 20 7291 4141,57 Clerkenwell Rd.,London,Greater London,EC1R 0DX,United Kingdom,"Architecture, Engineering & Design",Industry.construction.architecture,Construction,Industry.construction,48200,Sales.25Mto50M,241,Employees.100to249,87,871,541,5413,"TitleCode.IT,TitleCodeTop.Business,TitleCodeMiddle.Manager,TitleCodeMiddle.Technical,TitleCode.Manager","Manager,Engineering & Technical",https://go.zoominfo.com/#/apps/search/person/results?personProfileId=1917398184,cb348f0cbb8c993e6e50b2900155891a,grimshaw-architects.com
2743652533,Ruiz,Ivan,,,,"Manager, Information Technology",719,Information Technology,Manager,,,ivan@hlei.us,2339 N. Batavia St.,Orange,California,92865,United States,2,4/12/2019,371778191,Harvest Landscape Enterprises Inc,HLEI,www.hlei.us,(714) 693-8100,2339 N. Batavia St.,Orange,California,92865,United States,"Architecture, Engineering & Design",Industry.construction.architecture,Construction,Industry.construction,102469,Sales.100MMto250M,160,Employees.100to249,78,782,56173,512,"TitleCode.IT,TitleCodeTop.Business,TitleCodeMiddle.Manager,TitleCodeMiddle.Technical,TitleCode.Manager","Manager,Engineering & Technical",https://go.zoominfo.com/#/apps/search/person/results?personProfileId=2743652533,feaf8c3b47822ae0434a01539efe4aa0,hlei.us
2737263198,Khan,Arslan,,,,"Area Support Manager, Information Technology",719,Information Technology,Manager,,(289) 695-4621,arslan.khan@hdrinc.com,,,Ontario,,Canada,5,7/31/2019,17383960,HDR Inc,HDR,www.hdrinc.com,(402) 399-1000,1917 S. 67th St.,Omaha,Nebraska,68106,United States,Construction,Industry.construction,"Architecture, Engineering & Design",Industry.construction.architecture,,,10000,Employees.10000plus,87,871,5416,541,"TitleCode.IT,TitleCodeTop.Business,TitleCodeMiddle.Manager,TitleCodeMiddle.Technical,TitleCode.Manager","Manager,Engineering & Technical",https://go.zoominfo.com/#/apps/search/person/results?personProfileId=2737263198,cfe9f5f678197f7f8656853e4522379a,hdrinc.com
2816582911,Sodjinsi,Kokou,,,,"Manager, Information Technology",719,Information Technology,Manager,,(303) 524-8400,kokou.sodjinsi@hdrinc.com,,,Colorado,,United States,3,2/25/2019,17383960,HDR Inc,HDR,www.hdrinc.com,(402) 399-1000,1917 S. 67th St.,Omaha,Nebraska,68106,United States,Construction,Industry.construction,"Architecture, Engineering & Design",Industry.construction.architecture,,,10000,Employees.10000plus,87,871,5416,541,"TitleCode.IT,TitleCodeTop.Business,TitleCodeMiddle.Manager,TitleCodeMiddle.Technical,TitleCode.Manager","Manager,Engineering & Technical",https://go.zoominfo.com/#/apps/search/person/results?personProfileId=2816582911,627b8f7ee0159256b41de77c9869b531,hdrinc.com
2082180504,Kendall,Christopher,,,,"Operations Manager, Information Technology",719,Operations,Manager,,(214) 269-5107,chris.kendall@humphreys.com,"5339 Alpha Rd., Ste. 300",Dallas,Texas,75240,United States,20,1/29/2019,27558451,Humphreys & Partners Architects L.P,Humphreys,www.humphreys.com,(972) 701-9636,"5339 Alpha Rd., Ste. 300",Dallas,Texas,75240,United States,"Architecture, Engineering & Design",Industry.construction.architecture,Construction,Industry.construction,97400,Sales.50Mto100M,487,Employees.250to499,8712,871,541,5413,"TitleCodeMiddle.Manager,TitleCode.Operations,TitleCodeTop.Business,TitleCode.IT,TitleCodeMiddle.Operations,TitleCodeMiddle.Technical,TitleCode.Manager","Operations,Manager",https://go.zoominfo.com/#/apps/search/person/results?personProfileId=2082180504,c3cca41efe02821d494faa671f7cc871,humphreys.com
2059827245,Walker,Russell,S.,,,"Manager, Information Technology",719,Information Technology,Manager,,,russell.s.walker@iapws.com,7315 N Atlantic Ave.,Cape Canaveral,Florida,32920,United States,5,3/26/2019,70141683,IAP Worldwide Services Inc,IAP,www.iapws.com,(321) 784-7100,7315 N Atlantic Ave.,Cape Canaveral,Florida,32920,United States,"Energy, Utilities & Waste Treatment General",Industry.energy.general,"Energy, Utilities & Waste Treatment",Industry.energy,750000,Sales.500Mto1G,2000,Employees.1000to4999,47,473,48,221,"TitleCode.IT,TitleCodeTop.Business,TitleCodeMiddle.Manager,TitleCodeMiddle.Technical,TitleCode.Manager","Manager,Engineering & Technical",https://go.zoominfo.com/#/apps/search/person/results?personProfileId=2059827245,4fdd03e27cf23a14bc2c262fe5e4917c,iapws.com
-1632389904,Malachi,Leroy,,,Jr.,"Program Manager, Information Technology",719,Information Technology,Manager,,(240) 581-5138,leroy.malachi@iapws.com,,,Maryland,,United States,7,1/31/2019,70141683,IAP Worldwide Services Inc,IAP,www.iapws.com,(321) 784-7100,7315 N Atlantic Ave.,Cape Canaveral,Florida,32920,United States,"Energy, Utilities & Waste Treatment General",Industry.energy.general,"Energy, Utilities & Waste Treatment",Industry.energy,750000,Sales.500Mto1G,2000,Employees.1000to4999,47,473,48,221,"TitleCode.ProgramManagement,TitleCodeMiddle.Manager,TitleCodeTop.Business,TitleCode.IT,TitleCodeMiddle.Operations,TitleCodeMiddle.Technical,TitleCode.Manager","Operations,Manager",https://go.zoominfo.com/#/apps/search/person/results?personProfileId=-1632389904,ee0e76be01f6f4722a083b88807761da,iapws.com
-1382109216,Atkins,Dennis,,,,"Manager, Information Technology",719,Information Technology,Manager,,,datkins@inwoodinc.com,3000 Dovera Dr. Ste. 200,Oviedo,Florida,32765,United States,5,4/11/2019,36423426,Inwood Consulting Engineers Inc,Inwood,www.inwoodinc.com,(407) 971-8850,3000 Dovera Dr. Ste. 200,Oviedo,Florida,32765,United States,Construction,Industry.construction,Commercial & Residential Construction,Industry.construction.construction,11400,Sales.10Mto25M,57,Employees.50to99,87,871,541,5413,"TitleCode.IT,TitleCodeTop.Business,TitleCodeMiddle.Manager,TitleCodeMiddle.Technical,TitleCode.Manager","Manager,Engineering & Technical",https://go.zoominfo.com/#/apps/search/person/results?personProfileId=-1382109216,01d591cdee737152fa4031dd1ff92053,inwoodinc.com
-1058568815,Fry,Jeremy,,,,BIM Specialist and Information Technology Manager,719,Information Technology,Manager,,,jfry@johnpoe.com,,,,,,10,7/23/2019,20841460,John Poe Architects Inc,John Poe,www.johnpoe.com,(937) 461-3290,3131 Newmark Dr. Ste. 200,Miamisburg,Ohio,45342,United States,"Architecture, Engineering & Design",Industry.construction.architecture,Construction,Industry.construction,4600,Sales.1Mto5M,23,Employees.20to49,8712,871,541,5413,"TitleCode.IT,TitleCodeTop.Business,TitleCodeMiddle.Manager,TitleCode.Technical,TitleCodeMiddle.Technical,TitleCode.Manager","Manager,Engineering & Technical",https://go.zoominfo.com/#/apps/search/person/results?personProfileId=-1058568815,447c4cf81b88b7da36802c8653758a80,johnpoe.com
1384398367,Huckabay,Bobby,C.,Mr.,Jr.,"GIS Department Manager, Information Technology",719,Information Technology,Manager,,,bobbyh@johnsonpace.com,1201 Nw Loop 281 Ste. 100,Longview,Texas,75604,United States,23,7/26/2019,69157993,Johnson & Pace Incorporated,Johnson & Pace,www.johnsonpace.com,(903) 753-0663,1201 Nw Loop 281 Ste. 100,Longview,Texas,75604,United States,"Architecture, Engineering & Design",Industry.construction.architecture,Construction,Industry.construction,19200,Sales.10Mto25M,96,Employees.50to99,8712,871,541,5413,"TitleCodeTop.Professionals,TitleCodeMiddle.Manager,TitleCode.Scientist,TitleCodeMiddle.Scientist,TitleCodeTop.Business,TitleCode.IT,TitleCodeMiddle.Technical,TitleCode.Manager","Scientists,Manager",https://go.zoominfo.com/#/apps/search/person/results?personProfileId=1384398367,84a2eccc65d3766b99a56c33529570e4,johnsonpace.com
2002985937,Matzen,Thomas,W.,,,"Manager, Revit & AutoCAD & Information Technology Support",719,Technical,Manager,,(469) 385-1616 ext. 1392,tmatzen@jordanskala.com,17855 North Dallas Pkwy. #320,Dallas,Texas,75287,United States,226,7/22/2019,63834635,Jordan & Skala Engineers Inc,Jordan & Skala,www.jordanskala.com,(770) 447-5547,4275 Shackleford Rd.,Norcross,Georgia,30093,United States,"Architecture, Engineering & Design",Industry.construction.architecture,Construction,Industry.construction,36200,Sales.25Mto50M,181,Employees.100to249,87,871,541,5413,"TitleCode.Technical,TitleCodeMiddle.Manager,TitleCodeTop.Business,TitleCode.IT,TitleCodeMiddle.Operations,TitleCode.CustomerRel,TitleCodeMiddle.Technical,TitleCode.Manager","Operations,Manager",https://go.zoominfo.com/#/apps/search/person/results?personProfileId=2002985937,49c405925ea7cff6c270528bbf741432,jordanskala.com
-1903375691,Stevenson,Conrad,,,,"CAD Manager, Information Technology",719,Information Technology,Manager,,,conrad@kcestructural.com,"1818 JEFFERSON Pl., N.W.","Washington, D.C.",District of Columbia,20036,United States,12,4/12/2019,21234013,KCE STRUCTURAL ENGINEERS PC,KCE,www.kcestructural.com,(202) 833-8622,"1818 JEFFERSON Pl., N.W.","Washington, D.C.",District of Columbia,20036,United States,"Architecture, Engineering & Design",Industry.construction.architecture,Construction,Industry.construction,5400,Sales.5Mto10M,27,Employees.20to49,8712,871,541,5413,"TitleCode.IT,TitleCodeTop.Business,TitleCodeMiddle.Manager,TitleCodeMiddle.Technical,TitleCode.Manager","Manager,Engineering & Technical",https://go.zoominfo.com/#/apps/search/person/results?personProfileId=-1903375691,6f705c05cf944363f7437e4c043627a0,kcestructural.com
3018953991,Stevens,Steve,,,,"Manager, Information Technology",719,Information Technology,Manager,,,steve.stevens@kktarchitects.com,,,,,,3,7/20/2019,67459369,KKT Architects Inc,KKT,www.kktarchitects.com,(918) 744-4270,"2200 South Utica Pl., Ste. 200",Tulsa,Oklahoma,74114,United States,"Architecture, Engineering & Design",Industry.construction.architecture,Construction,Industry.construction,11000,Sales.10Mto25M,55,Employees.50to99,8712,871,541,5414,"TitleCode.IT,TitleCodeTop.Business,TitleCodeMiddle.Manager,TitleCodeMiddle.Technical,TitleCode.Manager","Manager,Engineering & Technical",https://go.zoominfo.com/#/apps/search/person/results?personProfileId=3018953991,c9122075749bf0b67bd3d7adff395124,kktarchitects.com
-1959366266,Fox,Jim,,,,"Manager, Information Technology",719,Information Technology,Manager,,(503) 542-3845,jim.fox@kpff.com,"111 SW Fifth Ave., Ste. 2500",Portland,Oregon,97204,United States,11,3/21/2019,30312037,KPFF Consulting Engineers,KPFF,www.kpff.com,(206) 622-5822,1601 Fifth Ave. Ste. 1600,Seattle,Washington,98101,United States,"Architecture, Engineering & Design",Industry.construction.architecture,Construction,Industry.construction,100272,Sales.100MMto250M,1031,Employees.1000to4999,87,871,541,5413,"TitleCode.IT,TitleCodeTop.Business,TitleCodeMiddle.Manager,TitleCodeMiddle.Technical,TitleCode.Manager","Manager,Engineering & Technical",https://go.zoominfo.com/#/apps/search/person/results?personProfileId=-1959366266,692fb417eac3259ece7ee8180f4b6d83,kpff.com
1732437924,Sutheard,Mark,D.,,,"Senior Project Technician & Cadd Manager, Information Technology",723,Information Technology,Manager,,,msutheard@ktengr.com,"109 N. 7th, 3rd Fl.",Springfield,Illinois,62701,United States,11,6/1/2019,358345522,Kuhn & Trello Consulting Engineers LLC,Kuhn & Trello,www.ktengr.com,(217) 679-0044,"109 N. 7th, 3rd Fl.",Springfield,Illinois,62701,United States,"Architecture, Engineering & Design",Industry.construction.architecture,Construction,Industry.construction,5200,Sales.5Mto10M,26,Employees.20to49,8712,871,541,5413,"TitleCode.IT,TitleCodeTop.Business,TitleCodeMiddle.Manager,TitleCode.Technical,TitleCodeMiddle.Technical,TitleCode.Manager","Manager,Engineering & Technical",https://go.zoominfo.com/#/apps/search/person/results?personProfileId=1732437924,5c47d2d48868efcb14450faa99927797,ktengr.com
2106824516,Smith,Dalton,B.,,,"Manager, Specifications & Information Technology",719,Information Technology,Manager,,,daltons@lncacme.com,,,,,,5,8/1/2019,358189252,Lawrence Nye Carlson Associates,LNCA,www.lncacme.com,(559) 431-0101,"7084 North Maple Ave., Ste. 101",Fresno,California,93720,United States,"Architecture, Engineering & Design",Industry.construction.architecture,Construction,Industry.construction,6200,Sales.5Mto10M,31,Employees.20to49,8712,871,541,5413,"TitleCode.IT,TitleCodeTop.Business,TitleCodeMiddle.Manager,TitleCodeMiddle.Technical,TitleCode.Manager","Manager,Engineering & Technical",https://go.zoominfo.com/#/apps/search/person/results?personProfileId=2106824516,a57e88e8801fdc9c0749d38d84929d73,lncacme.com
2003104969,Soyfer,Michael,,,,"Manager, Information Technology",719,Information Technology,Manager,,(212) 695-1000 ext. 307,msoyfer@lilker.com,1001 Ave. Of The Americas Fl. 9,New York City,New York,10018,United States,17,3/24/2019,69389992,Lilker incorporated,Lilker,www.lilker.com,(212) 695-1000,1001 Ave. Of The Americas Fl. 9,New York City,New York,10018,United States,"Architecture, Engineering & Design",Industry.construction.architecture,Construction,Industry.construction,21800,Sales.10Mto25M,109,Employees.100to249,87,871,541,5413,"TitleCode.IT,TitleCodeTop.Business,TitleCodeMiddle.Manager,TitleCodeMiddle.Technical,TitleCode.Manager","Manager,Engineering & Technical",https://go.zoominfo.com/#/apps/search/person/results?personProfileId=2003104969,18c0ff5df16bb2ae92d8242b0e52e21e,lilker.com
2308246307,Terry,Lana,,,,"Manager, Information Technology",719,Information Technology,Manager,,,lterry@lkgcmc.com,550 North Brand Blvd. Ste. 1660,Glendale,California,91203,United States,3,4/12/2019,22856796,LKG-CMC Inc,LKG-CMC,www.lkgcmc.com,(818) 844-0800,130 S Jackson St. Ste. 200,Glendale,California,91205,United States,"Architecture, Engineering & Design",Industry.construction.architecture,Construction,Industry.construction,11800,Sales.10Mto25M,59,Employees.50to99,8712,871,5416,541,"TitleCode.IT,TitleCodeTop.Business,TitleCodeMiddle.Manager,TitleCodeMiddle.Technical,TitleCode.Manager","Manager,Engineering & Technical",https://go.zoominfo.com/#/apps/search/person/results?personProfileId=2308246307,489a484f0793718d9151139fec922ab9,lkgcmc.com
-1129601877,Slosberg,Lawrence,,,,"Manager, Information Technology",719,Information Technology,Manager,,,lslosber@lsl-inc.com,"16 N Main St,Ste 102",Wayland,New York,14572-1045,United States,4,4/12/2019,358152668,LSL Inc,LSL,www.lsl-inc.com,(315) 445-1105,5854 Butternut Dr.,East Syracuse,New York,13057,United States,"Architecture, Engineering & Design",Industry.construction.architecture,Construction,Industry.construction,3000,Sales.1Mto5M,15,Employees.10to19,8712,871,541,5413,"TitleCode.IT,TitleCodeTop.Business,TitleCodeMiddle.Manager,TitleCodeMiddle.Technical,TitleCode.Manager","Manager,Engineering & Technical",https://go.zoominfo.com/#/apps/search/person/results?personProfileId=-1129601877,af07ead9bc854e6d75d4d4962fb6f718,lsl-inc.com
-2050153344,Manson,Jason,,,,"BIM Manager, Architect, Information Technology Support",719,Technical,Manager,,(503) 224-4032,jmanson@mahlum.com,"1231 NW Hoyt St,Ste 102",Portland,Oregon,97209-3057,United States,24,6/10/2019,23527501,Mahlum Architects Inc,Mahlum,www.mahlum.com,(206) 441-4151,71 Columbia St. Fl. 4,Seattle,Washington,98104,United States,"Architecture, Engineering & Design",Industry.construction.architecture,Construction,Industry.construction,13600,Sales.10Mto25M,68,Employees.50to99,87,871,541,5413,"TitleCodeMiddle.Manager,TitleCode.Technical,TitleCode.IT,TitleCodeTop.Business,TitleCodeMiddle.Operations,TitleCode.CustomerRel,TitleCode.SoftwareEng,TitleCodeMiddle.Technical,TitleCode.Manager","Operations,Manager",https://go.zoominfo.com/#/apps/search/person/results?personProfileId=-2050153344,fea53b70edb19d664d6fd05963b08fbc,mahlum.com
1575616156,Fisher,Jamie,,,,"IT Manager, Facilities",719,Facilities,Manager,,(360) 433-0222,jfisher@maulfoster.com,"400 E Mill Plain Blvd., Ste. 400",Vancouver,Washington,98660,United States,21,7/26/2019,60424984,Maul Foster & Alongi Inc,MFA,www.maulfoster.com,(360) 694-2691,109 East 13th St.,Vancouver,Washington,98660,United States,Construction,Industry.construction,Commercial & Residential Construction,Industry.construction.construction,7500,Sales.5Mto10M,189,Employees.100to249,8712,871,541,5413,"TitleCode.Facilities,TitleCodeMiddle.Manager,TitleCodeTop.Business,TitleCode.IT,TitleCodeMiddle.Operations,TitleCodeMiddle.Technical,TitleCode.Manager","Operations,Manager",https://go.zoominfo.com/#/apps/search/person/results?personProfileId=1575616156,e9567bb3f88265a759c110892b084d68,maulfoster.com
3155936702,Wolters,William,,,,"Manager, Information Technology",719,Information Technology,Manager,,(734) 480-5447,william.wolters@maxar.com,,,Michigan,,United States,2,6/18/2019,433313073,Maxar Technologies Ltd,Maxar,www.maxar.com,(303) 684-4000,1300 W. 120TH Ave.,Westminster,Colorado,80234,United States,Government,Industry.government,"Architecture, Engineering & Design",Industry.construction.architecture,2141000,Sales.1Gto5G,6100,Employees.5000to9999,96,966,541,541370,"TitleCode.IT,TitleCodeTop.Business,TitleCodeMiddle.Manager,TitleCodeMiddle.Technical,TitleCode.Manager","Manager,Engineering & Technical",https://go.zoominfo.com/#/apps/search/person/results?personProfileId=3155936702,78bfebf9725d57333e52bb308e580f64,maxar.com
2035115707,Karamloo,Reza,,,,"Program Manager, Information Technology",719,Information Technology,Manager,,(604) 231-2979,rkaramloo@mdacorporation.com,13800 Commerce Pkwy.,Richmond,British Columbia,V6V 2J3,Canada,14,3/21/2019,433313073,Maxar Technologies Ltd,Maxar,www.maxar.com,(303) 684-4000,1300 W. 120TH Ave.,Westminster,Colorado,80234,United States,Government,Industry.government,"Architecture, Engineering & Design",Industry.construction.architecture,2141000,Sales.1Gto5G,6100,Employees.5000to9999,96,966,541,541370,"TitleCode.ProgramManagement,TitleCodeMiddle.Manager,TitleCodeTop.Business,TitleCode.IT,TitleCodeMiddle.Operations,TitleCodeMiddle.Technical,TitleCode.Manager","Operations,Manager",https://go.zoominfo.com/#/apps/search/person/results?personProfileId=2035115707,9cffe11086d115555ebf118bd992e6b8,mdacorporation.com
1419662520,Perry,Chris,,,,"Draftsman Manager, Information Technology",719,Information Technology,Manager,,(865) 357-5631,cperry@mhminc.com,550 West Main St. Ste. 300,Knoxville,Tennessee,37902,United States,22,6/30/2019,36112527,McCarty Holsaple McCarty Inc,MHM,www.mhminc.com,(865) 544-2000,550 West Main St. Ste. 300,Knoxville,Tennessee,37902,United States,"Architecture, Engineering & Design",Industry.construction.architecture,Construction,Industry.construction,8200,Sales.5Mto10M,41,Employees.20to49,8712,871,5416,541,"TitleCode.IT,TitleCodeTop.Business,TitleCodeMiddle.Manager,TitleCodeMiddle.Technical,TitleCode.Manager","Manager,Engineering & Technical",https://go.zoominfo.com/#/apps/search/person/results?personProfileId=1419662520,679c9cffcf44bbb274d7ee0378441e00,mhminc.com
-2068360026,Wood,Charles,L.,,Sr.,"Manager, Information Technology",719,Information Technology,Manager,,,cwood@mcgalaska.com,421 W. 1st Ave.,Anchorage,Alaska,99501,United States,12,3/11/2019,32015616,McCool Carlson Green,MCG,www.mcgalaska.com,(907) 563-8474,421 W. 1st Ave.,Anchorage,Alaska,99501,United States,"Architecture, Engineering & Design",Industry.construction.architecture,Construction,Industry.construction,4800,Sales.1Mto5M,24,Employees.20to49,8712,871,541,5413,"TitleCode.IT,TitleCodeTop.Business,TitleCodeMiddle.Manager,TitleCodeMiddle.Technical,TitleCode.Manager","Manager,Engineering & Technical",https://go.zoominfo.com/#/apps/search/person/results?personProfileId=-2068360026,e52bf3d33ba9c32d99786cf41e1d9945,mcgalaska.com
2042256579,Kvam,Kurt,R.,,,"Manager, Information Technology",719,Information Technology,Manager,,(415) 456-5450,kurt@meridiansurvey.com,2958 Van Ness,San Francisco,California,94109,United States,19,3/26/2019,68027731,Meridian Surveying Engineering Inc,Meridian Survey,www.meridiansurvey.com,(415) 440-4131,2958 Van Ness,San Francisco,California,94109,United States,"Architecture, Engineering & Design",Industry.construction.architecture,Construction,Industry.construction,15600,Sales.10Mto25M,78,Employees.50to99,8712,871,5416,541,"TitleCode.IT,TitleCodeTop.Business,TitleCodeMiddle.Manager,TitleCodeMiddle.Technical,TitleCode.Manager","Manager,Engineering & Technical",https://go.zoominfo.com/#/apps/search/person/results?personProfileId=2042256579,3397e2feb426646c31451242fa094cda,meridiansurvey.com
-1255044683,Hanford,Robert,,,,"Manager, Information Technology",719,Information Technology,Manager,,(512) 279-2169,bhanford@novemberdesign.com,1000 Kramer Ln. Ste. 100,Austin,Texas,78758,United States,8,2/19/2019,37274225,November Design Group Inc,November Design,www.novemberdesign.com,(512) 302-0655,1000 Kramer Ln. Ste. 100,Austin,Texas,78758,United States,"Architecture, Engineering & Design",Industry.construction.architecture,Construction,Industry.construction,2800,Sales.1Mto5M,14,Employees.10to19,8712,871,541,5413,"TitleCode.IT,TitleCodeTop.Business,TitleCodeMiddle.Manager,TitleCodeMiddle.Technical,TitleCode.Manager","Manager,Engineering & Technical",https://go.zoominfo.com/#/apps/search/person/results?personProfileId=-1255044683,91a74492372fd7e1e3288bf8137600ea,novemberdesign.com
3057964052,Prince,Andy,,,,"Manager, Information Technology",719,Information Technology,Manager,,(704) 414-1942,princea@odell.com,,,North Carolina,,United States,5,7/29/2019,42485871,"Odell Associates , Inc.",Odell,www.odell.com,(704) 414-1000,212 S. Tryon St. Ste. 980,Charlotte,North Carolina,28281,United States,"Architecture, Engineering & Design",Industry.construction.architecture,Construction,Industry.construction,3600000,Sales.1Gto5G,18000,Employees.10000plus,87,871,541,5413,"TitleCode.IT,TitleCodeTop.Business,TitleCodeMiddle.Manager,TitleCodeMiddle.Technical,TitleCode.Manager","Manager,Engineering & Technical",https://go.zoominfo.com/#/apps/search/person/results?personProfileId=3057964052,f9fc33ec7fd388c5010d4881280c94d5,odell.com
609733628,Lingley,John,,,,"Manager, Information Technology & Senior Associate",720,Information Technology,Manager,,(412) 894-8329,j.lingley@perkinseastman.com,1100 LIBERTY Ave.,Pittsburgh,Pennsylvania,15222,United States,17,3/21/2019,82936364,Perkins Eastman company,Perkins Eastman,www.perkinseastman.com,(212) 353-7200,115 Fifth Ave.,New York City,New York,10003,United States,"Architecture, Engineering & Design",Industry.construction.architecture,Construction,Industry.construction,,,820,Employees.500to999,87,871,541,5413,"TitleCodeMiddle.Construction,TitleCodeMiddle.Manager,TitleCodeTop.Services,TitleCodeTop.Business,TitleCode.Construction,TitleCode.IT,TitleCodeMiddle.Technical,TitleCode.Manager","Manager,Engineering & Technical",https://go.zoominfo.com/#/apps/search/person/results?personProfileId=609733628,8ef2a82ac4bda54cde85d6f4d1c337d8,perkinseastman.com
-1825320964,Pilkington,Stephen,,,,"Services Manager, Information Technology",719,Information Technology,Manager,,(212) 251-7101,stephen.pilkington@perkinswill.com,215 Park Ave. South,New York City,New York,10003,United States,22,3/28/2019,4917209,Perkins+Will Inc,Perkins+Will,www.perkinswill.com,(312) 755-0770,410 N. Michigan Ave. Ste. 1600,Chicago,Illinois,60611,United States,Construction,Industry.construction,"Architecture, Engineering & Design",Industry.construction.architecture,,,2700,Employees.1000to4999,87,871,541,5413,"TitleCode.IT,TitleCodeTop.Business,TitleCodeMiddle.Manager,TitleCodeMiddle.Technical,TitleCode.Manager","Manager,Engineering & Technical",https://go.zoominfo.com/#/apps/search/person/results?personProfileId=-1825320964,488972a2f61001db629031e9d24baf56,perkinswill.com
2465003206,Sudip,Roy,,,,"Deputy Manager, Information Technology",717,Information Technology,Manager,,+91 343 660 2222,sudipr@pinnaclecad.com,,,,,India,10,8/2/2019,353798077,Pinnacle Infotech Inc,Pinnacle Infotech,www.pinnaclecad.com,(713) 780-2135,6161 Savoy Dr. #1125,Houston,Texas,77036,United States,"Architecture, Engineering & Design",Industry.construction.architecture,Construction,Industry.construction,100000,Sales.100MMto250M,1251,Employees.1000to4999,8712,871,541,5413,"TitleCode.IT,TitleCodeTop.Business,TitleCodeMiddle.Manager,TitleCodeMiddle.Technical,TitleCode.Manager","Manager,Engineering & Technical",https://go.zoominfo.com/#/apps/search/person/results?personProfileId=2465003206,ebb49a109063bdd001e5e85c3e897af1,pinnaclecad.com
1887244449,McCooey,Brian,,,,"IT Operations Manager, End User Computing",719,Technical,Manager,,(203) 890-3542,brian.mccooey@point72.com,72 Cummings Point Rd.,Stamford,Connecticut,6902,United States,5,6/24/2019,104382935,Point72 Asset Management,Point72,www.point72.com,(203) 890-2000,72 Cummings Point Rd.,Stamford,Connecticut,6902,United States,Venture Capital & Private Equity,Industry.finance.venturecapital,Finance,Industry.finance,9200,Sales.5Mto10M,1400,Employees.1000to4999,62,628,541,523,"TitleCode.Technical,TitleCodeMiddle.Manager,TitleCode.Operations,TitleCodeTop.Business,TitleCode.IT,TitleCodeMiddle.Operations,TitleCodeMiddle.Technical,TitleCode.Manager","Operations,Manager",https://go.zoominfo.com/#/apps/search/person/results?personProfileId=1887244449,cfdcb18e8cc674aac1a0127b9c65e60a,point72.com
-2042931529,Deo,Praneet,,,,"Operations Manager, Information Technology",719,Operations,Manager,,(203) 890-3038,praneet.deo@point72.com,,New York City,New York,,United States,10,7/1/2019,104382935,Point72 Asset Management,Point72,www.point72.com,(203) 890-2000,72 Cummings Point Rd.,Stamford,Connecticut,6902,United States,Venture Capital & Private Equity,Industry.finance.venturecapital,Finance,Industry.finance,9200,Sales.5Mto10M,1400,Employees.1000to4999,62,628,541,523,"TitleCodeMiddle.Manager,TitleCode.Operations,TitleCodeTop.Business,TitleCode.IT,TitleCodeMiddle.Operations,TitleCodeMiddle.Technical,TitleCode.Manager","Operations,Manager",https://go.zoominfo.com/#/apps/search/person/results?personProfileId=-2042931529,0353da144e45bc09dc8d902a1129e485,point72.com
-1628643567,Chan,Derek,,,,"IT Operations Manager, End User Computing",719,Technical,Manager,,+852 3656 8919,derek.chan@point72.com,,Hong Kong,Central and Western,,China,21,3/11/2019,104382935,Point72 Asset Management,Point72,www.point72.com,(203) 890-2000,72 Cummings Point Rd.,Stamford,Connecticut,6902,United States,Venture Capital & Private Equity,Industry.finance.venturecapital,Finance,Industry.finance,9200,Sales.5Mto10M,1400,Employees.1000to4999,62,628,541,523,"TitleCode.Technical,TitleCodeMiddle.Manager,TitleCode.Operations,TitleCodeTop.Business,TitleCode.IT,TitleCodeMiddle.Operations,TitleCodeMiddle.Technical,TitleCode.Manager","Operations,Manager",https://go.zoominfo.com/#/apps/search/person/results?personProfileId=-1628643567,eeb8c84b223aa687c9898343d4dd07eb,point72.com
-1707139541,Preston,Jeff,,,,"Support Manager, Information Technology",719,Information Technology,Manager,,(727) 329-5563,jpreston@powerdesigninc.us,,,Florida,,United States,20,1/10/2019,49382621,"Power Design , Inc.",Power Design,www.powerdesigninc.us,(727) 210-0492,11600 Dr. M Lthr Kng Jr Martin,St. Petersburg,Florida,33716,United States,"Architecture, Engineering & Design",Industry.construction.architecture,Construction,Industry.construction,469600,Sales.250Mto500M,1729,Employees.1000to4999,8712,871,5413,238990,"TitleCode.IT,TitleCodeTop.Business,TitleCodeMiddle.Manager,TitleCodeMiddle.Technical,TitleCode.Manager","Manager,Engineering & Technical",https://go.zoominfo.com/#/apps/search/person/results?personProfileId=-1707139541,5cf49c181c526cb731841b55237b5905,powerdesigninc.us
929640313,Turkstra,Don,,,,"Manager, Information Technology",719,Information Technology,Manager,,(616) 447-3369,turkstrad@progressiveae.com,4 Mile Rd. NE,Grand Rapids,Michigan,49505,United States,30,3/21/2019,97780444,Progressive AE,Progressive AE,www.progressiveae.com,(616) 361-2664,4 Mile Rd. NE,Grand Rapids,Michigan,49505,United States,"Architecture, Engineering & Design",Industry.construction.architecture,Construction,Industry.construction,40000,Sales.25Mto50M,200,Employees.100to249,87,871,541,5413,"TitleCode.IT,TitleCodeTop.Business,TitleCodeMiddle.Manager,TitleCodeMiddle.Technical,TitleCode.Manager","Manager,Engineering & Technical",https://go.zoominfo.com/#/apps/search/person/results?personProfileId=929640313,af488afb83741b8463e143cb0cc887fa,progressiveae.com
1791742836,Morel,Laurent,,,,"Manager, Information Technology",719,Information Technology,Manager,,,lmorel@ppeng.com,286 W. Cromwell,Fresno,California,93711,United States,17,7/26/2019,60965983,Provost & Pritchard,Provost & Pritchard,www.ppeng.com,(559) 449-2700,286 W. Cromwell,Fresno,California,93711,United States,Construction,Industry.construction,"Architecture, Engineering & Design",Industry.construction.architecture,34000,Sales.25Mto50M,170,Employees.100to249,87,871,5416,54169,"TitleCode.IT,TitleCodeTop.Business,TitleCodeMiddle.Manager,TitleCodeMiddle.Technical,TitleCode.Manager","Manager,Engineering & Technical",https://go.zoominfo.com/#/apps/search/person/results?personProfileId=1791742836,fec4a7fd03d7685cc4d874fadc06fc62,ppeng.com
2215578870,Steiner,Reid,,,,"Manager, Information Technology",719,Information Technology,Manager,,,rsteiner@pwpla.com,739 Allston Way,Berkeley,California,94710,United States,1,7/26/2019,83116803,PWP Landscape Architecture,PWP,www.pwpla.com,(510) 849-9494,739 Allston Way,Berkeley,California,94710,United States,"Architecture, Engineering & Design",Industry.construction.architecture,Construction,Industry.construction,9200,Sales.5Mto10M,46,Employees.20to49,8712,871,541,5413,"TitleCode.IT,TitleCodeTop.Business,TitleCodeMiddle.Manager,TitleCodeMiddle.Technical,TitleCode.Manager","Manager,Engineering & Technical",https://go.zoominfo.com/#/apps/search/person/results?personProfileId=2215578870,60f74c4900f49e9ecc2c67baadb84e85,pwpla.com
1843245697,Dennewitz,Josh,,,,"Manager, Information Technology",719,Information Technology,Manager,,(559) 679-7121,josh.dennewitz@qkinc.com,901 E Main St.,Visalia,California,93292-6546,United States,18,7/25/2019,44122780,QK Inc,QK,www.qkinc.com,(661) 616-2600,5080 California Ave. Ste. 220,Bakersfield,California,93309,United States,"Architecture, Engineering & Design",Industry.construction.architecture,Construction,Industry.construction,22000,Sales.10Mto25M,110,Employees.100to249,8712,871,541,5413,"TitleCode.IT,TitleCodeTop.Business,TitleCodeMiddle.Manager,TitleCodeMiddle.Technical,TitleCode.Manager","Manager,Engineering & Technical",https://go.zoominfo.com/#/apps/search/person/results?personProfileId=1843245697,72dec63acd92352296cc8cad90592b45,qkinc.com
-2034259195,Totoraitis,Matt,,,,"Manager, Information Technology",719,Information Technology,Manager,,(586) 415-4776,matt.totoraitis@rcoeng.com,29200 Calahan Rd.,Roseville,Michigan,48066,United States,22,2/17/2019,100139551,RCO Engineering Inc,RCO,www.rcoeng.com,(586) 771-8400,29200 Calahan Rd.,Roseville,Michigan,48066,United States,"Architecture, Engineering & Design",Industry.construction.architecture,Construction,Industry.construction,100000,Sales.100MMto250M,700,Employees.500to999,5511,551,332119,33211,"TitleCode.IT,TitleCodeTop.Business,TitleCodeMiddle.Manager,TitleCodeMiddle.Technical,TitleCode.Manager","Manager,Engineering & Technical",https://go.zoominfo.com/#/apps/search/person/results?personProfileId=-2034259195,6e0084a6a2dd681b3747fd8765637b03,rcoeng.com
-1213096864,Mills,Casey,L.,,,"Help Desk Manager, Information Technology",719,Information Technology,Manager,,(301) 482-0399,cmills@ruppertcompanies.com,23601 Laytonsville Rd.,Laytonsville,Maryland,20882,United States,9,7/9/2019,98372295,Ruppert Landscape Company,Ruppert Landscape,www.ruppertlandscape.com,(301) 482-0300,23601 Laytonsville Rd.,Laytonsville,Maryland,20882,United States,"Architecture, Engineering & Design",Industry.construction.architecture,Construction,Industry.construction,39270,Sales.25Mto50M,557,Employees.500to999,8712,871,541,5413,"TitleCodeMiddle.Manager,TitleCodeTop.Business,TitleCode.IT,TitleCodeMiddle.Operations,TitleCode.CustomerRel,TitleCodeMiddle.Technical,TitleCode.Manager","Operations,Manager",https://go.zoominfo.com/#/apps/search/person/results?personProfileId=-1213096864,beca758cb4e42a20feced5cfb6810208,ruppertcompanies.com
3101887842,Chauca,Aquiles,,,,"Global Manager, Information Technology",719,Information Technology,Manager,,,achauca@saexploration.com,,,,,,3,4/8/2019,347606089,SAExploration Holdings Inc,SAExploration,www.saexploration.com,(281) 258-4400,1160 DAIRY ASHFORD Rd. Ste. 160,Houston,Texas,77079,United States,"Architecture, Engineering & Design",Industry.construction.architecture,Construction,Industry.construction,127022,Sales.100MMto250M,1237,Employees.1000to4999,87,871,211,212,"TitleCode.IT,TitleCodeTop.Business,TitleCodeMiddle.Manager,TitleCodeMiddle.Technical,TitleCode.Manager","Manager,Engineering & Technical",https://go.zoominfo.com/#/apps/search/person/results?personProfileId=3101887842,eb363d297259c0b9e7a10ccb8f452526,saexploration.com
-803970705,Bartlett,Cameron,,,,"Facilities Coordinator & Manager & Fleet & Radiation Safety, Information Technology Officer",719,Facilities,Manager,,(619) 528-4710,cbartlett@scst.com,6280 Riverdale St.,San Diego,California,92120,United States,8,5/29/2019,98419720,SCST Inc,SCST,www.scst.com,(619) 280-4321,6280 Riverdale St.,San Diego,California,92120,United States,"Architecture, Engineering & Design",Industry.construction.architecture,Construction,Industry.construction,22800,Sales.10Mto25M,146,Employees.100to249,87,871,541,5413,"TitleCode.Facilities,TitleCodeMiddle.Manager,TitleCode.Technical,TitleCode.IT,TitleCodeTop.Business,TitleCode.Compliance,TitleCodeMiddle.Operations,TitleCodeMiddle.Technical,TitleCode.Manager","Operations,Manager",https://go.zoominfo.com/#/apps/search/person/results?personProfileId=-803970705,551c46f90c8cc2f91e9b287b62a01575,scst.com
514368115,Federico,Denise,B.,,,"Manager, Information Technology",719,Information Technology,Manager,,,dfederico@sheskeyarchitects.com,14 Franklin St.,Quincy,Massachusetts,2169,United States,13,4/12/2019,48316880,Sheskey Architects,Sheskey Architects,www.sheskeyarchitects.com,(617) 770-2010,14 Franklin St.,Quincy,Massachusetts,2169,United States,"Architecture, Engineering & Design",Industry.construction.architecture,Construction,Industry.construction,7000,Sales.5Mto10M,35,Employees.20to49,8712,871,541,5413,"TitleCode.IT,TitleCodeTop.Business,TitleCodeMiddle.Manager,TitleCodeMiddle.Technical,TitleCode.Manager","Manager,Engineering & Technical",https://go.zoominfo.com/#/apps/search/person/results?personProfileId=514368115,e490cad017406660806cd97614cbcd90,sheskeyarchitects.com
2863120742,Sharma,Sandeep,,,,"Deputy Manager, Information Technology",717,Information Technology,Manager,,+91 98739 66693,sandeep@splendorgroup.net,,,,,India,2,2/25/2019,353616570,Splendor Group,Splendor,www.splendorgroup.net,(317) 291-2450,5008 Oakbrook Dr.,Indianapolis,Indiana,46254,United States,Real Estate,Industry.realestate,"Architecture, Engineering & Design",Industry.construction.architecture,1400,Sales.1Mto5M,7,Employees.5to9,8712,871,531,5312,"TitleCode.IT,TitleCodeTop.Business,TitleCodeMiddle.Manager,TitleCodeMiddle.Technical,TitleCode.Manager","Manager,Engineering & Technical",https://go.zoominfo.com/#/apps/search/person/results?personProfileId=2863120742,a9cb531f7b421485846e8adbc476ae7a,splendorgroup.net
3164580955,Smith,Greg,,,,"Program Project Manager, Information Technology",719,Information Technology,Manager,,(503) 939-6793,greg.smith@mwhconstructors.com,,,Oregon,,United States,4,7/9/2019,48152918,Stantec Inc.,Stantec,www.stantec.com,(403) 716-8000,25 25 St. SE,Calgary,Alberta,T2A 7H8,Canada,"Architecture, Engineering & Design",Industry.construction.architecture,Construction,Industry.construction,4094552,Sales.1Gto5G,22000,Employees.10000plus,87,871,5416,54141,"TitleCode.ProjectManagement,TitleCodeMiddle.Manager,TitleCodeTop.Business,TitleCode.IT,TitleCodeMiddle.Operations,TitleCodeMiddle.Technical,TitleCode.Manager","Operations,Manager",https://go.zoominfo.com/#/apps/search/person/results?personProfileId=3164580955,f87e58c65e531ac142a739ceca66dca1,mwhconstructors.com
1494061408,Dimattei,Chris,,,,"Manager, Information Technology",719,Information Technology,Manager,,(617) 305-0777,cdimattei@steffian.com,100 Summer St.,Boston,Massachusetts,2110,United States,26,7/28/2019,165904676,Steffian Bradley Architects.,Steffian,www.steffian.com,(617) 305-7100,88 Black Falcon Ave. Ste. 353,Boston,Massachusetts,2210,United States,"Architecture, Engineering & Design",Industry.construction.architecture,Construction,Industry.construction,19000,Sales.10Mto25M,217,Employees.100to249,87,871,541,5413,"TitleCode.IT,TitleCodeTop.Business,TitleCodeMiddle.Manager,TitleCodeMiddle.Technical,TitleCode.Manager","Manager,Engineering & Technical",https://go.zoominfo.com/#/apps/search/person/results?personProfileId=1494061408,8d2557a110cc4511f03edef631ddbf80,steffian.com
2074642312,Egeland,Deirdre,,,,"Manager, Office & Information Technology",719,Information Technology,Manager,,,deirdre.egeland@strand.com,1170 Houbolt Rd.,Joliet,Illinois,60431-9063,United States,9,4/11/2019,112346468,Strand Associates Inc,Strand,www.strand.com,(608) 251-4843,910 West Wingra Dr.,Madison,Wisconsin,53715,United States,Construction,Industry.construction,"Architecture, Engineering & Design",Industry.construction.architecture,80000,Sales.50Mto100M,400,Employees.250to499,87,871,541,5413,"TitleCode.IT,TitleCodeTop.Business,TitleCodeMiddle.Manager,TitleCodeMiddle.Technical,TitleCode.Manager","Manager,Engineering & Technical",https://go.zoominfo.com/#/apps/search/person/results?personProfileId=2074642312,4b5b45dad84b825ea46a16a3ef903320,strand.com
-882292906,Bindl,Andrew,,,,"Manager, Information Technology",719,Information Technology,Manager,,,andy.bindl@strand.com,910 West Wingra Dr.,Madison,Wisconsin,53715,United States,7,4/11/2019,112346468,Strand Associates Inc,Strand,www.strand.com,(608) 251-4843,910 West Wingra Dr.,Madison,Wisconsin,53715,United States,Construction,Industry.construction,"Architecture, Engineering & Design",Industry.construction.architecture,80000,Sales.50Mto100M,400,Employees.250to499,87,871,541,5413,"TitleCode.IT,TitleCodeTop.Business,TitleCodeMiddle.Manager,TitleCodeMiddle.Technical,TitleCode.Manager","Manager,Engineering & Technical",https://go.zoominfo.com/#/apps/search/person/results?personProfileId=-882292906,a3ff7bad773af8f0ab0b0d1f347d7a83,strand.com
1929458706,Bella,Regina,P.,,,"Divisional Manager, Transportation & Information Technology Infrastructure",719,Logistics,Manager,,(646) 602-5918,regina.bella@stvinc.com,"225 Park Ave. South, 4th Fl.",New York City,New York,10003-1604,United States,70,5/19/2019,101466853,STV Incorporated,STV,www.stvinc.com,(610) 385-8200,205 West Welsh Dr.,Douglassville,Pennsylvania,19518,United States,Construction,Industry.construction,Commercial & Residential Construction,Industry.construction.construction,,,1000,Employees.1000to4999,87,871,541,5415,"TitleCodeMiddle.Manager,TitleCode.Logistics,TitleCodeTop.Business,TitleCode.IT,TitleCodeMiddle.Operations,TitleCodeMiddle.Technical,TitleCode.Manager","Operations,Manager",https://go.zoominfo.com/#/apps/search/person/results?personProfileId=1929458706,b5beeda65e981e058e63f65d9f4105a7,stvinc.com
1326004093,Jones,Pamela,D.,,,"IT Manager, Accounting",719,Information Technology,Manager,,(804) 644-3880 ext. 1107,pamela@sustaindesign.net,"1421 Lombardy Alley, 1st Fl.",Richmond,Virginia,23219,United States,43,6/24/2019,76791959,Sustainable Design Consulting LLC,Sustainable Design,www.sustaindesign.net,(804) 644-3880,"1421 Lombardy Alley, 1st Fl.",Richmond,Virginia,23219,United States,"Architecture, Engineering & Design",Industry.construction.architecture,Construction,Industry.construction,1620,Sales.1Mto5M,30,Employees.20to49,8712,871,5419,541511,"TitleCodeMiddle.Manager,TitleCodeTop.Business,TitleCode.IT,TitleCodeMiddle.Finance,TitleCodeMiddle.Technical,TitleCode.Manager,TitleCode.Accounting","Finance,Manager",https://go.zoominfo.com/#/apps/search/person/results?personProfileId=1326004093,b7e34c37f2430a8b6008581a635ef0ff,sustaindesign.net
1540660538,Babich,Matthew,M.,,,"Information Services Manager, Information Technology & Manager, CAD",719,Information Technology,Manager,,(312) 733-1460 ext. 237,mbabich@depalmagroup.com,935 W. CHESTNUT,Chicago,Illinois,60622,United States,27,6/29/2019,10993910,The DePalma Group Inc,DePalma,www.depalmagroup.com,(312) 733-1460,935 W. CHESTNUT,Chicago,Illinois,60622,United States,"Architecture, Engineering & Design",Industry.construction.architecture,Construction,Industry.construction,6600,Sales.5Mto10M,33,Employees.20to49,8712,871,541,5413,"TitleCode.IT,TitleCodeTop.Business,TitleCodeMiddle.Manager,TitleCodeMiddle.Technical,TitleCode.Manager","Manager,Engineering & Technical",https://go.zoominfo.com/#/apps/search/person/results?personProfileId=1540660538,f45c169af8c03673ad512f4236291e79,depalmagroup.com
-850118621,O'Connor,Glen,,,,"Manager, Information Technology",719,Information Technology,Manager,,,goconnor@tkarch.com,,,,,,4,3/10/2019,95732718,TK Architects International Inc,TK Architects,www.tkarch.com,(816) 842-7552,1100 Main St. Ste. 2200,Kansas City,Missouri,64105,United States,"Architecture, Engineering & Design",Industry.construction.architecture,Construction,Industry.construction,11200,Sales.10Mto25M,56,Employees.50to99,8712,871,541,5413,"TitleCode.IT,TitleCodeTop.Business,TitleCodeMiddle.Manager,TitleCodeMiddle.Technical,TitleCode.Manager","Manager,Engineering & Technical",https://go.zoominfo.com/#/apps/search/person/results?personProfileId=-850118621,dbc909d23b4795b5cc02c749a7ffb46e,tkarch.com
-1922817852,Read,Jacqueline,,,,"Project Manager, Information Technology",719,Information Technology,Manager,,(215) 293-5593,jread@tollbrothersinc.com,250 Gibraltar Rd.,Horsham,Pennsylvania,19044,United States,14,3/21/2019,95912679,Toll Brothers Inc,Toll Brothers,www.tollbrothers.com,(215) 938-8000,250 Gibraltar Rd.,Horsham,Pennsylvania,19044,United States,Real Estate,Industry.realestate,"Architecture, Engineering & Design",Industry.construction.architecture,7143300,Sales.5GPlus,4900,Employees.1000to4999,65,653,5312,5414,"TitleCode.ProjectManagement,TitleCodeMiddle.Manager,TitleCodeTop.Business,TitleCode.IT,TitleCodeMiddle.Operations,TitleCodeMiddle.Technical,TitleCode.Manager","Operations,Manager",https://go.zoominfo.com/#/apps/search/person/results?personProfileId=-1922817852,ec329b5c1ef5fbbfb6e0d11c5d4b362b,tollbrothersinc.com
2001884282,Bowers,Austin,,,,"Manager, Information Technology",719,Information Technology,Manager,,(206) 826-0915,austinbowers@trinityerd.com,80 Yesler Way Ste. 200,Seattle,Washington,98104,United States,17,2/7/2019,283377757,Trinity|ERD,Trinity ERD,www.trinityerd.com,(206) 467-0054,80 Yesler Way Ste. 200,Seattle,Washington,98104,United States,Construction,Industry.construction,"Architecture, Engineering & Design",Industry.construction.architecture,9800,Sales.5Mto10M,49,Employees.20to49,8712,871,541,5413,"TitleCode.IT,TitleCodeTop.Business,TitleCodeMiddle.Manager,TitleCodeMiddle.Technical,TitleCode.Manager","Manager,Engineering & Technical",https://go.zoominfo.com/#/apps/search/person/results?personProfileId=2001884282,0a75f128af6adb1d2954baae40382218,trinityerd.com
-1955918965,Joyce,Carol,,,,"Business App Support Manager, Information Technology",719,Information Technology,Manager,,(901) 251-3684,caroljoyce@trugreenmail.com,1790 Kirby Pkwy. Ste. 300,Memphis,Tennessee,38138,United States,14,2/18/2019,39620048,TruGreen Company,TruGreen,www.trugreen.com,(901) 681-1800,1790 Kirby Pkwy. Ste. 300,Memphis,Tennessee,38138,United States,"Architecture, Engineering & Design",Industry.construction.architecture,Construction,Industry.construction,1300000,Sales.1Gto5G,13000,Employees.10000plus,78,782,56173,56171,"TitleCode.IT,TitleCodeTop.Business,TitleCodeMiddle.Manager,TitleCodeMiddle.Technical,TitleCode.Manager","Manager,Engineering & Technical",https://go.zoominfo.com/#/apps/search/person/results?personProfileId=-1955918965,d3a3fcf6eec62238a93d4d06faa17d0f,trugreenmail.com
-1446008557,Bacino,Stacy,Lynn,,,"Senior Project Manager, Information Technology",723,Information Technology,Manager,,(856) 533-6004,stacy.bacino@wachter.com,9000H Commerce Pkwy.,Mount Laurel,New Jersey,8054,United States,15,3/21/2019,41287691,Wachter Inc,Wachter,www.wachter.com,(913) 541-2500,16001 West 99th St.,Shawnee Mission,Kansas,66219,United States,Commercial & Residential Construction,Industry.construction.construction,"Electricity, Oil & Gas",Industry.energy.energy,250000,Sales.250Mto500M,1200,Employees.1000to4999,17,173,221,541,"TitleCode.ProjectManagement,TitleCodeMiddle.Manager,TitleCodeTop.Business,TitleCode.IT,TitleCodeMiddle.Operations,TitleCodeMiddle.Technical,TitleCode.Manager","Operations,Manager",https://go.zoominfo.com/#/apps/search/person/results?personProfileId=-1446008557,b5e9107764d47e6aa99317a52389e013,wachter.com
2842278409,McKee,Troy,,,,"Manager, Information Technology",719,Information Technology,Manager,,(408) 392-7913,tmckee@watrydesign.com,2099 Gateway Pl. Ste. 550,San Jose,California,95110,United States,4,2/14/2019,66289770,Watry Design Inc,Watry Design,www.watrydesign.com,(408) 392-7900,2099 Gateway Pl. Ste. 550,San Jose,California,95110,United States,"Architecture, Engineering & Design",Industry.construction.architecture,Construction,Industry.construction,10000,Sales.10Mto25M,50,Employees.50to99,8712,871,541,5413,"TitleCode.IT,TitleCodeTop.Business,TitleCodeMiddle.Manager,TitleCodeMiddle.Technical,TitleCode.Manager","Manager,Engineering & Technical",https://go.zoominfo.com/#/apps/search/person/results?personProfileId=2842278409,8bd87452adb8054d120e1977b51f98ff,watrydesign.com
-2048132403,Cable,Dwight,C.,,,"Manager, Information Technology",719,Information Technology,Manager,,,dcable@wildingengineering.com,14721 S HERITAGECREST WAY,Riverton,Utah,84065,United States,9,3/31/2019,55689584,Wilding Engineering Inc,Wilding Engineering,www.wildingengineering.com,(801) 553-8112,14721 S HERITAGECREST WAY,Riverton,Utah,84065,United States,"Architecture, Engineering & Design",Industry.construction.architecture,Construction,Industry.construction,4858,Sales.1Mto5M,30,Employees.20to49,87,871,541,5413,"TitleCode.IT,TitleCodeTop.Business,TitleCodeMiddle.Manager,TitleCodeMiddle.Technical,TitleCode.Manager","Manager,Engineering & Technical",https://go.zoominfo.com/#/apps/search/person/results?personProfileId=-2048132403,bb598e92fd8bf40ab1d97348cc8e818e,wildingengineering.com
2703163902,Froehle,Ace,,,,"Global Manager, Information Technology",719,Information Technology,Manager,,,afroehle@wilsonassoc.com,,,,,,6,3/26/2019,116080681,Wilson & Associates LLC,Wilson & Associates,www.wilsonassociates.com,(214) 521-6753,3811 Turtle Creek Blvd. Ste. 1600,Dallas,Texas,75219,United States,"Architecture, Engineering & Design",Industry.construction.architecture,Construction,Industry.construction,62400,Sales.50Mto100M,312,Employees.250to499,8712,871,541,5413,"TitleCode.IT,TitleCodeTop.Business,TitleCodeMiddle.Manager,TitleCodeMiddle.Technical,TitleCode.Manager","Manager,Engineering & Technical",https://go.zoominfo.com/#/apps/search/person/results?personProfileId=2703163902,d81e56da08ec4616a26b5c26185234c1,wilsonassoc.com
1941503779,Heirsch,Al,,,,"Manager, Information Technology",719,Information Technology,Manager,,(504) 826-1134,aheirsch@woodwarddesignbuild.com,1000 South Jefferson Davis Pkwy.,New Orleans,Louisiana,70125,United States,14,7/29/2019,308052204,Woodward Design+Build LLC,Woodward,www.woodwarddesignbuild.com,(504) 822-6443,1000 South Jefferson Davis Pkwy.,New Orleans,Louisiana,70125,United States,"Architecture, Engineering & Design",Industry.construction.architecture,Construction,Industry.construction,300000,Sales.250Mto500M,350,Employees.250to499,15,154,541,5413,"TitleCode.IT,TitleCodeTop.Business,TitleCodeMiddle.Manager,TitleCodeMiddle.Technical,TitleCode.Manager","Manager,Engineering & Technical",https://go.zoominfo.com/#/apps/search/person/results?personProfileId=1941503779,fce6316256fba8169bbfb9f7a7a678d5,woodwarddesignbuild.com
-1801507070,Inouye,Gilbert,,,,Engineer and Information Technology Project Manager,719,Information Technology,Manager,,(559) 480-3170,gilbert.inouye@woolpert.com,8979 Old Creek Dr.,Elk Grove,California,95758,United States,5,3/21/2019,42582612,Woolpert Inc,Woolpert,www.woolpert.com,(937) 531-1258,4454 Idea Center Blvd. Ste. 400,Dayton,Ohio,45430,United States,"Architecture, Engineering & Design",Industry.construction.architecture,Construction,Industry.construction,,,900,Employees.500to999,87,871,541,5413,"TitleCode.ProjectManagement,TitleCodeMiddle.Manager,TitleCodeTop.Business,TitleCode.IT,TitleCode.Engineer,TitleCodeMiddle.Operations,TitleCodeMiddle.Technical,TitleCode.Manager","Operations,Manager",https://go.zoominfo.com/#/apps/search/person/results?personProfileId=-1801507070,78dac5fd21bdac9ddb4f3e4497daccb6,woolpert.com
-1004014903,Swirka,Tim,,,,"Manager, Information Technology",719,Information Technology,Manager,,,tswirka@zevcohen.com,300 Interchange Blvd. Ste. C,Ormond Beach,Florida,32174,United States,6,2/15/2019,195641666,Zev Cohen & Associates Inc,Zev Cohen,www.zevcohen.com,(386) 677-2482,300 Interchange Blvd. Ste. C,Ormond Beach,Florida,32174,United States,Construction,Industry.construction,"Architecture, Engineering & Design",Industry.construction.architecture,8400,Sales.5Mto10M,42,Employees.20to49,8712,871,541,5413,"TitleCode.IT,TitleCodeTop.Business,TitleCodeMiddle.Manager,TitleCodeMiddle.Technical,TitleCode.Manager","Manager,Engineering & Technical",https://go.zoominfo.com/#/apps/search/person/results?personProfileId=-1004014903,f3602eb011829fe72647fdf0d0708b95,zevcohen.com
