﻿Zoom Individual ID,Last name,First name,Middle name,Salutation,Suffix,Job title,Job title hierarchy level,Job Function,Management Level,Company division name,Direct Phone Number,Email address,Person Street,Person City,Person State,Person Zip,Country,Source count,Last updated date,Zoom company ID,Company name,Marketing Friendly Name,Company domain name,Company phone number,Company Street address,Company City,Company State,Company ZIP/Postal code,Company Country,Industry label,Industry hierarchical category,Secondary industry label,Secondary industry hierarchical category,Revenue (in 000s),Revenue Range,Employees,Employees Range,SIC1,SIC2,NAICS1,NAICS2,TitleCode,Highest Level Job Function,Contact Zoom URL,Encrypted Email Address,Email Domain
2810733196,Miroshnichenko,Igor,,,,"Director, Information Technology",759,Information Technology,Director,,(413) 665-7021 ext. 1313,igor@asmg.com,,,Massachusetts,,United States,7,9/26/2019,3836743,All States Materials Group,ASMG,www.asmg.com,(207) 295-7590,699 Main St.,Richmond,Maine,4357,United States,"Aggregates, Concrete & Cement",Industry.mfg.building.concrete,Building Materials,Industry.mfg.building,246600,Sales.100MMto250M,225,Employees.100to249,29,295,44419,3241,"TitleCode.IT,TitleCodeTop.Business,TitleCodeMiddle.Technical,TitleCode.Director,TitleCodeMiddle.Director","Engineering & Technical,Director",https://go.zoominfo.com/#/apps/search/person/results?personProfileId=2810733196,c26fc62441ae53afa5d3c3783f75638d,asmg.com
1655149919,Dickinson,Cody,J.,,,"Manager, Information Technology Systems & Operations",719,Operations,Manager,,(225) 987-7602,cody.dickinson@aptim.com,4171 Essen Lane1St Fl.,Baton Rouge,Louisiana,70809,United States,33,11/12/2019,407945030,Aptim Corp,Aptim,www.aptim.com,(833) 862-7846,1780 Hughes Landing Blvd. Ste. 1000,The Woodlands,Texas,77380,United States,Construction General,Industry.construction.general,Construction,Industry.construction,2000000,Sales.1Gto5G,10000,Employees.10000plus,17,179,238990,23,"TitleCodeMiddle.Manager,TitleCode.Operations,TitleCodeTop.Business,TitleCode.IT,TitleCodeMiddle.Operations,TitleCodeMiddle.Technical,TitleCode.Manager","Operations,Manager",https://go.zoominfo.com/#/apps/search/person/results?personProfileId=1655149919,86a13f0ac824f3e6e628309526f1cdb4,aptim.com
1855806910,Ratliff,Paul,J.,,,"Manager, Information Technology Systems",719,Information Technology,Manager,,(757) 408-5522,pratliff@asturiangroup.com,760 Lynnhaven Pkwy. Ste. 200,Virginia Beach,Virginia,23452,United States,38,10/30/2019,370526908,Asturian Group Inc,Asturian Group,www.asturiangroup.com,(757) 452-3100,760 Lynnhaven Pkwy. Ste. 200,Virginia Beach,Virginia,23452,United States,Commercial & Residential Construction,Industry.construction.construction,Construction,Industry.construction,19404,Sales.10Mto25M,85,Employees.50to99,,,,,"TitleCode.IT,TitleCodeTop.Business,TitleCodeMiddle.Manager,TitleCodeMiddle.Technical,TitleCode.Manager","Manager,Engineering & Technical",https://go.zoominfo.com/#/apps/search/person/results?personProfileId=1855806910,c0c5dc8aca54e416454a729637aadc7e,asturiangroup.com
1717959637,Depkon,Sharon,,,,"Director, Information Technology",759,Information Technology,Director,,,sdepkon@autobuilders.net,5715 Corporate Way,West Palm Beach,Florida,33407,United States,35,10/4/2019,352959182,AutoBuilders,AutoBuilders,autobuilders.com,(561) 622-3515,5715 Corporate Way,West Palm Beach,Florida,33407,United States,Construction General,Industry.construction.general,Construction,Industry.construction,14400,Sales.10Mto25M,72,Employees.50to99,,,,,"TitleCode.IT,TitleCodeTop.Business,TitleCodeMiddle.Technical,TitleCode.Director,TitleCodeMiddle.Director","Engineering & Technical,Director",https://go.zoominfo.com/#/apps/search/person/results?personProfileId=1717959637,1b2fdb22db4c813b5065f78d346b7c6a,autobuilders.net
-1310477424,Bergquist,John,,,,"Civil Designer and Director, Information Technology",759,Information Technology,Director,,,bergquist@avipc.com,1103 Old Town Ln.,Cheyenne,Wyoming,82009,United States,4,9/9/2019,356641095,AVI P.C,AVI,www.avipc.com,(307) 637-6017,1103 Old Town Ln.,Cheyenne,Wyoming,82009,United States,Commercial & Residential Construction,Industry.construction.construction,Construction,Industry.construction,1369,Sales.1Mto5M,6,Employees.5to9,,,,,"TitleCode.IT,TitleCodeTop.Business,TitleCodeMiddle.Technical,TitleCode.Director,TitleCodeMiddle.Director","Engineering & Technical,Director",https://go.zoominfo.com/#/apps/search/person/results?personProfileId=-1310477424,57f4db53578ae6a88ce23c7b4878a688,avipc.com
42047567,Crouse,Linda,,,,"Manager, Information Technology",719,Information Technology,Manager,,(415) 293-5775,lcrouse@bararch.com,901 Battery St. Ste. 300,San Francisco,California,94111,United States,110,11/7/2019,3948873,BAR Architects,BAR Architects,www.bararch.com,(415) 293-5700,"901 Battery St., Ste. 300",San Francisco,California,94111,United States,"Architecture, Engineering & Design",Industry.construction.architecture,Construction,Industry.construction,,,85,Employees.50to99,87,871,541,5413,"TitleCode.IT,TitleCodeTop.Business,TitleCodeMiddle.Manager,TitleCodeMiddle.Technical,TitleCode.Manager","Manager,Engineering & Technical",https://go.zoominfo.com/#/apps/search/person/results?personProfileId=42047567,e317b22ed1d8dfea09843fd581ec37ed,bararch.com
3324069831,LaCandia,Terry,,,,"Project Manager, Information Technology",719,Information Technology,Manager,,(615) 252-4307,terry.lacandia@bargedesign.com,"615 3rd Ave. South, Ste. 700",Nashville,Tennessee,37210,United States,4,11/8/2019,10111541,"Barge Waggoner Sumner & Cannon , Inc.",Barge,www.bargedesign.com,(615) 254-1500,"615 3rd Ave. South, Ste. 700",Nashville,Tennessee,37210,United States,"Architecture, Engineering & Design",Industry.construction.architecture,Construction,Industry.construction,75000,Sales.50Mto100M,283,Employees.250to499,87,871,541,5413,"TitleCode.ProjectManagement,TitleCodeMiddle.Manager,TitleCodeTop.Business,TitleCode.IT,TitleCodeMiddle.Operations,TitleCodeMiddle.Technical,TitleCode.Manager","Operations,Manager",https://go.zoominfo.com/#/apps/search/person/results?personProfileId=3324069831,acfb3c0b89bfed7b0bb5b802869b7e70,bargedesign.com
2703431745,Manning,Paul,,,,"Director, Information Technology Operations",759,Operations,Director,,(470) 381-3942,paul.manning@baytreelandscape.com,5830 E Ponce de Leon Ave.,Stone Mountain,Georgia,30084,United States,26,11/12/2019,374416282,Baytree Landscape Contractors Inc,Baytree Landscape,www.baytreelandscape.com,(866) 620-8750,5830 E Ponce de Leon Ave.,Stone Mountain,Georgia,30084,United States,"Architecture, Engineering & Design",Industry.construction.architecture,Construction,Industry.construction,6668,Sales.5Mto10M,65,Employees.50to99,78,781,512,541,"TitleCode.Operations,TitleCodeMiddle.Director,TitleCodeTop.Business,TitleCode.IT,TitleCodeMiddle.Operations,TitleCodeMiddle.Technical,TitleCode.Director","Operations,Director",https://go.zoominfo.com/#/apps/search/person/results?personProfileId=2703431745,cf445356d297a9f96cbddbee7505295e,baytreelandscape.com
676283628,Plumley,Scott,,,,"Director, Information Technology",759,Information Technology,Director,,,scott.plumley@bdgllp.com,100 S. Ashley Ste. 100,Tampa,Florida,33602,United States,28,11/15/2019,18879526,BDG Architects LLP,BDG Architects,www.bdgllp.com,(813) 323-9233,100 S. Ashley Ste. 100,Tampa,Florida,33602,United States,"Architecture, Engineering & Design",Industry.construction.architecture,Construction,Industry.construction,31054,Sales.25Mto50M,98,Employees.50to99,87,871,541199,541,"TitleCode.IT,TitleCodeTop.Business,TitleCodeMiddle.Technical,TitleCode.Director,TitleCodeMiddle.Director","Engineering & Technical,Director",https://go.zoominfo.com/#/apps/search/person/results?personProfileId=676283628,24a4557007b6576db44aeb937124c261,bdgllp.com
2013960511,Schmidt,Jason,O.,,,"Director, Information Technology",759,Information Technology,Director,,(210) 860-9224 ext. 2007,jason.schmidt@bigreddog.com,"5710 W Hausman Rd,Ste 115",San Antonio,Texas,78249-1646,United States,43,11/9/2019,347203573,BIG RED DOG Inc,BIG RED DOG,www.bigreddog.com,(512) 669-5560,2021 east 5th St. Ste. 200,Austin,Texas,78702,United States,Construction,Industry.construction,Commercial & Residential Construction,Industry.construction.construction,13400,Sales.10Mto25M,105,Employees.100to249,87,871,541,5413,"TitleCode.IT,TitleCodeTop.Business,TitleCodeMiddle.Technical,TitleCode.Director,TitleCodeMiddle.Director","Engineering & Technical,Director",https://go.zoominfo.com/#/apps/search/person/results?personProfileId=2013960511,84f14a3b315ec915e09ccb2489a78177,bigreddog.com
2069852642,Armstrong,Douglas,,,,"Director, Information Technology",759,Information Technology,Director,,(559) 291-5507,darmstrong@bcf-engr.com,451 Clovis Ave. Ste. 200,Clovis,California,93612,United States,7,11/15/2019,353952232,Blair Church & Flynn,BCF,www.bcf-engr.com,(559) 326-1400,451 Clovis Ave. Ste. 200,Clovis,California,93612,United States,"Architecture, Engineering & Design",Industry.construction.architecture,Construction,Industry.construction,10286,Sales.10Mto25M,54,Employees.50to99,87,871,541,5413,"TitleCode.IT,TitleCodeTop.Business,TitleCodeMiddle.Technical,TitleCode.Director,TitleCodeMiddle.Director","Engineering & Technical,Director",https://go.zoominfo.com/#/apps/search/person/results?personProfileId=2069852642,829fc93d8a8721463af045d63bee30c9,bcf-engr.com
1903500990,Stewart,Wade,,,,"Director, Information Technology",759,Information Technology,Director,,,wstewart@blrb.com,1250 Pacific Ave. Ste. 700,Tacoma,Washington,98402,United States,214,11/15/2019,12667384,BLRB Architects,BLRB,www.blrb.com,(253) 627-5599,1250 Pacific Ave. Ste. 700,Tacoma,Washington,98402,United States,"Architecture, Engineering & Design",Industry.construction.architecture,Construction,Industry.construction,14288,Sales.10Mto25M,52,Employees.50to99,87,871,541,5413,"TitleCode.IT,TitleCodeTop.Business,TitleCodeMiddle.Technical,TitleCode.Director,TitleCodeMiddle.Director","Engineering & Technical,Director",https://go.zoominfo.com/#/apps/search/person/results?personProfileId=1903500990,1dd0513b9a7d3dca4b2aad2f592c12f8,blrb.com
13428516,Anderson,Jason,,,,"Manager, Information Technology",719,Information Technology,Manager,,(615) 690-7200,jason@bxtn.org,300 Clark St.,Knoxville,Tennessee,37921,United States,10,11/13/2019,350947490,BXTN,BXTN,www.bxtn.org,(865) 525-0443,301 S. Perimeter Park Dr. Ste. 100,Nashville,Tennessee,37211,United States,Construction General,Industry.construction.general,Construction,Industry.construction,,,49,Employees.20to49,,,,,"TitleCode.IT,TitleCodeTop.Business,TitleCodeMiddle.Manager,TitleCodeMiddle.Technical,TitleCode.Manager","Manager,Engineering & Technical",https://go.zoominfo.com/#/apps/search/person/results?personProfileId=13428516,4c475aa5ea6cee84a4fec14a3adad346,bxtn.org
-1022514119,Ellis,Chip,,,,"Manager, Information Technology",719,Information Technology,Manager,,(970) 879-1976,cellis@calconci.com,2270 W Bates Ave.,Englewood,Colorado,80110,United States,12,11/15/2019,19139968,Calcon Constructors Inc,Calcon,www.calconci.com,(303) 762-1554,2270 W Bates Ave.,Englewood,Colorado,80110,United States,Commercial & Residential Construction,Industry.construction.construction,Construction,Industry.construction,15067,Sales.10Mto25M,66,Employees.50to99,15,152,23,2362,"TitleCode.IT,TitleCodeTop.Business,TitleCodeMiddle.Manager,TitleCodeMiddle.Technical,TitleCode.Manager","Manager,Engineering & Technical",https://go.zoominfo.com/#/apps/search/person/results?personProfileId=-1022514119,4214082ad5040ec4785f23ac7be6d7db,calconci.com
-2122449476,Cody,Tommy,D.,,,"Manager, IT Hardware Asset",719,Hardware Engineering,Manager,,(214) 346-2816,codytd@cdmsmith.com,"12400 Coit Rd,Ste 400",Dallas,Texas,75251-2034,United States,23,11/6/2019,346710104,CDM Smith Inc,CDM Smith,www.cdmsmith.com,(617) 452-6000,75 State St. Ste. 701,Boston,Massachusetts,2109,United States,"Energy, Utilities & Waste Treatment General",Industry.energy.general,"Energy, Utilities & Waste Treatment",Industry.energy,,,5000,Employees.5000to9999,16,162,221,5416,"TitleCode.HardwareEng,TitleCode.IT,TitleCodeTop.Business,TitleCodeMiddle.Manager,TitleCodeMiddle.Technical,TitleCode.Manager","Manager,Engineering & Technical",https://go.zoominfo.com/#/apps/search/person/results?personProfileId=-2122449476,b1b4cf97dce4278bb24f0e13a63eb9bb,cdmsmith.com
2869172900,Wright,John,,,,"Manager, Information Technology",719,Information Technology,Manager,,,john@christopherai.com,2601 Highland Ave. S,Birmingham,Alabama,35205,United States,9,11/14/2019,406288770,Christopher Architecture and Interiors,Christopher Architecture,www.christopherai.com,(205) 413-8531,2601 Highland Ave. S,Birmingham,Alabama,35205,United States,"Architecture, Engineering & Design",Industry.construction.architecture,Construction,Industry.construction,7619,Sales.5Mto10M,40,Employees.20to49,8712,871,541,5413,"TitleCode.IT,TitleCodeTop.Business,TitleCodeMiddle.Manager,TitleCodeMiddle.Technical,TitleCode.Manager","Manager,Engineering & Technical",https://go.zoominfo.com/#/apps/search/person/results?personProfileId=2869172900,7be7bf3bfcfda39f6f774a3c1e320bad,christopherai.com
-2043320515,McKibbin,Tim,,,,"Manager, Information Technology",719,Information Technology,Manager,,(720) 248-8085,tmckibbin@coloradohardscapes.com,8085 E Harvard Ave.,Denver,Colorado,80231-3805,United States,19,10/30/2019,8847694,Colorado Hardscapes Inc,Colorado Hardscapes,www.coloradohardscapes.com,(303) 750-8200,9000 E. Chenango Ave.,Greenwood Village,Colorado,80111,United States,Commercial & Residential Construction,Industry.construction.construction,Construction,Industry.construction,21002,Sales.10Mto25M,92,Employees.50to99,17,177,2381,23811,"TitleCode.IT,TitleCodeTop.Business,TitleCodeMiddle.Manager,TitleCodeMiddle.Technical,TitleCode.Manager","Manager,Engineering & Technical",https://go.zoominfo.com/#/apps/search/person/results?personProfileId=-2043320515,531afb869ce3cbf1f74c5559db666c80,coloradohardscapes.com
2103539379,Casper,Raj,,,,"Director, Information Technology",759,Information Technology,Director,,(540) 382-2002 ext. 3331,rcasper@chpc2.org,448 NE Depot St.,Christiansburg,Virginia,24073,United States,29,9/14/2019,27987695,Community Housing Partners Corporation,Commuity Housing Partners,www.communityhousingpartners.org,(540) 382-2002,448 NE Depot St.,Christiansburg,Virginia,24073,United States,Commercial & Residential Construction,Industry.construction.construction,Construction,Industry.construction,,,375,Employees.250to499,15,152,23611,236116,"TitleCode.IT,TitleCodeTop.Business,TitleCodeMiddle.Technical,TitleCode.Director,TitleCodeMiddle.Director","Engineering & Technical,Director",https://go.zoominfo.com/#/apps/search/person/results?personProfileId=2103539379,b3a2a6022823c43e442d3e2c8052e9a7,chpc2.org
-2033940029,Mellberg,Scott,,,,"Manager, Information Technology",719,Information Technology,Manager,,(920) 882-2504,scottm@consolidated-const.com,4300 N. Richmond St.,Appleton,Wisconsin,54913,United States,19,11/11/2019,19515385,Consolidated Construction Co. Inc,Consolidated Construction,www.consolidated-const.com,(920) 739-3555,4300 N. Richmond St.,Appleton,Wisconsin,54913,United States,Commercial & Residential Construction,Industry.construction.construction,Construction,Industry.construction,17460,Sales.10Mto25M,139,Employees.100to249,15,152,23611,236115,"TitleCode.IT,TitleCodeTop.Business,TitleCodeMiddle.Manager,TitleCodeMiddle.Technical,TitleCode.Manager","Manager,Engineering & Technical",https://go.zoominfo.com/#/apps/search/person/results?personProfileId=-2033940029,ddedb80e31a4cc8b4c0a7c6280fb715d,consolidated-const.com
1425626839,Dare,Jerry,,,,"Manager, Information Technology",719,Information Technology,Manager,,(925) 335-2852,jdare@ccelectric.com,825 Howe Rd.,Martinez,California,94553,United States,17,11/8/2019,17205245,Contra Costa Electric Inc,Contra Costa,www.ccelectric.com,(925) 229-4250,825 Howe Rd.,Martinez,California,94553,United States,Commercial & Residential Construction,Industry.construction.construction,Construction,Industry.construction,2282,Sales.1Mto5M,10,Employees.10to19,17,171,23821,238210,"TitleCode.IT,TitleCodeTop.Business,TitleCodeMiddle.Manager,TitleCodeMiddle.Technical,TitleCode.Manager","Manager,Engineering & Technical",https://go.zoominfo.com/#/apps/search/person/results?personProfileId=1425626839,c69cccc98d4bece4532fd795bc306f4e,ccelectric.com
-1821074667,Miller,Caleb,A.,,,"Manager, Information Technology",719,Information Technology,Manager,,(765) 717-1596,cmiller@crgresidential.com,"805 W City Center Dr., Ste. 160",Carmel,Indiana,46032,United States,38,11/15/2019,348151286,CRG Residential LLC,CRG Residential,www.crgresidential.com,(317) 575-9400,"805 W City Center Dr., Ste. 160",Carmel,Indiana,46032,United States,Commercial & Residential Construction,Industry.construction.construction,Construction,Industry.construction,75109,Sales.50Mto100M,100,Employees.100to249,15,152,23611,236115,"TitleCode.IT,TitleCodeTop.Business,TitleCodeMiddle.Manager,TitleCodeMiddle.Technical,TitleCode.Manager","Manager,Engineering & Technical",https://go.zoominfo.com/#/apps/search/person/results?personProfileId=-1821074667,5852009f71be49dc387d0a2dfbccb163,crgresidential.com
1774759065,Bellman,Ed,,,,"Project Manager, Information Technology",719,Information Technology,Manager,,(937) 853-0650,ed.bellman@danis.com,3233 Newmark Dr.,Miamisburg,Ohio,45342,United States,28,11/5/2019,10519791,Danis,Danis,www.danis.com,(937) 228-1225,3233 Newmark Dr.,Miamisburg,Ohio,45342,United States,Commercial & Residential Construction,Industry.construction.construction,Construction,Industry.construction,68487,Sales.50Mto100M,300,Employees.250to499,15,154,23,2362,"TitleCode.ProjectManagement,TitleCodeMiddle.Manager,TitleCodeTop.Business,TitleCode.IT,TitleCodeMiddle.Operations,TitleCodeMiddle.Technical,TitleCode.Manager","Operations,Manager",https://go.zoominfo.com/#/apps/search/person/results?personProfileId=1774759065,8694e0094f3f085828b23f286e420842,danis.com
700000448,Janssen,Andrea,,,,"Director, Information Technology Solutions",759,Information Technology,Director,,(952) 403-9900 ext. 118,andrea.janssen@datacsi.com,12140 Nicollet Ave. South,Burnsville,Minnesota,55337,United States,45,9/10/2019,32511360,Data Center Systems Inc,Data Center Systems,www.datacsi.com,(952) 403-9900,12140 Nicollet Ave. South,Burnsville,Minnesota,55337,United States,Software & Technical Consulting,Industry.software.consulting,Software,Industry.software,3266,Sales.1Mto5M,17,Employees.10to19,17,171,5182,23822,"TitleCode.IT,TitleCodeTop.Business,TitleCode.Technical,TitleCodeMiddle.Technical,TitleCode.Director,TitleCodeMiddle.Director","Engineering & Technical,Director",https://go.zoominfo.com/#/apps/search/person/results?personProfileId=700000448,9943537ed96fbcc5393a2d563673b9f4,datacsi.com
3233493309,Tietz,Alex,,,,"Manager, Information Technology Mcp",719,Information Technology,Manager,,(859) 255-7405 ext. 299,atietz@denhamblythe.com,,,Kentucky,,United States,6,11/7/2019,30512282,Denham-Blythe Company Inc,Denham-Blythe,www.denhamblythe.com,(859) 255-7405,100 Trade Street855 Springfield Hwy.,Lexington,Kentucky,40511,United States,Commercial & Residential Construction,Industry.construction.construction,Construction,Industry.construction,66069,Sales.50Mto100M,86,Employees.50to99,87,871,541,5413,"TitleCode.IT,TitleCodeTop.Business,TitleCodeMiddle.Manager,TitleCodeMiddle.Technical,TitleCode.Manager","Manager,Engineering & Technical",https://go.zoominfo.com/#/apps/search/person/results?personProfileId=3233493309,27e0fe4573208ce4cecddb892a21e9c5,denhamblythe.com
2781139084,Berube,Nicholas,,,,"Manager, Information Technology",719,Information Technology,Manager,,,nberube@designlabarch.com,35 Channel Center St. #103,Boston,Massachusetts,2210,United States,6,11/15/2019,357253575,designLAB Architects,designLAB,www.designlabarch.com,(617) 350-3005,35 Channel Center St. #103,Boston,Massachusetts,2210,United States,"Architecture, Engineering & Design",Industry.construction.architecture,Construction,Industry.construction,9716,Sales.5Mto10M,26,Employees.20to49,87,871,541,5413,"TitleCode.IT,TitleCodeTop.Business,TitleCodeMiddle.Manager,TitleCodeMiddle.Technical,TitleCode.Manager","Manager,Engineering & Technical",https://go.zoominfo.com/#/apps/search/person/results?personProfileId=2781139084,70c2822987283a3ce4d0c6bd7cd18f7b,designlabarch.com
1751291198,Magyar,Jeffrey,M.,,,"Manager, Information Technology",719,Information Technology,Manager,,(703) 206-0842,jmagyar@dewberry.com,8401 Arlington Blvd.,Fairfax,Virginia,22031,United States,41,10/30/2019,11174272,Dewberry Company,Dewberry,www.dewberry.com,(703) 849-0100,8401 Arlington Blvd.,Fairfax,Virginia,22031,United States,"Architecture, Engineering & Design",Industry.construction.architecture,Construction,Industry.construction,406000,Sales.250Mto500M,2000,Employees.1000to4999,87,871,541,5413,"TitleCode.IT,TitleCodeTop.Business,TitleCodeMiddle.Manager,TitleCodeMiddle.Technical,TitleCode.Manager","Manager,Engineering & Technical",https://go.zoominfo.com/#/apps/search/person/results?personProfileId=1751291198,cd98d98fe47ec835ed3b93a7f781c4cc,dewberry.com
1692292489,Chowdhury,Manish,,,,"Manager, Information Technology",719,Information Technology,Manager,,+91 79 3932 0000,manish.chowdhury@einfochips.com,,Ahmedabad,Gujarat,,India,62,8/24/2019,22989066,eInfochips Inc,eInfochips,www.einfochips.com,(408) 496-1882,"2025 Gateway Pl., Ste. #270",San Jose,California,95110,United States,Software Development & Design,Industry.software.mfg,Software,Industry.software,3828969,Sales.1Gto5G,20100,Employees.10000plus,73,737,541511,541,"TitleCode.IT,TitleCodeTop.Business,TitleCodeMiddle.Manager,TitleCodeMiddle.Technical,TitleCode.Manager","Manager,Engineering & Technical",https://go.zoominfo.com/#/apps/search/person/results?personProfileId=1692292489,2d365313d5e0daac0549e53e62309b35,einfochips.com
-2089937378,Patton,Brandon,,,,"Manager, Information Technology",719,Information Technology,Manager,,(765) 250-4085,brandon.patton@eii-online.com,3601 Sagamore Pkwy. North Ste. Eii,Lafayette,Indiana,47904,United States,61,11/12/2019,17565063,Engineering LLC,ESS,www.ess.net,(972) 675-0560,6534 Callejo at Campbell Rd.,Richardson,Texas,75083,United States,Commercial & Residential Construction,Industry.construction.construction,Construction,Industry.construction,63008,Sales.50Mto100M,276,Employees.250to499,,,,,"TitleCode.IT,TitleCodeTop.Business,TitleCodeMiddle.Manager,TitleCodeMiddle.Technical,TitleCode.Manager","Manager,Engineering & Technical",https://go.zoominfo.com/#/apps/search/person/results?personProfileId=-2089937378,b84c6e7bf02705aa12624945917aa377,eii-online.com
1359455371,DeHart,Tony,,,,"Manager, Information Technology",719,Information Technology,Manager,,(607) 304-9922,tdehart@eriematerials.com,33 Phelps St.,Binghamton,New York,13901,United States,29,11/13/2019,23513483,Erie Materials Inc,Erie Materials,www.eriematerials.com,(518) 454-0080,99 Railroad Ave.,Albany,New York,12205,United States,Commercial & Residential Construction,Industry.construction.construction,Construction,Industry.construction,32000,Sales.25Mto50M,160,Employees.100to249,17,176,23816,2381,"TitleCode.IT,TitleCodeTop.Business,TitleCodeMiddle.Manager,TitleCodeMiddle.Technical,TitleCode.Manager","Manager,Engineering & Technical",https://go.zoominfo.com/#/apps/search/person/results?personProfileId=1359455371,efc89a823cd777d83c129617273ec69f,eriematerials.com
2653904304,Valenti,Theodore,,,,"Manager, Information Technology",719,Information Technology,Manager,,(262) 369-3555,tvalenti@esigroupusa.com,950 Walnut Ridge Dr.,Hartland,Wisconsin,53029,United States,8,11/13/2019,17565054,ESI Group USA,ESI Group,www.esigroupusa.com,(262) 369-3535,950 Walnut Ridge Dr.,Hartland,Wisconsin,53029,United States,Commercial & Residential Construction,Industry.construction.construction,Construction,Industry.construction,47028,Sales.25Mto50M,206,Employees.100to249,,,,,"TitleCode.IT,TitleCodeTop.Business,TitleCodeMiddle.Manager,TitleCodeMiddle.Technical,TitleCode.Manager","Manager,Engineering & Technical",https://go.zoominfo.com/#/apps/search/person/results?personProfileId=2653904304,96a19b3c55e3321822543b09c8965d81,esigroupusa.com
1669933937,Kuphal,Kevin,,,,"Manager, Information Technology",719,Information Technology,Manager,,(773) 444-3474 ext. 2202,kkuphal@fhpaschen.com,5515 N. East River Rd.,Chicago,Illinois,60656,United States,43,10/30/2019,39488180,F.H. Paschen Inc,F.H. Paschen,www.fhpaschen.com,(217) 993-7003,2716-B Clark Rd.,Champaign,Illinois,61822,United States,Construction General,Industry.construction.general,Construction,Industry.construction,44400,Sales.25Mto50M,222,Employees.100to249,16,161,2379,237310,"TitleCode.IT,TitleCodeTop.Business,TitleCodeMiddle.Manager,TitleCodeMiddle.Technical,TitleCode.Manager","Manager,Engineering & Technical",https://go.zoominfo.com/#/apps/search/person/results?personProfileId=1669933937,bf096212b49236fd5f9aa8061f0cb71c,fhpaschen.com
2079036297,Correa,Jose,L.,,,"Director, Information Technology",759,Information Technology,Director,,(908) 333-4181,jcorrea@ferreiraconstruction.com,31 Tannery Rd.,Somerville,New Jersey,8876,United States,33,8/1/2019,44453264,Ferreira Construction Co. Inc,Ferreira Construction,www.ferreiraconstruction.com,(908) 534-1302,One Commerce St.,Branchburg Park,New Jersey,8876,United States,Construction,Industry.construction,Commercial & Residential Construction,Industry.construction.construction,272550,Sales.250Mto500M,1050,Employees.1000to4999,16,161,237310,238990,"TitleCode.IT,TitleCodeTop.Business,TitleCodeMiddle.Technical,TitleCode.Director,TitleCodeMiddle.Director","Engineering & Technical,Director",https://go.zoominfo.com/#/apps/search/person/results?personProfileId=2079036297,d3df97fa9bae9cca60f0f94490ce8f65,ferreiraconstruction.com
1771122476,Arzola,Guillermo,,Mr.,,"Manager, Special Systems & Information Technology",719,Information Technology,Manager,,(915) 859-2424,guillermo@garcominc.com,1008 DIESEL Dr.,El Paso,Texas,79927,United States,29,11/15/2019,30329030,GarCom Inc,GarCom,www.garcominc.com,(915) 859-2424,1008 DIESEL Dr.,El Paso,Texas,79927,United States,Commercial & Residential Construction,Industry.construction.construction,"Electricity, Oil & Gas",Industry.energy.energy,7761,Sales.5Mto10M,34,Employees.20to49,17,173,221,517919,"TitleCode.IT,TitleCodeTop.Business,TitleCodeMiddle.Manager,TitleCodeMiddle.Technical,TitleCode.Manager","Manager,Engineering & Technical",https://go.zoominfo.com/#/apps/search/person/results?personProfileId=1771122476,264f558466b984b81c27ea9a67d0c2a7,garcominc.com
-2050533272,Miller,Joshua,,,,"Manager, Information Technology",719,Information Technology,Manager,,,jmiller@garmannmiller.com,38 S Lincoln Dr.,Minster,Ohio,45865,United States,10,11/15/2019,46123971,Garmann/Miller & Associates Inc.,Garmann/Miller,www.garmannmiller.com,(419) 628-4240,38 S Lincoln Dr.,Minster,Ohio,45865,United States,"Architecture, Engineering & Design",Industry.construction.architecture,Construction,Industry.construction,9524,Sales.5Mto10M,50,Employees.50to99,87,871,541,5413,"TitleCode.IT,TitleCodeTop.Business,TitleCodeMiddle.Manager,TitleCodeMiddle.Technical,TitleCode.Manager","Manager,Engineering & Technical",https://go.zoominfo.com/#/apps/search/person/results?personProfileId=-2050533272,f896c7c84377824f070d2a8f1157d01f,garmannmiller.com
-1539339818,Strauss,Ben,S.,,,"Manager, Information Technology",719,Information Technology,Manager,,,bss@gsld.net,2900 SOUTH STATE St.,Ann Arbor,Michigan,48104,United States,16,4/12/2019,352243892,Gary Steffy Lighting Design Inc,GSLD,www.gsld.net,(734) 747-6630,2900 SOUTH STATE St.,Ann Arbor,Michigan,48104,United States,"Architecture, Engineering & Design",Industry.construction.architecture,Construction,Industry.construction,190,Sales.under500K,1,Employees.1to4,8712,871,541,5413,"TitleCode.IT,TitleCodeTop.Business,TitleCodeMiddle.Manager,TitleCodeMiddle.Technical,TitleCode.Manager","Manager,Engineering & Technical",https://go.zoominfo.com/#/apps/search/person/results?personProfileId=-1539339818,972afdbd62c84b51c66d56a72380830d,gsld.net
-1648514129,Levesque,Daniel,,,,"Director, Information Technology",759,Information Technology,Director,,(207) 883-6307 ext. 215,dlevesque@gawronturgeon.com,29 Black Point Rd.,Scarborough,Maine,4074,United States,11,6/15/2019,111576535,Gawron Turgeon Architects P.C,Gawron Turgeon,www.gawronturgeon.com,(207) 883-6307,29 Black Point Rd.,Scarborough,Maine,4074,United States,"Architecture, Engineering & Design",Industry.construction.architecture,Construction,Industry.construction,7238,Sales.5Mto10M,38,Employees.20to49,8712,871,541,5413,"TitleCode.IT,TitleCodeTop.Business,TitleCodeMiddle.Technical,TitleCode.Director,TitleCodeMiddle.Director","Engineering & Technical,Director",https://go.zoominfo.com/#/apps/search/person/results?personProfileId=-1648514129,016ca2a561e62d474b60dc6388260362,gawronturgeon.com
1662695942,Laughren,Aaron,,,,"Group Manager, Information Technology",719,Information Technology,Manager,,(760) 391-6303,aaron.laughren@gcinc.com,365 Victor St. Unit B,Salinas,California,93907,United States,28,11/4/2019,45878139,Granite Construction Inc,Granite Construction,www.graniteconstruction.com,(831) 724-1011,585 W Beach St.,Watsonville,California,95076,United States,Construction General,Industry.construction.general,Construction,Industry.construction,3318414,Sales.1Gto5G,2700,Employees.1000to4999,16,162,2379,237310,"TitleCode.IT,TitleCodeTop.Business,TitleCodeMiddle.Manager,TitleCodeMiddle.Technical,TitleCode.Manager","Manager,Engineering & Technical",https://go.zoominfo.com/#/apps/search/person/results?personProfileId=1662695942,dc1cc61f8696e4c09c811721ebcaf562,gcinc.com
-928502946,Almquist,Jon,,,,"Manager, Information Technology",719,Information Technology,Manager,,(801) 543-2100 ext. 126,jona@mygbi.com,1284 W Flint Meadow,Kaysville,Utah,84037,United States,8,11/4/2019,355727094,Great Basin Industrial LLC,Great Basin,www.greatbasinindustrial.com,(801) 543-2100,1284 W Flint Meadow,Kaysville,Utah,84037,United States,Commercial & Residential Construction,Industry.construction.construction,Construction,Industry.construction,31504,Sales.25Mto50M,138,Employees.100to249,,,23812,2381,"TitleCode.IT,TitleCodeTop.Business,TitleCodeMiddle.Manager,TitleCodeMiddle.Technical,TitleCode.Manager","Manager,Engineering & Technical",https://go.zoominfo.com/#/apps/search/person/results?personProfileId=-928502946,4bc16557c3ee2138e0e86c7ff5c03e2d,mygbi.com
1101506276,Cotter,Joseph,,,,"Director, Information Technology",759,Information Technology,Director,,(615) 770-8398,joe.cotter@greshamsmith.com,222 Second Ave. South Ste. 1400,Nashville,Tennessee,37201,United States,87,11/11/2019,46467328,Gresham Smith and Partners,Gresham Smith,www.greshamsmith.com,(615) 770-8100,222 Second Ave. South Ste. 1400,Nashville,Tennessee,37201,United States,"Architecture, Engineering & Design",Industry.construction.architecture,Construction,Industry.construction,500000,Sales.500Mto1G,1000,Employees.1000to4999,87,871,5416,5417,"TitleCode.IT,TitleCodeTop.Business,TitleCodeMiddle.Technical,TitleCode.Director,TitleCodeMiddle.Director","Engineering & Technical,Director",https://go.zoominfo.com/#/apps/search/person/results?personProfileId=1101506276,3c37652ea8703ff6b8afdedbc936adf5,greshamsmith.com
1431919720,West,Jonathan,H.,Mr.,,"Director, Information Technology",759,Information Technology,Director,,(214) 346-6305,jwest@halff.com,1201 North Bowser Rd.,Richardson,Texas,75081,United States,50,10/15/2019,17055763,Halff Associates Inc,Halff,www.halff.com,(214) 346-6200,1201 North Bowser Rd.,Richardson,Texas,75081,United States,"Architecture, Engineering & Design",Industry.construction.architecture,Construction,Industry.construction,,,1000,Employees.1000to4999,87,871,541,5413,"TitleCode.IT,TitleCodeTop.Business,TitleCodeMiddle.Technical,TitleCode.Director,TitleCodeMiddle.Director","Engineering & Technical,Director",https://go.zoominfo.com/#/apps/search/person/results?personProfileId=1431919720,d8e9a79e86064bbec2330b10ee04d8f1,halff.com
2081015662,Gardner,Joseph,D.,,,"Manager, Information Technology",719,Information Technology,Manager,,(865) 244-4625,jgardner@harrisoncc.com,4817 Rutledge Pike,Knoxville,Tennessee,37914,United States,17,11/12/2019,346944558,Harrison Construction Company,Harrison Construction Company,www.harrisoncc.com,(865) 934-6500,1527 W. First North St.,Morristown,Tennessee,37816,United States,Commercial & Residential Construction,Industry.construction.construction,Construction,Industry.construction,80587,Sales.50Mto100M,353,Employees.250to499,,,,,"TitleCode.IT,TitleCodeTop.Business,TitleCodeMiddle.Manager,TitleCodeMiddle.Technical,TitleCode.Manager","Manager,Engineering & Technical",https://go.zoominfo.com/#/apps/search/person/results?personProfileId=2081015662,232060384d154a35e833dc29cad26cf8,harrisoncc.com
-1327355238,McDonald,Rick,,,,"Manager, Information Technology",719,Information Technology,Manager,,(858) 587-3600 ext. 160,rmcdonald@hazardconstruction.com,6465 MARINDUSTRY Dr.,San Diego,California,92121,United States,19,11/11/2019,54151365,Hazard Construction Company,Hazard Construction,www.hazardconstruction.com,(858) 587-3600,6465 MARINDUSTRY Dr.,San Diego,California,92121,United States,Construction General,Industry.construction.general,Construction,Industry.construction,8446,Sales.5Mto10M,37,Employees.20to49,,,,,"TitleCode.IT,TitleCodeTop.Business,TitleCodeMiddle.Manager,TitleCodeMiddle.Technical,TitleCode.Manager","Manager,Engineering & Technical",https://go.zoominfo.com/#/apps/search/person/results?personProfileId=-1327355238,8bc48e343f815350ec077e4cac280429,hazardconstruction.com
1852033092,Richman,Ira,,,,"Manager, Information Technology",719,Information Technology,Manager,,(612) 758-4544,irichman@hga.com,420 5th St. N Ste. 100,Minneapolis,Minnesota,55401,United States,23,11/6/2019,41915970,HGA incorporated,HGA,www.hga.com,(612) 758-4000,420 5th St. N Ste. 100,Minneapolis,Minnesota,55401,United States,"Architecture, Engineering & Design",Industry.construction.architecture,Construction,Industry.construction,,,850,Employees.500to999,87,871,541,5413,"TitleCode.IT,TitleCodeTop.Business,TitleCodeMiddle.Manager,TitleCodeMiddle.Technical,TitleCode.Manager","Manager,Engineering & Technical",https://go.zoominfo.com/#/apps/search/person/results?personProfileId=1852033092,a87ac7f02f94b612bf6893b84e21d8c1,hga.com
-2097360242,Checkwood,Sonja,,,,"Manager, Information Technology",719,Information Technology,Manager,,(770) 988-3231,scheckwood@holder.com,3333 Riverwood Pkwy. Ste. 400,Atlanta,Georgia,30339,United States,41,11/13/2019,55938229,Holder Construction Company,Holder Construction,www.holderconstruction.com,(770) 988-3000,3333 Riverwood Pkwy. Ste. 400,Atlanta,Georgia,30339,United States,Commercial & Residential Construction,Industry.construction.construction,Construction,Industry.construction,3300000,Sales.1Gto5G,850,Employees.500to999,15,154,23,2362,"TitleCode.IT,TitleCodeTop.Business,TitleCodeMiddle.Manager,TitleCodeMiddle.Technical,TitleCode.Manager","Manager,Engineering & Technical",https://go.zoominfo.com/#/apps/search/person/results?personProfileId=-2097360242,8aab9c008fa09dea3dbbfdb97f371892,holder.com
-1677223333,Johnson,Ryan,W.,,,"Manager, Information Technology",719,Information Technology,Manager,,(605) 221-2653,rjohnson@hrgreen.com,420 N. Front St. Ste. 100,McHenry,Illinois,60050,United States,37,11/15/2019,45960804,HR Green Inc,HR Green,www.hrgreen.com,(815) 385-1778,420 N. Front St. Ste. 100,McHenry,Illinois,60050,United States,Construction,Industry.construction,"Architecture, Engineering & Design",Industry.construction.architecture,,,400,Employees.250to499,87,871,541,5413,"TitleCode.IT,TitleCodeTop.Business,TitleCodeMiddle.Manager,TitleCodeMiddle.Technical,TitleCode.Manager","Manager,Engineering & Technical",https://go.zoominfo.com/#/apps/search/person/results?personProfileId=-1677223333,fe81e19e90c6ef10af4d154696287c4c,hrgreen.com
-1619476278,Abeyrathne,Terance,,,,"Manager, Information Technology",719,Information Technology,Manager,,+61 3 8366 1900,tabeyrathne@hufcor.com,7-9 Distribution Dr.,Truganina,Victoria,3029,Australia,18,11/8/2019,18367393,Hufcor Inc,Hufcor,www.hufcor.com,(608) 756-1241,2101 Kennedy Rd.,Janesville,Wisconsin,53545,United States,Construction General,Industry.construction.general,Construction,Industry.construction,362770,Sales.250Mto500M,700,Employees.500to999,17,179,337215,33712,"TitleCode.IT,TitleCodeTop.Business,TitleCodeMiddle.Manager,TitleCodeMiddle.Technical,TitleCode.Manager","Manager,Engineering & Technical",https://go.zoominfo.com/#/apps/search/person/results?personProfileId=-1619476278,c02b5d791d160a1fb39bf1963352f04b,hufcor.com
1938954092,Futch,Sean,,,,Director of Drafting and Design and Information Technology Specialist,759,Information Technology,Director,,,sean@hulberthomes.com,,,,,,15,10/24/2019,27493942,Hulbert Homes Inc,Hulbert Homes,www.hulberthomes.com,(863) 647-5815,464 W Pipkin Rd.,Lakeland,Florida,33813,United States,Commercial & Residential Construction,Industry.construction.construction,Construction,Industry.construction,5600,Sales.5Mto10M,28,Employees.20to49,,,,,"TitleCode.IT,TitleCodeTop.Business,TitleCode.Technical,TitleCodeMiddle.Technical,TitleCode.Director,TitleCodeMiddle.Director","Engineering & Technical,Director",https://go.zoominfo.com/#/apps/search/person/results?personProfileId=1938954092,b25c8c84ce79cd995c059b1e4183f801,hulberthomes.com
1976662566,Eby,Eric,,,,"Director, Information Technology",759,Information Technology,Director,,(507) 387-6651 ext. 1002,eric.eby@is-grp.com,115 E. Hickory St. Ste. 300,Mankato,Minnesota,56001,United States,47,8/30/2019,55937877,I&S Group Inc,I&S Group,www.is-grp.com,(952) 426-0699,7900 International Dr. + Ste. 550,Minneapolis,Minnesota,55425,United States,"Architecture, Engineering & Design",Industry.construction.architecture,Construction,Industry.construction,52300,Sales.50Mto100M,300,Employees.250to499,87,871,541,5413,"TitleCode.IT,TitleCodeTop.Business,TitleCodeMiddle.Technical,TitleCode.Director,TitleCodeMiddle.Director","Engineering & Technical,Director",https://go.zoominfo.com/#/apps/search/person/results?personProfileId=1976662566,64bddaeb312bbaa02671eaf47e872e94,is-grp.com
1494284064,Braafhart,Scott,,,,"Director, Information Technology",759,Information Technology,Director,,(708) 237-5646,sbraafhart@illinoisbrick.com,8995 W 95Th St.,Palos Hills,Illinois,60465,United States,47,8/15/2019,28148524,Illinois Brick Company,Illinois Brick,www.illinoisbrick.com,(708) 237-5600,8995 W 95Th St.,Palos Hills,Illinois,60465,United States,Commercial & Residential Construction,Industry.construction.construction,Construction,Industry.construction,115847,Sales.100MMto250M,75,Employees.50to99,15,152,48,488510,"TitleCode.IT,TitleCodeTop.Business,TitleCodeMiddle.Technical,TitleCode.Director,TitleCodeMiddle.Director","Engineering & Technical,Director",https://go.zoominfo.com/#/apps/search/person/results?personProfileId=1494284064,df6c271b987f7ee1c015a14aafa9b1ca,illinoisbrick.com
1252329891,Cotharn,Kris,A.,,,"Manager, Information Technology",719,Information Technology,Manager,,(608) 221-6716,cotharnka@kjww.com,"1800 Deming Way, Ste. 200",Middleton,Wisconsin,53562,United States,82,11/15/2019,346635197,IMEG Corp.,IMEG,www.imegcorp.com,(312) 294-0501,231 South LaSalle Ste. 600,Chicago,Illinois,60604,United States,Commercial & Residential Construction,Industry.construction.construction,Construction,Industry.construction,209545,Sales.100MMto250M,1100,Employees.1000to4999,87,871,5511,541,"TitleCode.IT,TitleCodeTop.Business,TitleCodeMiddle.Manager,TitleCodeMiddle.Technical,TitleCode.Manager","Manager,Engineering & Technical",https://go.zoominfo.com/#/apps/search/person/results?personProfileId=1252329891,3a2d0c3039b457289e0a0e4e2ffd7739,kjww.com
378144947,Bell,Dan,B.,,,"Manager, Information Technology",719,Information Technology,Manager,,(801) 747-7067,danb@ivoryhomes.com,978 E. Woodoak Ln.,Salt Lake City,Utah,84117,United States,25,11/15/2019,20382113,Ivory Homes Ltd,Ivory Homes,www.ivoryhomes.com,(801) 747-7000,978 E. Woodoak Ln.,Salt Lake City,Utah,84117,United States,Commercial & Residential Construction,Industry.construction.construction,Construction,Industry.construction,54790,Sales.50Mto100M,240,Employees.100to249,15,152,23611,236115,"TitleCode.IT,TitleCodeTop.Business,TitleCodeMiddle.Manager,TitleCodeMiddle.Technical,TitleCode.Manager","Manager,Engineering & Technical",https://go.zoominfo.com/#/apps/search/person/results?personProfileId=378144947,ff4bd879b9a0e39819c414a8313066a4,ivoryhomes.com
1822292699,Crisafulli,Peter,,,II,"Manager, Information Technology",719,Information Technology,Manager,,(817) 461-2100,pcrisafulli@kinleyconstruction.com,3295 Maple Ave.,Allegany,New York,14706,United States,16,11/15/2019,159941414,Kinley Corporation,Kinley Corporation,kinleycorp.com,(716) 372-4534,3295 Maple Ave.,Allegany,New York,14706,United States,Commercial & Residential Construction,Industry.construction.construction,Construction,Industry.construction,33330,Sales.25Mto50M,146,Employees.100to249,,,238290,23,"TitleCode.IT,TitleCodeTop.Business,TitleCodeMiddle.Manager,TitleCodeMiddle.Technical,TitleCode.Manager","Manager,Engineering & Technical",https://go.zoominfo.com/#/apps/search/person/results?personProfileId=1822292699,2848cd00424dd3306ddbc61426b2aa2c,kinleyconstruction.com
1960682369,Lynch,Justin,,,,"Project Manager, Information Technology",719,Information Technology,Manager,,(281) 210-2548,jlynch@lgihomes.com,"1450 Lake Robbins Dr., Ste. 430",The Woodlands,Texas,77380,United States,22,11/16/2019,73439403,LGI Homes Inc,LGI Homes,www.lgihomes.com,(281) 362-8998,"1450 Lake Robbins Dr., Ste. 430",The Woodlands,Texas,77380,United States,Commercial & Residential Construction,Industry.construction.construction,Construction,Industry.construction,1257960,Sales.1Gto5G,1000,Employees.1000to4999,15,152,23611,236115,"TitleCode.ProjectManagement,TitleCodeMiddle.Manager,TitleCodeTop.Business,TitleCode.IT,TitleCodeMiddle.Operations,TitleCodeMiddle.Technical,TitleCode.Manager","Operations,Manager",https://go.zoominfo.com/#/apps/search/person/results?personProfileId=1960682369,76866e2f7b74fe23ffa4df5fcb3c9ca5,lgihomes.com
-2037704935,Knox,Donald,E.,,,"Manager, Information Technology",719,Information Technology,Manager,,(813) 754-0355,don.knox@linderco.com,1601 S Frontage Rd.,Plant City,Florida,33563,United States,26,11/15/2019,44206214,Linder Industrial Machinery Company,Linder,www.linder.com,(813) 754-2727,1601 S Frontage Rd.,Plant City,Florida,33563,United States,Construction General,Industry.construction.general,Construction,Industry.construction,,,460,Employees.250to499,,,,,"TitleCode.IT,TitleCodeTop.Business,TitleCodeMiddle.Manager,TitleCodeMiddle.Technical,TitleCode.Manager","Manager,Engineering & Technical",https://go.zoominfo.com/#/apps/search/person/results?personProfileId=-2037704935,c9bb1fea86709c34ab7ce9f162aa0a40,linderco.com
-1338975785,Geer,Jessica,,,,"Manager, Information Technology",719,Information Technology,Manager,,(626) 454-5222,jgeer@laeng.net,633 N. Barranca Ave.,Covina,California,91723,United States,7,11/4/2019,66962751,Los Angeles Engineering Inc,Los Angeles Engineering,www.laeng.net,(626) 454-5222,633 N. Barranca Ave.,Covina,California,91723,United States,Commercial & Residential Construction,Industry.construction.construction,Construction,Industry.construction,10729,Sales.10Mto25M,47,Employees.20to49,,,,,"TitleCode.IT,TitleCodeTop.Business,TitleCodeMiddle.Manager,TitleCodeMiddle.Technical,TitleCode.Manager","Manager,Engineering & Technical",https://go.zoominfo.com/#/apps/search/person/results?personProfileId=-1338975785,05f63cf0e36812613899a6efd6e0d6e8,laeng.net
-1520259573,Morgan,Dakotah,,,,"Manager, Information Technology",719,Information Technology,Manager,,(205) 323-8500 ext. 9450,dmorgan@marathonelectrical.com,614 38th St. S,Birmingham,Alabama,35222-2414,United States,16,11/12/2019,74321382,Marathon Electrical Contractors Inc,Marathon Electrical,www.marathonelectrical.com,(205) 323-8500,2830 Commerce Blvd.,Irondale,Alabama,35210,United States,Commercial & Residential Construction,Industry.construction.construction,"Electricity, Oil & Gas",Industry.energy.energy,254610,Sales.250Mto500M,500,Employees.500to999,17,173,221,23821,"TitleCode.IT,TitleCodeTop.Business,TitleCodeMiddle.Manager,TitleCodeMiddle.Technical,TitleCode.Manager","Manager,Engineering & Technical",https://go.zoominfo.com/#/apps/search/person/results?personProfileId=-1520259573,cc88c8c29c91239b7829f10f8ffc3994,marathonelectrical.com
1257210401,Ebert,Paula,K.,,,"Manager, Information Technology",719,Information Technology,Manager,,(402) 350-4594,pke@mclconstruction.com,14124 Industrial Rd.,Omaha,Nebraska,68144,United States,88,11/14/2019,57853142,MCL Construction,MCL Construction,www.mclconstruction.com,(402) 339-2221,14124 Industrial Rd.,Omaha,Nebraska,68144,United States,Commercial & Residential Construction,Industry.construction.construction,Construction,Industry.construction,77750,Sales.50Mto100M,120,Employees.100to249,15,154,23,2362,"TitleCode.IT,TitleCodeTop.Business,TitleCodeMiddle.Manager,TitleCodeMiddle.Technical,TitleCode.Manager","Manager,Engineering & Technical",https://go.zoominfo.com/#/apps/search/person/results?personProfileId=1257210401,aeff3a1d75f0fa46bca1ad799a042cbc,mclconstruction.com
-2108233507,Medina,Linda,,,,"Director, Information Technology",759,Information Technology,Director,,,linda.medina@mechoshade.com,4203 35th St.,Long Island City,New York,11101,United States,12,11/15/2019,173474471,MechoShade Systems Inc,MechoShade,www.mechoshade.com,(718) 729-2020,4203 35th St.,Long Island City,New York,11101,United States,Household Goods,Industry.mfg.consumer.household,Consumer Goods,Industry.mfg.consumer,107445,Sales.100MMto250M,500,Employees.500to999,25,259,541,337920,"TitleCode.IT,TitleCodeTop.Business,TitleCodeMiddle.Technical,TitleCode.Director,TitleCodeMiddle.Director","Engineering & Technical,Director",https://go.zoominfo.com/#/apps/search/person/results?personProfileId=-2108233507,b164fe733c94f79b3c44be22c0590431,mechoshade.com
1857300534,Petit,Jeff,,,,"Manager, Information Technology",719,Information Technology,Manager,,(636) 688-8798,jeff.petit@millstoneweber.com,601 Fountain Lakes Blvd.,Saint Charles,Missouri,63301,United States,21,11/12/2019,74008007,Millstone Weber LLC,Millstone Weber,www.millstoneweber.com,(636) 949-0038,601 Fountain Lakes Blvd.,Saint Charles,Missouri,63301,United States,Commercial & Residential Construction,Industry.construction.construction,Construction,Industry.construction,20318,Sales.10Mto25M,89,Employees.50to99,16,161,237310,23,"TitleCode.IT,TitleCodeTop.Business,TitleCodeMiddle.Manager,TitleCodeMiddle.Technical,TitleCode.Manager","Manager,Engineering & Technical",https://go.zoominfo.com/#/apps/search/person/results?personProfileId=1857300534,7985d1da707a03a19ebd577c42ab34d6,millstoneweber.com
1523525567,Cyr,Phil,,,,"Manager, Information Technology",719,Information Technology,Manager,,(224) 238-4872,pcyr@mkdelectric.com,"2590 Alft Ln., Unit A",Elgin,Illinois,60124,United States,74,11/5/2019,33506759,MKD Electric Company,MKD Electric,www.mkdelectric.com,(847) 608-8244,"2590 Alft Ln., Unit A",Elgin,Illinois,60124,United States,Commercial & Residential Construction,Industry.construction.construction,"Electricity, Oil & Gas",Industry.energy.energy,68200,Sales.50Mto100M,267,Employees.250to499,17,173,221,23821,"TitleCode.IT,TitleCodeTop.Business,TitleCodeMiddle.Manager,TitleCodeMiddle.Technical,TitleCode.Manager","Manager,Engineering & Technical",https://go.zoominfo.com/#/apps/search/person/results?personProfileId=1523525567,7ae4f0b5191e45b4f92d6a761e799d67,mkdelectric.com
-2097002283,Dixon,Lance,C.,,,"Manager, Information Technology",719,Information Technology,Manager,,(912) 644-6974,lance@nsconstructs.com,25 Chatham Center S Ste. 100,Savannah,Georgia,31405,United States,25,11/7/2019,84984467,NorSouth Constructs,NorSouth,www.nsconstructs.com,(912) 658-7616,10 Chatham Center S Dr. Ste. 300,Savannah,Georgia,31405,United States,Commercial & Residential Construction,Industry.construction.construction,Construction,Industry.construction,92200,Sales.50Mto100M,77,Employees.50to99,15,152,23611,236115,"TitleCode.IT,TitleCodeTop.Business,TitleCodeMiddle.Manager,TitleCodeMiddle.Technical,TitleCode.Manager","Manager,Engineering & Technical",https://go.zoominfo.com/#/apps/search/person/results?personProfileId=-2097002283,12711529c98d966a073501248ad4f8ad,nsconstructs.com
1930688989,Hartman,Mark,,,,"Manager, Information Technology",719,Information Technology,Manager,,,markh@ombengrs.com,8825 Research Dr.,Irvine,California,92618,United States,20,6/4/2019,87689434,"OMB Electrical Engineers , Inc.",OMB,www.ombengrs.com,(949) 753-1553,8825 Research Dr.,Irvine,California,92618,United States,"Architecture, Engineering & Design",Industry.construction.architecture,Construction,Industry.construction,3770,Sales.1Mto5M,30,Employees.20to49,87,871,541,5413,"TitleCode.IT,TitleCodeTop.Business,TitleCodeMiddle.Manager,TitleCodeMiddle.Technical,TitleCode.Manager","Manager,Engineering & Technical",https://go.zoominfo.com/#/apps/search/person/results?personProfileId=1930688989,85c0d898238ff734ad7498c42ccba0af,ombengrs.com
1965078768,Patel,Simoni,,,,"Manager, Information Technology & Engg",719,Information Technology,Manager,,(978) 452-3782 ext. 148,simpatel@psconstruction.net,11 SCHOOL St.,North Chelmsford,Massachusetts,1863,United States,17,11/12/2019,347243860,"P & S CONSTRUCTION, INC.",P&S Construction,www.psconstruction.net,(978) 452-3782,11 SCHOOL St.,North Chelmsford,Massachusetts,1863,United States,Construction General,Industry.construction.general,Construction,Industry.construction,17500,Sales.10Mto25M,,,,,237310,23,"TitleCode.IT,TitleCodeTop.Business,TitleCodeMiddle.Manager,TitleCodeMiddle.Technical,TitleCode.Manager","Manager,Engineering & Technical",https://go.zoominfo.com/#/apps/search/person/results?personProfileId=1965078768,29a0f9462f296e55424e1ebafcdd0d44,psconstruction.net
1226761873,Dotson,Pam,,,,"Director, IT Services",759,Information Technology,Director,,(636) 561-9554,pjdotson@paric.com,77 Westport Plz. Ste. 250,St. Louis,Missouri,63146,United States,33,2/21/2019,87262289,PARIC Corporation,PARIC,www.paric.com,(636) 561-9500,77 Westport Plz. Ste. 250,St. Louis,Missouri,63146,United States,Commercial & Residential Construction,Industry.construction.construction,Construction,Industry.construction,110000,Sales.100MMto250M,300,Employees.250to499,15,154,541,5413,"TitleCode.IT,TitleCodeTop.Business,TitleCodeMiddle.Technical,TitleCode.Director,TitleCodeMiddle.Director","Engineering & Technical,Director",https://go.zoominfo.com/#/apps/search/person/results?personProfileId=1226761873,1e024c7ed0996dce4a6ba03a2c857e8f,paric.com
1738714119,Gallivan,Dan,,,,"Director, Information Technology",759,Information Technology,Director,,(617) 895-1324,dgallivan@payette.com,290 Congress St. Fifth Fl.,Boston,Massachusetts,2210,United States,35,11/12/2019,29803127,Payette,Payette,www.payette.com,(617) 895-1000,290 Congress St. Fifth Fl.,Boston,Massachusetts,2210,United States,"Architecture, Engineering & Design",Industry.construction.architecture,Construction,Industry.construction,44195,Sales.25Mto50M,232,Employees.100to249,87,871,561499,56149,"TitleCode.IT,TitleCodeTop.Business,TitleCodeMiddle.Technical,TitleCode.Director,TitleCodeMiddle.Director","Engineering & Technical,Director",https://go.zoominfo.com/#/apps/search/person/results?personProfileId=1738714119,44dea955635a2419b13703c7b8b584fd,payette.com
583485996,Ho,Alan,,,,"Co-Director, Information Technology",759,Information Technology,Director,,(212) 353-7388,a.ho@perkinseastman.com,115 Fifth Ave.,New York City,New York,10003,United States,36,8/1/2019,82936364,Perkins Eastman company,Perkins Eastman,www.perkinseastman.com,(212) 353-7200,115 Fifth Ave.,New York City,New York,10003,United States,"Architecture, Engineering & Design",Industry.construction.architecture,Construction,Industry.construction,,,1000,Employees.1000to4999,73,87,541420,541,"TitleCode.IT,TitleCodeTop.Business,TitleCodeMiddle.Technical,TitleCode.Director,TitleCodeMiddle.Director","Engineering & Technical,Director",https://go.zoominfo.com/#/apps/search/person/results?personProfileId=583485996,70599d6191e6c9425ec2070f39c2c8e3,perkinseastman.com
2150903017,Alvarez,Raul,,,,"Manager, Information Technology",719,Information Technology,Manager,,(212) 849-4798,ralvarez@plazaconstruction.com,5 Bryant Park 7th Fl.,New York City,New York,10018,United States,15,11/7/2019,95502914,Plaza Construction Corporation,Plaza Construction,www.plazaconstruction.com,(212) 849-4800,1065 Ave. of the Americas 7th Fl.,New York City,New York,10018,United States,Commercial & Residential Construction,Industry.construction.construction,Construction,Industry.construction,150000,Sales.100MMto250M,750,Employees.500to999,15,154,23,2362,"TitleCode.IT,TitleCodeTop.Business,TitleCodeMiddle.Manager,TitleCodeMiddle.Technical,TitleCode.Manager","Manager,Engineering & Technical",https://go.zoominfo.com/#/apps/search/person/results?personProfileId=2150903017,e98ab36cbed8dff7445c58630a955254,plazaconstruction.com
1104095425,Peter,Jeff,M.,,,"Director, Information Technology & Senior Associate",760,Information Technology,Director,,(414) 410-2962,jpeter@prarch.com,11000 West Park Pl.,Milwaukee,Wisconsin,53224,United States,43,3/21/2019,30720909,Plunkett Raysich Architects LLP,PRA Architects,www.prarch.com,(414) 359-3060,209 South Water St.,Milwaukee,Wisconsin,53204,United States,"Architecture, Engineering & Design",Industry.construction.architecture,Construction,Industry.construction,19242,Sales.10Mto25M,236,Employees.100to249,73,738,541,5414,"TitleCodeMiddle.Construction,TitleCodeTop.Services,TitleCodeMiddle.Director,TitleCodeTop.Business,TitleCode.Construction,TitleCode.IT,TitleCodeMiddle.Technical,TitleCode.Director","Engineering & Technical,Director",https://go.zoominfo.com/#/apps/search/person/results?personProfileId=1104095425,a5b673219e9b396d4a64edf53e2b3a48,prarch.com
1809221,DiSera,David,P.,Mr.,,"Manager, Information Technology",719,Information Technology,Manager,,(651) 262-3390,ddisera@ramtech-corp.com,6303 Osgood Ave. North,Stillwater,Minnesota,55082,United States,116,11/15/2019,346685301,RAMTeCH,RAMTeCH,www.ramtech-corp.com,(651) 342-1780,6303 Osgood Ave. North,Stillwater,Minnesota,55082,United States,Information & Document Management,Industry.bizservice.datamgmt,Business Services,Industry.bizservice,750000,Sales.500Mto1G,3000,Employees.1000to4999,73,737,5191,5182,"TitleCode.IT,TitleCodeTop.Business,TitleCodeMiddle.Manager,TitleCodeMiddle.Technical,TitleCode.Manager","Manager,Engineering & Technical",https://go.zoominfo.com/#/apps/search/person/results?personProfileId=1809221,ef35a7210ffc9e0357a52cdd5ae5bbae,ramtech-corp.com
2159718874,Dammann,Nick,,,,"Manager, Information Technology",719,Information Technology,Manager,,(657) 227-9660,nickd@rbabinc.com,17601 Sampson Ln.,Huntington Beach,California,92647,United States,4,11/6/2019,355020900,RBA Builders Inc,RBA Builders,rbabuildersinc.com,(714) 895-9000,17601 Sampson Ln.,Huntington Beach,California,92647,United States,Commercial & Residential Construction,Industry.construction.construction,Construction,Industry.construction,6848,Sales.5Mto10M,30,Employees.20to49,,,,,"TitleCode.IT,TitleCodeTop.Business,TitleCodeMiddle.Manager,TitleCodeMiddle.Technical,TitleCode.Manager","Manager,Engineering & Technical",https://go.zoominfo.com/#/apps/search/person/results?personProfileId=2159718874,e7263e3113b619f0760a0e34cd0913e8,rbabinc.com
1772479691,Browne,Colette,,,,"Manager, Information Technology",719,Information Technology,Manager,,(704) 596-0331 ext. 221,cbrowne@reiengineers.com,1927 JN Pease Pl. Ste. 201,Charlotte,North Carolina,28262,United States,22,11/8/2019,210797146,REI Engineers Inc,REI Engineers,www.reiengineers.com,(919) 845-1450,9121 Anson Way Ste. 100,Raleigh,North Carolina,27615,United States,Commercial & Residential Construction,Industry.construction.construction,Construction,Industry.construction,12327,Sales.10Mto25M,54,Employees.50to99,,,,,"TitleCode.IT,TitleCodeTop.Business,TitleCodeMiddle.Manager,TitleCodeMiddle.Technical,TitleCode.Manager","Manager,Engineering & Technical",https://go.zoominfo.com/#/apps/search/person/results?personProfileId=1772479691,43b0887876137ee7d00e237da8617ed1,reiengineers.com
-2111337160,Chen,Billy,,,,"Director, Information Technology",759,Information Technology,Director,,(770) 863-4022,billy.chen@rwc.com,2727 Paces Ferry Rd. Bldg. II Ste. 1800,Atlanta,Georgia,30339,United States,39,9/21/2019,81232387,Reliance Worldwide Corporation Ltd,RWC,www.rwc.com,+61 3 9099 8299,Level 54 Rialto 525 Collins St.,Melbourne,Victoria,3000,Australia,Construction General,Industry.construction.general,Home Improvement & Hardware Retail,Industry.retail.hardware,454242,Sales.250Mto500M,1100,Employees.1000to4999,50,503,44419,333996,"TitleCode.IT,TitleCodeTop.Business,TitleCodeMiddle.Technical,TitleCode.Director,TitleCodeMiddle.Director","Engineering & Technical,Director",https://go.zoominfo.com/#/apps/search/person/results?personProfileId=-2111337160,c0afe6e8eb0da2f26e400b07c64e4b63,rwc.com
1849852156,Mendel,Greer,Pasmanick,,,"Global Manager, Information Technology",719,Information Technology,Manager,,(770) 863-4026,greer.mendel@rwc.com,2300 Defoor Hills Rd. NW,Atlanta,Georgia,30318-2206,United States,47,11/11/2019,81232387,Reliance Worldwide Corporation Ltd,RWC,www.rwc.com,+61 3 9099 8299,Level 54 Rialto 525 Collins St.,Melbourne,Victoria,3000,Australia,Construction General,Industry.construction.general,Home Improvement & Hardware Retail,Industry.retail.hardware,454242,Sales.250Mto500M,1100,Employees.1000to4999,50,503,44419,333996,"TitleCode.IT,TitleCodeTop.Business,TitleCodeMiddle.Manager,TitleCodeMiddle.Technical,TitleCode.Manager","Manager,Engineering & Technical",https://go.zoominfo.com/#/apps/search/person/results?personProfileId=1849852156,edc764ef07e51e2ec1a278da6ef3d6c3,rwc.com
-2039429130,Spencer,Jerry,L.,,,"Manager, Information Technology",719,Information Technology,Manager,,(419) 727-4177,jlspencer@rmfnooter.com,915 Matzinger,Toledo,Ohio,43612,United States,17,11/11/2019,123601704,RMF Nooter Inc,RMF Nooter,www.rmfnooter.com,(419) 727-1970,915 Matzinger,Toledo,Ohio,43612,United States,Commercial & Residential Construction,Industry.construction.construction,Construction,Industry.construction,136747,Sales.100MMto250M,599,Employees.500to999,17,173,221,23821,"TitleCode.IT,TitleCodeTop.Business,TitleCodeMiddle.Manager,TitleCodeMiddle.Technical,TitleCode.Manager","Manager,Engineering & Technical",https://go.zoominfo.com/#/apps/search/person/results?personProfileId=-2039429130,c32ce82a9a4cddaef3e6ccdd3888da15,rmfnooter.com
-2046359161,Roberts,Angi,,,,"Manager, Information Technology",719,Information Technology,Manager,,(870) 942-3107,aroberts@roofconnect.com,44 Grant 65,Sheridan,Arkansas,72150,United States,29,11/15/2019,235946274,RoofConnect,RoofConnect,www.roofconnect.com,(877) 942-5613,44 Grant 65,Sheridan,Arkansas,72150,United States,Commercial & Residential Construction,Industry.construction.construction,Construction,Industry.construction,37211,Sales.25Mto50M,163,Employees.100to249,17,176,23816,2381,"TitleCode.IT,TitleCodeTop.Business,TitleCodeMiddle.Manager,TitleCodeMiddle.Technical,TitleCode.Manager","Manager,Engineering & Technical",https://go.zoominfo.com/#/apps/search/person/results?personProfileId=-2046359161,696e1c7cba1b60f71a61ec3ec4202f8f,roofconnect.com
-2083535956,Abigail,May,,,,"Senior Manager, Information Technology",723,Information Technology,Manager,,(330) 754-4911,amay@schumacherhomes.com,,,Ohio,,United States,22,11/14/2019,100385175,Schumacher Homes Inc,Schumacher Homes,www.schumacherhomes.com,(877) 267-3482,779 White Pond Dr.,Akron,Ohio,44320,United States,Commercial & Residential Construction,Industry.construction.construction,Construction,Industry.construction,209480,Sales.100MMto250M,288,Employees.250to499,15,152,23611,236115,"TitleCode.IT,TitleCodeTop.Business,TitleCodeMiddle.Manager,TitleCodeMiddle.Technical,TitleCode.Manager","Manager,Engineering & Technical",https://go.zoominfo.com/#/apps/search/person/results?personProfileId=-2083535956,35a39c055ec87d7d49b10a4a1f520df8,schumacherhomes.com
350627565,Edwards,Steven,,Mr.,,"Director, Information Technology",759,Information Technology,Director,,(312) 896-1147,steven.edwards@scb.com,625 N. Michigan Ave. Ste. 800,Chicago,Illinois,60611,United States,52,11/5/2019,34029969,Solomon Cordwell Buenz,SCB,www.scb.com,(312) 896-1100,625 N. Michigan Ave. Ste. 800,Chicago,Illinois,60611,United States,"Architecture, Engineering & Design",Industry.construction.architecture,Construction,Industry.construction,43623,Sales.25Mto50M,229,Employees.100to249,87,871,541,5413,"TitleCode.IT,TitleCodeTop.Business,TitleCodeMiddle.Technical,TitleCode.Director,TitleCodeMiddle.Director","Engineering & Technical,Director",https://go.zoominfo.com/#/apps/search/person/results?personProfileId=350627565,bac8b58cbf7ee270ecbc3de1b18f9f0b,scb.com
-1799040402,Helser,Cody,,,,"Manager, Information Technology",719,Information Technology,Manager,,(740) 435-3732,chelser@southeasternequip.com,10874 East Pike Rd.,Cambridge,Ohio,43725,United States,24,11/2/2019,98386225,Southeastern Equipment Co. Inc,Southeastern Equipment,www.southeasternequip.com,(740) 432-6303,10874 East Pike Rd.,Cambridge,Ohio,43725,United States,Construction General,Industry.construction.general,Construction,Industry.construction,11800,Sales.10Mto25M,38,Employees.20to49,50,503,444110,444,"TitleCode.IT,TitleCodeTop.Business,TitleCodeMiddle.Manager,TitleCodeMiddle.Technical,TitleCode.Manager","Manager,Engineering & Technical",https://go.zoominfo.com/#/apps/search/person/results?personProfileId=-1799040402,6f2514817493d6ae4d71c91befdcd483,southeasternequip.com
2472734932,Anand,Amit,,,,"Associate Director, Information Technology",755,Information Technology,Director,,+91 80 4049 4000,amit.anand@spacematrix.com,Tanglin Rd. 1,,,,Singapore,26,9/10/2019,346363273,Space Matrix,Space Matrix,www.spacematrix.com,(646) 330-9422,"1501 Broadway, 12th Fl.",New York City,New York,10036,United States,"Architecture, Engineering & Design",Industry.construction.architecture,Construction,Industry.construction,50671,Sales.50Mto100M,266,Employees.250to499,73,738,541,5414,"TitleCode.IT,TitleCodeTop.Business,TitleCodeMiddle.Technical,TitleCode.Director,TitleCodeMiddle.Director","Engineering & Technical,Director",https://go.zoominfo.com/#/apps/search/person/results?personProfileId=2472734932,39dc0231316de80982b922a64cb89604,spacematrix.com
1730070474,Khan,Vaseem,,,,"Senior Manager, Information Technology",723,Information Technology,Manager,,+91 80 4049 4010,vaseem.khan@spacematrix.com,,New Delhi,NCT,,India,42,5/3/2019,346363273,Space Matrix,Space Matrix,www.spacematrix.com,(646) 330-9422,"1501 Broadway, 12th Fl.",New York City,New York,10036,United States,"Architecture, Engineering & Design",Industry.construction.architecture,Construction,Industry.construction,50671,Sales.50Mto100M,266,Employees.250to499,73,738,541,5414,"TitleCode.IT,TitleCodeTop.Business,TitleCodeMiddle.Manager,TitleCodeMiddle.Technical,TitleCode.Manager","Manager,Engineering & Technical",https://go.zoominfo.com/#/apps/search/person/results?personProfileId=1730070474,8c9e7fda713bc73132070a01883b3f14,spacematrix.com
-2046461638,Petersen,Devan,,,,"Manager, IT Operations",719,Operations,Manager,,(801) 401-5435,devan.petersen@fivestaraa.com,1630 South 4800 West,Salt Lake City,Utah,84104,United States,20,11/12/2019,56740752,Star Airport Alliance Inc,Star Airport Alliance,www.fivestaraa.com,(801) 401-5500,1630 South 4800 West,Salt Lake City,Utah,84104,United States,Commercial & Residential Construction,Industry.construction.construction,Construction,Industry.construction,17800,Sales.10Mto25M,89,Employees.50to99,45,,48,481,"TitleCodeMiddle.Manager,TitleCode.Operations,TitleCodeTop.Business,TitleCode.IT,TitleCodeMiddle.Operations,TitleCodeMiddle.Technical,TitleCode.Manager","Operations,Manager",https://go.zoominfo.com/#/apps/search/person/results?personProfileId=-2046461638,625f8929e6966bc8017cc784ce79bd0b,fivestaraa.com
3589845,Chamberlain,Gary,L.,,,"Director, Information Technology",759,Information Technology,Director,,(407) 423-5355,gchamberlain@strolloarchitects.com,,Orlando,Florida,,United States,29,10/11/2019,60752831,Strollo Architects Inc,Strollo Architects,www.strolloarchitects.com,(330) 743-1177,201 W Federal St.,Youngstown,Ohio,44503,United States,"Architecture, Engineering & Design",Industry.construction.architecture,Construction,Industry.construction,4762,Sales.1Mto5M,25,Employees.20to49,8712,871,541,5413,"TitleCode.IT,TitleCodeTop.Business,TitleCodeMiddle.Technical,TitleCode.Director,TitleCodeMiddle.Director","Engineering & Technical,Director",https://go.zoominfo.com/#/apps/search/person/results?personProfileId=3589845,21826998874e6ac95579b4c231428399,strolloarchitects.com
1825369486,Traut,Brian,,,,"Senior Manager, Information Technology",723,Information Technology,Manager,,(512) 895-5102,btraut@sam.biz,"4801 Southwest Pkwy., Bldg. Two, Ste. 100",Austin,Texas,78735,United States,51,11/8/2019,49086472,Surveying And Mapping LLC,SAM,www.sam.biz,(512) 447-0575,4801 Sw Pkwy. Ste. 100,Austin,Texas,78735,United States,"Architecture, Engineering & Design",Industry.construction.architecture,Construction,Industry.construction,67800,Sales.50Mto100M,900,Employees.500to999,87,871,541,541370,"TitleCode.IT,TitleCodeTop.Business,TitleCodeMiddle.Manager,TitleCodeMiddle.Technical,TitleCode.Manager","Manager,Engineering & Technical",https://go.zoominfo.com/#/apps/search/person/results?personProfileId=1825369486,92fb8af187038541312840a83a49b559,sam.biz
1613848903,Rea,George,,,,"Director, Information Technology",759,Information Technology,Director,,(864) 297-4401 ext. 2283,grea@teleco.com,430 WOODRUFF Rd.,Greenville,South Carolina,29607,United States,12,9/11/2019,37782070,TELECO Inc,TELECO,www.teleco.com,(864) 297-4401,430 WOODRUFF Rd.,Greenville,South Carolina,29607,United States,Content & Collaboration Software,Industry.software.mfg.content_col,Software & Technical Consulting,Industry.software.consulting,,,75,Employees.50to99,73,737,811,221,"TitleCode.IT,TitleCodeTop.Business,TitleCodeMiddle.Technical,TitleCode.Director,TitleCodeMiddle.Director","Engineering & Technical,Director",https://go.zoominfo.com/#/apps/search/person/results?personProfileId=1613848903,86a46d243d09b78be2c7068e7abd903c,teleco.com
-1962979163,Barrio,Alex,,,,"Manager, Information Technology",719,Information Technology,Manager,,(352) 244-0700,awb@cromcorp.com,250 Sw 36Th Terrace,Gainesville,Florida,32607,United States,11,11/15/2019,10011323,The Crom Corporation,Crom Corporation,www.cromcorp.com,(352) 372-3436,250 Sw 36Th Terrace,Gainesville,Florida,32607,United States,Commercial & Residential Construction,Industry.construction.construction,Construction,Industry.construction,80000,Sales.50Mto100M,21,Employees.20to49,17,177,2379,237110,"TitleCode.IT,TitleCodeTop.Business,TitleCodeMiddle.Manager,TitleCodeMiddle.Technical,TitleCode.Manager","Manager,Engineering & Technical",https://go.zoominfo.com/#/apps/search/person/results?personProfileId=-1962979163,7cca5b994dd8623180f0f1fc3c48c573,cromcorp.com
-1475001666,Churchill,Peter,,,,"Manager, Information Technology",719,Information Technology,Manager,,(847) 580-4674,peter.churchill@hillgrp.com,11045 Gage St.,Franklin Park,Illinois,60131,United States,5,11/15/2019,55477892,The Hill Group,Hill Group,www.hillgrp.com,(847) 451-5000,11045 Gage St.,Franklin Park,Illinois,60131,United States,"Energy, Utilities & Waste Treatment General",Industry.energy.general,"Energy, Utilities & Waste Treatment",Industry.energy,290000,Sales.250Mto500M,1000,Employees.1000to4999,73,738,811,221,"TitleCode.IT,TitleCodeTop.Business,TitleCodeMiddle.Manager,TitleCodeMiddle.Technical,TitleCode.Manager","Manager,Engineering & Technical",https://go.zoominfo.com/#/apps/search/person/results?personProfileId=-1475001666,937b070fe1557ad198bc883a2d393d2e,hillgrp.com
2023463954,Jones,Ian,,,,"Manager, Information Technology",719,Information Technology,Manager,,(702) 614-1678 ext. 1037,ijones@pentabldggroup.com,181 E. Warm Springs Rd.,Las Vegas,Nevada,89119,United States,29,11/8/2019,93569994,The PENTA Building Group,PENTA,www.pentabldggroup.com,(702) 614-1678,181 E. Warm Springs Rd.,Las Vegas,Nevada,89119,United States,Human Resources & Staffing,Industry.bizservice.hr,Business Services,Industry.bizservice,277800,Sales.250Mto500M,800,Employees.500to999,87,874,56,23,"TitleCode.IT,TitleCodeTop.Business,TitleCodeMiddle.Manager,TitleCodeMiddle.Technical,TitleCode.Manager","Manager,Engineering & Technical",https://go.zoominfo.com/#/apps/search/person/results?personProfileId=2023463954,2fdef0f2d2e0e28b1feb6e4c2635b9f6,pentabldggroup.com
-1938045784,Schlosser,Mike,,,,"Manager, Information Technology",719,Information Technology,Manager,,,mschlosser@thpltd.com,,,,,,5,11/11/2019,38208354,THP Limited Inc,THP,www.thpltd.com,(513) 241-3222,100 East 8th St.,Cincinnati,Ohio,45202,United States,"Architecture, Engineering & Design",Industry.construction.architecture,Construction,Industry.construction,18478,Sales.10Mto25M,97,Employees.50to99,87,871,541,5413,"TitleCode.IT,TitleCodeTop.Business,TitleCodeMiddle.Manager,TitleCodeMiddle.Technical,TitleCode.Manager","Manager,Engineering & Technical",https://go.zoominfo.com/#/apps/search/person/results?personProfileId=-1938045784,2d72b10343e1c1cc958b1026b8b63abc,thpltd.com
1614516604,Miller,Leslie,E.,,,"Manager, Information Technology Communications",719,Information Technology,Manager,,(215) 328-7559,lmiller1@tollbrothers.com,250 GIBRALTAR Rd.,Horsham,Pennsylvania,19044,United States,15,11/12/2019,95912679,Toll Brothers Inc,Toll Brothers,www.tollbrothers.com,(215) 938-8000,250 GIBRALTAR Rd.,Horsham,Pennsylvania,19044,United States,Real Estate,Industry.realestate,"Architecture, Engineering & Design",Industry.construction.architecture,7143258,Sales.5GPlus,4900,Employees.1000to4999,65,653,5312,5414,"TitleCode.IT,TitleCodeTop.Business,TitleCodeMiddle.Manager,TitleCodeMiddle.Technical,TitleCode.Manager","Manager,Engineering & Technical",https://go.zoominfo.com/#/apps/search/person/results?personProfileId=1614516604,7fb6ef76cfe3539571fef6959ed048b3,tollbrothers.com
3188679662,Kloss,Scott,,,,"Project Manager, Information Technology",719,Information Technology,Manager,,,skloss@tollbrothers.com,250 GIBRALTAR Rd.,Horsham,Pennsylvania,19044,United States,1,11/11/2019,95912679,Toll Brothers Inc,Toll Brothers,www.tollbrothers.com,(215) 938-8000,250 GIBRALTAR Rd.,Horsham,Pennsylvania,19044,United States,Real Estate,Industry.realestate,"Architecture, Engineering & Design",Industry.construction.architecture,7143258,Sales.5GPlus,4900,Employees.1000to4999,65,653,5312,5414,"TitleCode.ProjectManagement,TitleCodeMiddle.Manager,TitleCodeTop.Business,TitleCode.IT,TitleCodeMiddle.Operations,TitleCodeMiddle.Technical,TitleCode.Manager","Operations,Manager",https://go.zoominfo.com/#/apps/search/person/results?personProfileId=3188679662,e06b425688396c7666d54b6314bb2f1e,tollbrothers.com
3363590283,Knebl,Krystal,,,,"Manager, Information Technology",719,Information Technology,Manager,,,krystalknebl@trugreenmail.com,1790 Kirby Pkwy. Ste. 300,Memphis,Tennessee,38138,United States,1,11/11/2019,39620048,TruGreen Company,TruGreen,www.trugreen.com,(901) 681-1800,1790 Kirby Pkwy. Ste. 300,Memphis,Tennessee,38138,United States,"Architecture, Engineering & Design",Industry.construction.architecture,Construction,Industry.construction,1300000,Sales.1Gto5G,13000,Employees.10000plus,78,782,56173,56171,"TitleCode.IT,TitleCodeTop.Business,TitleCodeMiddle.Manager,TitleCodeMiddle.Technical,TitleCode.Manager","Manager,Engineering & Technical",https://go.zoominfo.com/#/apps/search/person/results?personProfileId=3363590283,49572a1048734dcd3ddbfd3ea85ef0e8,trugreenmail.com
1948291738,Langham,Greg,,,,"Manager, Information Technology",719,Information Technology,Manager,,(479) 872-3818,greg@ubh.com,2790 South Thompson St. Ste. 102,Springdale,Arkansas,72764-6307,United States,43,11/11/2019,39518481,United Built Homes LLC,UBH,www.ubh.com,(318) 861-4572,8500 Line Ave.,Shreveport,Louisiana,71106,United States,Commercial & Residential Construction,Industry.construction.construction,Construction,Industry.construction,72620,Sales.50Mto100M,106,Employees.100to249,15,153,23611,23,"TitleCode.IT,TitleCodeTop.Business,TitleCodeMiddle.Manager,TitleCodeMiddle.Technical,TitleCode.Manager","Manager,Engineering & Technical",https://go.zoominfo.com/#/apps/search/person/results?personProfileId=1948291738,08f9bc549c9c4d2d48098667caa9f412,ubh.com
3310869309,Jenkins,John,,,,"Director, Information Technology",759,Information Technology,Director,,,jjenkins@universalengineering.com,3532 Maggie Blvd.,Orlando,Florida,32811,United States,3,10/4/2019,88047647,Universal Engineering Sciences Inc,Universal Engineering,www.universalengineering.com,(386) 756-1105,"911 Beville Rd., Ste. 3",Daytona Beach,Florida,32119,United States,Commercial & Residential Construction,Industry.construction.construction,Construction,Industry.construction,165512,Sales.100MMto250M,725,Employees.500to999,89,899,54169,5416,"TitleCode.IT,TitleCodeTop.Business,TitleCodeMiddle.Technical,TitleCode.Director,TitleCodeMiddle.Director","Engineering & Technical,Director",https://go.zoominfo.com/#/apps/search/person/results?personProfileId=3310869309,74f3679846574ddf79e57021e08345f6,universalengineering.com
1924395649,Davis,Alexander,,,,"Manager, Information Technology",719,Information Technology,Manager,,,davis@utiledesign.com,115 Kingston St.,Boston,Massachusetts,2111,United States,22,7/7/2019,239157316,Utile Inc,Utile,www.utiledesign.com,(617) 423-7200,115 Kingston St.,Boston,Massachusetts,2111,United States,"Architecture, Engineering & Design",Industry.construction.architecture,Construction,Industry.construction,9524,Sales.5Mto10M,50,Employees.50to99,8712,871,541,5413,"TitleCode.IT,TitleCodeTop.Business,TitleCodeMiddle.Manager,TitleCodeMiddle.Technical,TitleCode.Manager","Manager,Engineering & Technical",https://go.zoominfo.com/#/apps/search/person/results?personProfileId=1924395649,d3c1357629c9b61558df6be9ae0c2308,utiledesign.com
-1977367113,James,Lauren,,,,"Manager, Information Technology",719,Information Technology,Manager,,,ljames@fdh-inc.com,"1150 First Ave., Ste. 600",King of Prussia,Pennsylvania,19406,United States,13,11/15/2019,111706196,"Velocitel , Inc.",Velocitel,www.velocitel.com,(484) 804-4500,"1150 First Ave., Ste. 600",King of Prussia,Pennsylvania,19406,United States,Commercial & Residential Construction,Industry.construction.construction,Construction,Industry.construction,300000,Sales.250Mto500M,501,Employees.500to999,,,,,"TitleCode.IT,TitleCodeTop.Business,TitleCodeMiddle.Manager,TitleCodeMiddle.Technical,TitleCode.Manager","Manager,Engineering & Technical",https://go.zoominfo.com/#/apps/search/person/results?personProfileId=-1977367113,1f7ebf2795f0930608fedd98f5dfc4e4,fdh-inc.com
1708695779,Toups,Buddy,,,,"Director, Information Technology",759,Information Technology,Director,,(985) 475-1001,btoups@whpacific.com,188838 Hwy. 3235,Galliano,Louisiana,70354,United States,32,8/1/2019,115458215,WHPacific Inc,WHPacific,www.whpacific.com,(505) 247-0294,6501 AMERICAS Pkwy. NE Ste. 400,Albuquerque,New Mexico,87110,United States,"Architecture, Engineering & Design",Industry.construction.architecture,Construction,Industry.construction,62000,Sales.50Mto100M,190,Employees.100to249,78,781,56,5413,"TitleCode.IT,TitleCodeTop.Business,TitleCodeMiddle.Technical,TitleCode.Director,TitleCodeMiddle.Director","Engineering & Technical,Director",https://go.zoominfo.com/#/apps/search/person/results?personProfileId=1708695779,83f231a6c62cfb024d1ef5f5b49291a1,whpacific.com
1959010167,DiCocco,Bill,,,,"Manager, Information Technology",719,Information Technology,Manager,,(616) 281-6432,bdicocco@wolvgroup.com,4045 Barden Dr. SE,Grand Rapids,Michigan,49512,United States,50,11/11/2019,132481139,Wolverine Building Group,Wolverine Building Group,www.wolvgroup.com,(616) 949-3360,4045 Barden Dr. SE,Grand Rapids,Michigan,49512,United States,Commercial & Residential Construction,Industry.construction.construction,Construction,Industry.construction,218809,Sales.100MMto250M,150,Employees.100to249,15,154,23,236210,"TitleCode.IT,TitleCodeTop.Business,TitleCodeMiddle.Manager,TitleCodeMiddle.Technical,TitleCode.Manager","Manager,Engineering & Technical",https://go.zoominfo.com/#/apps/search/person/results?personProfileId=1959010167,eb6b19e548452d84135af944a02eb793,wolvgroup.com
1725911671,Bryant,Kristin,,,,"Manager, Information Technology",719,Information Technology,Manager,,(210) 588-7821,bryantkb@zachrygroup.com,527 Logwood Ave.,San Antonio,Texas,78221,United States,24,11/6/2019,195346907,Zachry Construction Corporation,Zachry,www.zachrygroup.com,(210) 588-5000,527 Logwood Ave.,San Antonio,Texas,78221,United States,Manufacturing General,Industry.mfg.general,Manufacturing,Industry.mfg,3200000,Sales.1Gto5G,20000,Employees.10000plus,39,399,339,325998,"TitleCode.IT,TitleCodeTop.Business,TitleCodeMiddle.Manager,TitleCodeMiddle.Technical,TitleCode.Manager","Manager,Engineering & Technical",https://go.zoominfo.com/#/apps/search/person/results?personProfileId=1725911671,b4eb1364249b537d951da421ead019bf,zachrygroup.com
2855090375,Nicolaysen,Chris,,,,"Senior Project Manager, Information Technology",723,Information Technology,Manager,,(210) 588-7125,nicolaysenc@zachrygroup.com,527 Logwood Ave.,San Antonio,Texas,78221,United States,1,11/14/2019,195346907,Zachry Construction Corporation,Zachry,www.zachrygroup.com,(210) 588-5000,527 Logwood Ave.,San Antonio,Texas,78221,United States,Manufacturing General,Industry.mfg.general,Manufacturing,Industry.mfg,3200000,Sales.1Gto5G,20000,Employees.10000plus,39,399,339,325998,"TitleCode.ProjectManagement,TitleCodeMiddle.Manager,TitleCodeTop.Business,TitleCode.IT,TitleCodeMiddle.Operations,TitleCodeMiddle.Technical,TitleCode.Manager","Operations,Manager",https://go.zoominfo.com/#/apps/search/person/results?personProfileId=2855090375,07a1f53e70ccf9c6dfaffb9f5e6fcc8a,zachrygroup.com
2339678514,Orr,Yvonne,,,,"Manager, IT & End-Point User Experience",719,Technical,Manager,,(210) 588-7824,orry@zachrygroup.com,527 Logwood Ave.,San Antonio,Texas,78221,United States,10,11/6/2019,195346907,Zachry Construction Corporation,Zachry,www.zachrygroup.com,(210) 588-5000,527 Logwood Ave.,San Antonio,Texas,78221,United States,Manufacturing General,Industry.mfg.general,Manufacturing,Industry.mfg,3200000,Sales.1Gto5G,20000,Employees.10000plus,39,399,339,325998,"TitleCode.Technical,TitleCodeMiddle.Manager,TitleCodeTop.Business,TitleCode.IT,TitleCodeMiddle.Operations,TitleCode.CustomerRel,TitleCodeMiddle.Technical,TitleCode.Manager","Operations,Manager",https://go.zoominfo.com/#/apps/search/person/results?personProfileId=2339678514,017f29e503ce06205c66835760e591f2,zachrygroup.com
