﻿Zoom Individual ID,Last name,First name,Middle name,Salutation,Suffix,Job title,Job title hierarchy level,Job Function,Management Level,Company division name,Direct Phone Number,Email address,Person Street,Person City,Person State,Person Zip,Country,Source count,Last updated date,Zoom company ID,Company name,Marketing Friendly Name,Company domain name,Company phone number,Company Street address,Company City,Company State,Company ZIP/Postal code,Company Country,Industry label,Industry hierarchical category,Secondary industry label,Secondary industry hierarchical category,Revenue (in 000s),Revenue Range,Employees,Employees Range,SIC1,SIC2,NAICS1,NAICS2,TitleCode,Highest Level Job Function,Contact Zoom URL,Encrypted Email Address,Email Domain
844747570,Beck,Fred,R.,Mr.,,"Director, Information Technology",759,Information Technology,Director,,(303) 785-7860,fbeck@scramsystems.com,1241 West Mineral Ave.,Englewood,Colorado,80120,United States,69,11/14/2019,3348447,Alcohol Monitoring Systems Inc,Scram Systems,www.scramsystems.com,(303) 989-8900,1241 West Mineral Ave.,Littleton,Colorado,80120,United States,Electronics,Industry.mfg.electronics,Manufacturing,Industry.mfg,15700,Sales.10Mto25M,250,Employees.250to499,38,381,33451,33,"TitleCode.IT,TitleCodeTop.Business,TitleCodeMiddle.Technical,TitleCode.Director,TitleCodeMiddle.Director","Engineering & Technical,Director",https://go.zoominfo.com/#/apps/search/person/results?personProfileId=844747570,d983a477f525cc853fbfe72de4b12312,scramsystems.com
1610828865,Shoffner,Gary,,,,"Director, Network Development",759,Information Technology,Director,,(303) 785-7791,gshoffner@scramsystems.com,1241 West Mineral Ave.,Littleton,Colorado,80120,United States,35,11/11/2019,3348447,Alcohol Monitoring Systems Inc,Scram Systems,www.scramsystems.com,(303) 989-8900,1241 West Mineral Ave.,Littleton,Colorado,80120,United States,Electronics,Industry.mfg.electronics,Manufacturing,Industry.mfg,15700,Sales.10Mto25M,250,Employees.250to499,38,381,33451,33,"TitleCode.IT,TitleCodeTop.Business,TitleCode.SoftwareEng,TitleCodeMiddle.Technical,TitleCode.Director,TitleCodeMiddle.Director","Engineering & Technical,Director",https://go.zoominfo.com/#/apps/search/person/results?personProfileId=1610828865,9bd80829393aaf08c0bd01df473085b9,scramsystems.com
3188114253,Hodges,Richard,,,,"Director, Information Technology",759,Information Technology,Director,,,richard.hodges@alliedmin.com,2700 Scioto Pkwy.,Columbus,Ohio,43221,United States,2,11/15/2019,1311379,Allied Mineral Products Inc,Allied Mineral,www.alliedmineral.com,(614) 876-0244,2700 Scioto Pkwy.,Columbus,Ohio,43221,United States,"Aggregates, Concrete & Cement",Industry.mfg.building.concrete,Building Materials,Industry.mfg.building,250000,Sales.250Mto500M,800,Employees.500to999,32,329,327,32,"TitleCode.IT,TitleCodeTop.Business,TitleCodeMiddle.Technical,TitleCode.Director,TitleCodeMiddle.Director","Engineering & Technical,Director",https://go.zoominfo.com/#/apps/search/person/results?personProfileId=3188114253,65275f874fd19385d5208c7d6390d01e,alliedmin.com
2647597592,Nazabal,Lynette,,,,"Project Manager, Norton Information Technology",719,Information Technology,Manager,,(617) 575-7512,lnazabal@alnylam.com,15 Commerce Way,Norton,Massachusetts,2766,United States,12,11/3/2019,10034211,Alnylam Pharmaceuticals Inc,Alnylam Pharmeceuticals,www.alnylam.com,(617) 551-8200,300 THIRD St.,Cambridge,Massachusetts,2142,United States,Drug Manufacturing & Research,Industry.healthcare.pharmaceuticals.drugs,Pharmaceuticals,Industry.healthcare.pharmaceuticals,74908,Sales.50Mto100M,1065,Employees.1000to4999,37,28,32541,5417,"TitleCode.ProjectManagement,TitleCodeMiddle.Manager,TitleCodeTop.Business,TitleCode.IT,TitleCodeMiddle.Operations,TitleCodeMiddle.Technical,TitleCode.Manager","Operations,Manager",https://go.zoominfo.com/#/apps/search/person/results?personProfileId=2647597592,af8bb088f4ef81093a2297f9f5403769,alnylam.com
2447748299,Dey,Indrani,,,,"Project Manager, Information Technology G",719,Information Technology,Manager,,,idey@alnylam.com,101 Main St.,Cambridge,Massachusetts,2142,United States,8,6/21/2019,10034211,Alnylam Pharmaceuticals Inc,Alnylam Pharmeceuticals,www.alnylam.com,(617) 551-8200,300 THIRD St.,Cambridge,Massachusetts,2142,United States,Drug Manufacturing & Research,Industry.healthcare.pharmaceuticals.drugs,Pharmaceuticals,Industry.healthcare.pharmaceuticals,74908,Sales.50Mto100M,1065,Employees.1000to4999,37,28,32541,5417,"TitleCode.ProjectManagement,TitleCodeMiddle.Manager,TitleCodeTop.Business,TitleCode.IT,TitleCodeMiddle.Operations,TitleCodeMiddle.Technical,TitleCode.Manager","Operations,Manager",https://go.zoominfo.com/#/apps/search/person/results?personProfileId=2447748299,200ea16da0ce6c8936557dbeafb154e5,alnylam.com
1932486661,Collins,Nathan,,,,"Director, Information Technology",759,Information Technology,Director,,,nathan.collins@altaequipment.com,5105 Loraine St.,Detroit,Michigan,48208,United States,2,11/15/2019,354321474,Alta Equipment Company,Alta Equipment,www.altaequipment.com,(248) 356-5200,5105 Loraine St.,Detroit,Michigan,48208,United States,Retail,Industry.retail,"Other Rental Stores (Furniture, A/V, Construction & Industrial Equipment)",Industry.retail.rental,150000,Sales.100MMto250M,900,Employees.500to999,53,539,45231,452319,"TitleCode.IT,TitleCodeTop.Business,TitleCodeMiddle.Technical,TitleCode.Director,TitleCodeMiddle.Director","Engineering & Technical,Director",https://go.zoominfo.com/#/apps/search/person/results?personProfileId=1932486661,489139a46f89cdc960cb9442671b94a6,altaequipment.com
3151545001,Altman,Yelena,,,,"Contractor, Information Technology Project Manager and Business Analyst",719,Information Technology,Manager,,(609) 537-1485,yaltman@amicusrx.com,600 College Rd. East,Princeton,New Jersey,8540,United States,6,11/11/2019,4839054,Amicus Therapeutics Inc,Amicus Therapeutics,www.amicusrx.com,(609) 662-2000,1 CEDAR BROOK Dr.,Cranbury,New Jersey,8512,United States,Drug Manufacturing & Research,Industry.healthcare.pharmaceuticals.drugs,Pharmaceuticals,Industry.healthcare.pharmaceuticals,91245,Sales.50Mto100M,508,Employees.500to999,37,28,32541,5417,"TitleCode.ProjectManagement,TitleCodeMiddle.Manager,TitleCodeTop.Business,TitleCode.IT,TitleCodeMiddle.Operations,TitleCodeMiddle.Technical,TitleCode.Manager","Operations,Manager",https://go.zoominfo.com/#/apps/search/person/results?personProfileId=3151545001,132c06a47ab7ee74f243d0dccdc47536,amicusrx.com
-1519475463,Parmar,Manish,,,,"Service Desk Manager, Information Technology",719,Information Technology,Manager,,(609) 662-5050,mparmar@amicusrx.com,1 CEDAR BROOK Dr.,Cranbury,New Jersey,8512,United States,11,11/5/2019,4839054,Amicus Therapeutics Inc,Amicus Therapeutics,www.amicusrx.com,(609) 662-2000,1 CEDAR BROOK Dr.,Cranbury,New Jersey,8512,United States,Drug Manufacturing & Research,Industry.healthcare.pharmaceuticals.drugs,Pharmaceuticals,Industry.healthcare.pharmaceuticals,91245,Sales.50Mto100M,508,Employees.500to999,37,28,32541,5417,"TitleCode.IT,TitleCodeTop.Business,TitleCodeMiddle.Manager,TitleCodeMiddle.Technical,TitleCode.Manager","Manager,Engineering & Technical",https://go.zoominfo.com/#/apps/search/person/results?personProfileId=-1519475463,a569a440351d766f58bc77548cb9604d,amicusrx.com
1991436744,Gomez,Ronald,,,,"Supervisor, Information Systems",649,Information Technology,Manager,,(805) 880-4685,ronaldg@nusil.com,1050 Cindy Ln.,Carpinteria,California,93013,United States,15,3/21/2019,465280828,Avantor Inc,Avantor,www.avantorsciences.com,(610) 386-1700,"Bldg. ONE, Ste. 200 100 MATSONFORD Rd.",Radnor,Pennsylvania,19087,United States,"Lumber, Wood Production & Timber Operations",Industry.mfg.building.lumber,"Miscellaneous Building Materials (Flooring, Cabinets, etc.)",Industry.mfg.building.other,95200,Sales.50Mto100M,476,Employees.250to499,38,30,3219,339,"TitleCode.IT,TitleCodeTop.Business,TitleCodeMiddle.Manager,TitleCodeMiddle.Technical,TitleCode.Manager","Manager,Engineering & Technical",https://go.zoominfo.com/#/apps/search/person/results?personProfileId=1991436744,973ba5f0d18e5214505ca6286c4fb59c,nusil.com
2071771613,Traylor,Tammy,,,,"Team Leader, Information Systems",,Information Technology,Manager,,(859) 987-9369,tammy.traylor@avantormaterials.com,3477 Corporate Pkwy. Ste. 200,Center Valley,Pennsylvania,18034,United States,7,4/11/2019,465280828,Avantor Inc,Avantor,www.avantorsciences.com,(610) 386-1700,"Bldg. ONE, Ste. 200 100 MATSONFORD Rd.",Radnor,Pennsylvania,19087,United States,"Lumber, Wood Production & Timber Operations",Industry.mfg.building.lumber,"Miscellaneous Building Materials (Flooring, Cabinets, etc.)",Industry.mfg.building.other,95200,Sales.50Mto100M,476,Employees.250to499,38,30,3219,339,"TitleCode.IT,TitleCodeTop.Business,TitleCodeMiddle.Manager,TitleCodeMiddle.Technical,TitleCode.Manager","Manager,Engineering & Technical",https://go.zoominfo.com/#/apps/search/person/results?personProfileId=2071771613,ed7375bd4e316774054f9efbabc7ba58,avantormaterials.com
1574680633,Lynch,John,,,,"Manager, Information Technology",719,Information Technology,Manager,,(732) 679-4000 ext. 4222,jlynch@blondertongue.com,ONE JAKE BROWN Rd.,Old Bridge,New Jersey,8857,United States,22,3/21/2019,9012940,Blonder Tongue Laboratories Inc,Blonder Tongue,www.blondertongue.com,(732) 679-4000,ONE JAKE BROWN Rd.,Old Bridge,New Jersey,8857,United States,Consumer Electronics,Industry.mfg.consumer.electronics,Consumer Goods,Industry.mfg.consumer,21707,Sales.10Mto25M,117,Employees.100to249,36,366,3343,3342,"TitleCode.IT,TitleCodeTop.Business,TitleCodeMiddle.Manager,TitleCodeMiddle.Technical,TitleCode.Manager","Manager,Engineering & Technical",https://go.zoominfo.com/#/apps/search/person/results?personProfileId=1574680633,04f23c55e12f3a38862cf866d4eefd23,blondertongue.com
1451757169,Brack,Jeremy,,,,"Senior Director, Management Information Systems & Systems & Solutions",763,Information Technology,Director,,(925) 226-0248,jeremy.brack@caltrol.com,2685 Collier Canyon Rd.,Livermore,California,94551,United States,36,10/2/2019,13338930,CALTROL INC,CALTROL,www.caltrol.com,(702) 966-1800,1385 Pama Ln. Ste. 111,Las Vegas,Nevada,89119,United States,Industrial Machinery & Equipment,Industry.mfg.industrialmachinery,Manufacturing,Industry.mfg,132000,Sales.100MMto250M,218,Employees.100to249,50,508,333995,4238,"TitleCodeMiddle.Manager,TitleCodeMiddle.Director,TitleCodeTop.Business,TitleCode.IT,TitleCodeMiddle.Technical,TitleCode.Manager,TitleCode.Director","Manager,Director",https://go.zoominfo.com/#/apps/search/person/results?personProfileId=1451757169,c07869897d4110ee6348e4839ba6f450,caltrol.com
-1323072909,Lang,Alex,,,,"Senior Supervisor, IT & Senior Systems Architect",654,Information Technology,Manager,,(281) 364-4561,alex.lang@chartindustries.com,"8665 New Trails Dr., Ste. 100",The Woodlands,Texas,77381,United States,41,6/14/2019,20712281,Chart Industries Inc,Chart Industries,www.chartindustries.com,(770) 721-8800,3055 TORRINGTON Dr.,Ball Ground,Georgia,30107,United States,Industrial Machinery & Equipment,Industry.mfg.industrialmachinery,Manufacturing,Industry.mfg,203800,Sales.100MMto250M,4605,Employees.1000to4999,35,356,211,211111,"TitleCode.IT,TitleCodeTop.Business,TitleCodeMiddle.Manager,TitleCode.SoftwareEng,TitleCodeMiddle.Technical,TitleCode.Manager","Manager,Engineering & Technical",https://go.zoominfo.com/#/apps/search/person/results?personProfileId=-1323072909,6a19df8255318c0f57b94002d50b38ad,chartindustries.com
-1198767918,Larson,Rolynn,,,,"Manager, Information Technology",719,Information Technology,Manager,,(952) 758-8437,rolynn.larson@chartindustries.com,407 7th St. NW,New Prague,Minnesota,56071,United States,25,3/28/2019,20712281,Chart Industries Inc,Chart Industries,www.chartindustries.com,(770) 721-8800,3055 TORRINGTON Dr.,Ball Ground,Georgia,30107,United States,Industrial Machinery & Equipment,Industry.mfg.industrialmachinery,Manufacturing,Industry.mfg,203800,Sales.100MMto250M,4605,Employees.1000to4999,35,356,211,211111,"TitleCode.IT,TitleCodeTop.Business,TitleCodeMiddle.Manager,TitleCodeMiddle.Technical,TitleCode.Manager","Manager,Engineering & Technical",https://go.zoominfo.com/#/apps/search/person/results?personProfileId=-1198767918,9026fe36b0950fdc29d901f34afbfad9,chartindustries.com
-2033895828,McIntyre,Pete,,,,"Manager, Information Systems",719,Information Technology,Manager,,(703) 651-5722,pmcintyre@cissecure.com,21050 Ashburn Crossing Dr. Ste. 145,Ashburn,Virginia,20147,United States,14,11/15/2019,37275916,CIS Secure Computing Inc,CIS Secure,www.cissecure.com,(703) 996-0500,21050 Ashburn Crossing Dr. Ste. 145,Ashburn,Virginia,20147,United States,Personal Computers & Peripherals,Industry.mfg.computers.computers,Consumer Electronics,Industry.mfg.consumer.electronics,1100,Sales.1Mto5M,200,Employees.100to249,35,357,5416,5415,"TitleCode.IT,TitleCodeTop.Business,TitleCodeMiddle.Manager,TitleCodeMiddle.Technical,TitleCode.Manager","Manager,Engineering & Technical",https://go.zoominfo.com/#/apps/search/person/results?personProfileId=-2033895828,8d1f9ecb5bbad8f4f9f6ce6f7520074d,cissecure.com
2040273040,Richardson,David,,,,"Manager, Information Technology",719,Information Technology,Manager,,(503) 537-5244,drichardson@cpmt.com,2712 E Second St.,Newberg,Oregon,97132,United States,17,2/6/2018,22875830,CLIMAX Manufacturing Company,CLIMAX,www.climaxportable.com,(503) 554-7247,2712 E Second St.,Newberg,Oregon,97132,United States,Industrial Machinery & Equipment,Industry.mfg.industrialmachinery,Manufacturing,Industry.mfg,110327,Sales.100MMto250M,158,Employees.100to249,35,354,333512,33399,"TitleCode.IT,TitleCodeTop.Business,TitleCodeMiddle.Manager,TitleCodeMiddle.Technical,TitleCode.Manager","Manager,Engineering & Technical",https://go.zoominfo.com/#/apps/search/person/results?personProfileId=2040273040,f63a49fda8f980972b358e95986b0cd8,cpmt.com
1818323178,Albertini,Anthony,,,,Supervisor & Business Systems Analyst,649,Information Technology,Manager,,(330) 821-7363 ext. 359,anthony.albertini@coastalpet.com,911 LEADWAY Ave.,Alliance,Ohio,44601,United States,13,3/21/2019,18057187,Coastal Pet Products Inc,Coastal Pet,www.coastalpet.com,(330) 821-7363,911 Leadway Ave.,Alliance,Ohio,44601,United States,Toys & Games,Industry.mfg.toys,Manufacturing,Industry.mfg,150000,Sales.100MMto250M,500,Employees.500to999,39,394,33993,3111,"TitleCode.IT,TitleCodeTop.Business,TitleCodeMiddle.Manager,TitleCode.SoftwareEng,TitleCodeMiddle.Technical,TitleCode.Manager","Manager,Engineering & Technical",https://go.zoominfo.com/#/apps/search/person/results?personProfileId=1818323178,2c31308265070f296c7e4ed943f3f846,coastalpet.com
1286164793,White,Tyson,W.,,,Managing Network Systems Administrator,453,Information Technology,Manager,,(330) 821-7363 ext. 342,tyson.white@coastalpet.com,911 LEADWAY Ave.,Alliance,Ohio,44601,United States,25,3/21/2019,18057187,Coastal Pet Products Inc,Coastal Pet,www.coastalpet.com,(330) 821-7363,911 Leadway Ave.,Alliance,Ohio,44601,United States,Toys & Games,Industry.mfg.toys,Manufacturing,Industry.mfg,150000,Sales.100MMto250M,500,Employees.500to999,39,394,33993,3111,"TitleCode.IT,TitleCodeTop.Business,TitleCodeMiddle.Manager,TitleCodeMiddle.Technical,TitleCode.Manager","Manager,Engineering & Technical",https://go.zoominfo.com/#/apps/search/person/results?personProfileId=1286164793,1152225669950cb83bdaac91eaf1dd45,coastalpet.com
-1558529496,Patterson,Chad,,,,"Manager, Network & Information Security",719,Information Technology,Manager,,(717) 597-6319,chad.patterson@corellebrands.com,12000 Molly Pitcher Hwy. South,Greencastle,Pennsylvania,17225,United States,6,10/14/2019,347219087,Corelle Brands LLC,Corelle Brands,www.corellebrands.com,(800) 367-3526,9525 W Bryn Mawr Ave.,Rosemont,Illinois,60018,United States,Glass & Clay,Industry.mfg.chemicals.glass,"Chemicals, Petrochemicals, Glass & Gases",Industry.mfg.chemicals,300000,Sales.250Mto500M,3000,Employees.1000to4999,32,322,327212,3272,"TitleCode.IT,TitleCodeTop.Business,TitleCodeMiddle.Manager,TitleCodeMiddle.Technical,TitleCode.Manager","Manager,Engineering & Technical",https://go.zoominfo.com/#/apps/search/person/results?personProfileId=-1558529496,9fae4d8f3c57ef0a6accabad0c7d8c9a,corellebrands.com
1213561591,Hoyler,Brian,R.,,,"Manager, Systems Engineering",719,Information Technology,Manager,,(607) 377-3604,brian.hoyler@corellebrands.com,One Steuben St.,Corning,New York,14830,United States,23,8/15/2019,347219087,Corelle Brands LLC,Corelle Brands,www.corellebrands.com,(800) 367-3526,9525 W Bryn Mawr Ave.,Rosemont,Illinois,60018,United States,Glass & Clay,Industry.mfg.chemicals.glass,"Chemicals, Petrochemicals, Glass & Gases",Industry.mfg.chemicals,300000,Sales.250Mto500M,3000,Employees.1000to4999,32,322,327212,3272,"TitleCode.IT,TitleCodeTop.Business,TitleCodeMiddle.Manager,TitleCode.SoftwareEng,TitleCodeMiddle.Technical,TitleCode.Manager","Manager,Engineering & Technical",https://go.zoominfo.com/#/apps/search/person/results?personProfileId=1213561591,6048f45b05789a6149ce4a2200527259,corellebrands.com
-1664481035,Trainor,John,,,,"Director, Information Technology",759,Information Technology,Director,,(562) 598-8808,jtrainor@cbpmail.net,13001 Seal Beach Blvd. Ste. 200,Seal Beach,California,90740,United States,51,8/22/2019,28581453,Custom Building Products Inc,Custom Building Products,www.custombuildingproducts.com,(562) 598-8808,13001 Seal Beach Blvd. Ste. 200,Seal Beach,California,90740,United States,"Miscellaneous Building Materials (Flooring, Cabinets, etc.)",Industry.mfg.building.other,Building Materials,Industry.mfg.building,100000,Sales.100MMto250M,1000,Employees.1000to4999,3272,327,327,3255,"TitleCode.IT,TitleCodeTop.Business,TitleCodeMiddle.Technical,TitleCode.Director,TitleCodeMiddle.Director","Engineering & Technical,Director",https://go.zoominfo.com/#/apps/search/person/results?personProfileId=-1664481035,c05eea53fd593b1ffe1c30b7bcfab7cc,cbpmail.net
-2076791118,Baalson,Jon,,,,"Supervisor, IT Operations",649,Operations,Manager,,(713) 939-5360,jon_baalson@dril-quip.com,6401 N. ELDRIDGE Pkwy.,Houston,Texas,77041,United States,16,11/12/2019,17860320,Dril-Quip Inc,Dril-Quip,www.dril-quip.com,(713) 939-7711,6401 N. ELDRIDGE Pkwy.,Houston,Texas,77041,United States,Industrial Machinery & Equipment,Industry.mfg.industrialmachinery,Manufacturing,Industry.mfg,384626,Sales.250Mto500M,1926,Employees.1000to4999,35,353,221,237120,"TitleCodeMiddle.Manager,TitleCode.Operations,TitleCodeTop.Business,TitleCode.IT,TitleCodeMiddle.Operations,TitleCodeMiddle.Technical,TitleCode.Manager","Operations,Manager",https://go.zoominfo.com/#/apps/search/person/results?personProfileId=-2076791118,31f78d1f52d629bf7facf6f24d4b90c6,dril-quip.com
1433683887,Charlesworth,Daniel,,,,"Director, Information Technology",759,Information Technology,Director,,,dan.charlesworth@dynabrade.com,8989 Sheridan Dr.,Clarence,New York,14031,United States,15,11/15/2019,12010490,"Dynabrade , Inc.",Dynabrade,www.dynabrade.com,(716) 631-0100,8989 Sheridan Dr.,Clarence,New York,14031,United States,Industrial Machinery & Equipment,Industry.mfg.industrialmachinery,Manufacturing,Industry.mfg,25657,Sales.25Mto50M,130,Employees.100to249,35,359,33271,33399,"TitleCode.IT,TitleCodeTop.Business,TitleCodeMiddle.Technical,TitleCode.Director,TitleCodeMiddle.Director","Engineering & Technical,Director",https://go.zoominfo.com/#/apps/search/person/results?personProfileId=1433683887,24de80aca79b51b4c49ce448406e0bfb,dynabrade.com
2988993610,Bush,Seth,,,,"Security Manager, Corporate Information Systems",720,Information Technology,Manager,,(256) 964-4331,seth.bush@dynetics.com,,,Alabama,,United States,6,6/19/2019,18171152,Dynetics Inc,Dynetics,www.dynetics.com,(256) 964-4000,1002 Explorer Blvd.,Huntsville,Alabama,35806,United States,Aerospace & Defense,Industry.mfg.aerospace,Manufacturing,Industry.mfg,293000,Sales.250Mto500M,1900,Employees.1000to4999,37,376,5417,336415,"TitleCode.IT,TitleCodeTop.Business,TitleCodeMiddle.Manager,TitleCodeMiddle.Technical,TitleCode.Manager","Manager,Engineering & Technical",https://go.zoominfo.com/#/apps/search/person/results?personProfileId=2988993610,f26a8fbe244169187d409c39329e1cda,dynetics.com
-1338926150,Flores,Pamela,,,,"Security Manager, Corporate Information Systems",720,Information Technology,Manager,,(256) 964-4654,pamela.flores@dynetics.com,,,Alabama,,United States,7,7/18/2018,18171152,Dynetics Inc,Dynetics,www.dynetics.com,(256) 964-4000,1002 Explorer Blvd.,Huntsville,Alabama,35806,United States,Aerospace & Defense,Industry.mfg.aerospace,Manufacturing,Industry.mfg,293000,Sales.250Mto500M,1900,Employees.1000to4999,37,376,5417,336415,"TitleCode.IT,TitleCodeTop.Business,TitleCodeMiddle.Manager,TitleCodeMiddle.Technical,TitleCode.Manager","Manager,Engineering & Technical",https://go.zoominfo.com/#/apps/search/person/results?personProfileId=-1338926150,b3ac9d07c546bbb06cec8d5c68868a3d,dynetics.com
2155788295,Gano,Dee,,,,"Manager, Systems Analysis Services",719,Information Technology,Manager,,(724) 600-8650,dgano@elliott-turbo.com,901 N. Fourth St.,Jeannette,Pennsylvania,15644,United States,5,9/27/2019,48221148,Elliott Group,Elliott Group,www.elliott-turbo.com,(724) 527-2811,901 N. Fourth St.,Jeannette,Pennsylvania,15644,United States,Industrial Machinery & Equipment,Industry.mfg.industrialmachinery,Manufacturing,Industry.mfg,300000,Sales.250Mto500M,2600,Employees.1000to4999,35,356,333912,3332,"TitleCode.IT,TitleCodeTop.Business,TitleCodeMiddle.Manager,TitleCode.SoftwareEng,TitleCodeMiddle.Technical,TitleCode.Manager","Manager,Engineering & Technical",https://go.zoominfo.com/#/apps/search/person/results?personProfileId=2155788295,5342f9a1cdd8c5e0ca4e72d7e638910c,elliott-turbo.com
-2082435652,Sobczak,Tomasz,,,,"Manager, Information Technology",719,Information Technology,Manager,,,tsobczak@etcusa.com,125 James Way County Line Industrial Park,Southampton,Pennsylvania,18966,United States,5,11/15/2019,13107473,Environmental Tectonics Corporation,ETC,www.etcusa.com,(215) 355-9100,125 James Way County Line Industrial Park,Southampton,Pennsylvania,18966,United States,Industrial Machinery & Equipment,Industry.mfg.industrialmachinery,Manufacturing,Industry.mfg,48086,Sales.25Mto50M,280,Employees.250to499,35,355,5416,541,"TitleCode.IT,TitleCodeTop.Business,TitleCodeMiddle.Manager,TitleCodeMiddle.Technical,TitleCode.Manager","Manager,Engineering & Technical",https://go.zoominfo.com/#/apps/search/person/results?personProfileId=-2082435652,3596b9d3ec1ac161d9d06b19002fc512,etcusa.com
3102509712,Chan,Bennett,P.,,,"Director, Systems Development",759,Information Technology,Director,,(518) 881-1121,bennett.chan@everi.com,,Albany,New York,,United States,11,8/29/2019,369993814,Everi Holdings Inc.,Everi Holdings,www.everi.com,(702) 855-3000,7250 S. Tenaya Way Ste. 100,Las Vegas,Nevada,89113,United States,Business Services General,Industry.bizservice.general,Business Services,Industry.bizservice,469515,Sales.250Mto500M,1250,Employees.1000to4999,73,737,561499,3219,"TitleCode.IT,TitleCodeTop.Business,TitleCode.SoftwareEng,TitleCodeMiddle.Technical,TitleCode.Director,TitleCodeMiddle.Director","Engineering & Technical,Director",https://go.zoominfo.com/#/apps/search/person/results?personProfileId=3102509712,4e0f16f4d2e526bfae79ee1978191b4a,everi.com
2464988120,Trombley,Shad,,,,"Manager, Desktop Support",719,Information Technology,Manager,,(608) 535-8662,strombley@exactsciences.com,,,Wisconsin,,United States,7,6/25/2019,28281783,Exact Sciences Corporation,Exact Sciences,www.exactsciences.com,(608) 284-5700,441 Charmany Dr.,Madison,Wisconsin,53719,United States,Business Services General,Industry.bizservice.general,Business Services,Industry.bizservice,454462,Sales.250Mto500M,1977,Employees.1000to4999,37,87,32541,5417,"TitleCode.IT,TitleCodeTop.Business,TitleCodeMiddle.Manager,TitleCodeMiddle.Technical,TitleCode.Manager","Manager,Engineering & Technical",https://go.zoominfo.com/#/apps/search/person/results?personProfileId=2464988120,b66549f743c35b044bfbebb7dc62a9c2,exactsciences.com
1236200916,Pence,Andrea,,,PMP,"Project Manager, Information Technology",719,Information Technology,Manager,,(608) 800-6452,apence@exactsciences.com,441 Charmany Dr.,Madison,Wisconsin,53719,United States,33,4/26/2019,28281783,Exact Sciences Corporation,Exact Sciences,www.exactsciences.com,(608) 284-5700,441 Charmany Dr.,Madison,Wisconsin,53719,United States,Business Services General,Industry.bizservice.general,Business Services,Industry.bizservice,454462,Sales.250Mto500M,1977,Employees.1000to4999,37,87,32541,5417,"TitleCode.ProjectManagement,TitleCodeMiddle.Manager,TitleCodeTop.Business,TitleCode.IT,TitleCodeMiddle.Operations,TitleCodeMiddle.Technical,TitleCode.Manager","Operations,Manager",https://go.zoominfo.com/#/apps/search/person/results?personProfileId=1236200916,c34059962dedb35a5bcd9acc15085ad8,exactsciences.com
-1453662685,Trainor,Ann,,,,"Senior Manager, HR Systems & Administration",723,Information Technology,Manager,,(608) 535-8611,atrainor@exactsciences.com,441 Charmany Dr.,Madison,Wisconsin,53719,United States,33,3/21/2019,28281783,Exact Sciences Corporation,Exact Sciences,www.exactsciences.com,(608) 284-5700,441 Charmany Dr.,Madison,Wisconsin,53719,United States,Business Services General,Industry.bizservice.general,Business Services,Industry.bizservice,454462,Sales.250Mto500M,1977,Employees.1000to4999,37,87,32541,5417,"TitleCodeMiddle.HR,TitleCodeMiddle.Manager,TitleCodeTop.Business,TitleCode.IT,TitleCode.HR,TitleCodeMiddle.Technical,TitleCode.Manager","Manager,Human Resources",https://go.zoominfo.com/#/apps/search/person/results?personProfileId=-1453662685,ea80cebe21945f889123871f138c4fff,exactsciences.com
2201231275,Kleba,Betsy,,,,"Senior Program Manager, Information Technology (Lab Operations)",723,Operations,Manager,,(608) 733-5401,bkleba@exactsciences.com,441 Charmany Dr.,Madison,Wisconsin,53719,United States,3,3/21/2019,28281783,Exact Sciences Corporation,Exact Sciences,www.exactsciences.com,(608) 284-5700,441 Charmany Dr.,Madison,Wisconsin,53719,United States,Business Services General,Industry.bizservice.general,Business Services,Industry.bizservice,454462,Sales.250Mto500M,1977,Employees.1000to4999,37,87,32541,5417,"TitleCodeMiddle.Administration,TitleCodeMiddle.Manager,TitleCodeTop.Professionals,TitleCode.Scientist,TitleCode.Administration,TitleCode.Operations,TitleCodeMiddle.Scientist,TitleCode.IT,TitleCodeTop.Business,TitleCodeMiddle.Operations,TitleCodeMiddle.Technical,TitleCode.Manager","Scientists,Manager",https://go.zoominfo.com/#/apps/search/person/results?personProfileId=2201231275,74c1529a3d8761096f8be6d7d40695f5,exactsciences.com
2060891660,Angibaud,Laurent,,,,"Director, Knee & CAS Systems Engineering",759,Information Technology,Director,,(352) 327-4706,laurent.angibaud@exac.com,2320 Nw 66Th Ct.,Gainesville,Florida,32653,United States,33,10/2/2019,81036941,"Exactech , Inc.",Exatech,www.exac.com,(352) 377-1140,2320 Nw 66Th Ct.,Gainesville,Florida,32653,United States,Medical Devices & Equipment,Industry.mfg.medical,Manufacturing,Industry.mfg,257573,Sales.250Mto500M,830,Employees.500to999,38,384,339,3261,"TitleCode.IT,TitleCodeTop.Business,TitleCode.SoftwareEng,TitleCodeMiddle.Technical,TitleCode.Director,TitleCodeMiddle.Director","Engineering & Technical,Director",https://go.zoominfo.com/#/apps/search/person/results?personProfileId=2060891660,56011ef450eb7661732634e901c2fd97,exac.com
1441121795,Lantz,Gary A,,Mr.,,Director of Systems Engineering,759,Information Technology,Director,,,gary.lantz@firefly.com,1320 Arrow Point Dr.,Cedar Park,Texas,78613,United States,72,11/13/2019,362010431,Firefly Aerospace Inc,Firefly Aerospace,firefly.com,(512) 234-3700,1320 Arrow Point Dr.,Cedar Park,Texas,78613,United States,Aerospace & Defense,Industry.mfg.aerospace,Manufacturing,Industry.mfg,61580,Sales.50Mto100M,240,Employees.100to249,37,376,336415,336414,"TitleCode.IT,TitleCodeTop.Business,TitleCode.SoftwareEng,TitleCodeMiddle.Technical,TitleCode.Director,TitleCodeMiddle.Director","Engineering & Technical,Director",https://go.zoominfo.com/#/apps/search/person/results?personProfileId=1441121795,67f927d804e7e3516bf451673b39f382,firefly.com
1655158636,Namoca,Ceazar,,,,"Manager, Information Technology",719,Information Technology,Manager,,(760) 448-4350,ceazar.namoca@genmarkdx.com,5964 La Pl. Ct.,Carlsbad,California,92008,United States,19,11/15/2019,357100706,GenMark Diagnostics Inc,GenMark,www.genmarkdx.com,(760) 448-4300,5964 La Pl. Ct.,Carlsbad,California,92008,United States,Medical Devices & Equipment,Industry.mfg.medical,Manufacturing,Industry.mfg,70759,Sales.50Mto100M,477,Employees.250to499,38,384,42345,339,"TitleCode.IT,TitleCodeTop.Business,TitleCodeMiddle.Manager,TitleCodeMiddle.Technical,TitleCode.Manager","Manager,Engineering & Technical",https://go.zoominfo.com/#/apps/search/person/results?personProfileId=1655158636,8421e72872e9dd561af0fed2a5531f51,genmarkdx.com
-1320684332,Savinof,Leo,,,,"Manager, Information Technology & Facilities",719,Facilities,Manager,,,lsavinof@genomichealth.com,101 Galveston Dr.,Redwood City,California,94063,United States,4,3/21/2019,42159481,Genomic Health Inc,Genomic,www.genomichealth.com,(650) 556-9300,301 PENOBSCOT Dr.,Redwood City,California,94063,United States,Business Services General,Industry.bizservice.general,Business Services,Industry.bizservice,394111,Sales.250Mto500M,829,Employees.500to999,87,873,32541,5417,"TitleCode.Facilities,TitleCodeMiddle.Manager,TitleCodeTop.Business,TitleCode.IT,TitleCodeMiddle.Operations,TitleCodeMiddle.Technical,TitleCode.Manager","Operations,Manager",https://go.zoominfo.com/#/apps/search/person/results?personProfileId=-1320684332,3340d47b15cd8e5788140069246f7754,genomichealth.com
1656680585,Robinson,Marc,,,,"Manager, Help Desk & PC Support",719,Information Technology,Manager,,(336) 315-2550,marc.robinson@gilbarco.com,7300 West Friendly Ave.,Greensboro,North Carolina,27420,United States,44,7/23/2019,49958939,Gilbarco Veeder-Root Inc,Gilbarco,www.gilbarco.com,(336) 547-5000,7300 West Friendly Ave.,Greensboro,North Carolina,27420,United States,Industrial Machinery & Equipment,Industry.mfg.industrialmachinery,Manufacturing,Industry.mfg,250000,Sales.250Mto500M,4000,Employees.1000to4999,35,358,3339,333,"TitleCodeMiddle.Manager,TitleCodeTop.Business,TitleCode.IT,TitleCodeMiddle.Operations,TitleCode.CustomerRel,TitleCodeMiddle.Technical,TitleCode.Manager","Operations,Manager",https://go.zoominfo.com/#/apps/search/person/results?personProfileId=1656680585,745d045f3eb138e91e4ead34c8017a7b,gilbarco.com
1622339153,Ainsworth,Ed,,,,"Director, Information Technology Network & Web Development",759,Information Technology,Director,,(856) 552-3772,eainsworth@globalfurnituregroup.com,,,New Jersey,,United States,44,11/13/2019,345261571,Global Furniture Group,Global Furniture Group,www.globalfurnituregroup.com,(856) 596-3390,17 West Stow Rd.,Marlton,New Jersey,8053,United States,Furniture,Industry.mfg.furniture,Manufacturing,Industry.mfg,68674,Sales.50Mto100M,348,Employees.250to499,67,671,5511,55,"TitleCodeMiddle.Director,TitleCodeTop.Business,TitleCode.IT,TitleCode.Web,TitleCode.SoftwareEng,TitleCodeMiddle.Technical,TitleCode.Director","Engineering & Technical,Director",https://go.zoominfo.com/#/apps/search/person/results?personProfileId=1622339153,eb6cf0b4a0a894705eb3b5389fadc868,globalfurnituregroup.com
1618888997,White,Adam,S.,,,"Director, Information Technology",759,Information Technology,Director,,(856) 596-3390 ext. 2236,awhite@globalfurnituregroup.com,17 West Stow Rd.,Marlton,New Jersey,8053,United States,27,11/1/2019,345261571,Global Furniture Group,Global Furniture Group,www.globalfurnituregroup.com,(856) 596-3390,17 West Stow Rd.,Marlton,New Jersey,8053,United States,Furniture,Industry.mfg.furniture,Manufacturing,Industry.mfg,68674,Sales.50Mto100M,348,Employees.250to499,67,671,5511,55,"TitleCode.IT,TitleCodeTop.Business,TitleCodeMiddle.Technical,TitleCode.Director,TitleCodeMiddle.Director","Engineering & Technical,Director",https://go.zoominfo.com/#/apps/search/person/results?personProfileId=1618888997,6a27d1318a50a12b7da1eafdd1b86a9b,globalfurnituregroup.com
-1795877431,Kirkbride,Tara,,,,"Manager, Information Technology",719,Information Technology,Manager,,(330) 255-6267,kirkbridet@gojo.com,One Gojo Plz. Ste. 500,Akron,Ohio,44311,United States,9,11/15/2019,16286312,GOJO Industries Inc,GOJO Industries,www.gojo.com,(330) 255-6000,One Gojo Plz. Ste. 500,Akron,Ohio,44311,United States,Chemicals,Industry.mfg.chemicals.chemicals,Cleaning Products,Industry.mfg.consumer.cleaning,286000,Sales.250Mto500M,2000,Employees.1000to4999,28,284,325611,325612,"TitleCode.IT,TitleCodeTop.Business,TitleCodeMiddle.Manager,TitleCodeMiddle.Technical,TitleCode.Manager","Manager,Engineering & Technical",https://go.zoominfo.com/#/apps/search/person/results?personProfileId=-1795877431,b9302c7450902c07e12023a9fe0cd4e1,gojo.com
1455805713,Preston,Perry,,,,"Director, Information Systems",759,Information Technology,Director,,(812) 265-8290,perry.preston@grote.com,2600 Lanier Dr.,Madison,Indiana,47250,United States,35,8/30/2019,16810346,Grote Industries Inc,Grote,www.grote.com,(812) 273-1296,2600 Lanier Dr.,Madison,Indiana,47250,United States,Motor Vehicle Parts,Industry.mfg.carparts,Manufacturing,Industry.mfg,129673,Sales.100MMto250M,1680,Employees.1000to4999,32,323,336321,327,"TitleCode.IT,TitleCodeTop.Business,TitleCodeMiddle.Technical,TitleCode.Director,TitleCodeMiddle.Director","Engineering & Technical,Director",https://go.zoominfo.com/#/apps/search/person/results?personProfileId=1455805713,b550b8217bd0e0851dbb0cda8e211736,grote.com
1359140379,Martyniak,Katie,J.,,,"Director, Information Technology",759,Information Technology,Director,,(860) 430-5134,katie.martyniak@habco.biz,172 Oak St.,Glastonbury,Connecticut,6033,United States,27,11/15/2019,33082009,HABCO Inc,HABCO,www.habco.biz,(860) 682-6800,172 Oak St.,Glastonbury,Connecticut,6033,United States,Test & Measurement Equipment,Industry.mfg.testequipment,Manufacturing,Industry.mfg,5000,Sales.5Mto10M,61,Employees.50to99,38,382,334519,33451,"TitleCode.IT,TitleCodeTop.Business,TitleCodeMiddle.Technical,TitleCode.Director,TitleCodeMiddle.Director","Engineering & Technical,Director",https://go.zoominfo.com/#/apps/search/person/results?personProfileId=1359140379,9f572d3b92072ae7d6f96e33d195fde3,habco.biz
1250909225,Elton,Mark,David,,,"Team Manager, Systems Development",719,Information Technology,Manager,,(262) 513-4270,mark.elton@huscointl.com,2239 PEWAUKEE Rd.,Waukesha,Wisconsin,53188,United States,13,8/22/2019,40864563,HUSCO International Inc,HUSCO,www.husco.com,(262) 513-4200,2239 PEWAUKEE Rd.,Waukesha,Wisconsin,53188,United States,Plumbing & HVAC Equipment,Industry.mfg.building.plumbing,Building Materials,Industry.mfg.building,300000,Sales.250Mto500M,1500,Employees.1000to4999,34,349,33291,332912,"TitleCode.IT,TitleCodeTop.Business,TitleCodeMiddle.Manager,TitleCode.SoftwareEng,TitleCodeMiddle.Technical,TitleCode.Manager","Manager,Engineering & Technical",https://go.zoominfo.com/#/apps/search/person/results?personProfileId=1250909225,9a15dd90e828cefd4b1e5791d608d166,huscointl.com
1904735178,Arella,Srinivas,,,,"Director, Information Technology",759,Information Technology,Director,,(212) 293-8563,sarella@iconixbrand.com,"1450 Broadway, 4th Fl.",New York City,New York,10018,United States,22,11/16/2019,60607923,Iconix Brand Group Inc,Iconix Brand,www.iconixbrand.com,(212) 730-0030,"1450 Broadway, 4th Fl.",New York City,New York,10018,United States,Apparel & Accessories Retail,Industry.retail.clothes,Retail,Industry.retail,187689,Sales.100MMto250M,122,Employees.100to249,23,232,316110,316,"TitleCode.IT,TitleCodeTop.Business,TitleCodeMiddle.Technical,TitleCode.Director,TitleCodeMiddle.Director","Engineering & Technical,Director",https://go.zoominfo.com/#/apps/search/person/results?personProfileId=1904735178,985f5c5870d08f24cec9644ac23fdf22,iconixbrand.com
-1539374347,Hall,Roger,,,,"Director, Information Technology",759,Information Technology,Director,,(302) 335-5369,hall@ilcdover.com,One Moonwalker Rd.,Frederica,Delaware,19946,United States,9,11/15/2019,41585561,ILC Dover LP,ILC Dover,www.ilcdover.com,(302) 335-3911,One Moonwalker Rd.,Frederica,Delaware,19946,United States,Industrial Machinery & Equipment,Industry.mfg.industrialmachinery,Metals & Minerals,Industry.mm.metals,41000,Sales.25Mto50M,457,Employees.250to499,34,341,33451,332,"TitleCode.IT,TitleCodeTop.Business,TitleCodeMiddle.Technical,TitleCode.Director,TitleCodeMiddle.Director","Engineering & Technical,Director",https://go.zoominfo.com/#/apps/search/person/results?personProfileId=-1539374347,c7eedacaded95938379350812987ce6c,ilcdover.com
1780842070,Pasquarella,Jim,,,,"Director, Information Technology",759,Information Technology,Director,,(203) 924-5933 ext. 7128,jpasquarella@inlineplastics.com,42 Canal St.,Shelton,Connecticut,6484,United States,27,9/6/2019,51415578,Inline Plastics Corp.,Inline Plastics,www.inlineplastics.com,(203) 924-5933,42 Canal St.,Shelton,Connecticut,6484,United States,"Plastic, Packaging & Containers",Industry.mfg.plastic,Manufacturing,Industry.mfg,71060,Sales.50Mto100M,1000,Employees.1000to4999,30,308,56191,48,"TitleCode.IT,TitleCodeTop.Business,TitleCodeMiddle.Technical,TitleCode.Director,TitleCodeMiddle.Director","Engineering & Technical,Director",https://go.zoominfo.com/#/apps/search/person/results?personProfileId=1780842070,049ffccd3a0afdb0fc3a145bc0a0b204,inlineplastics.com
3173851511,Mick,Chuck,,,,"Director, Information Technology",759,Information Technology,Director,,(734) 944-9747,cmick@jacprod.com,,,Michigan,,United States,6,9/26/2019,51333016,JAC Products Inc,JAC Products,www.jacproducts.com,(248) 874-1800,3937 Campus Dr.,Pontiac,Michigan,48341,United States,Building Materials,Industry.mfg.building,Manufacturing,Industry.mfg,250000,Sales.250Mto500M,2500,Employees.1000to4999,34,342,33251,5511,"TitleCode.IT,TitleCodeTop.Business,TitleCodeMiddle.Technical,TitleCode.Director,TitleCodeMiddle.Director","Engineering & Technical,Director",https://go.zoominfo.com/#/apps/search/person/results?personProfileId=3173851511,3700b927a8aef3ec88c0eecd4c6d1d4b,jacprod.com
2865126938,Mader,Shannon,K.,,,"Project Manager, Information Technology",719,Information Technology,Manager,,,smader@k2m.com,600 HOPE Pkwy. SE,Leesburg,Virginia,20175,United States,9,5/30/2019,56250998,"K2M Group Holdings , Inc.",K2M,www.k2m.com,(703) 777-3155,600 HOPE Pkwy. SE,Leesburg,Virginia,20175,United States,Medical Devices & Equipment,Industry.mfg.medical,Manufacturing,Industry.mfg,258000,Sales.250Mto500M,484,Employees.250to499,38,67,45399,339,"TitleCode.ProjectManagement,TitleCodeMiddle.Manager,TitleCodeTop.Business,TitleCode.IT,TitleCodeMiddle.Operations,TitleCodeMiddle.Technical,TitleCode.Manager","Operations,Manager",https://go.zoominfo.com/#/apps/search/person/results?personProfileId=2865126938,2f891cdf344d60db49f68e2ca5274f16,k2m.com
1834012345,Shune,Andrew,,,,"Systems Architecture, Integration Director, Electrical Engineering",759,Information Technology,Director,,(949) 416-8456,ashune@karmaautomotive.com,9950 Jeronimo Rd.,Irvine,California,92618,United States,39,11/11/2019,372019330,Karma Automotive LLC,Karma Automotivve,www.karmaautomotive.com,(714) 723-3474,9950 Jeronimo Rd.,Irvine,California,92618,United States,Motor Vehicle Parts,Industry.mfg.carparts,Manufacturing,Industry.mfg,26000,Sales.25Mto50M,1000,Employees.1000to4999,37,371,336111,33611,"TitleCodeMiddle.Director,TitleCodeTop.Business,TitleCode.IT,TitleCode.HardwareEng,TitleCode.SoftwareEng,TitleCodeMiddle.Technical,TitleCode.Director","Engineering & Technical,Director",https://go.zoominfo.com/#/apps/search/person/results?personProfileId=1834012345,61916869457cb6130525bef510957949,karmaautomotive.com
1446320880,Nolan,Mike,,,,"Senior Manager, Network Development",723,Information Technology,Manager,,(657) 234-8783,mnolan@karmaautomotive.com,9950 Jeronimo Rd.,Irvine,California,92618,United States,56,4/11/2019,372019330,Karma Automotive LLC,Karma Automotivve,www.karmaautomotive.com,(714) 723-3474,9950 Jeronimo Rd.,Irvine,California,92618,United States,Motor Vehicle Parts,Industry.mfg.carparts,Manufacturing,Industry.mfg,26000,Sales.25Mto50M,1000,Employees.1000to4999,37,371,336111,33611,"TitleCode.IT,TitleCodeTop.Business,TitleCodeMiddle.Manager,TitleCodeMiddle.Technical,TitleCode.Manager","Manager,Engineering & Technical",https://go.zoominfo.com/#/apps/search/person/results?personProfileId=1446320880,4da1fd616256282d844bf66ca58701f7,karmaautomotive.com
1820869158,Harshbarger,Phillip,,,,"IT Director, Research & Development",759,Information Technology,Director,,(301) 354-2684,harshbargerp@macrogenics.com,9704 MEDICAL CENTER Dr.,Rockville,Maryland,20850,United States,47,11/7/2019,51873117,MacroGenics Inc,MacroGenics,www.macrogenics.com,(301) 251-5172,9704 MEDICAL CENTER Dr.,Rockville,Maryland,20850,United States,Drug Manufacturing & Research,Industry.healthcare.pharmaceuticals.drugs,Pharmaceuticals,Industry.healthcare.pharmaceuticals,60121,Sales.50Mto100M,364,Employees.250to499,37,28,32541,5417,"TitleCodeTop.Professionals,TitleCode.Scientist,TitleCodeMiddle.Director,TitleCodeMiddle.Scientist,TitleCodeTop.Business,TitleCode.IT,TitleCodeMiddle.Technical,TitleCode.Director","Scientists,Director",https://go.zoominfo.com/#/apps/search/person/results?personProfileId=1820869158,e83254625869ca8f973de7405324a76f,macrogenics.com
1491606300,Brumbaugh,Kevin,,,,"Director, Information Security",759,Information Technology,Director,,(301) 354-2608,kevinb@macrogenics.com,9704 MEDICAL CENTER Dr.,Rockville,Maryland,20850,United States,57,8/7/2019,51873117,MacroGenics Inc,MacroGenics,www.macrogenics.com,(301) 251-5172,9704 MEDICAL CENTER Dr.,Rockville,Maryland,20850,United States,Drug Manufacturing & Research,Industry.healthcare.pharmaceuticals.drugs,Pharmaceuticals,Industry.healthcare.pharmaceuticals,60121,Sales.50Mto100M,364,Employees.250to499,37,28,32541,5417,"TitleCode.IT,TitleCodeTop.Business,TitleCodeMiddle.Technical,TitleCode.Director,TitleCodeMiddle.Director","Engineering & Technical,Director",https://go.zoominfo.com/#/apps/search/person/results?personProfileId=1491606300,f3d1805736b3feabcc25d1800c549ee1,macrogenics.com
-1029684997,Young,Adam,,,,"Supervisor, Information Technology Eclectic",649,Information Technology,Manager,,(334) 541-5803 ext. 5330,ayoung@madixinc.com,500 Madix Dr.,Eclectic,Alabama,36024,United States,6,4/23/2019,54871530,Madix Inc,Madix,www.madixinc.com,(214) 515-5400,500 Airport Rd.,Terrell,Texas,75160,United States,Household Goods,Industry.mfg.consumer.household,"Lumber, Wood Production & Timber Operations",Industry.mfg.building.lumber,300000,Sales.250Mto500M,1200,Employees.1000to4999,25,254,337215,444,"TitleCode.IT,TitleCodeTop.Business,TitleCodeMiddle.Manager,TitleCodeMiddle.Technical,TitleCode.Manager","Manager,Engineering & Technical",https://go.zoominfo.com/#/apps/search/person/results?personProfileId=-1029684997,a92323da141e324e728b3ef546528407,madixinc.com
1223689098,Hanna,Bryan,S.,,,"Supervisor, Information Technology",649,Information Technology,Manager,,(256) 839-6354 ext. 12287,bhanna@madixinc.com,20984 Hwy. 9,Goodwater,Alabama,35072,United States,15,4/23/2019,54871530,Madix Inc,Madix,www.madixinc.com,(214) 515-5400,500 Airport Rd.,Terrell,Texas,75160,United States,Household Goods,Industry.mfg.consumer.household,"Lumber, Wood Production & Timber Operations",Industry.mfg.building.lumber,300000,Sales.250Mto500M,1200,Employees.1000to4999,25,254,337215,444,"TitleCode.IT,TitleCodeTop.Business,TitleCodeMiddle.Manager,TitleCodeMiddle.Technical,TitleCode.Manager","Manager,Engineering & Technical",https://go.zoominfo.com/#/apps/search/person/results?personProfileId=1223689098,e7b8e87a1e51214e00805f858e4c017b,madixinc.com
-2048446511,Escalante,Angela,,,,"System Administrator & Manager, Data",719,Information Technology,Manager,,,aescalante@mag-ds.com,,Houston,Texas,,United States,6,4/11/2019,347622964,MAG Aerospace,MAG Aerospace,www.magaero.com,(703) 376-8993,"12730 Fair Lakes Circle, Ste. 600",Fairfax,Virginia,22033,United States,Aerospace & Defense,Industry.mfg.aerospace,Manufacturing,Industry.mfg,200000,Sales.100MMto250M,1300,Employees.1000to4999,37,376,336419,5191,"TitleCode.IT,TitleCodeTop.Business,TitleCodeMiddle.Manager,TitleCode.Technical,TitleCodeMiddle.Technical,TitleCode.Manager","Manager,Engineering & Technical",https://go.zoominfo.com/#/apps/search/person/results?personProfileId=-2048446511,10b1a0b432ad091a3c179bbfeda92dd2,mag-ds.com
1659665205,Setterberg,Mikael,,,,Director of System Development,759,Information Technology,Director,,(858) 503-3410,msetterberg@maxwell.com,3888 Calle Fortunada,San Diego,California,92123,United States,48,8/30/2019,64129825,Maxwell Technologies Inc,Maxwell Technologies,www.maxwell.com,(858) 503-3300,3888 Calle Fortunada,San Diego,California,92123,United States,Electronic Components,Industry.mfg.electronics.electronics,Electronics,Industry.mfg.electronics,90459,Sales.50Mto100M,367,Employees.250to499,36,367,334419,55,"TitleCode.IT,TitleCodeTop.Business,TitleCode.SoftwareEng,TitleCodeMiddle.Technical,TitleCode.Director,TitleCodeMiddle.Director","Engineering & Technical,Director",https://go.zoominfo.com/#/apps/search/person/results?personProfileId=1659665205,4342728911237cf8e89ac7d350a56e57,maxwell.com
1454125770,Mast,Cliff,,,,"Director, Network Services",759,Information Technology,Director,,(419) 784-5332 ext. 4396,cliff.mast@mecinc.com,21 Seneca St.,Defiance,Ohio,43512,United States,52,11/7/2019,24118157,Mayville Engineering Company Inc,MEC,www.mecinc.com,(920) 387-4500,715 SOUTH St.,Mayville,Wisconsin,53050,United States,"Miscellaneous Building Materials (Flooring, Cabinets, etc.)",Industry.mfg.building.other,Building Materials,Industry.mfg.building,354526,Sales.250Mto500M,3100,Employees.1000to4999,34,346,332119,3321,"TitleCode.IT,TitleCodeTop.Business,TitleCodeMiddle.Technical,TitleCode.Director,TitleCodeMiddle.Director","Engineering & Technical,Director",https://go.zoominfo.com/#/apps/search/person/results?personProfileId=1454125770,5063b2b18d2588f8481bb0461e343cc3,mecinc.com
1112346501,Ferguson,Robert,A.,,,Network Administrator & Help Desk Supervisor,649,Information Technology,Manager,,(828) 632-9200 ext. 1329,robert.ferguson@mgbwhome.com,135 One Comfortable Pl.,Taylorsville,North Carolina,28681,United States,44,9/18/2019,25248014,Mitchell Gold + Bob Williams Limited,MGBW,www.mgbwhome.com,(828) 632-9200,135 One Comfortable Pl.,Taylorsville,North Carolina,28681,United States,Furniture,Industry.mfg.furniture,Manufacturing,Industry.mfg,157892,Sales.100MMto250M,800,Employees.500to999,25,251,4421,33712,"TitleCodeMiddle.Manager,TitleCodeTop.Business,TitleCode.IT,TitleCodeMiddle.Operations,TitleCode.CustomerRel,TitleCodeMiddle.Technical,TitleCode.Manager","Operations,Manager",https://go.zoominfo.com/#/apps/search/person/results?personProfileId=1112346501,0ea46997b68136babed5c76475708080,mgbwhome.com
1597879575,King,Al,,,,"Director, Information Technology",759,Information Technology,Director,,,aking@moen.com,25300 Al Moen Dr.,North Olmsted,Ohio,44070,United States,44,11/15/2019,25363346,Moen Incorporated,Moen,www.moen.com,(440) 962-2000,25300 Al Moen Dr.,North Olmsted,Ohio,44070,United States,Building Materials,Industry.mfg.building,Manufacturing,Industry.mfg,100000,Sales.100MMto250M,2500,Employees.1000to4999,34,342,23822,332,"TitleCode.IT,TitleCodeTop.Business,TitleCodeMiddle.Technical,TitleCode.Director,TitleCodeMiddle.Director","Engineering & Technical,Director",https://go.zoominfo.com/#/apps/search/person/results?personProfileId=1597879575,a2abbc090c5fb532b308b03ba633f555,moen.com
2207586423,Hill,Patrick,S.,,,Team Lead Process Systems Engineering & Project Manager,719,Information Technology,Manager,,(860) 747-6333 ext. 3084,phill@mottcorp.com,75 SPRING Ln.,Farmington,Connecticut,6032,United States,18,6/26/2019,25690330,Mott Corporation,Mott,www.mottcorp.com,(860) 747-6333,75 Spring Ln.,Farmington,Connecticut,6032,United States,Medical Devices & Equipment,Industry.mfg.medical,Manufacturing,Industry.mfg,31000,Sales.25Mto50M,116,Employees.100to249,38,384,33399,333999,"TitleCode.ProjectManagement,TitleCodeMiddle.Manager,TitleCodeTop.Business,TitleCode.IT,TitleCodeMiddle.Operations,TitleCode.SoftwareEng,TitleCodeMiddle.Technical,TitleCode.Manager","Operations,Manager",https://go.zoominfo.com/#/apps/search/person/results?personProfileId=2207586423,04c94867552ac2b04ddb31628ae5f67b,mottcorp.com
-1210346978,Givens,Jim,,,,Hardware Systems Engineering & Manager,719,Information Technology,Manager,,(541) 322-2544,jgivens@nanometrics.com,1320 SE Armour Rd. Ste. B-2,Bend,Oregon,97702,United States,9,5/1/2018,39142558,Nanometrics Incorporated,Nanometrics,www.nanometrics.com,(408) 545-6000,1550 BUCKEYE Dr.,Milpitas,California,95035,United States,Test & Measurement Equipment,Industry.mfg.testequipment,Manufacturing,Industry.mfg,324523,Sales.250Mto500M,701,Employees.500to999,38,382,811,333242,"TitleCodeMiddle.Manager,TitleCodeTop.Business,TitleCode.IT,TitleCode.HardwareEng,TitleCode.SoftwareEng,TitleCodeMiddle.Technical,TitleCode.Manager","Manager,Engineering & Technical",https://go.zoominfo.com/#/apps/search/person/results?personProfileId=-1210346978,991f2c3cffd05453743a909c1b1ef3d5,nanometrics.com
-1801974263,Stoilov,Valentin,,,,Head of Information Technology,770,Information Technology,Director,,(818) 728-5247,vstoilov@natcem.com,"15821 Ventura Blvd., Ste. 475",Encino,California,91436,United States,13,12/14/2018,50418707,National Cement Company,National Cement,www.nationalcement.com,(205) 423-2600,2000 A SOUTHBRIDGE Pkwy. Ste. 610,Birmingham,Alabama,35209,United States,"Aggregates, Concrete & Cement",Industry.mfg.building.concrete,Building Materials,Industry.mfg.building,447240,Sales.250Mto500M,1200,Employees.1000to4999,32,324,327,3273,"TitleCode.IT,TitleCodeTop.Business,TitleCodeMiddle.Technical,TitleCode.Director,TitleCodeMiddle.Director","Engineering & Technical,Director",https://go.zoominfo.com/#/apps/search/person/results?personProfileId=-1801974263,94467bc7f8e68118de86ff27a4448802,natcem.com
2051862761,Kontak,Daniel,,,,"Manager, Information Technology",719,Information Technology,Manager,,(419) 443-2121,dkontak@nationalmachinery.com,161 Greenfield St.,Tiffin,Ohio,44883,United States,30,10/22/2019,59098018,National Machinery LLC,National Machinery,www.nationalmachinery.com,(419) 447-5211,161 Greenfield St.,Tiffin,Ohio,44883,United States,Industrial Machinery & Equipment,Industry.mfg.industrialmachinery,Manufacturing,Industry.mfg,28420,Sales.25Mto50M,144,Employees.100to249,35,354,333513,333,"TitleCode.IT,TitleCodeTop.Business,TitleCodeMiddle.Manager,TitleCodeMiddle.Technical,TitleCode.Manager","Manager,Engineering & Technical",https://go.zoominfo.com/#/apps/search/person/results?personProfileId=2051862761,097b825fab46dc15438df7b47f510eaf,nationalmachinery.com
-2071047885,Kelly,Patrick,,,,"Director, Information Systems Management",759,Information Technology,Director,,(317) 257-6050 ext. 1122,pkelly@nexusvalve.com,9982 E. 121st St.,Fishers,Indiana,46037,United States,17,11/7/2019,73156069,Nexus Valve Inc,Nexus Valve,www.nexusvalve.com,(317) 257-6050,9982 E. 121st St.,Fishers,Indiana,46037,United States,Industrial Machinery & Equipment,Industry.mfg.industrialmachinery,Manufacturing,Industry.mfg,11841,Sales.10Mto25M,60,Employees.50to99,34,349,33291,4237,"TitleCode.IT,TitleCodeTop.Business,TitleCode.SoftwareEng,TitleCodeMiddle.Technical,TitleCode.Director,TitleCodeMiddle.Director","Engineering & Technical,Director",https://go.zoominfo.com/#/apps/search/person/results?personProfileId=-2071047885,be22460956bc68e3f4e8f7616a182c78,nexusvalve.com
1433601482,Hathaway,Thomas,D.,,,"Manager, Information Technology",719,Information Technology,Manager,,(623) 210-8080,thathaway@oakcraft.com,7733 WEST OLIVE Ave.,Peoria,Arizona,85345,United States,27,11/16/2019,83624816,"OakCraft, Inc.",OakCraft,www.oakcraft.com,(623) 412-1901,7733 WEST OLIVE Ave.,Peoria,Arizona,85345,United States,"Lumber, Wood Production & Timber Operations",Industry.mfg.building.lumber,"Miscellaneous Building Materials (Flooring, Cabinets, etc.)",Industry.mfg.building.other,20328,Sales.10Mto25M,103,Employees.100to249,24,243,444,44,"TitleCode.IT,TitleCodeTop.Business,TitleCodeMiddle.Manager,TitleCodeMiddle.Technical,TitleCode.Manager","Manager,Engineering & Technical",https://go.zoominfo.com/#/apps/search/person/results?personProfileId=1433601482,253800e3ec0cf30394cf24b203694513,oakcraft.com
1943396713,Laine,Jonathan,,,,"Manager, Optical & Systems Engineering",719,Information Technology,Manager,,(603) 296-0469 ext. 108,jonathan.laine@optics1.com,2 Cooper Ln.,Bedford,New Hampshire,3110,United States,16,11/15/2019,85378136,Optics 1 Inc,Optics 1,www.optics1.com,(603) 296-0469,2 Cooper Ln.,Bedford,New Hampshire,3110,United States,Photographic & Optical Equipment,Industry.mfg.consumer.photo,Consumer Goods,Industry.mfg.consumer,30830,Sales.25Mto50M,113,Employees.100to249,38,382,333314,333,"TitleCode.IT,TitleCodeTop.Business,TitleCodeMiddle.Manager,TitleCode.SoftwareEng,TitleCodeMiddle.Technical,TitleCode.Manager","Manager,Engineering & Technical",https://go.zoominfo.com/#/apps/search/person/results?personProfileId=1943396713,aac68c44231ef733a65f17d8dbbcf957,optics1.com
-2035675073,Stratton,Lisa,,,,"Manager, Information Technology",719,Information Technology,Manager,,(254) 742-9042,lisaes@panelspec.com,3115 Range Rd.,Temple,Texas,76504,United States,12,11/13/2019,68616751,Panel Specialists Inc,Panel Specialists,www.panelspec.com,(254) 774-9800,3115 Range Rd.,Temple,Texas,76504,United States,Furniture,Industry.mfg.furniture,Manufacturing,Industry.mfg,11841,Sales.10Mto25M,60,Employees.50to99,25,253,48,33712,"TitleCode.IT,TitleCodeTop.Business,TitleCodeMiddle.Manager,TitleCodeMiddle.Technical,TitleCode.Manager","Manager,Engineering & Technical",https://go.zoominfo.com/#/apps/search/person/results?personProfileId=-2035675073,3b9b987f2b6db9d36ebd30474d64e97c,panelspec.com
1638917499,Miller,Russell,,,,"Supervisor, Help Desk",649,Information Technology,Manager,,(315) 743-8960,russell_miller@partech.com,8383 SENECA TURNPIKE,New Hartford,New York,13413,United States,28,11/8/2019,29705096,PAR Technology Corporation,PAR Technology,www.partech.com,(315) 738-0600,8383 SENECA TURNPIKE,New Hartford,New York,13413,United States,Software Development & Design,Industry.software.mfg,Software,Industry.software,201246,Sales.100MMto250M,1000,Employees.1000to4999,35,73,339,5415,"TitleCodeMiddle.Manager,TitleCodeTop.Business,TitleCode.IT,TitleCodeMiddle.Operations,TitleCode.CustomerRel,TitleCodeMiddle.Technical,TitleCode.Manager","Operations,Manager",https://go.zoominfo.com/#/apps/search/person/results?personProfileId=1638917499,9d09d87e4aebbdff838de06f3083036e,partech.com
-1396678807,Lane,Ray,,,,"Supervisor, Help Desk",649,Information Technology,Manager,,(720) 649-4741,ray_lane@partech.com,2511 55th St.,Boulder,Colorado,80301,United States,9,8/6/2019,29705096,PAR Technology Corporation,PAR Technology,www.partech.com,(315) 738-0600,8383 SENECA TURNPIKE,New Hartford,New York,13413,United States,Software Development & Design,Industry.software.mfg,Software,Industry.software,201246,Sales.100MMto250M,1000,Employees.1000to4999,35,73,339,5415,"TitleCodeMiddle.Manager,TitleCodeTop.Business,TitleCode.IT,TitleCodeMiddle.Operations,TitleCode.CustomerRel,TitleCodeMiddle.Technical,TitleCode.Manager","Operations,Manager",https://go.zoominfo.com/#/apps/search/person/results?personProfileId=-1396678807,6c0df524f62ea2f533996c5f3772ae34,partech.com
855156071,Schmitt,Jane,,,,"Project Manager, Information Technology",719,Information Technology,Manager,,(847) 457-2252,jschmitt@pharmedium.com,150 N Field Dr.,Lake Forest,Illinois,60045,United States,18,11/15/2019,39978243,PharMEDium Services LLC,PharMEDium,www.pharmedium.com,(847) 457-2300,150 N Field Dr.,Lake Forest,Illinois,60045,United States,Drug Manufacturing & Research,Industry.healthcare.pharmaceuticals.drugs,Medical Devices & Equipment,Industry.mfg.medical,209000,Sales.100MMto250M,1000,Employees.1000to4999,28,283,56191,32541,"TitleCode.ProjectManagement,TitleCodeMiddle.Manager,TitleCodeTop.Business,TitleCode.IT,TitleCodeMiddle.Operations,TitleCodeMiddle.Technical,TitleCode.Manager","Operations,Manager",https://go.zoominfo.com/#/apps/search/person/results?personProfileId=855156071,62b864a207166566ee052b69904079fe,pharmedium.com
2504511596,Lane,Colin,,,,"Director, Information Technology",759,Information Technology,Director,,,clane@polymem.com,5133 Northeast Pkwy.,Fort Worth,Texas,76106,United States,2,11/15/2019,42077695,PolyMem,PolyMem,www.polymem.com,(817) 900-1301,5133 Northeast Pkwy.,Fort Worth,Texas,76106,United States,Medical Devices & Equipment,Industry.mfg.medical,Manufacturing,Industry.mfg,34657,Sales.25Mto50M,92,Employees.50to99,38,384,339,33,"TitleCode.IT,TitleCodeTop.Business,TitleCodeMiddle.Technical,TitleCode.Director,TitleCodeMiddle.Director","Engineering & Technical,Director",https://go.zoominfo.com/#/apps/search/person/results?personProfileId=2504511596,701ebf7167af74ca47db8f9c25b8d5c4,polymem.com
933028237,Bryan,David,T.,,,"Director, IT Development (Essentra Components)",759,Information Technology,Director,,(773) 290-5549,davidbryan@essentra.com,2543 Millennium Dr.,Elgin,Illinois,60123,United States,44,3/21/2019,30883890,Porex Corporation,Porex,www.porex.com,(770) 964-1421,500 Bohannon Rd.,Fairburn,Georgia,30213,United States,Medical Devices & Equipment,Industry.mfg.medical,Manufacturing,Industry.mfg,138155,Sales.100MMto250M,700,Employees.500to999,30,308,3261,32,"TitleCode.IT,TitleCodeTop.Business,TitleCode.SoftwareEng,TitleCodeMiddle.Technical,TitleCode.Director,TitleCodeMiddle.Director","Engineering & Technical,Director",https://go.zoominfo.com/#/apps/search/person/results?personProfileId=933028237,76fefbad52b4f3478ea50cf46fa89602,essentra.com
1857180046,Mikkelsen,Daniel,R.,,,"Director, Information Technology",759,Information Technology,Director,,,dmikkelsen@powersecure.com,1609 Heritage Commerce Ct.,Wake Forest,North Carolina,27587,United States,51,11/12/2019,31014937,"PowerSecure International , Inc.",PowerSecure,www.powersecure.com,(919) 556-3056,1609 Heritage Commerce Ct.,Wake Forest,North Carolina,27587,United States,Industrial Machinery & Equipment,Industry.mfg.industrialmachinery,Manufacturing,Industry.mfg,469300,Sales.250Mto500M,1001,Employees.1000to4999,35,73,211,237130,"TitleCode.IT,TitleCodeTop.Business,TitleCodeMiddle.Technical,TitleCode.Director,TitleCodeMiddle.Director","Engineering & Technical,Director",https://go.zoominfo.com/#/apps/search/person/results?personProfileId=1857180046,598836179106342616d5340743d3fab4,powersecure.com
1900515018,Masewicz,Marty,,,,"Manager, System Integration",719,Information Technology,Manager,,,mmasewicz@prismview.com,1651 North 10000 West,Logan,Utah,84321,United States,33,10/11/2019,373449901,Prismview LLC,Prismview,www.prismview.com,(435) 774-8800,1651 North 10000 West,Logan,Utah,84321,United States,Electronic Components,Industry.mfg.electronics.electronics,Electronics,Industry.mfg.electronics,70000,Sales.50Mto100M,84,Employees.50to99,36,367,334419,33441,"TitleCode.IT,TitleCodeTop.Business,TitleCodeMiddle.Manager,TitleCodeMiddle.Technical,TitleCode.Manager","Manager,Engineering & Technical",https://go.zoominfo.com/#/apps/search/person/results?personProfileId=1900515018,875d1829b6c37b4bdc5d6d2588b9400f,prismview.com
1082030956,Belknap,Paul,,,,"Manager, Production Information Systems",719,Operations,Manager,,,pbelknap@proponent.com,3120 Enterprise St.,Brea,California,92821,United States,30,11/15/2019,423667865,Proponent,Proponent,www.proponent.com,(714) 223-5400,3120 Enterprise St.,Brea,California,92821,United States,Building Materials,Industry.mfg.building,Manufacturing,Industry.mfg,117655,Sales.100MMto250M,600,Employees.500to999,50,508,423860,33251,"TitleCodeMiddle.Manager,TitleCode.Operations,TitleCodeTop.Business,TitleCode.IT,TitleCodeMiddle.Operations,TitleCodeMiddle.Technical,TitleCode.Manager","Operations,Manager",https://go.zoominfo.com/#/apps/search/person/results?personProfileId=1082030956,f85ff6f24af7861c2ca8fdbd2d6f88b9,proponent.com
-2035860182,Havens,David,,,,"Director, Information Security",759,Information Technology,Director,,(585) 544-0450 ext. 228,dhavens@qvii.com,850 Hudson Ave.,Rochester,New York,14621,United States,27,2/5/2019,73581286,"Quality Vision International , Inc.",Quality Vision International,www.qvii.com,(585) 544-0450,850 Hudson Ave.,Rochester,New York,14621,United States,Test & Measurement Equipment,Industry.mfg.testequipment,Manufacturing,Industry.mfg,100000,Sales.100MMto250M,450,Employees.250to499,38,382,3343,33451,"TitleCode.IT,TitleCodeTop.Business,TitleCodeMiddle.Technical,TitleCode.Director,TitleCodeMiddle.Director","Engineering & Technical,Director",https://go.zoominfo.com/#/apps/search/person/results?personProfileId=-2035860182,dcfe572da44476797e4739f13e8df6b9,qvii.com
1893370869,Auhorn,Torsten,,,,"Senior Project Manager, Information Systems",723,Information Technology,Manager,,(858) 552-7986,tauhorn@quidel.com,12544 HIGH BLUFF Dr. Ste. 200,San Diego,California,92130,United States,14,11/15/2019,31867460,Quidel Corporation,Quidel,www.quidel.com,(858) 552-1100,12544 HIGH BLUFF Dr. Ste. 200,San Diego,California,92130,United States,Medical Testing & Clinical Laboratories,Industry.healthcare.medicaltesting,Healthcare,Industry.healthcare,126500,Sales.100MMto250M,1224,Employees.1000to4999,28,283,32541,339,"TitleCode.ProjectManagement,TitleCodeMiddle.Manager,TitleCodeTop.Business,TitleCode.IT,TitleCodeMiddle.Operations,TitleCodeMiddle.Technical,TitleCode.Manager","Operations,Manager",https://go.zoominfo.com/#/apps/search/person/results?personProfileId=1893370869,6dccf79cefee4acdeae9b253010a9a71,quidel.com
848694435,Akhamlich,Teri,,,,"Comm Systems Associate Director, Information Systems",755,Information Technology,Director,,(858) 646-8088,teri.akhamlich@quidel.com,12544 HIGH BLUFF Dr. Ste. 200,San Diego,California,92130,United States,21,11/3/2019,31867460,Quidel Corporation,Quidel,www.quidel.com,(858) 552-1100,12544 HIGH BLUFF Dr. Ste. 200,San Diego,California,92130,United States,Medical Testing & Clinical Laboratories,Industry.healthcare.medicaltesting,Healthcare,Industry.healthcare,126500,Sales.100MMto250M,1224,Employees.1000to4999,28,283,32541,339,"TitleCodeMiddle.Director,TitleCodeTop.Business,TitleCode.IT,TitleCode.Communications,TitleCodeMiddle.Marketing,TitleCode.SoftwareEng,TitleCodeMiddle.Technical,TitleCode.Director","Marketing,Director",https://go.zoominfo.com/#/apps/search/person/results?personProfileId=848694435,9257c746ff2f90eda3d2ab7c82d1fa23,quidel.com
1636333792,Dominick,Mike,,Mr.,,"Global Senior Director, Information Technology",763,Information Technology,Director,,(989) 619-2977,mike.dominick@ranir.com,4701 East Paris Ave. SE,Grand Rapids,Michigan,49512,United States,63,9/10/2019,80184691,Ranir LLC,Ranir,www.ranir.com,(616) 698-8880,P.O. Box 8877,Grand Rapids,Michigan,49518,United States,Medical Devices & Equipment,Industry.mfg.medical,Manufacturing,Industry.mfg,148023,Sales.100MMto250M,750,Employees.500to999,38,384,339994,339,"TitleCode.IT,TitleCodeTop.Business,TitleCodeMiddle.Technical,TitleCode.Director,TitleCodeMiddle.Director","Engineering & Technical,Director",https://go.zoominfo.com/#/apps/search/person/results?personProfileId=1636333792,3d7e367dadc76b90265e4b470648f0ee,ranir.com
694276024,Wallbank,Tom,,,,"Manager, Information Technology",719,Information Technology,Manager,,(918) 627-8400 ext. 2309,twallbank@ruhrpumpen.com,4501 South 86th East Ave.,Tulsa,Oklahoma,74145,United States,39,10/22/2019,247169303,"Ruhrpumpen, Inc.",Ruhrpumpen,www.ruhrpumpen.com,(918) 627-8400,4501 South 86th East Ave.,Tulsa,Oklahoma,74145,United States,Plumbing & HVAC Equipment,Industry.mfg.building.plumbing,Building Materials,Industry.mfg.building,58191,Sales.50Mto100M,2000,Employees.1000to4999,35,356,5413,3339,"TitleCode.IT,TitleCodeTop.Business,TitleCodeMiddle.Manager,TitleCodeMiddle.Technical,TitleCode.Manager","Manager,Engineering & Technical",https://go.zoominfo.com/#/apps/search/person/results?personProfileId=694276024,d378546f3be065f8ae0d47c0198f68ee,ruhrpumpen.com
459406084,Haverstraw,Dean,,,,"Director, Information Technology",759,Information Technology,Director,,(360) 325-7878,dhaverstraw@samsonrope.com,2090 Thornton St.,Ferndale,Washington,98248,United States,57,11/11/2019,99189101,Samson Rope Technologies Inc,Samson Rope,www.samsonrope.com,(360) 384-4669,2090 Thornton St.,Ferndale,Washington,98248,United States,Textiles & Apparel,Industry.mfg.consumer.clothes,Consumer Goods,Industry.mfg.consumer,65480,Sales.50Mto100M,139,Employees.100to249,22,229,3149,31499,"TitleCode.IT,TitleCodeTop.Business,TitleCodeMiddle.Technical,TitleCode.Director,TitleCodeMiddle.Director","Engineering & Technical,Director",https://go.zoominfo.com/#/apps/search/person/results?personProfileId=459406084,ef30d96b2509c4605c11a286edbb2155,samsonrope.com
-2037256806,Roessler,Mikka,J.,,,"Manager, Information Systems",719,Information Technology,Manager,,(608) 226-8584,mikka.roessler@sanimatic.com,1915 S. Stoughton Rd.,Madison,Wisconsin,53716,United States,12,11/15/2019,33817542,Sani-Matic Inc,Sani-Matic,www.sanimatic.com,(608) 222-5348,1915 S. Stoughton Rd.,Madison,Wisconsin,53716,United States,Industrial Machinery & Equipment,Industry.mfg.industrialmachinery,Manufacturing,Industry.mfg,89346,Sales.50Mto100M,160,Employees.100to249,35,355,333241,33329,"TitleCode.IT,TitleCodeTop.Business,TitleCodeMiddle.Manager,TitleCodeMiddle.Technical,TitleCode.Manager","Manager,Engineering & Technical",https://go.zoominfo.com/#/apps/search/person/results?personProfileId=-2037256806,6d103564b7b8e536db81a0e4bb18d9d3,sanimatic.com
1562548572,DeScisciolo,Thomas,,,,"Senior Director, Solution Architecture",763,Information Technology,Director,,,tdescisciolo@sgt-inc.com,8807 Southwick St.,Fairfax,Virginia,22031,United States,40,7/16/2019,95371598,SGT Inc,SGT,www.sgt-inc.com,(301) 614-8600,7701 Greenbelt Rd.,Greenbelt,Maryland,20770,United States,Software & Technical Consulting,Industry.software.consulting,Software,Industry.software,410946,Sales.250Mto500M,2500,Employees.1000to4999,73,737,5182,541512,"TitleCode.IT,TitleCodeTop.Business,TitleCode.SoftwareEng,TitleCodeMiddle.Technical,TitleCode.Director,TitleCodeMiddle.Director","Engineering & Technical,Director",https://go.zoominfo.com/#/apps/search/person/results?personProfileId=1562548572,a673ca34bdadd166d874e646842d69b3,sgt-inc.com
2710364683,Matthewman,David,,,,"Director, Information Security",759,Information Technology,Director,,,david.matthewman@smiledirectclub.com,414 UNION St.,Nashville,Tennessee,37219,United States,10,8/27/2019,374630775,SmileDirectClub LLC,SmileDirectClub,www.smiledirectclub.com,(800) 848-7566,414 UNION St.,Nashville,Tennessee,37219,United States,Retail General,Industry.retail.general,Medical Devices & Equipment,Industry.mfg.medical,423234,Sales.250Mto500M,5000,Employees.5000to9999,38,384,453,454,"TitleCode.IT,TitleCodeTop.Business,TitleCodeMiddle.Technical,TitleCode.Director,TitleCodeMiddle.Director","Engineering & Technical,Director",https://go.zoominfo.com/#/apps/search/person/results?personProfileId=2710364683,c757a0f26403183393cc2ce3be9c5ac3,smiledirectclub.com
-2128543074,Subaric,Milan,V.,,,"Manager, IT Support",719,Information Technology,Manager,,(702) 835-6426,milan.subaric@sppirx.com,"11500 S. EASTERN Ave., Ste. 240",Henderson,Nevada,89052,United States,28,3/21/2019,112197971,Spectrum Pharmaceuticals Inc,Spetrum Pharmeceuticals,www.sppirx.com,(702) 835-6300,"11500 S. EASTERN Ave., Ste. 240",Henderson,Nevada,89052,United States,Drug Manufacturing & Research,Industry.healthcare.pharmaceuticals.drugs,Pharmaceuticals,Industry.healthcare.pharmaceuticals,109333,Sales.100MMto250M,215,Employees.100to249,37,28,32541,5417,"TitleCode.IT,TitleCodeTop.Business,TitleCodeMiddle.Manager,TitleCodeMiddle.Technical,TitleCode.Manager","Manager,Engineering & Technical",https://go.zoominfo.com/#/apps/search/person/results?personProfileId=-2128543074,4674454a298285d7885608d50da58bce,sppirx.com
73400095,Baumgardner,Greg,,,,"Director, Information Technology",759,Information Technology,Director,,(503) 478-1550,gregb@stimsonlumber.com,520 SW Yamhill St.,Portland,Oregon,97204,United States,71,11/5/2019,36700749,Stimson Lumber Company,Stimson Lumber,www.stimsonlumber.com,(503) 295-0951,520 SW Yamhill St.,Portland,Oregon,97204,United States,"Lumber, Wood Production & Timber Operations",Industry.mfg.building.lumber,Building Materials,Industry.mfg.building,300000,Sales.250Mto500M,750,Employees.500to999,24,241,444,321113,"TitleCode.IT,TitleCodeTop.Business,TitleCodeMiddle.Technical,TitleCode.Director,TitleCodeMiddle.Director","Engineering & Technical,Director",https://go.zoominfo.com/#/apps/search/person/results?personProfileId=73400095,5b6fb7de35eae65fcb478e020590d8b7,stimsonlumber.com
1200416877,Adams,Christopher,,,,"Manager, Human Systems Integration Engineering",719,Information Technology,Manager,,(256) 705-8137 ext. 1042,christopher.adams@stratag-inc.com,"2901 Wall Triana Hwy. SW,# 124",Huntsville,Alabama,35824-1594,United States,60,11/12/2019,351216699,STRATA-G Solutions Inc,STRATA-G,www.stratag-inc.com,(256) 713-0482,4901 GILMER Dr.,Huntsville,Alabama,35805,United States,Aerospace & Defense,Industry.mfg.aerospace,Manufacturing,Industry.mfg,13590,Sales.10Mto25M,204,Employees.100to249,73,737,541511,541,"TitleCode.IT,TitleCodeTop.Business,TitleCode.Engineer,TitleCodeMiddle.Manager,TitleCodeMiddle.Technical,TitleCode.Manager","Manager,Engineering & Technical",https://go.zoominfo.com/#/apps/search/person/results?personProfileId=1200416877,c9ea338e68deb55a7d29fb0361582506,stratag-inc.com
-1870575807,Radu,Tibi,,,,"Director, Information Technology",759,Information Technology,Director,,(248) 573-4980 ext. 3001,tradu@testek.com,28320 Lakeview Dr.,Wixom,Michigan,48393,United States,18,11/12/2019,115982413,Testek Inc,Testek,www.testek.com,(248) 573-4980,28320 Lakeview Dr.,Wixom,Michigan,48393,United States,Test & Measurement Equipment,Industry.mfg.testequipment,Manufacturing,Industry.mfg,75000,Sales.50Mto100M,200,Employees.100to249,382,38,33,3345,"TitleCode.IT,TitleCodeTop.Business,TitleCodeMiddle.Technical,TitleCode.Director,TitleCodeMiddle.Director","Engineering & Technical,Director",https://go.zoominfo.com/#/apps/search/person/results?personProfileId=-1870575807,260bd7698a1406a14d1dcea285a49fb8,testek.com
-1883458890,Peters,Noel,,,,"Director, Information Technology",759,Information Technology,Director,,(231) 944-7149,npeters@oilgear.com,1424 International Dr.,Traverse City,Michigan,49686,United States,21,6/12/2019,28704859,The Oilgear Company,Oilgear,www.oilgear.com,(231) 929-1660,1424 International Dr.,Traverse City,Michigan,49686,United States,Industrial Machinery & Equipment,Industry.mfg.industrialmachinery,Manufacturing,Industry.mfg,150000,Sales.100MMto250M,400,Employees.250to499,35,359,333995,333996,"TitleCode.IT,TitleCodeTop.Business,TitleCodeMiddle.Technical,TitleCode.Director,TitleCodeMiddle.Director","Engineering & Technical,Director",https://go.zoominfo.com/#/apps/search/person/results?personProfileId=-1883458890,797ddcbc975b6a3ee0e66f363af0024e,oilgear.com
-1962006757,Cremer,Michael,,,,Management Information Systems Engineering & Manager,719,Information Technology,Manager,,(330) 684-4073,mcremer@willburt.com,169 S. Main St.,Orrville,Ohio,44667,United States,10,10/24/2019,131531591,The Will-Burt Company,Will-Burt,www.willburt.com,(330) 684-4000,169 S. Main St.,Orrville,Ohio,44667,United States,Industrial Machinery & Equipment,Industry.mfg.industrialmachinery,Manufacturing,Industry.mfg,65938,Sales.50Mto100M,343,Employees.250to499,35,359,444,332999,"TitleCode.IT,TitleCodeTop.Business,TitleCodeMiddle.Manager,TitleCode.SoftwareEng,TitleCodeMiddle.Technical,TitleCode.Manager","Manager,Engineering & Technical",https://go.zoominfo.com/#/apps/search/person/results?personProfileId=-1962006757,13bdd38a431e86235c47aa3c174b9439,willburt.com
1521390302,Chan,Joseph,,,,"Manager, Information Technology",719,Information Technology,Manager,,(408) 347-3400 ext. 1362,jchan@therma.com,1601 Las Plumas Ave.,San Jose,California,95133,United States,50,11/4/2019,345003760,Therma Corporation,Therma,www.therma.com,(408) 347-3400,1601 Las Plumas Ave.,San Jose,California,95133,United States,"Energy, Utilities & Waste Treatment General",Industry.energy.general,Industrial Machinery & Equipment,Industry.mfg.industrialmachinery,100000,Sales.100MMto250M,1000,Employees.1000to4999,16,162,221,237120,"TitleCode.IT,TitleCodeTop.Business,TitleCodeMiddle.Manager,TitleCodeMiddle.Technical,TitleCode.Manager","Manager,Engineering & Technical",https://go.zoominfo.com/#/apps/search/person/results?personProfileId=1521390302,ae13f2fe53668785ff5f587783162cd4,therma.com
3358463661,Liu,Chong,,,,"Supervisor, Information Technology",649,Information Technology,Manager,,,chong.liu@tusimple.ai,9191 Towne Centre Dr. Ste. 600,San Diego,California,92122,United States,1,11/8/2019,398756124,TuSimple,TuSimple,www.tusimple.com,(858) 230-6147,9191 Towne Centre Dr. Ste. 600,San Diego,California,92122,United States,Motor Vehicles,Industry.mfg.car,Manufacturing,Industry.mfg,21739,Sales.10Mto25M,109,Employees.100to249,371,37,33,336,"TitleCode.IT,TitleCodeTop.Business,TitleCodeMiddle.Manager,TitleCodeMiddle.Technical,TitleCode.Manager","Manager,Engineering & Technical",https://go.zoominfo.com/#/apps/search/person/results?personProfileId=3358463661,d8546b3928a396215c2a5c332c9c413f,tusimple.ai
-1874678229,McKeag,Sammie,,,,"Director, Information Technology",759,Information Technology,Director,,(828) 328-5631 ext. 237,sammie.mckeag@vanguardfurniture.com,109 SIMPSON St.,Conover,North Carolina,28613,United States,12,4/12/2019,126386399,Vanguard Furniture,Vanguard,VanguardFurniture.com,(828) 328-5601,109 SIMPSON St.,Conover,North Carolina,28613,United States,Furniture,Industry.mfg.furniture,Manufacturing,Industry.mfg,82670,Sales.50Mto100M,600,Employees.500to999,25,251,33712,3371,"TitleCode.IT,TitleCodeTop.Business,TitleCodeMiddle.Technical,TitleCode.Director,TitleCodeMiddle.Director","Engineering & Technical,Director",https://go.zoominfo.com/#/apps/search/person/results?personProfileId=-1874678229,6c99cabd5c6124318fa48d383ef85806,vanguardfurniture.com
2079844389,Hamilton,Michael,J.,,,"Director, IT Operations & Infrastructure",759,Operations,Director,,(978) 749-3254,mhamilton@vicorpower.com,25 FRONTAGE Rd.,Andover,Massachusetts,1810,United States,30,11/6/2019,153518114,Vicor Corporation,Vicor,www.vicorpower.com,(978) 470-2900,25 FRONTAGE Rd.,Andover,Massachusetts,1810,United States,Electronic Components,Industry.mfg.electronics.electronics,Electronics,Industry.mfg.electronics,228000,Sales.100MMto250M,976,Employees.500to999,36,367,33599,334419,"TitleCode.Operations,TitleCodeMiddle.Director,TitleCodeTop.Business,TitleCode.IT,TitleCodeMiddle.Operations,TitleCodeMiddle.Technical,TitleCode.Director","Operations,Director",https://go.zoominfo.com/#/apps/search/person/results?personProfileId=2079844389,b15e8a0a4d512ece7435e12476dd1e72,vicorpower.com
1812644667,Salato,Maurizio,,Mr.,,"Director, Systems Engineering",759,Information Technology,Director,,(978) 749-3292,msalato@vicorpower.com,25 FRONTAGE Rd.,Andover,Massachusetts,1810,United States,45,11/15/2019,153518114,Vicor Corporation,Vicor,www.vicorpower.com,(978) 470-2900,25 FRONTAGE Rd.,Andover,Massachusetts,1810,United States,Electronic Components,Industry.mfg.electronics.electronics,Electronics,Industry.mfg.electronics,228000,Sales.100MMto250M,976,Employees.500to999,36,367,33599,334419,"TitleCode.IT,TitleCodeTop.Business,TitleCode.SoftwareEng,TitleCodeMiddle.Technical,TitleCode.Director,TitleCodeMiddle.Director","Engineering & Technical,Director",https://go.zoominfo.com/#/apps/search/person/results?personProfileId=1812644667,aea4486e2b0ca388725448ddf96b5ddf,vicorpower.com
-1852144254,Erickson,Sidney,,,,Electronic Communication Systems Analyst & Manager,719,Information Technology,Manager,,(509) 922-1404 ext. 3352,se@wagstaff.com,3910 N Flora Rd.,Spokane,Washington,99216,United States,11,11/6/2019,102957116,Wagstaff Inc,Wagstaff,www.wagstaff.com,(509) 922-1404,3910 N Flora Rd.,Spokane,Washington,99216,United States,Industrial Machinery & Equipment,Industry.mfg.industrialmachinery,Manufacturing,Industry.mfg,105270,Sales.100MMto250M,450,Employees.250to499,35,354,333513,333,"TitleCodeMiddle.Manager,TitleCodeTop.Business,TitleCode.IT,TitleCode.Communications,TitleCodeMiddle.Marketing,TitleCode.SoftwareEng,TitleCodeMiddle.Technical,TitleCode.Manager","Manager,Marketing",https://go.zoominfo.com/#/apps/search/person/results?personProfileId=-1852144254,628c4407671ccda5fdd1ac5e8818108f,wagstaff.com
1436279036,Geilenkirchen,Jeff,,,,IT Project Manager,719,Information Technology,Manager,,(970) 484-1352,jgeilenkirchen@waterpik.com,1730 E Prospect Rd.,Fort Collins,Colorado,80553,United States,36,6/3/2019,129187926,"Water Pik Technologies , Inc.",Water Pik,www.waterpik.com,(970) 221-6130,1730 E Prospect Rd.,Fort Collins,Colorado,80553,United States,Medical Devices & Equipment,Industry.mfg.medical,Manufacturing,Industry.mfg,63500,Sales.50Mto100M,600,Employees.500to999,38,384,339,332,"TitleCode.ProjectManagement,TitleCodeMiddle.Manager,TitleCodeTop.Business,TitleCode.IT,TitleCodeMiddle.Operations,TitleCodeMiddle.Technical,TitleCode.Manager","Operations,Manager",https://go.zoominfo.com/#/apps/search/person/results?personProfileId=1436279036,e188713f9d711c10458946804dd98d89,waterpik.com
-2043632605,Erickson,Mont,,,,"Director, Network Support",759,Information Technology,Director,,(801) 491-2428,merickson@wencor.com,1625 North 1100 West,Springville,Utah,84663,United States,14,3/26/2019,41845170,Wencor Group LLC,Wencor,www.wencor.com,(678) 490-0140,416 Dividend Dr.,Peachtree City,Georgia,30269,United States,Aerospace & Defense,Industry.mfg.aerospace,Manufacturing,Industry.mfg,237010,Sales.100MMto250M,300,Employees.250to499,50,508,423860,5511,"TitleCode.IT,TitleCodeTop.Business,TitleCodeMiddle.Technical,TitleCode.Director,TitleCodeMiddle.Director","Engineering & Technical,Director",https://go.zoominfo.com/#/apps/search/person/results?personProfileId=-2043632605,87a5cbe135cf4c36f1a02f25b016de38,wencor.com
1897148555,Blackburn,Elizabeth,,Dr.,,Director of Systems Engineering,759,Information Technology,Director,,(401) 626-3362,eblackburn@ximedica.com,55 Dupont Dr.,Providence,Rhode Island,2907,United States,35,11/13/2019,229081115,Ximedica LLC,Ximedica,www.ximedica.com,(401) 330-3163,55 Dupont Dr.,Providence,Rhode Island,2907,United States,Medical Devices & Equipment,Industry.mfg.medical,Manufacturing,Industry.mfg,21515,Sales.10Mto25M,110,Employees.100to249,38,384,5416,339,"TitleCode.IT,TitleCodeTop.Business,TitleCode.SoftwareEng,TitleCodeMiddle.Technical,TitleCode.Director,TitleCodeMiddle.Director","Engineering & Technical,Director",https://go.zoominfo.com/#/apps/search/person/results?personProfileId=1897148555,eeba83ad26c5b98ba44006b3faa1044b,ximedica.com
1744668626,Howell,Dennis,,,,"Manager, Databases",719,Information Technology,Manager,,(678) 423-2433,dennis.howell@us.yokogawa.com,2 Dart Rd.,Newnan,Georgia,30265,United States,21,11/7/2019,229867542,Yokogawa Corporation of America,Yokogawa,www.yokogawa.com,(281) 340-3800,12530 West Airport Rd.,Sugar Land,Texas,77478,United States,Industrial Machinery & Equipment,Industry.mfg.industrialmachinery,Test & Measurement Equipment,Industry.mfg.testequipment,157892,Sales.100MMto250M,800,Employees.500to999,38,382,42,33451,"TitleCode.IT,TitleCodeTop.Business,TitleCodeMiddle.Manager,TitleCode.Database,TitleCodeMiddle.Technical,TitleCode.Manager","Manager,Engineering & Technical",https://go.zoominfo.com/#/apps/search/person/results?personProfileId=1744668626,e43fed4a3a24551ea82e6f5374904c89,us.yokogawa.com
