﻿Zoom Individual ID,Last name,First name,Middle name,Salutation,Suffix,Job title,Job title hierarchy level,Job Function,Management Level,Company division name,Direct Phone Number,Email address,Person Street,Person City,Person State,Person Zip,Country,Source count,Last updated date,Zoom company ID,Company name,Marketing Friendly Name,Company domain name,Company phone number,Company Street address,Company City,Company State,Company ZIP/Postal code,Company Country,Industry label,Industry hierarchical category,Secondary industry label,Secondary industry hierarchical category,Revenue (in 000s),Revenue Range,Employees,Employees Range,SIC1,SIC2,NAICS1,NAICS2,TitleCode,Highest Level Job Function,Contact Zoom URL,Encrypted Email Address,Email Domain
1896043391,Graves,Andy,,,,"Senior Sales Manager, Information Technology (Nashville)",723,Information Technology,Manager,,,andy.graves@acistmedical.com,,Nashville,Tennessee,,United States,7,3/21/2019,328391,"ACIST Medical Systems , Inc.",ACIST,www.acist.com,(952) 995-9300,7905 Fuller Rd.,Eden Prairie,Minnesota,55344,United States,Medical Devices & Equipment,Industry.mfg.medical,Manufacturing,Industry.mfg,300000,Sales.250Mto500M,300,Employees.250to499,384,38,339,33,"TitleCodeMiddle.Manager,TitleCodeMiddle.Sales,TitleCodeTop.Business,TitleCode.IT,TitleCode.Sales,TitleCodeMiddle.Technical,TitleCode.Manager","Sales,Manager",https://go.zoominfo.com/#/apps/search/person/results?personProfileId=1896043391,15c7d15ccabb81f83759333607267206,acistmedical.com
1849616161,Kennedy,Dean,,,,"Senior Manager, Automation & Information Technology",723,Information Technology,Manager,,(503) 681-6862,dean.kennedy@jfab.aosmd.com,,Battle Ground,Washington,98604,United States,24,10/18/2019,3624121,ALPHA & OMEGA SEMICONDUCTOR Ltd,Alpha & Omega Semiconductor,www.aosmd.com,(408) 830-9742,475 Oakmead Pkwy.,Sunnyvale,California,94085,United States,Semiconductor & Semiconductor Equipment,Industry.mfg.electronics.semiconductors,Electronics,Industry.mfg.electronics,421553,Sales.250Mto500M,3340,Employees.1000to4999,36,367,55,332,"TitleCode.IT,TitleCodeTop.Business,TitleCodeMiddle.Manager,TitleCodeMiddle.Technical,TitleCode.Manager","Manager,Engineering & Technical",https://go.zoominfo.com/#/apps/search/person/results?personProfileId=1849616161,39ad1daa3d483c1587508cd335a59220,jfab.aosmd.com
-1877290223,Yang,Jason,,,,"Manager, Information Systems",719,Information Technology,Manager,,(408) 789-3120,jyan@aosmd.com,475 OAKMEAD Pkwy.,Sunnyvale,California,94085,United States,16,3/21/2019,3624121,ALPHA & OMEGA SEMICONDUCTOR Ltd,Alpha & Omega Semiconductor,www.aosmd.com,(408) 830-9742,475 Oakmead Pkwy.,Sunnyvale,California,94085,United States,Semiconductor & Semiconductor Equipment,Industry.mfg.electronics.semiconductors,Electronics,Industry.mfg.electronics,421553,Sales.250Mto500M,3340,Employees.1000to4999,36,367,55,332,"TitleCode.IT,TitleCodeTop.Business,TitleCodeMiddle.Manager,TitleCodeMiddle.Technical,TitleCode.Manager","Manager,Engineering & Technical",https://go.zoominfo.com/#/apps/search/person/results?personProfileId=-1877290223,55ebdd2541ece7fea47d8261efd4af76,aosmd.com
9699501,Schmitz,Richard,Maria,Mr.,,"Senior Manager, System Architecture",723,Information Technology,Manager,,,richard.schmitz@aosmd.com,,Mesa,Arizona,,United States,24,3/21/2019,3624121,ALPHA & OMEGA SEMICONDUCTOR Ltd,Alpha & Omega Semiconductor,www.aosmd.com,(408) 830-9742,475 Oakmead Pkwy.,Sunnyvale,California,94085,United States,Semiconductor & Semiconductor Equipment,Industry.mfg.electronics.semiconductors,Electronics,Industry.mfg.electronics,421553,Sales.250Mto500M,3340,Employees.1000to4999,36,367,55,332,"TitleCode.IT,TitleCodeTop.Business,TitleCodeMiddle.Manager,TitleCode.SoftwareEng,TitleCodeMiddle.Technical,TitleCode.Manager","Manager,Engineering & Technical",https://go.zoominfo.com/#/apps/search/person/results?personProfileId=9699501,6bc2ea8f8710125469087b0f3cb3fbd7,aosmd.com
-1543653832,Colopy,Steven,,,,"Manager, Network Infrastructure",719,Information Technology,Manager,,(801) 625-6214,scolopy@amnutrition.com,2813 Wall Ave.,Ogden,Utah,84401,United States,31,9/2/2019,5640093,American Nutrition Inc,American Nutrition,www.amnutrition.com,(888) 897-3477,P.O. Box 1405,Ogden,Utah,84402,United States,Pet Products,Industry.mfg.consumer.petproducts,Consumer Goods,Industry.mfg.consumer,48200,Sales.25Mto50M,116,Employees.100to249,20,204,3111,31111,"TitleCode.IT,TitleCodeTop.Business,TitleCodeMiddle.Manager,TitleCodeMiddle.Technical,TitleCode.Manager","Manager,Engineering & Technical",https://go.zoominfo.com/#/apps/search/person/results?personProfileId=-1543653832,b512e3a655288054310c2d8d2bb2e4a8,amnutrition.com
1979510533,Dallmann,Greg,,,,"Director, IT Infrastructure",759,Information Technology,Director,,(507) 444-4697,gdallman@amesburytruth.com,700 W Bridge St.,Owatonna,Minnesota,55060,United States,21,8/1/2019,369444613,AmesburyTruth,AmesburyTruth,www.amesburytruth.com,(952) 905-2160,"3600 Minnesota Dr., Ste. 800",Minneapolis,Minnesota,55435,United States,"Miscellaneous Building Materials (Flooring, Cabinets, etc.)",Industry.mfg.building.other,Building Materials,Industry.mfg.building,378783,Sales.250Mto500M,3000,Employees.1000to4999,24,243,444,3219,"TitleCode.IT,TitleCodeTop.Business,TitleCodeMiddle.Technical,TitleCode.Director,TitleCodeMiddle.Director","Engineering & Technical,Director",https://go.zoominfo.com/#/apps/search/person/results?personProfileId=1979510533,6cdcab92f8f7f20a55466310d3b25846,amesburytruth.com
2008238480,Cotter,Joe,,,,"Supervisor, Information Technology Infrastructure",649,Information Technology,Manager,,(814) 272-2774,joe.cotter@apitech.com,1900 West College Ave.,State College,Pennsylvania,16801,United States,31,10/20/2019,6999589,API Technologies Corp,API Technologies,www.apitech.com,(855) 294-3800,400 Nickerson Rd.,Marlborough,Massachusetts,1752,United States,Semiconductor & Semiconductor Equipment,Industry.mfg.electronics.semiconductors,Electronics,Industry.mfg.electronics,235900,Sales.100MMto250M,1700,Employees.1000to4999,36,367,334419,33441,"TitleCode.IT,TitleCodeTop.Business,TitleCodeMiddle.Manager,TitleCodeMiddle.Technical,TitleCode.Manager","Manager,Engineering & Technical",https://go.zoominfo.com/#/apps/search/person/results?personProfileId=2008238480,eb6c446dbf1e31082285d5a7f6c2ce44,apitech.com
776431439,Younger,Anita,,,,"Director, Information Technology",759,Information Technology,Director,,(214) 436-8996,anita.younger@argonmedical.com,"5151 Headquarters Dr., Ste. 210",Plano,Texas,75024,United States,42,10/21/2019,7934344,Argon Medical Devices Inc,Argon Medical,www.argonmedical.com,(903) 677-9396,"2600 Dallas Pkwy., Ste. 440",Frisco,Texas,75034,United States,Medical Devices & Equipment,Industry.mfg.medical,Manufacturing,Industry.mfg,300000,Sales.250Mto500M,800,Employees.500to999,38,384,339,33,"TitleCode.IT,TitleCodeTop.Business,TitleCodeMiddle.Technical,TitleCode.Director,TitleCodeMiddle.Director","Engineering & Technical,Director",https://go.zoominfo.com/#/apps/search/person/results?personProfileId=776431439,9f08c52b559eea3c29f7105c7ee6364a,argonmedical.com
2014100473,Higginbotham,Bret,,,,"Manager, Database Technology",719,Technical,Manager,,(678) 455-1895,bhigginbotham@automationdirect.com,3505 Hutchinson Rd.,Cumming,Georgia,30040,United States,14,10/24/2019,18599785,AutomationDirect Incorporated,AutomationDirect,www.automationdirect.com,(770) 889-2858,3505 Hutchinson Rd.,Cumming,Georgia,30040,United States,Industrial Machinery & Equipment,Industry.mfg.industrialmachinery,Manufacturing,Industry.mfg,181860,Sales.100MMto250M,200,Employees.100to249,50,508,333249,334419,"TitleCode.Technical,TitleCodeMiddle.Manager,TitleCodeTop.Business,TitleCode.IT,TitleCode.Database,TitleCodeMiddle.Technical,TitleCode.Manager","Manager,Engineering & Technical",https://go.zoominfo.com/#/apps/search/person/results?personProfileId=2014100473,78a1287cade2df745bb0fc193a42aa83,automationdirect.com
2724441037,Oesch,Robert,,,,"Manager, Solution Architecture",719,Information Technology,Manager,,,roesch@axon.com,1100 Olive Way,Seattle,Washington,98101,United States,7,4/23/2019,10096018,"Axon Enterprise , Inc.",Axon Enterprise,www.axon.com,(480) 991-0797,17800 N 85th St.,Scottsdale,Arizona,85255,United States,Manufacturing,Industry.mfg,Metals & Minerals,Industry.mm.metals,343798,Sales.250Mto500M,949,Employees.500to999,34,348,339,332,"TitleCode.IT,TitleCodeTop.Business,TitleCodeMiddle.Manager,TitleCodeMiddle.Technical,TitleCode.Manager","Manager,Engineering & Technical",https://go.zoominfo.com/#/apps/search/person/results?personProfileId=2724441037,83406a2279390d5a1228e6b53aa0866e,axon.com
2155649162,Drapalik,Dave,,,,"Director, Data Center Sales",759,Information Technology,Director,,(541) 604-7205,ddrapalik@basxsolutions.com,3500 Southwest 21st Pl.,Redmond,Oregon,97756,United States,13,9/6/2019,358455544,BasX Solutions LLC,BasX,www.basxsolutions.com,(541) 647-6650,3500 Southwest 21st Pl.,Redmond,Oregon,97756,United States,Plumbing & HVAC Equipment,Industry.mfg.building.plumbing,Building Materials,Industry.mfg.building,25100,Sales.25Mto50M,160,Employees.100to249,35,358,33341,333415,"TitleCodeMiddle.Director,TitleCodeMiddle.Sales,TitleCodeTop.Business,TitleCode.IT,TitleCode.Sales,TitleCodeMiddle.Technical,TitleCode.Director","Sales,Director",https://go.zoominfo.com/#/apps/search/person/results?personProfileId=2155649162,4611b0d606d70167759f0a7c63529cb3,basxsolutions.com
-2024180329,Wang,James,,,,"Director, Information Technology",759,Information Technology,Director,,(708) 534-7187,james.wang@bimba.com,25150 S Governors Hwy.,University Park,Illinois,60484,United States,30,8/1/2019,4719046,Bimba Manufacturing Company,Bimba,www.bimba.com,(708) 534-8544,25150 S Governors Hwy.,University Park,Illinois,60484,United States,Industrial Machinery & Equipment,Industry.mfg.industrialmachinery,Manufacturing,Industry.mfg,125510,Sales.100MMto250M,325,Employees.250to499,35,359,333995,33399,"TitleCode.IT,TitleCodeTop.Business,TitleCodeMiddle.Technical,TitleCode.Director,TitleCodeMiddle.Director","Engineering & Technical,Director",https://go.zoominfo.com/#/apps/search/person/results?personProfileId=-2024180329,45ece6847d26206599b7fa70bc219ab5,bimba.com
-2065596814,Caviness,Du'Wayne,,,,"Manager, Information Technology",719,Information Technology,Manager,,(585) 352-3790 ext. 878,dcaviness@caldwellmfgco.com,2605 Manitou Rd.,Rochester,New York,14624,United States,18,3/21/2019,30088197,Caldwell Manufacturing Company,Caldwell,www.caldwellmfgco.com,(585) 352-3790,2605 Manitou Rd.,Rochester,New York,14624,United States,"Miscellaneous Building Materials (Flooring, Cabinets, etc.)",Industry.mfg.building.other,Building Materials,Industry.mfg.building,31381,Sales.25Mto50M,159,Employees.100to249,34,344,334519,33451,"TitleCode.IT,TitleCodeTop.Business,TitleCodeMiddle.Manager,TitleCodeMiddle.Technical,TitleCode.Manager","Manager,Engineering & Technical",https://go.zoominfo.com/#/apps/search/person/results?personProfileId=-2065596814,986b56c40df87e51b4ee478ba643c1ea,caldwellmfgco.com
-1529304115,Elbow,Clint,,,,"Manager, Information Technology",719,Information Technology,Manager,,(727) 524-7192 ext. 50111,clint.elbow@ccsmed.com,14255 49Th St. N Ste. 301,Clearwater,Florida,33762,United States,4,3/21/2019,19960731,CCS Medical Inc,CCS,www.ccsmed.com,(972) 628-2100,14255 49Th St. N Ste. 301,Clearwater,Florida,33762,United States,Medical Devices & Equipment,Industry.mfg.medical,Manufacturing,Industry.mfg,300000,Sales.250Mto500M,1000,Employees.1000to4999,38,384,339,44,"TitleCode.IT,TitleCodeTop.Business,TitleCodeMiddle.Manager,TitleCodeMiddle.Technical,TitleCode.Manager","Manager,Engineering & Technical",https://go.zoominfo.com/#/apps/search/person/results?personProfileId=-1529304115,d53005ede531fd6bd98dc47b8ced321f,ccsmed.com
271095766,Kuhn,Ken,,Mr.,,"Manager, Information Technology",719,Information Technology,Manager,,(651) 686-4231,kkuhn@cemstone.com,2025 CENTRE POINTE Ste. 300,Mendota Heights,Minnesota,55120,United States,37,7/8/2019,7242387,Cemstone Products Company,Cemstone,www.cemstone.com,(651) 688-9292,2025 CENTRE POINTE Ste. 300,Mendota Heights,Minnesota,55120,United States,"Aggregates, Concrete & Cement",Industry.mfg.building.concrete,Building Materials,Industry.mfg.building,100000,Sales.100MMto250M,500,Employees.500to999,32,327,423390,327,"TitleCode.IT,TitleCodeTop.Business,TitleCodeMiddle.Manager,TitleCodeMiddle.Technical,TitleCode.Manager","Manager,Engineering & Technical",https://go.zoominfo.com/#/apps/search/person/results?personProfileId=271095766,fa05945cb80fe23de04423ef340945f2,cemstone.com
2110122093,D'Anna,Mario,,,,"Manager, Information System Security",719,Information Technology,Manager,,,mario.danna@cpii.com,150 Sohier Rd.,Beverly,Massachusetts,01915-5536,United States,16,3/21/2019,52613006,Communications & Power Industries LLC,Communications & Power Industries,www.cpii.com,(650) 846-2900,811 Hansen Way,Palo Alto,California,94303,United States,Electronic Components,Industry.mfg.electronics.electronics,Electronics,Industry.mfg.electronics,447660,Sales.250Mto500M,2000,Employees.1000to4999,36,367,3342,334419,"TitleCode.IT,TitleCodeTop.Business,TitleCodeMiddle.Manager,TitleCodeMiddle.Technical,TitleCode.Manager","Manager,Engineering & Technical",https://go.zoominfo.com/#/apps/search/person/results?personProfileId=2110122093,28020f9c3422c4ae35de3499af8fd7e7,cpii.com
1692817223,Cargile,Jd,,,,"Manager, IT Enterprise Applications",719,Information Technology,Manager,,(801) 523-3118,jcargile@control4.com,11734 SOUTH ELECTION Rd.,Draper,Utah,84020,United States,18,3/21/2019,13289015,Control4 Corporation,Control4,www.control4.com,(801) 523-3100,11734 SOUTH ELECTION Rd.,Draper,Utah,84020,United States,Computer Equipment & Peripherals,Industry.mfg.computers,Manufacturing,Industry.mfg,272458,Sales.250Mto500M,670,Employees.500to999,35,357,443130,5419,"TitleCode.IT,TitleCodeTop.Business,TitleCodeMiddle.Manager,TitleCodeMiddle.Technical,TitleCode.Manager","Manager,Engineering & Technical",https://go.zoominfo.com/#/apps/search/person/results?personProfileId=1692817223,203842abfb856d47438a356282df2cbb,control4.com
1910047275,Cenerosky,Dale,L.,,,"Director, Information Technology",759,Information Technology,Director,,(724) 489-2278,dale.cenerosky@corellebrands.com,100 8th St.,Charleroi,Pennsylvania,15022,United States,6,10/21/2019,347219087,Corelle Brands LLC,Corelle Brands,www.corellebrands.com,(800) 367-3526,9525 W Bryn Mawr Ave.,Rosemont,Illinois,60018,United States,Glass & Clay,Industry.mfg.chemicals.glass,"Chemicals, Petrochemicals, Glass & Gases",Industry.mfg.chemicals,300000,Sales.250Mto500M,3000,Employees.1000to4999,32,322,327212,3272,"TitleCode.IT,TitleCodeTop.Business,TitleCodeMiddle.Technical,TitleCode.Director,TitleCodeMiddle.Director","Engineering & Technical,Director",https://go.zoominfo.com/#/apps/search/person/results?personProfileId=1910047275,389e7e4b72847fc102cbf853119a68b8,corellebrands.com
1586495860,Supplee,Krys,,,,"Manager, Data Center",719,Information Technology,Manager,,(651) 605-9067,krys@cray.com,2131 Lindau Ln. Ste. 1000,Bloomington,Minnesota,55425,United States,25,8/22/2019,9896721,Cray Inc,Cray,www.cray.com,(206) 701-2000,901 5th Ave. Ste. 1000,Seattle,Washington,98164,United States,Personal Computers & Peripherals,Industry.mfg.computers.computers,Consumer Electronics,Industry.mfg.consumer.electronics,455948,Sales.250Mto500M,1287,Employees.1000to4999,35,357,812,541511,"TitleCode.IT,TitleCodeTop.Business,TitleCodeMiddle.Manager,TitleCodeMiddle.Technical,TitleCode.Manager","Manager,Engineering & Technical",https://go.zoominfo.com/#/apps/search/person/results?personProfileId=1586495860,4c6a4d62c9c2b6950e4c844b76677bdd,cray.com
1433134439,Tommy,Lizbeth,J.,,,"Global Senior Manager, Information Technology Applications",723,Information Technology,Manager,,(616) 913-6662,lizbeth.tommy@dematic.com,507 Plymouth Ave. NE Division of Mannesmann Dematic,Grand Rapids,Michigan,49505,United States,96,10/25/2019,14632437,Dematic Limited,Dematic,www.dematic.com,,3550 Lenox Rd. NE,Atlanta,Georgia,30326,United States,Electronics,Industry.mfg.electronics,Industrial Machinery & Equipment,Industry.mfg.industrialmachinery,193795,Sales.100MMto250M,7000,Employees.5000to9999,35,353,5416,541513,"TitleCode.IT,TitleCodeTop.Business,TitleCodeMiddle.Manager,TitleCodeMiddle.Technical,TitleCode.Manager","Manager,Engineering & Technical",https://go.zoominfo.com/#/apps/search/person/results?personProfileId=1433134439,062f97d80a3f615eba36f08e34e7cdd9,dematic.com
-2116260199,Giegling,Jeffrey,,,,"Systems Engineering & Manager, PE",719,Information Technology,Manager,,(616) 913-6923,jeffrey.giegling@dematic.com,507 Plymouth Ave. NE,Grand Rapids,Michigan,49505,United States,19,10/22/2019,14632437,Dematic Limited,Dematic,www.dematic.com,,3550 Lenox Rd. NE,Atlanta,Georgia,30326,United States,Electronics,Industry.mfg.electronics,Industrial Machinery & Equipment,Industry.mfg.industrialmachinery,193795,Sales.100MMto250M,7000,Employees.5000to9999,35,353,5416,541513,"TitleCode.IT,TitleCodeTop.Business,TitleCodeMiddle.Manager,TitleCode.SoftwareEng,TitleCodeMiddle.Technical,TitleCode.Manager","Manager,Engineering & Technical",https://go.zoominfo.com/#/apps/search/person/results?personProfileId=-2116260199,72860a70ea676f8568be64100b3fd14f,dematic.com
2047659540,Paulson,Michael,,,,"Technical Manager, Control Systems Engineering",719,Technical,Manager,,(512) 693-4757,michael.paulson@dematic.com,1122 S Capital Of Texas Hwy. Ste. 150,Austin,Texas,78746,United States,11,3/21/2019,14632437,Dematic Limited,Dematic,www.dematic.com,,3550 Lenox Rd. NE,Atlanta,Georgia,30326,United States,Electronics,Industry.mfg.electronics,Industrial Machinery & Equipment,Industry.mfg.industrialmachinery,193795,Sales.100MMto250M,7000,Employees.5000to9999,35,353,5416,541513,"TitleCode.Technical,TitleCodeMiddle.Manager,TitleCodeTop.Business,TitleCode.IT,TitleCode.SoftwareEng,TitleCodeMiddle.Technical,TitleCode.Manager","Manager,Engineering & Technical",https://go.zoominfo.com/#/apps/search/person/results?personProfileId=2047659540,55ad2f32a992d98f72c82bf2e8830cbb,dematic.com
3117106214,Ortiz,Miguel,,,,"Manager, Information Technology",719,Information Technology,Manager,,(704) 334-9175,miguel@perfecting.com,,,North Carolina,,United States,1,6/27/2018,35409744,Dixon Valve & Coupling Company,Dixon Valve,www.dixonvalve.com,(410) 778-2000,250 Dixon Dr.,Chestertown,Maryland,21620,United States,Plumbing & HVAC Equipment,Industry.mfg.building.plumbing,Building Materials,Industry.mfg.building,95050,Sales.50Mto100M,2287,Employees.1000to4999,34,349,33291,42,"TitleCode.IT,TitleCodeTop.Business,TitleCodeMiddle.Manager,TitleCodeMiddle.Technical,TitleCode.Manager","Manager,Engineering & Technical",https://go.zoominfo.com/#/apps/search/person/results?personProfileId=3117106214,db235603c7163729a8baddbe93d4c02c,perfecting.com
-1048189567,Driscoll,Annette,,,,"Director, Information Technology Operations",759,Operations,Director,,(215) 957-1411 ext. 180,annette.driscoll@dreamline.com,75 Hawk Rd.,Warminster,Pennsylvania,18974,United States,17,10/18/2019,368112770,Dreamline company,Dreamline,www.dreamline.com,(215) 957-1411,75 Hawk Rd.,Warminster,Pennsylvania,18974,United States,Furniture,Industry.mfg.furniture,Manufacturing,Industry.mfg,108628,Sales.100MMto250M,400,Employees.250to499,25,259,33712,333249,"TitleCode.Operations,TitleCodeMiddle.Director,TitleCodeTop.Business,TitleCode.IT,TitleCodeMiddle.Operations,TitleCodeMiddle.Technical,TitleCode.Director","Operations,Director",https://go.zoominfo.com/#/apps/search/person/results?personProfileId=-1048189567,40e92cd5f77fa7e1ffb4b67694b79ad0,dreamline.com
3305308809,Wilson,Lynn,,Mr.,,"Manager, Information Technology Operations & Infrastructure",719,Operations,Manager,,(224) 254-0061,lynn.wilson@duravant.com,3500 Lacey Rd. Ste. 290,Downers Grove,Illinois,60515,United States,4,10/16/2019,365596021,Duravant LLC,Duravant,www.duravant.com,(630) 635-3910,3500 Lacey Rd. Ste. 290,Downers Grove,Illinois,60515,United States,Food & Beverages,Industry.mfg.food.food,"Food, Beverages & Tobacco",Industry.mfg.food,94545,Sales.50Mto100M,450,Employees.250to499,35,355,5511,333249,"TitleCodeMiddle.Manager,TitleCode.Operations,TitleCodeTop.Business,TitleCode.IT,TitleCodeMiddle.Operations,TitleCodeMiddle.Technical,TitleCode.Manager","Operations,Manager",https://go.zoominfo.com/#/apps/search/person/results?personProfileId=3305308809,81826be077e6a02189464ec59bb6009c,duravant.com
1357825689,McKinley,David,M.,,,"Manager, Systems Development Division",719,Information Technology,Manager,,(256) 964-4460,david.mckinley@dynetics.com,1002 Explorer Blvd.,Huntsville,Alabama,35806,United States,20,4/26/2019,18171152,Dynetics Inc,Dynetics,www.dynetics.com,(256) 964-4000,1002 Explorer Blvd.,Huntsville,Alabama,35806,United States,Aerospace & Defense,Industry.mfg.aerospace,Manufacturing,Industry.mfg,293000,Sales.250Mto500M,1900,Employees.1000to4999,37,376,5417,336415,"TitleCode.IT,TitleCodeTop.Business,TitleCodeMiddle.Manager,TitleCode.SoftwareEng,TitleCodeMiddle.Technical,TitleCode.Manager","Manager,Engineering & Technical",https://go.zoominfo.com/#/apps/search/person/results?personProfileId=1357825689,1664c90dcb9fa2cfde00a6312bae5434,dynetics.com
3146299534,Lohrungruang,Jamie,,,,"Director, Information Technology",759,Information Technology,Director,,(626) 293-3610,jamie_lohrungruang@emcore.com,,,California,,United States,5,10/25/2019,12812386,EMCORE Corporation,EMCORE,www.emcore.com,(626) 293-3400,2015 W. CHESTNUT St.,Alhambra,California,91803,United States,Semiconductor & Semiconductor Equipment,Industry.mfg.electronics.semiconductors,Electronics,Industry.mfg.electronics,85617,Sales.50Mto100M,391,Employees.250to499,36,367,335921,333242,"TitleCode.IT,TitleCodeTop.Business,TitleCodeMiddle.Technical,TitleCode.Director,TitleCodeMiddle.Director","Engineering & Technical,Director",https://go.zoominfo.com/#/apps/search/person/results?personProfileId=3146299534,8a4f521a1064da1f470fefefd31028fd,emcore.com
-1681088731,Lam,Eric,,,,"Manager, Information Systems",719,Information Technology,Manager,,(608) 846-6187,eric_l@evcoplastics.com,100 West North St.,De Forest,Wisconsin,53532,United States,32,8/28/2019,13517043,EVCO Plastics,EVCO,www.evcoplastics.com,(608) 846-6000,100 West North St.,De Forest,Wisconsin,53532,United States,"Plastic, Packaging & Containers",Industry.mfg.plastic,Manufacturing,Industry.mfg,150000,Sales.100MMto250M,1000,Employees.1000to4999,30,308,3261,32,"TitleCode.IT,TitleCodeTop.Business,TitleCodeMiddle.Manager,TitleCodeMiddle.Technical,TitleCode.Manager","Manager,Engineering & Technical",https://go.zoominfo.com/#/apps/search/person/results?personProfileId=-1681088731,f249de8f06478967df307561b0e14511,evcoplastics.com
-1837916869,Johnson,Duane,,,,"Manager, Information Technology",719,Information Technology,Manager,,(802) 473-5217,djohnson@fairbanks.com,2176 Portland St.,Saint Johnsbury,Vermont,5819,United States,6,12/14/2018,42699482,Fairbanks Scales Inc,Fairbanks,www.fairbanks.com,(816) 471-0231,821 Locust St.,Kansas City,Missouri,64106,United States,"Trucking, Moving & Storage",Industry.transportation.moving,Transportation,Industry.transportation,141418,Sales.100MMto250M,700,Employees.500to999,42,421,49,48,"TitleCode.IT,TitleCodeTop.Business,TitleCodeMiddle.Manager,TitleCodeMiddle.Technical,TitleCode.Manager","Manager,Engineering & Technical",https://go.zoominfo.com/#/apps/search/person/results?personProfileId=-1837916869,612740ca1b52492d01bbf2d34e734788,fairbanks.com
-1571434291,Barr,Larry,,,,"Director, Management Information Systems",759,Information Technology,Director,,,larry.barr@floorsinc.com,200 Bank St.,Southlake,Texas,76092,United States,30,4/12/2019,344266323,Floor Company,Floor Company,www.floorsinc.com,(817) 328-7000,200 Bank St.,Southlake,Texas,76092,United States,Furniture,Industry.retail.furniture,Retail,Industry.retail,19224,Sales.10Mto25M,100,Employees.100to249,50,502,238330,23833,"TitleCodeMiddle.Manager,TitleCodeMiddle.Director,TitleCodeTop.Business,TitleCode.IT,TitleCodeMiddle.Technical,TitleCode.Manager,TitleCode.Director","Manager,Director",https://go.zoominfo.com/#/apps/search/person/results?personProfileId=-1571434291,eb69ae22f215423414c97e65b9b8b73c,floorsinc.com
1590186449,Pinon,Fernando,,,,"Manager, Information Systems",719,Information Technology,Manager,,(704) 409-1610,fernando.pinon@fontainemod.com,9827 Mount Holly Rd.,Charlotte,North Carolina,28214,United States,29,10/16/2019,14762757,Fontaine Modification Company,Fontaine Modification,www.fontainemodification.com,(704) 409-1600,9827 Mount Holly Rd.,Charlotte,North Carolina,28214,United States,Industrial Machinery & Equipment,Industry.mfg.industrialmachinery,Manufacturing,Industry.mfg,29407,Sales.25Mto50M,149,Employees.100to249,35,359,333924,33271,"TitleCode.IT,TitleCodeTop.Business,TitleCodeMiddle.Manager,TitleCodeMiddle.Technical,TitleCode.Manager","Manager,Engineering & Technical",https://go.zoominfo.com/#/apps/search/person/results?personProfileId=1590186449,566b10a96e02d7d73f8357a991c75540,fontainemod.com
904584585,Godwin,Gary,,,,"Group Manager, Information Technology",719,Information Technology,Manager,,(925) 224-7303,ggodwin@gatan.com,5794 W. Las Positas Blvd.,Pleasanton,California,94588,United States,8,6/27/2018,15647375,Gatan Inc,Gatan,www.gatan.com,(925) 463-0200,5794 W. Las Positas Blvd.,Pleasanton,California,94588,United States,Electronic Components,Industry.mfg.electronics.electronics,Electronics,Industry.mfg.electronics,54078,Sales.50Mto100M,274,Employees.250to499,36,367,334419,5413,"TitleCode.IT,TitleCodeTop.Business,TitleCodeMiddle.Manager,TitleCodeMiddle.Technical,TitleCode.Manager","Manager,Engineering & Technical",https://go.zoominfo.com/#/apps/search/person/results?personProfileId=904584585,bca4db2f643e2852e5c55abb2258ad64,gatan.com
1726324628,Smith,Chuck,,,,"Manager, Information Technology",719,Information Technology,Manager,,(510) 264-5160,csmith@gillig.com,25800 Clawiter Rd.,Hayward,California,94545-3200,United States,33,8/24/2018,16023868,Gillig Corporation,Gillig,www.gillig.com,(510) 264-5000,451 Discovery Dr.,Livermore,California,94551,United States,Motor Vehicles,Industry.mfg.car,Manufacturing,Industry.mfg,242470,Sales.100MMto250M,1000,Employees.1000to4999,37,371,423860,4238,"TitleCode.IT,TitleCodeTop.Business,TitleCodeMiddle.Manager,TitleCodeMiddle.Technical,TitleCode.Manager","Manager,Engineering & Technical",https://go.zoominfo.com/#/apps/search/person/results?personProfileId=1726324628,29edd08c01d4fbab3843a9ff1019c38c,gillig.com
760033840,Connell,Steven,M.,,,Manager of Systems Engineering,719,Information Technology,Manager,,(419) 724-8411,sconnell@glasstech.com,,Toledo,Ohio,,United States,15,10/22/2019,16073398,Glasstech Inc,Glasstech,www.glasstech.com,(419) 661-9500,995 Fourth St.,Perrysburg,Ohio,43551,United States,Industrial Machinery & Equipment,Industry.mfg.industrialmachinery,Manufacturing,Industry.mfg,26000,Sales.25Mto50M,115,Employees.100to249,35,359,327211,33271,"TitleCode.IT,TitleCodeTop.Business,TitleCodeMiddle.Manager,TitleCode.SoftwareEng,TitleCodeMiddle.Technical,TitleCode.Manager","Manager,Engineering & Technical",https://go.zoominfo.com/#/apps/search/person/results?personProfileId=760033840,51d82dd5abec174bf4c6f3312d409459,glasstech.com
-2046776297,Mooney,Theo,B.,,,"Manager, System Integration",719,Information Technology,Manager,,(970) 663-1377 ext. 2362,tmooney@hach.com,5600 Lindbergh Dr.,Loveland,Colorado,80539,United States,13,2/18/2019,17007191,Hach Company,Hach,www.hach.com,(970) 669-2932,5600 Lindbergh Dr.,Loveland,Colorado,80539,United States,Manufacturing,Industry.mfg,Test & Measurement Equipment,Industry.mfg.testequipment,95000,Sales.50Mto100M,1000,Employees.1000to4999,38,382,5415,541512,"TitleCode.IT,TitleCodeTop.Business,TitleCodeMiddle.Manager,TitleCodeMiddle.Technical,TitleCode.Manager","Manager,Engineering & Technical",https://go.zoominfo.com/#/apps/search/person/results?personProfileId=-2046776297,448c7f7380622b25c1c0524fa7b2c770,hach.com
1840725779,Bunker,Tara,S.,,,"Supervisor, IT Operations & Telecommunications",649,Technical,Manager,,(817) 230-8146,tara.bunker@haggar.com,11511 Luna Rd.,Dallas,Texas,75234,United States,28,10/25/2019,17023875,Haggar Clothing Co.,Haggar,www.haggar.com,(214) 352-8481,"1507 LBJ Freeway, Ste. 100",Farmers Branch,Texas,75234,United States,Textiles & Apparel,Industry.mfg.consumer.clothes,Consumer Goods,Industry.mfg.consumer,300000,Sales.250Mto500M,3000,Employees.1000to4999,23,232,31,315220,"TitleCode.Technical,TitleCodeMiddle.Manager,TitleCode.Operations,TitleCodeTop.Business,TitleCode.IT,TitleCodeMiddle.Operations,TitleCodeMiddle.Technical,TitleCode.Manager","Operations,Manager",https://go.zoominfo.com/#/apps/search/person/results?personProfileId=1840725779,5ee6c5ab09486589bdfc3d493dea1ab6,haggar.com
1369282267,Strache,Brent,,,,"Manager, Information Technology",719,Information Technology,Manager,,(262) 548-3111,bstrache@hydro-thermal.com,400 PILOT Ct.,Waukesha,Wisconsin,53188,United States,28,10/1/2019,57922187,Hydro-Thermal Corporation,Hydro-Thermal,www.hydro-thermal.com,(262) 548-8900,400 PILOT Ct.,Waukesha,Wisconsin,53188,United States,Plumbing & HVAC Equipment,Industry.mfg.building.plumbing,Building Materials,Industry.mfg.building,7700,Sales.5Mto10M,71,Employees.50to99,34,343,33341,333414,"TitleCode.IT,TitleCodeTop.Business,TitleCodeMiddle.Manager,TitleCodeMiddle.Technical,TitleCode.Manager","Manager,Engineering & Technical",https://go.zoominfo.com/#/apps/search/person/results?personProfileId=1369282267,2aa1ab290435ca9ee5c9ed029e889e25,hydro-thermal.com
-2047672882,Beckes,Mimi,,,,"Director, Information Services",759,Information Technology,Director,,(205) 439-7100,mbeckes@ibml.com,2750 Crestwood Blvd.,Birmingham,Alabama,35210,United States,10,3/21/2019,71042796,Imaging Business Machines LLC,Imaging Business Machines,www.ibml.com,(205) 956-4071,2750 Crestwood Blvd.,Birmingham,Alabama,35210,United States,Computer Equipment & Peripherals,Industry.mfg.computers,Software Development & Design,Industry.software.mfg,40000,Sales.25Mto50M,160,Employees.100to249,35,357,511,5182,"TitleCode.IT,TitleCodeTop.Business,TitleCodeMiddle.Technical,TitleCode.Director,TitleCodeMiddle.Director","Engineering & Technical,Director",https://go.zoominfo.com/#/apps/search/person/results?personProfileId=-2047672882,6b0836d4fae02c8138a6adfcd16df7e7,ibml.com
1780842070,Pasquarella,Jim,,,,"Director, Information Technology",759,Information Technology,Director,,(203) 924-5933 ext. 7128,jpasquarella@inlineplastics.com,42 Canal St.,Shelton,Connecticut,6484,United States,27,9/6/2019,51415578,Inline Plastics Corp.,Inline Plastics,www.inlineplastics.com,(203) 924-5933,42 Canal St.,Shelton,Connecticut,6484,United States,"Plastic, Packaging & Containers",Industry.mfg.plastic,Manufacturing,Industry.mfg,71060,Sales.50Mto100M,1000,Employees.1000to4999,30,308,56191,48,"TitleCode.IT,TitleCodeTop.Business,TitleCodeMiddle.Technical,TitleCode.Director,TitleCodeMiddle.Director","Engineering & Technical,Director",https://go.zoominfo.com/#/apps/search/person/results?personProfileId=1780842070,049ffccd3a0afdb0fc3a145bc0a0b204,inlineplastics.com
-1147801328,Hanke,Nick,,,,"Manager, Information Systems",719,Information Technology,Manager,,(507) 377-8910 ext. 341,nhanke@innovance.com,505 W Front St.,Albert Lea,Minnesota,56007,United States,7,10/25/2019,19317035,Innovance Inc,Innovance,www.innovance.com,(507) 377-8910,505 W Front St.,Albert Lea,Minnesota,56007,United States,Industrial Machinery & Equipment,Industry.mfg.industrialmachinery,Manufacturing,Industry.mfg,88814,Sales.50Mto100M,450,Employees.250to499,35,359,5511,33271,"TitleCode.IT,TitleCodeTop.Business,TitleCodeMiddle.Manager,TitleCodeMiddle.Technical,TitleCode.Manager","Manager,Engineering & Technical",https://go.zoominfo.com/#/apps/search/person/results?personProfileId=-1147801328,07298669f9a7b71e416cf24f66cfe6a8,innovance.com
3125074102,Khetarpal,Sumit,,,,Director of Systems Engineering,759,Information Technology,Director,,(650) 433-2609,skhetarpal@inscopix.com,,,California,,United States,5,9/15/2019,355338443,Inscopix Inc,Inscopix,www.inscopix.com,(650) 600-3886,2462 Embarcadero Way,Palo Alto,California,94303,United States,Medical Devices & Equipment,Industry.mfg.medical,Manufacturing,Industry.mfg,16821,Sales.10Mto25M,86,Employees.50to99,38,384,5417,541,"TitleCode.IT,TitleCodeTop.Business,TitleCode.SoftwareEng,TitleCodeMiddle.Technical,TitleCode.Director,TitleCodeMiddle.Director","Engineering & Technical,Director",https://go.zoominfo.com/#/apps/search/person/results?personProfileId=3125074102,55e9e3b6003db9caafeb382d6d09f82f,inscopix.com
2959555889,Parrella,Steven,,,Sr.,"Project Manager, Information Technology & Contract Temp",719,Information Technology,Manager,,(978) 600-2371,sparrella@insulet.com,40 Shattuck Rd. Ste. 100,Andover,Massachusetts,1810,United States,6,10/23/2019,19448528,Insulet Corporation,Insulet,www.insulet.com,(978) 600-7000,600 TECHNOLOGY PARK Ste. 200,Billerica,Massachusetts,1821,United States,Medical Devices & Equipment,Industry.mfg.medical,Manufacturing,Industry.mfg,463768,Sales.250Mto500M,857,Employees.500to999,38,384,339,33451,"TitleCode.ProjectManagement,TitleCodeMiddle.Manager,TitleCodeTop.Business,TitleCode.IT,TitleCodeMiddle.Operations,TitleCodeMiddle.Technical,TitleCode.Manager","Operations,Manager",https://go.zoominfo.com/#/apps/search/person/results?personProfileId=2959555889,d3f211f952bf983341c523eae8517a25,insulet.com
3281983736,Mayo,Joseph,,,,"Project Manager, Commercial Information Technology & Contractor",719,Information Technology,Manager,,(978) 600-2589,jmayo@insulet.com,,,Massachusetts,,United States,3,10/15/2018,19448528,Insulet Corporation,Insulet,www.insulet.com,(978) 600-7000,600 TECHNOLOGY PARK Ste. 200,Billerica,Massachusetts,1821,United States,Medical Devices & Equipment,Industry.mfg.medical,Manufacturing,Industry.mfg,463768,Sales.250Mto500M,857,Employees.500to999,38,384,339,33451,"TitleCode.ProjectManagement,TitleCodeMiddle.Manager,TitleCodeTop.Business,TitleCode.IT,TitleCodeMiddle.Operations,TitleCodeMiddle.Technical,TitleCode.Manager","Operations,Manager",https://go.zoominfo.com/#/apps/search/person/results?personProfileId=3281983736,0d9990a6b092d90d821d6fa097483c92,insulet.com
1891256289,Wong,Alex,,,,"Business Systems Director, Information Technology",759,Information Technology,Director,,(510) 933-3300,alex.wong@intematix.com,46430 Fremont Blvd.,Fremont,California,94538,United States,35,8/1/2019,57706047,Intematix Corporation,Intematix,www.intematix.com,(510) 933-3300,46430 Fremont Blvd.,Fremont,California,94538,United States,Electronics,Industry.mfg.electronics,Manufacturing,Industry.mfg,13026,Sales.10Mto25M,66,Employees.50to99,36,364,3351,335122,"TitleCode.IT,TitleCodeTop.Business,TitleCodeMiddle.Technical,TitleCode.Director,TitleCodeMiddle.Director","Engineering & Technical,Director",https://go.zoominfo.com/#/apps/search/person/results?personProfileId=1891256289,19583a07e598ed0c4aae708f5988f8ef,intematix.com
466923153,Miller,Ernie,,,,"Manager, Enterprise IT Operations",719,Operations,Manager,,(412) 963-5377,emiller@jennmar.com,258 Kappa Dr.,Pittsburgh,Pennsylvania,15238,United States,25,4/18/2019,20661475,Jennmar Corporation,Jennmar,www.jennmar.com,(412) 963-9071,258 Kappa Dr.,Pittsburgh,Pennsylvania,15238,United States,"Miscellaneous Building Materials (Flooring, Cabinets, etc.)",Industry.mfg.building.other,Building Materials,Industry.mfg.building,84261,Sales.50Mto100M,381,Employees.250to499,34,345,333131,33272,"TitleCodeMiddle.Manager,TitleCode.Operations,TitleCodeTop.Business,TitleCode.IT,TitleCodeMiddle.Operations,TitleCodeMiddle.Technical,TitleCode.Manager","Operations,Manager",https://go.zoominfo.com/#/apps/search/person/results?personProfileId=466923153,0d5ff50b598fd376d2ac4c01041a9dd3,jennmar.com
508828958,Tocado,John,D.,,,"Manager, IT Business Applications",719,Information Technology,Manager,,(717) 485-2129,jdtocado@jlg.com,1 JLG Dr.,Mc Connellsburg,Pennsylvania,17233,United States,22,3/21/2019,20759848,JLG Industries,JLG,www.jlg.com,(717) 485-5161,1 JLG Dr.,Mc Connellsburg,Pennsylvania,17233,United States,Industrial Machinery & Equipment,Industry.mfg.industrialmachinery,Manufacturing,Industry.mfg,402600,Sales.250Mto500M,5284,Employees.5000to9999,35,353,532412,3339,"TitleCode.IT,TitleCodeTop.Business,TitleCodeMiddle.Manager,TitleCodeMiddle.Technical,TitleCode.Manager","Manager,Engineering & Technical",https://go.zoominfo.com/#/apps/search/person/results?personProfileId=508828958,1d43fabb55c9641f2bf44e0ca4d0524d,jlg.com
-902687144,Stokes,Roger,A.,,,"Assistant Manager, Information Technology",419,Information Technology,Manager,,,roger.stokes@kumi-na.com,1001 East Jackson St.,West Unity,Ohio,43570,United States,11,10/18/2019,358517868,Kamco Industries Inc,Kamco,www.kumi-na.com,(419) 924-5511,1001 East Jackson St.,West Unity,Ohio,43570,United States,"Miscellaneous Building Materials (Flooring, Cabinets, etc.)",Industry.mfg.building.other,Building Materials,Industry.mfg.building,107366,Sales.100MMto250M,544,Employees.500to999,30,308,326113,326112,"TitleCode.IT,TitleCodeTop.Business,TitleCodeMiddle.Manager,TitleCodeMiddle.Technical,TitleCode.Manager","Manager,Engineering & Technical",https://go.zoominfo.com/#/apps/search/person/results?personProfileId=-902687144,180884f4d84051ecfb1e628248b801a3,kumi-na.com
-1444711662,Skiles,Jeff,,,,"Shared Services Director, Information Technology",759,Information Technology,Director,,(419) 221-0123,jskiles@kirbyrisk.com,1249 STEWART Rd.,Lima,Ohio,45801,United States,19,6/27/2018,63720306,Kirby Risk Corporation,Kirby Risk,www.kirbyrisk.com,(765) 449-4886,1815 Sagamore Pkwy. N,Lafayette,Indiana,47904,United States,Electronic Components,Industry.mfg.electronics.electronics,Electronics,Industry.mfg.electronics,100000,Sales.100MMto250M,514,Employees.500to999,36,367,335911,221,"TitleCode.IT,TitleCodeTop.Business,TitleCodeMiddle.Technical,TitleCode.Director,TitleCodeMiddle.Director","Engineering & Technical,Director",https://go.zoominfo.com/#/apps/search/person/results?personProfileId=-1444711662,bfb032a5af6fb1cd99b042c9383e17a1,kirbyrisk.com
3282474927,Couderc,Dean,,,,"Project Manager, Information Technology",719,Information Technology,Manager,,(770) 279-5303,dcouderc@larsonjuhl.com,,,Georgia,,United States,4,10/25/2019,45977808,Larson-Juhl,Larson-Juhl,www.larsonjuhl.com,(770) 279-5200,3900 Steve Reynolds Blvd.,Norcross,Georgia,30093,United States,Manufacturing,Industry.mfg,"Lumber, Wood Production & Timber Operations",Industry.mfg.building.lumber,200000,Sales.100MMto250M,1100,Employees.1000to4999,24,249,3219,339,"TitleCode.ProjectManagement,TitleCodeMiddle.Manager,TitleCodeTop.Business,TitleCode.IT,TitleCodeMiddle.Operations,TitleCodeMiddle.Technical,TitleCode.Manager","Operations,Manager",https://go.zoominfo.com/#/apps/search/person/results?personProfileId=3282474927,0540e658613c75aaa18abdf3f152abc4,larsonjuhl.com
-1029684997,Young,Adam,,,,"Supervisor, Information Technology Eclectic",649,Information Technology,Manager,,(334) 541-5803 ext. 5330,ayoung@madixinc.com,500 Madix Dr.,Eclectic,Alabama,36024,United States,5,4/23/2019,54871530,Madix Inc,Madix,www.madixinc.com,(214) 515-5400,500 Airport Rd.,Terrell,Texas,75160,United States,Household Goods,Industry.mfg.consumer.household,"Lumber, Wood Production & Timber Operations",Industry.mfg.building.lumber,300000,Sales.250Mto500M,1200,Employees.1000to4999,25,254,337215,444,"TitleCode.IT,TitleCodeTop.Business,TitleCodeMiddle.Manager,TitleCodeMiddle.Technical,TitleCode.Manager","Manager,Engineering & Technical",https://go.zoominfo.com/#/apps/search/person/results?personProfileId=-1029684997,a92323da141e324e728b3ef546528407,madixinc.com
1223689098,Hanna,Bryan,S.,,,"Supervisor, Information Technology",649,Information Technology,Manager,,(256) 839-6354 ext. 12287,bhanna@madixinc.com,20984 Hwy. 9,Goodwater,Alabama,35072,United States,14,4/23/2019,54871530,Madix Inc,Madix,www.madixinc.com,(214) 515-5400,500 Airport Rd.,Terrell,Texas,75160,United States,Household Goods,Industry.mfg.consumer.household,"Lumber, Wood Production & Timber Operations",Industry.mfg.building.lumber,300000,Sales.250Mto500M,1200,Employees.1000to4999,25,254,337215,444,"TitleCode.IT,TitleCodeTop.Business,TitleCodeMiddle.Manager,TitleCodeMiddle.Technical,TitleCode.Manager","Manager,Engineering & Technical",https://go.zoominfo.com/#/apps/search/person/results?personProfileId=1223689098,e7b8e87a1e51214e00805f858e4c017b,madixinc.com
2110061732,Oswald,Bryan,,,,"Infrastructure Operations Supervisor, Information Technology",649,Operations,Manager,,(760) 517-1213,boswald@maxlinear.com,5966 LA Pl. Ct.,Carlsbad,California,92008,United States,22,10/16/2019,90752658,MaxLinear Inc,MaxLinear,www.maxlinear.com,(760) 692-0711,5966 LA Pl. Ct.,Carlsbad,California,92008,United States,Semiconductor & Semiconductor Equipment,Industry.mfg.electronics.semiconductors,Electronics,Industry.mfg.electronics,384997,Sales.250Mto500M,739,Employees.500to999,36,367,332,33,"TitleCodeMiddle.Manager,TitleCode.Operations,TitleCodeTop.Business,TitleCode.IT,TitleCodeMiddle.Operations,TitleCodeMiddle.Technical,TitleCode.Manager","Operations,Manager",https://go.zoominfo.com/#/apps/search/person/results?personProfileId=2110061732,2951d44d98d570d75f7261d4d859689b,maxlinear.com
-1082890323,Logan,Mauricsha,M.,,,"Project Manager, Information Technology & Business Consultant",719,Information Technology,Manager,,(205) 462-6467,mauricsha.logan@daimler.com,1 Mercedes Dr.,Vance,Alabama,35490,United States,2,8/13/2018,348651086,MBUSI,MBUSI,www.mbusi.com,(205) 507-2252,1 Mercedes Dr.,Vance,Alabama,35490,United States,Motor Vehicles,Industry.mfg.car,Manufacturing,Industry.mfg,22736,Sales.10Mto25M,114,Employees.100to249,371,37,336111,33611,"TitleCodeMiddle.Manager,TitleCode.ProjectManagement,TitleCode.Consultant,TitleCode.IT,TitleCodeTop.Business,TitleCodeMiddle.Operations,TitleCodeMiddle.Consultant,TitleCodeMiddle.Technical,TitleCode.Manager","Operations,Manager",https://go.zoominfo.com/#/apps/search/person/results?personProfileId=-1082890323,80897da10c59079c0b9f5737cc2a13cc,daimler.com
1660767055,Crispin,Keith,,,,"Manager, Information Systems, Network, Systems & Communications",719,Information Technology,Manager,,(513) 271-3700 ext. 314,keith.crispin@meridianbioscience.com,3471 RIVER HILLS Dr.,Cincinnati,Ohio,45244,United States,31,5/30/2019,72634071,Meridian Bioscience Inc,Meridian Bioscience,www.meridianbioscience.com,(513) 271-3700,3471 RIVER HILLS Dr.,Cincinnati,Ohio,45244,United States,Drug Manufacturing & Research,Industry.healthcare.pharmaceuticals.drugs,Pharmaceuticals,Industry.healthcare.pharmaceuticals,213571,Sales.100MMto250M,585,Employees.500to999,28,283,32541,339,"TitleCodeMiddle.Manager,TitleCodeTop.Business,TitleCode.IT,TitleCode.Communications,TitleCodeMiddle.Marketing,TitleCodeMiddle.Technical,TitleCode.Manager","Manager,Marketing",https://go.zoominfo.com/#/apps/search/person/results?personProfileId=1660767055,3412057912e8f8721f4e3c4850a00807,meridianbioscience.com
-307843,Cobbley,Barry,S.,,,"Manager, Solution Architects",719,Information Technology,Manager,,(231) 352-0803,bscobbley@midmark.com,2600 Miller Creek Rd.,Traverse City,Michigan,49684,United States,27,11/9/2018,24969839,Midmark Corporation,Midmark,www.midmark.com,(937) 528-7500,1700 South Patterson Blvd. Ste. 400,Dayton,Ohio,45409,United States,Medical Devices & Equipment,Industry.mfg.medical,Manufacturing,Industry.mfg,60000,Sales.50Mto100M,1700,Employees.1000to4999,38,384,3351,339,"TitleCode.IT,TitleCodeTop.Business,TitleCodeMiddle.Manager,TitleCodeMiddle.Technical,TitleCode.Manager","Manager,Engineering & Technical",https://go.zoominfo.com/#/apps/search/person/results?personProfileId=-307843,20e8f86559d1efb8e006add2ceabaab9,midmark.com
118367539,Livermore,Michael,,,,"Director, IT Operations (US)",759,Operations,Director,,(440) 962-2440,mike.livermore@moen.com,25300 Al Moen Dr.,North Olmsted,Ohio,44070,United States,50,3/21/2019,25363346,Moen Incorporated,Moen,www.moen.com,(440) 962-2000,25300 Al Moen Dr.,North Olmsted,Ohio,44070,United States,Building Materials,Industry.mfg.building,Manufacturing,Industry.mfg,100000,Sales.100MMto250M,2500,Employees.1000to4999,34,342,23822,332,"TitleCode.Operations,TitleCodeMiddle.Director,TitleCodeTop.Business,TitleCode.IT,TitleCodeMiddle.Operations,TitleCodeMiddle.Technical,TitleCode.Director","Operations,Director",https://go.zoominfo.com/#/apps/search/person/results?personProfileId=118367539,74d7a63b07f8da05ea0893eca45527c0,moen.com
1746969422,England,Tristan,M.,,,"Manager, IT Infrastructure",719,Information Technology,Manager,,(402) 891-7682,tristanengland@nmc-corp.com,11002 Sapp Brothers Dr.,Omaha,Nebraska,68138,United States,28,10/23/2019,67718256,NMC Inc,NMC,www.nmc-corp.com,(402) 891-8600,11002 Sapp Brothers Dr.,Omaha,Nebraska,68138,United States,Industrial Machinery & Equipment,Industry.mfg.industrialmachinery,Manufacturing,Industry.mfg,32170,Sales.25Mto50M,500,Employees.500to999,50,508,42381,4238,"TitleCode.IT,TitleCodeTop.Business,TitleCodeMiddle.Manager,TitleCodeMiddle.Technical,TitleCode.Manager","Manager,Engineering & Technical",https://go.zoominfo.com/#/apps/search/person/results?personProfileId=1746969422,418b35af18ebb3d0db021db2d652d065,nmc-corp.com
957317976,Amschler,Jason,,,,Global IT Manager,719,Information Technology,Manager,,(417) 380-5544,jason.amschler@northstarbattery.com,4000 Continental Way,Springfield,Missouri,65803,United States,48,8/28/2019,87393715,NorthStar Academy,NorthStar,www.northstarbattery.com,(417) 575-8200,4000 Continental Way,Springfield,Missouri,65803,United States,"Batteries, Power Storage Equipment & Generators",Industry.mfg.electronics.batteries,Electronics,Industry.mfg.electronics,170000,Sales.100MMto250M,500,Employees.500to999,36,369,335912,335911,"TitleCode.IT,TitleCodeTop.Business,TitleCodeMiddle.Manager,TitleCodeMiddle.Technical,TitleCode.Manager","Manager,Engineering & Technical",https://go.zoominfo.com/#/apps/search/person/results?personProfileId=957317976,fe91a0217b36f46e53058068584e6ee3,northstarbattery.com
-919597407,Andrus,Diane,,,,Management Information Systems Project Leader,,Information Technology,Manager,,(781) 647-3700 ext. 1347,dandrus@novabio.com,200 Prospect St.,Waltham,Massachusetts,2454,United States,6,6/22/2018,77448358,Nova Biomedical Corporation,Nova Biomedical,novabio.us,(781) 894-0800,200 Prospect St.,Waltham,Massachusetts,2454,United States,Drug Manufacturing & Research,Industry.healthcare.pharmaceuticals.drugs,Pharmaceuticals,Industry.healthcare.pharmaceuticals,100000,Sales.100MMto250M,1200,Employees.1000to4999,28,283,32541,325412,"TitleCode.IT,TitleCodeTop.Business,TitleCodeMiddle.Manager,TitleCodeMiddle.Technical,TitleCode.Manager","Manager,Engineering & Technical",https://go.zoominfo.com/#/apps/search/person/results?personProfileId=-919597407,8bb0df7952bcf6a69e604f9436e45269,novabio.com
-1870190529,Degtyaryov,Andrey,,,,"Manager, System Integration",719,Information Technology,Manager,,(831) 439-9729,andrey.degtyaryov@oxinst.com,360 El Pueblo Rd. Ste. 104,Scotts Valley,California,95066,United States,14,10/7/2018,68076726,Oxford Instruments plc,Oxford Instruments,www.oxinst.com,(734) 821-3003,120 Enterprise Dr.,Ann Arbor,Michigan,48103,United States,Medical Devices & Equipment,Industry.mfg.medical,Manufacturing,Industry.mfg,400554,Sales.250Mto500M,1642,Employees.1000to4999,38,384,5413,333,"TitleCode.IT,TitleCodeTop.Business,TitleCodeMiddle.Manager,TitleCodeMiddle.Technical,TitleCode.Manager","Manager,Engineering & Technical",https://go.zoominfo.com/#/apps/search/person/results?personProfileId=-1870190529,df8c25e8a0dff7ccf1d39e8edc88134b,oxinst.com
-2023075546,Manoukian,Alec,,,,"Manager, Information Technology",719,Information Technology,Manager,,(650) 521-8015,amanoukian@pacificbiosciences.com,,,California,,United States,3,6/27/2018,115671546,Pacific Biosciences,Pacific Biosciences,www.pacb.com,(650) 521-8000,1305 O'BRIEN Dr.,Menlo Park,California,94025,United States,Test & Measurement Equipment,Industry.mfg.testequipment,Manufacturing,Industry.mfg,93468,Sales.50Mto100M,456,Employees.250to499,38,382,32541,5417,"TitleCode.IT,TitleCodeTop.Business,TitleCodeMiddle.Manager,TitleCodeMiddle.Technical,TitleCode.Manager","Manager,Engineering & Technical",https://go.zoominfo.com/#/apps/search/person/results?personProfileId=-2023075546,fbdb1ecb311692c8158024d9fe66e2ac,pacificbiosciences.com
-2053021922,Shiroma,Ryan,,,,"Senior Manager, Information Technology",723,Information Technology,Manager,,(608) 268-8313,rshiroma@pacific-cycle.com,4902 HAMMERSLEY Rd.,Madison,Wisconsin,53711,United States,24,10/24/2019,38831288,Pacific Cycle Inc,Pacific Cycle,www.pacific-cycle.com,(608) 268-2468,4902 HAMMERSLEY Rd.,Madison,Wisconsin,53711,United States,Consumer Goods,Industry.mfg.consumer,Manufacturing,Industry.mfg,129000,Sales.100MMto250M,450,Employees.250to499,37,375,3369,33699,"TitleCode.IT,TitleCodeTop.Business,TitleCodeMiddle.Manager,TitleCodeMiddle.Technical,TitleCode.Manager","Manager,Engineering & Technical",https://go.zoominfo.com/#/apps/search/person/results?personProfileId=-2053021922,b16370018091ef5636c8e1ad5e911d24,pacific-cycle.com
85949788,Olin,Tom,,,,"Assurance Director, Information Technology",759,Information Technology,Director,,(315) 356-2142,tom_olin@partech.com,,,New York,,United States,18,7/30/2018,29705096,PAR Technology Corporation,PAR Technology,www.partech.com,(315) 738-0600,8383 SENECA TURNPIKE,New Hartford,New York,13413,United States,Software Development & Design,Industry.software.mfg,Software,Industry.software,232605,Sales.100MMto250M,1137,Employees.1000to4999,35,357,339,5415,"TitleCode.IT,TitleCodeTop.Business,TitleCodeMiddle.Technical,TitleCode.Director,TitleCodeMiddle.Director","Engineering & Technical,Director",https://go.zoominfo.com/#/apps/search/person/results?personProfileId=85949788,b6aa3662f9710acc81f845ef20141c35,partech.com
3150473636,Campbell,Jennifer,,,,"Program Manager, Information Technology",719,Information Technology,Manager,,,jennifer.campbell@primee.com,3460 161st Ave. SE,Bellevue,Washington,98008,United States,4,10/23/2019,97125687,Prime Electric Inc,Prime Electric,primee.com,(425) 747-5200,3460 161st Ave. SE,Bellevue,Washington,98008,United States,Electronics,Industry.mfg.electronics,Manufacturing,Industry.mfg,37500,Sales.25Mto50M,116,Employees.100to249,,,,,"TitleCode.ProgramManagement,TitleCodeMiddle.Manager,TitleCodeTop.Business,TitleCode.IT,TitleCodeMiddle.Operations,TitleCodeMiddle.Technical,TitleCode.Manager","Operations,Manager",https://go.zoominfo.com/#/apps/search/person/results?personProfileId=3150473636,366cf84d779dc6f8a615b082bcb308bf,primee.com
-1635578367,Steele,David,,,,"Manager, Information Technology",719,Information Technology,Manager,,(570) 321-6271,dsteele@primus-tech.com,2333 Reach Rd.,Williamsport,Pennsylvania,17701,United States,17,3/21/2019,97173992,Primus Technologies Corp,Primus Technologies,www.primus-tech.com,(570) 326-6591,2333 Reach Rd.,Williamsport,Pennsylvania,17701,United States,Electronic Components,Industry.mfg.electronics.electronics,Electronics,Industry.mfg.electronics,98682,Sales.50Mto100M,500,Employees.500to999,36,367,334419,33441,"TitleCode.IT,TitleCodeTop.Business,TitleCodeMiddle.Manager,TitleCodeMiddle.Technical,TitleCode.Manager","Manager,Engineering & Technical",https://go.zoominfo.com/#/apps/search/person/results?personProfileId=-1635578367,1594ac68837b77d8c87562f2b0b669b4,primus-tech.com
2333636276,Goodman,Dallas,,,,"Manager, Information Technology",719,Information Technology,Manager,,(920) 593-7506,dallasg@proactivesolutionsusa.com,301 Bridge St.,Green Bay,Wisconsin,54303,United States,6,9/25/2019,356458231,ProActive Solutions USA LLC,ProActive Solutions,www.proactivesolutionsusa.com,(800) 279-7761,301 Bridge St.,Green Bay,Wisconsin,54303,United States,Cleaning Products,Industry.mfg.consumer.cleaning,Consumer Goods,Industry.mfg.consumer,10000,Sales.10Mto25M,37,Employees.20to49,67,671,5511,32,"TitleCode.IT,TitleCodeTop.Business,TitleCodeMiddle.Manager,TitleCodeMiddle.Technical,TitleCode.Manager","Manager,Engineering & Technical",https://go.zoominfo.com/#/apps/search/person/results?personProfileId=2333636276,15d6250c644e899f6f8745be97050663,proactivesolutionsusa.com
1636333792,Dominick,Mike,,Mr.,,"Global Senior Director, Information Technology",763,Information Technology,Director,,(989) 619-2977,mike.dominick@ranir.com,4701 East Paris Ave. Se,Grand Rapids,Michigan,49512,United States,63,9/10/2019,80184691,Ranir LLC,Ranir,www.ranir.com,(616) 698-8880,4701 East Paris Ave. Se,Grand Rapids,Michigan,49512,United States,Medical Devices & Equipment,Industry.mfg.medical,Manufacturing,Industry.mfg,148023,Sales.100MMto250M,750,Employees.500to999,38,384,339994,339,"TitleCode.IT,TitleCodeTop.Business,TitleCodeMiddle.Technical,TitleCode.Director,TitleCodeMiddle.Director","Engineering & Technical,Director",https://go.zoominfo.com/#/apps/search/person/results?personProfileId=1636333792,3d7e367dadc76b90265e4b470648f0ee,ranir.com
1514978476,Carteaux,Brent,,,MCP,"Manager, Information Technology",719,Information Technology,Manager,,(260) 333-1311,bcarteaux@riekepackaging.com,500 West Seventh St.,Auburn,Indiana,46706,United States,34,3/26/2019,82018984,Rieke Packaging Systems Co. Ltd,Rieke,www.riekepackaging.com,(260) 925-3700,500 West Seventh St.,Auburn,Indiana,46706,United States,"Plastic, Packaging & Containers",Industry.mfg.plastic,Manufacturing,Industry.mfg,55064,Sales.50Mto100M,279,Employees.250to499,30,308,56191,333993,"TitleCode.IT,TitleCodeTop.Business,TitleCodeMiddle.Manager,TitleCodeMiddle.Technical,TitleCode.Manager","Manager,Engineering & Technical",https://go.zoominfo.com/#/apps/search/person/results?personProfileId=1514978476,8a5c2c7028cc16a48b3361305cfa8d3d,riekepackaging.com
1840440105,Hatton,Tim,,,,"Manager, Information Technology",719,Information Technology,Manager,,,tim@rockmore-intl.com,10065 SW Commerce Circle,Wilsonville,Oregon,97070,United States,17,10/8/2019,100861534,ROCKMORE International Inc,ROCKMORE,www.rockmore-intl.com,(503) 682-1001,10065 SW Commerce Circle,Wilsonville,Oregon,97070,United States,Industrial Machinery & Equipment,Industry.mfg.industrialmachinery,Mining,Industry.mm.mining,20789,Sales.10Mto25M,94,Employees.50to99,35,353,333131,3331,"TitleCode.IT,TitleCodeTop.Business,TitleCodeMiddle.Manager,TitleCodeMiddle.Technical,TitleCode.Manager","Manager,Engineering & Technical",https://go.zoominfo.com/#/apps/search/person/results?personProfileId=1840440105,836a373a1b2c0c9da9ba729d201eb1fe,rockmore-intl.com
694276024,Wallbank,Tom,,,,"Manager, Information Technology",719,Information Technology,Manager,,(918) 627-8400 ext. 2309,twallbank@ruhrpumpen.com,4501 South 86th East Ave.,Tulsa,Oklahoma,74145,United States,39,10/22/2019,247169303,"Ruhrpumpen, Inc.",Ruhrpumpen,www.ruhrpumpen.com,(918) 627-8400,4501 South 86th East Ave.,Tulsa,Oklahoma,74145,United States,Plumbing & HVAC Equipment,Industry.mfg.building.plumbing,Building Materials,Industry.mfg.building,58191,Sales.50Mto100M,2000,Employees.1000to4999,35,356,5413,3339,"TitleCode.IT,TitleCodeTop.Business,TitleCodeMiddle.Manager,TitleCodeMiddle.Technical,TitleCode.Manager","Manager,Engineering & Technical",https://go.zoominfo.com/#/apps/search/person/results?personProfileId=694276024,d378546f3be065f8ae0d47c0198f68ee,ruhrpumpen.com
-2043465488,Campbell,Stephen,,,,"Manager, Information Technology",719,Information Technology,Manager,,(805) 965-3669 ext. 124,scampbell@sbir.com,"30 S. Calle Cesar Chavez, Ste. D",Santa Barbara,California,93103,United States,21,10/24/2019,33997039,"Santa Barbara Infrared , Inc.",Santa Barbara Infrared,www.sbir.com,(805) 965-3669,"30 S. Calle Cesar Chavez, Ste. D",Santa Barbara,California,93103,United States,Industrial Machinery & Equipment,Industry.mfg.industrialmachinery,Manufacturing,Industry.mfg,15000,Sales.10Mto25M,41,Employees.20to49,35,355,33451,333314,"TitleCode.IT,TitleCodeTop.Business,TitleCodeMiddle.Manager,TitleCodeMiddle.Technical,TitleCode.Manager","Manager,Engineering & Technical",https://go.zoominfo.com/#/apps/search/person/results?personProfileId=-2043465488,00537f86fdbb05d207541119f54f673f,sbir.com
-1011697695,Duquette,Nick,,,,"Manager, Information Technology",719,Information Technology,Manager,,(704) 944-4500 ext. 5560,nick.duquette@ssi-schaefer.com,10125 Westlake Dr.,Charlotte,North Carolina,28273,United States,11,10/3/2019,61506130,SCHAEFER SYSTEMS INTERNATIONAL PTE LTD,SSI,www.ssi-schaefer.com,(704) 944-4500,10125 Westlake Dr.,Charlotte,North Carolina,28273,United States,Software Development & Design,Industry.software.mfg,Software,Industry.software,12430,Sales.10Mto25M,450,Employees.250to499,737,73,5416,5182,"TitleCode.IT,TitleCodeTop.Business,TitleCodeMiddle.Manager,TitleCodeMiddle.Technical,TitleCode.Manager","Manager,Engineering & Technical",https://go.zoominfo.com/#/apps/search/person/results?personProfileId=-1011697695,b26903bb6ab509fe814a80eb1210f6ed,ssi-schaefer.com
-2087378579,Perkins,Daniel,,,,"Manager, Corporate IT",721,Information Technology,Manager,,(704) 944-4535,daniel.perkins@ssi-schaefer.com,10125 Westlake Dr.,Charlotte,North Carolina,28273,United States,41,9/4/2019,61506130,SCHAEFER SYSTEMS INTERNATIONAL PTE LTD,SSI,www.ssi-schaefer.com,(704) 944-4500,10125 Westlake Dr.,Charlotte,North Carolina,28273,United States,Software Development & Design,Industry.software.mfg,Software,Industry.software,12430,Sales.10Mto25M,450,Employees.250to499,737,73,5416,5182,"TitleCode.IT,TitleCodeTop.Business,TitleCodeMiddle.Manager,TitleCodeMiddle.Technical,TitleCode.Manager","Manager,Engineering & Technical",https://go.zoominfo.com/#/apps/search/person/results?personProfileId=-2087378579,732f0cc209dfb7ca38c174c91c142b8a,ssi-schaefer.com
-1769935193,Aranyos,Carisa,,,,"Project Manager, Information Technology",719,Information Technology,Manager,,(704) 944-4500 ext. 2608,carisa.aranyos@ssi-schaefer.com,10125 Westlake Dr.,Charlotte,North Carolina,28273,United States,12,4/11/2019,61506130,SCHAEFER SYSTEMS INTERNATIONAL PTE LTD,SSI,www.ssi-schaefer.com,(704) 944-4500,10125 Westlake Dr.,Charlotte,North Carolina,28273,United States,Software Development & Design,Industry.software.mfg,Software,Industry.software,12430,Sales.10Mto25M,450,Employees.250to499,737,73,5416,5182,"TitleCode.ProjectManagement,TitleCodeMiddle.Manager,TitleCodeTop.Business,TitleCode.IT,TitleCodeMiddle.Operations,TitleCodeMiddle.Technical,TitleCode.Manager","Operations,Manager",https://go.zoominfo.com/#/apps/search/person/results?personProfileId=-1769935193,081e1c096dbaaa004551bfff5160d4f8,ssi-schaefer.com
1957615767,Naik,Kanan,,,,"Manager, Information Technology",719,Information Technology,Manager,,(704) 944-4500 ext. 2624,kanan.naik@ssi-schaefer.us,10125 Westlake Dr.,Charlotte,North Carolina,28273,United States,22,3/21/2019,61506130,SCHAEFER SYSTEMS INTERNATIONAL PTE LTD,SSI,www.ssi-schaefer.com,(704) 944-4500,10125 Westlake Dr.,Charlotte,North Carolina,28273,United States,Software Development & Design,Industry.software.mfg,Software,Industry.software,12430,Sales.10Mto25M,450,Employees.250to499,737,73,5416,5182,"TitleCode.IT,TitleCodeTop.Business,TitleCodeMiddle.Manager,TitleCodeMiddle.Technical,TitleCode.Manager","Manager,Engineering & Technical",https://go.zoominfo.com/#/apps/search/person/results?personProfileId=1957615767,da78762447b47d90230ef595bc04c9ea,ssi-schaefer.us
-1966261825,Gulotta,Gasper,,,,"Project Manager, Information Technology",719,Information Technology,Manager,,(704) 944-4500 ext. 2680,gasper.gulotta@ssi-schaefer.com,10125 Westlake Dr.,Charlotte,North Carolina,28273,United States,11,3/21/2019,61506130,SCHAEFER SYSTEMS INTERNATIONAL PTE LTD,SSI,www.ssi-schaefer.com,(704) 944-4500,10125 Westlake Dr.,Charlotte,North Carolina,28273,United States,Software Development & Design,Industry.software.mfg,Software,Industry.software,12430,Sales.10Mto25M,450,Employees.250to499,737,73,5416,5182,"TitleCode.ProjectManagement,TitleCodeMiddle.Manager,TitleCodeTop.Business,TitleCode.IT,TitleCodeMiddle.Operations,TitleCodeMiddle.Technical,TitleCode.Manager","Operations,Manager",https://go.zoominfo.com/#/apps/search/person/results?personProfileId=-1966261825,25cbde6bd2f1448197f398db5ddada32,ssi-schaefer.com
-2105145001,Meunier,Paul,,,,"Senior Manager, Software Support Engineer & IT",724,Information Technology,Manager,,(864) 222-7765,paul.meunier@ssi-schaefer.com,,Pelzer,South Carolina,29669,United States,16,3/21/2019,61506130,SCHAEFER SYSTEMS INTERNATIONAL PTE LTD,SSI,www.ssi-schaefer.com,(704) 944-4500,10125 Westlake Dr.,Charlotte,North Carolina,28273,United States,Software Development & Design,Industry.software.mfg,Software,Industry.software,12430,Sales.10Mto25M,450,Employees.250to499,737,73,5416,5182,"TitleCodeMiddle.Manager,TitleCodeTop.Business,TitleCode.IT,TitleCode.Engineer,TitleCode.SoftwareEng,TitleCodeMiddle.Technical,TitleCode.Manager","Manager,Engineering & Technical",https://go.zoominfo.com/#/apps/search/person/results?personProfileId=-2105145001,56e901e4c14655e8f60e25064559e513,ssi-schaefer.com
-1645664491,Karius,Martin,,,,"Senior Manager, Information Technology",723,Information Technology,Manager,,(704) 491-1463,martin.karius@ssi-schaefer.com,10125 Westlake Dr.,Charlotte,North Carolina,28273,United States,33,3/21/2019,61506130,SCHAEFER SYSTEMS INTERNATIONAL PTE LTD,SSI,www.ssi-schaefer.com,(704) 944-4500,10125 Westlake Dr.,Charlotte,North Carolina,28273,United States,Software Development & Design,Industry.software.mfg,Software,Industry.software,12430,Sales.10Mto25M,450,Employees.250to499,737,73,5416,5182,"TitleCode.IT,TitleCodeTop.Business,TitleCodeMiddle.Manager,TitleCodeMiddle.Technical,TitleCode.Manager","Manager,Engineering & Technical",https://go.zoominfo.com/#/apps/search/person/results?personProfileId=-1645664491,07fc1a2f7ac754772fcee398dea30d10,ssi-schaefer.com
2589737141,Chitanand,Jett,,,,"Sales Manager, Information Technology",719,Information Technology,Manager,,(704) 303-0143,jett.chitanand@ssi-schaefer.com,,,North Carolina,,United States,2,1/25/2018,61506130,SCHAEFER SYSTEMS INTERNATIONAL PTE LTD,SSi,www.ssi-schaefer.com,(704) 944-4500,10125 Westlake Dr.,Charlotte,North Carolina,28273,United States,Software Development & Design,Industry.software.mfg,Software,Industry.software,12430,Sales.10Mto25M,450,Employees.250to499,737,73,5416,5182,"TitleCodeMiddle.Manager,TitleCodeMiddle.Sales,TitleCodeTop.Business,TitleCode.IT,TitleCode.Sales,TitleCodeMiddle.Technical,TitleCode.Manager","Sales,Manager",https://go.zoominfo.com/#/apps/search/person/results?personProfileId=2589737141,ae9908546ff3b6240350fba02e17e6a8,ssi-schaefer.com
2350092441,Marini,Justin,,,,"Manager, Systems Integration Engineering",719,Information Technology,Manager,,(412) 818-5502,jmarini@seegrid.com,216 Ridc Park West Dr.,Pittsburgh,Pennsylvania,15275,United States,8,10/4/2019,45465789,Seegrid Corporation,Seegrid,www.seegrid.com,(412) 379-4500,216 Ridc Park West Dr.,Pittsburgh,Pennsylvania,15275,United States,Electronics,Industry.mfg.electronics,Industrial Machinery & Equipment,Industry.mfg.industrialmachinery,6000,Sales.5Mto10M,206,Employees.100to249,35,353,333924,3339,"TitleCode.IT,TitleCodeTop.Business,TitleCode.Engineer,TitleCodeMiddle.Manager,TitleCodeMiddle.Technical,TitleCode.Manager","Manager,Engineering & Technical",https://go.zoominfo.com/#/apps/search/person/results?personProfileId=2350092441,775cea7daaf8d83dae5e0960355dd259,seegrid.com
1758994306,Rowe,Joseph,,,,"Director, Information Systems",759,Information Technology,Director,,(205) 428-4800 ext. 1102,jrowe@southerncasearts.com,275 Drexel Rd. SE,Bessemer,Alabama,35022,United States,34,10/24/2019,35815861,Southern CaseArts Inc,Southern CaseArts,www.southerncasearts.com,(205) 428-4800,275 Drexel Rd. SE,Bessemer,Alabama,35022,United States,Appliances,Industry.mfg.consumer.appliances,Consumer Goods,Industry.mfg.consumer,61480,Sales.50Mto100M,158,Employees.100to249,76,762,56191,811,"TitleCode.IT,TitleCodeTop.Business,TitleCodeMiddle.Technical,TitleCode.Director,TitleCodeMiddle.Director","Engineering & Technical,Director",https://go.zoominfo.com/#/apps/search/person/results?personProfileId=1758994306,429ed9c5face2ba46e96d3ed2e76a257,southerncasearts.com
73400095,Baumgardner,Greg,,,,"Director, Information Technology",759,Information Technology,Director,,(503) 478-1550,gregb@stimsonlumber.com,520 SW Yamhill St.,Portland,Oregon,97204,United States,71,10/8/2019,36700749,Stimson Lumber Company,Stimson Lumber,www.stimsonlumber.com,(503) 295-0951,520 SW Yamhill St.,Portland,Oregon,97204,United States,"Lumber, Wood Production & Timber Operations",Industry.mfg.building.lumber,Building Materials,Industry.mfg.building,300000,Sales.250Mto500M,750,Employees.500to999,24,241,444,321113,"TitleCode.IT,TitleCodeTop.Business,TitleCodeMiddle.Technical,TitleCode.Director,TitleCodeMiddle.Director","Engineering & Technical,Director",https://go.zoominfo.com/#/apps/search/person/results?personProfileId=73400095,5b6fb7de35eae65fcb478e020590d8b7,stimsonlumber.com
15534319,Manahan,David,C.,,,"Manager, Information Technology",719,Information Technology,Manager,,(276) 645-8029,dmanahan@strongwell.com,400 Commonwealth Ave.,Bristol,Virginia,24201,United States,42,10/25/2019,36848138,Strongwell Corporation,Strongwell,www.strongwell.com,(276) 645-8000,400 Commonwealth Ave.,Bristol,Virginia,24201,United States,"Miscellaneous Building Materials (Flooring, Cabinets, etc.)",Industry.mfg.building.other,Building Materials,Industry.mfg.building,98682,Sales.50Mto100M,500,Employees.500to999,30,308,3261,32,"TitleCode.IT,TitleCodeTop.Business,TitleCodeMiddle.Manager,TitleCodeMiddle.Technical,TitleCode.Manager","Manager,Engineering & Technical",https://go.zoominfo.com/#/apps/search/person/results?personProfileId=15534319,c013248494fb4e2244586322e9d3816c,strongwell.com
-2042021270,Manning,Mike,,,,"Manager, Information Technology",719,Information Technology,Manager,,(507) 867-1281,mmanning@strongwell.com,1610 Hwy.,Chatfield,Minnesota,55923,United States,25,10/24/2019,36848138,Strongwell Corporation,Strongwell,www.strongwell.com,(276) 645-8000,400 Commonwealth Ave.,Bristol,Virginia,24201,United States,"Miscellaneous Building Materials (Flooring, Cabinets, etc.)",Industry.mfg.building.other,Building Materials,Industry.mfg.building,98682,Sales.50Mto100M,500,Employees.500to999,30,308,3261,32,"TitleCode.IT,TitleCodeTop.Business,TitleCodeMiddle.Manager,TitleCodeMiddle.Technical,TitleCode.Manager","Manager,Engineering & Technical",https://go.zoominfo.com/#/apps/search/person/results?personProfileId=-2042021270,aeedfe76e4664d808ed299596e11d203,strongwell.com
401059652,Clemente,Darren,E.,,,"Director, Information Technology",759,Information Technology,Director,,(330) 995-1380,dclemente@tcpi.com,325 Campus Dr.,Aurora,Ohio,44202,United States,55,8/1/2019,344585098,Technical Consumer Products Inc,TCPI,www.tcpi.com,(330) 995-6111,325 Campus Dr.,Aurora,Ohio,44202,United States,Electronic Components,Industry.mfg.electronics.electronics,Electronics,Industry.mfg.electronics,221890,Sales.100MMto250M,7000,Employees.5000to9999,36,364,5511,3351,"TitleCode.IT,TitleCodeTop.Business,TitleCodeMiddle.Technical,TitleCode.Director,TitleCodeMiddle.Director","Engineering & Technical,Director",https://go.zoominfo.com/#/apps/search/person/results?personProfileId=401059652,a8dbb4d1c1643c597951e20b7bbddce6,tcpi.com
3159566602,Murphy,Adam,,,,"Director, Information Systems",759,Information Technology,Director,,(509) 344-7211,adam.murphy@amphenol-ns.com,,,Washington,,United States,26,5/2/2019,37798237,Telect Inc,Telect,amphenol-ns.com,(509) 926-6000,22425 East Appleway Ave. # 11,Liberty Lake,Washington,99019,United States,Manufacturing,Industry.mfg,Computer Equipment & Peripherals,Industry.mfg.computers,75000,Sales.50Mto100M,101,Employees.100to249,36,366,49,33421,"TitleCode.IT,TitleCodeTop.Business,TitleCodeMiddle.Technical,TitleCode.Director,TitleCodeMiddle.Director","Engineering & Technical,Director",https://go.zoominfo.com/#/apps/search/person/results?personProfileId=3159566602,5c3e380727f430224d7956656e0e9f7f,amphenol-ns.com
3178257992,Sommers,Greg,,,,"Manager, Information Technology",719,Information Technology,Manager,,(517) 545-3813,gsommers@thaisummit.us,,,Michigan,,United States,4,10/25/2019,371617983,Thai Summit,Thai Summit,www.thaisummit.us,(517) 548-4900,1480 McPherson Park Dr.,Howell,Michigan,48843,United States,Metals & Minerals,Industry.mm.metals,Metals & Mining,Industry.mm,100000,Sales.100MMto250M,800,Employees.500to999,33,336,33637,336370,"TitleCode.IT,TitleCodeTop.Business,TitleCodeMiddle.Manager,TitleCodeMiddle.Technical,TitleCode.Manager","Manager,Engineering & Technical",https://go.zoominfo.com/#/apps/search/person/results?personProfileId=3178257992,a2a8973968cf1b96940e117e2f4148bc,thaisummit.us
1601188214,D'Amico,Janice,,Ms.,,"Executive Manager, Information Technology",724,Information Technology,Manager,Thai Summit America Corporation,(517) 545-2144,jdamico@thaisummit.us,,,Michigan,,United States,40,8/20/2019,371617983,Thai Summit,Thai Summit,www.thaisummit.us,(517) 548-4900,1480 McPherson Park Dr.,Howell,Michigan,48843,United States,Metals & Minerals,Industry.mm.metals,Metals & Mining,Industry.mm,100000,Sales.100MMto250M,800,Employees.500to999,33,336,33637,336370,"TitleCode.IT,TitleCodeTop.Business,TitleCodeMiddle.Manager,TitleCodeMiddle.Technical,TitleCode.Manager","Manager,Engineering & Technical",https://go.zoominfo.com/#/apps/search/person/results?personProfileId=1601188214,19127cac3758d4a7ac419d06055113ad,thaisummit.us
-1883458890,Peters,Noel,,,,"Director, Information Technology",759,Information Technology,Director,,(231) 944-7149,npeters@oilgear.com,1424 International Dr.,Traverse City,Michigan,49686,United States,21,6/12/2019,28704859,The Oilgear Company,Oilgear,www.oilgear.com,(231) 929-1660,1424 International Dr.,Traverse City,Michigan,49686,United States,Industrial Machinery & Equipment,Industry.mfg.industrialmachinery,Manufacturing,Industry.mfg,150000,Sales.100MMto250M,400,Employees.250to499,35,359,333995,333996,"TitleCode.IT,TitleCodeTop.Business,TitleCodeMiddle.Technical,TitleCode.Director,TitleCodeMiddle.Director","Engineering & Technical,Director",https://go.zoominfo.com/#/apps/search/person/results?personProfileId=-1883458890,797ddcbc975b6a3ee0e66f363af0024e,oilgear.com
188984569,Gentile,Peter,,,,"Manager, Information Systems",719,Information Technology,Manager,,(440) 505-2308,gentilep@robbinstbm.com,29100 Hall St.,Solon,Ohio,44139,United States,32,9/17/2019,43647697,The Robbins Company,Robbins,www.therobbinscompany.com,(440) 248-3303,29100 Hall St.,Solon,Ohio,44139,United States,Industrial Machinery & Equipment,Industry.mfg.industrialmachinery,Manufacturing,Industry.mfg,159640,Sales.100MMto250M,600,Employees.500to999,35,353,44815,44,"TitleCode.IT,TitleCodeTop.Business,TitleCodeMiddle.Manager,TitleCodeMiddle.Technical,TitleCode.Manager","Manager,Engineering & Technical",https://go.zoominfo.com/#/apps/search/person/results?personProfileId=188984569,266ba3e622003333f8d14a2f747f3e77,robbinstbm.com
-1334401522,Kohring,Donna,,,,"Director, Information Technology",759,Information Technology,Director,,(513) 682-8484,donna.kohring@totes.com,9655 International Blvd.,Cincinnati,Ohio,45246,United States,18,10/22/2019,120455291,totes»ISOTONER Corporation,totes,www.totes.com,(513) 682-8200,9655 International Blvd.,Cincinnati,Ohio,45246,United States,Textiles & Apparel,Industry.mfg.consumer.clothes,Consumer Goods,Industry.mfg.consumer,89400,Sales.50Mto100M,447,Employees.250to499,23,238,424320,4239,"TitleCode.IT,TitleCodeTop.Business,TitleCodeMiddle.Technical,TitleCode.Director,TitleCodeMiddle.Director","Engineering & Technical,Director",https://go.zoominfo.com/#/apps/search/person/results?personProfileId=-1334401522,08eded52fed9597bb97604bd5b1f94ee,totes.com
-2048771623,Hallbach,Dave,,,,Network Infrastructure Manager,719,Information Technology,Manager,,(603) 905-0391,dave.hallbach@turbocam.com,607 Calef Hwy.,Barrington,New Hampshire,3825,United States,19,10/14/2019,119652589,TURBOCAM Inc,TURBOCAM,www.turbocam.com,(603) 905-0200,607 Calef Hwy.,Barrington,New Hampshire,3825,United States,Manufacturing,Industry.mfg,Building Materials,Industry.mfg.building,300000,Sales.250Mto500M,800,Employees.500to999,34,342,332999,332,"TitleCode.IT,TitleCodeTop.Business,TitleCodeMiddle.Manager,TitleCodeMiddle.Technical,TitleCode.Manager","Manager,Engineering & Technical",https://go.zoominfo.com/#/apps/search/person/results?personProfileId=-2048771623,ed12a877752502858489ef6d8bccb391,turbocam.com
3335709533,Lidwell,Lawrence,,,,"Manager, Information Technology",719,Information Technology,Manager,,(248) 754-7000 ext. 1292,lawrence.lidwell@usfarathane.com,2700 High Meadow Circle,Auburn Hills,Michigan,48326,United States,3,10/22/2019,125255773,US Farathane Corporation,US Farathane,www.usfarathane.com,(248) 754-7000,2700 High Meadow Circle,Auburn Hills,Michigan,48326,United States,"Miscellaneous Building Materials (Flooring, Cabinets, etc.)",Industry.mfg.building.other,Building Materials,Industry.mfg.building,450000,Sales.250Mto500M,4200,Employees.1000to4999,30,308,3261,32,"TitleCode.IT,TitleCodeTop.Business,TitleCodeMiddle.Manager,TitleCodeMiddle.Technical,TitleCode.Manager","Manager,Engineering & Technical",https://go.zoominfo.com/#/apps/search/person/results?personProfileId=3335709533,95b1bf0ee0bf97c8a00d1ff8994a5cc8,usfarathane.com
2079844389,Hamilton,Michael,J.,,,"Director, IT Infrastructure",759,Information Technology,Director,,(978) 749-3254,mhamilton@vicorpower.com,25 Frontage Rd.,Andover,Massachusetts,1810,United States,30,10/20/2019,153518114,Vicor Corporation,Vicor,www.vicorpower.com,(978) 470-2900,25 Frontage Rd.,Andover,Massachusetts,1810,United States,Electronic Components,Industry.mfg.electronics.electronics,Electronics,Industry.mfg.electronics,227830,Sales.100MMto250M,970,Employees.500to999,36,367,33599,334419,"TitleCode.IT,TitleCodeTop.Business,TitleCodeMiddle.Technical,TitleCode.Director,TitleCodeMiddle.Director","Engineering & Technical,Director",https://go.zoominfo.com/#/apps/search/person/results?personProfileId=2079844389,b15e8a0a4d512ece7435e12476dd1e72,vicorpower.com
1507692337,Winegar,Monte,S.,,,"Project Manager, IT Operations",719,Operations,Manager,,(801) 900-5525,monte.winegar@vivintsolar.com,3301 N Thanksgiving Way Ste. 500,Lehi,Utah,84043-4128,United States,30,7/25/2019,346712529,Vivint Solar Inc,Vivint,www.vivintsolar.com,(801) 377-9111,1800 WEST ASHTON Blvd.,Lehi,Utah,84043,United States,Commercial & Residential Construction,Industry.construction.construction,Construction,Industry.construction,268028,Sales.250Mto500M,2542,Employees.1000to4999,17,176,23816,56,"TitleCode.ProjectManagement,TitleCodeMiddle.Manager,TitleCode.Operations,TitleCodeTop.Business,TitleCode.IT,TitleCodeMiddle.Operations,TitleCodeMiddle.Technical,TitleCode.Manager","Operations,Manager",https://go.zoominfo.com/#/apps/search/person/results?personProfileId=1507692337,3ab4a60c898286ca92168ba6c5a27f5f,vivintsolar.com
1578463213,Norton,Brooks,,,,"Manager, Information Systems",719,Information Technology,Manager,,,bnorton@voltagemultipliers.com,8711 W. Roosevelt Ave.,Visalia,California,93291,United States,13,10/22/2019,90570779,"VMI , Inc.",VMI,www.voltagemultipliers.com,(559) 651-1402,8711 W. Roosevelt Ave.,Visalia,California,93291,United States,Consumer Electronics,Industry.mfg.consumer.electronics,Consumer Goods,Industry.mfg.consumer,5723,Sales.5Mto10M,29,Employees.20to49,365,36,3343,221,"TitleCode.IT,TitleCodeTop.Business,TitleCodeMiddle.Manager,TitleCodeMiddle.Technical,TitleCode.Manager","Manager,Engineering & Technical",https://go.zoominfo.com/#/apps/search/person/results?personProfileId=1578463213,8b34da2bef42b130147269d4119869fd,voltagemultipliers.com
1692251762,Haag,Brian,E.,,,"Manager, Help Desk & Software Development",719,Information Technology,Manager,,(651) 450-5285,behaag@waterousco.com,125 Hardman Ave. South,South Saint Paul,Minnesota,55075,United States,25,9/27/2019,41533798,Waterous Company,Waterous,www.waterousco.com,(651) 450-5000,125 Hardman Ave. South,South Saint Paul,Minnesota,55075,United States,Industrial Machinery & Equipment,Industry.mfg.industrialmachinery,Manufacturing,Industry.mfg,100000,Sales.100MMto250M,268,Employees.250to499,34,349,33121,332911,"TitleCodeMiddle.Manager,TitleCodeTop.Business,TitleCode.IT,TitleCodeMiddle.Operations,TitleCode.SoftwareEng,TitleCode.CustomerRel,TitleCodeMiddle.Technical,TitleCode.Manager","Operations,Manager",https://go.zoominfo.com/#/apps/search/person/results?personProfileId=1692251762,bba2773b9b4cd52a5d8d1bbf52371990,waterousco.com
3322165266,Bickerdyke,David,J.,,,"Manager, Manufacturing & Information Technology",719,Operations,Manager,,(281) 233-2679,d.bickerdyke@winconn.com,,,Texas,,United States,4,9/25/2019,311558154,Winchester Electronics Corporation,Winchester Electrics,www.winconn.com,(203) 741-5400,68 Water St.,Norwalk,Connecticut,6854,United States,Electronic Components,Industry.mfg.electronics.electronics,Electronics,Industry.mfg.electronics,250000,Sales.250Mto500M,1026,Employees.1000to4999,36,364,4236,335931,"TitleCodeMiddle.Manager,TitleCode.Operations,TitleCodeTop.Business,TitleCode.IT,TitleCodeMiddle.Operations,TitleCodeMiddle.Technical,TitleCode.Manager","Operations,Manager",https://go.zoominfo.com/#/apps/search/person/results?personProfileId=3322165266,959e10d4a922bd995c8de44b2ed4f36b,winconn.com
-2036836097,Stallons,Chad,,,,"Manager, Information Technology",719,Information Technology,Manager,,,chad.stallons@zeromotorcycles.com,,San Francisco,California,,United States,13,10/23/2019,313294935,Zero Motorcycles Inc,Zero Motorcycles,www.zeromotorcycles.com,(831) 438-3500,380 El Pueblo Rd.,Scotts Valley,California,95066,United States,Consumer Goods,Industry.mfg.consumer,Manufacturing,Industry.mfg,20542,Sales.10Mto25M,103,Employees.100to249,37,375,33699,44,"TitleCode.IT,TitleCodeTop.Business,TitleCodeMiddle.Manager,TitleCodeMiddle.Technical,TitleCode.Manager","Manager,Engineering & Technical",https://go.zoominfo.com/#/apps/search/person/results?personProfileId=-2036836097,e717e89e8e2db016a497bd454c72a1f4,zeromotorcycles.com
