﻿Zoom Individual ID,Last name,First name,Middle name,Salutation,Suffix,Job title,Job title hierarchy level,Job Function,Management Level,Company division name,Direct Phone Number,Email address,Person Street,Person City,Person State,Person Zip,Country,Source count,Last updated date,Zoom company ID,Company name,Marketing Friendly Name,Company domain name,Company phone number,Company Street address,Company City,Company State,Company ZIP/Postal code,Company Country,Industry label,Industry hierarchical category,Secondary industry label,Secondary industry hierarchical category,Revenue (in 000s),Revenue Range,Employees,Employees Range,SIC1,SIC2,NAICS1,NAICS2,TitleCode,Highest Level Job Function,Contact Zoom URL,Encrypted Email Address,Email Domain
2611556684,Herring,Rob,,,,"Manager, Information Technology",719,Information Technology,Manager,,,herring@aesthetics.net,301 Spruce St.,San Diego,California,92103,United States,3,10/15/2018,353583860,Aesthetics Inc,Aesthetics,www.aesthetics.net,(619) 683-7500,301 Spruce St.,San Diego,California,92103,United States,"Architecture, Engineering & Design",Industry.construction.architecture,Construction,Industry.construction,3619,Sales.1Mto5M,19,Employees.10to19,8712,871,541,5413,"TitleCode.IT,TitleCodeTop.Business,TitleCodeMiddle.Manager,TitleCodeMiddle.Technical,TitleCode.Manager","Manager,Engineering & Technical",https://go.zoominfo.com/#/apps/search/person/results?personProfileId=2611556684,b6b5dad031f96b75c520580a59081db7,aesthetics.net
2053654230,Ezzi,Mustafa,,,,"Deputy General Manager, Information Technology",887,Information Technology,Manager,,+91 22 6691 5571,mustafa.ezzi@akersolutions.com,,,,,India,8,7/25/2019,1494522,Aker Solutions companies,Aker Solutions,www.akersolutions.com,(713) 685-5700,3010 Briarpark Dr.,Houston,Texas,77042,United States,"Electricity, Oil & Gas",Industry.energy.energy,"Energy, Utilities & Waste Treatment",Industry.energy,2799000,Sales.1Gto5G,13796,Employees.10000plus,13,138,211,2131,"TitleCode.IT,TitleCodeTop.Business,TitleCodeMiddle.Manager,TitleCodeMiddle.Technical,TitleCode.Manager","Manager,Engineering & Technical",https://go.zoominfo.com/#/apps/search/person/results?personProfileId=2053654230,b5319e7767c3eab5a0ddc0ddd2f1eeb9,akersolutions.com
-1696754726,de Villiers,Jacques,,,,"Manager, Information Technology",719,Information Technology,Manager,,+27 21 831 1500,jdev@altair.co.za,,,,,South Africa,24,1/23/2019,10112620,Altair Engineering Inc,Altair,www.altair.com,(248) 614-2400,1820 E. Big Beaver,Troy,Michigan,48083,United States,Power Conversion & Protection Equipment,Industry.mfg.electronics.powerequip,Aerospace & Defense,Industry.mfg.aerospace,333333,Sales.250Mto500M,2400,Employees.1000to4999,37,376,561499,5419,"TitleCode.IT,TitleCodeTop.Business,TitleCodeMiddle.Manager,TitleCodeMiddle.Technical,TitleCode.Manager","Manager,Engineering & Technical",https://go.zoominfo.com/#/apps/search/person/results?personProfileId=-1696754726,41801a3296f6a2c1f6c20165c4b1b8e3,altair.co.za
-1492534285,Torres,Jocelyn,,,,Permits Specialist and Information Technology Manager,719,Information Technology,Manager,,,jtorres@aldivi.com,,,,,,6,11/7/2018,371091596,alvarezdiazvillalon.com,AD&V,www.alvarezdiazvillalon.com,(786) 703-5737,2100 Ponce De Leon Blvd. Ste. 1260,Miami,Florida,33134,United States,"Architecture, Engineering & Design",Industry.construction.architecture,Construction,Industry.construction,5000,Sales.5Mto10M,25,Employees.20to49,8712,871,541,5413,"TitleCode.IT,TitleCodeTop.Business,TitleCodeMiddle.Manager,TitleCode.Technical,TitleCodeMiddle.Technical,TitleCode.Manager","Manager,Engineering & Technical",https://go.zoominfo.com/#/apps/search/person/results?personProfileId=-1492534285,d19e2931193ab14cdfebbbcb78b4a55c,aldivi.com
-1956324706,Ghylin,Al,,,,"Director, IT Business Relationship Management",759,Information Technology,Director,,(952) 835-1874 ext. 54578,aghylin@apog.com,800 Park Dr.,Owatonna,Minnesota,55060,United States,26,9/5/2019,6410789,"Apogee Enterprises , Inc.",Apogee,www.apog.com,(612) 835-1874,4400 WEST 78TH St. Ste. 520,Minneapolis,Minnesota,55435,United States,Commercial & Residential Construction,Industry.construction.construction,Construction,Industry.construction,1326173,Sales.1Gto5G,6700,Employees.5000to9999,17,179,327211,23819,"TitleCodeMiddle.Manager,TitleCodeMiddle.Director,TitleCodeTop.Business,TitleCode.IT,TitleCodeMiddle.Technical,TitleCode.Manager,TitleCode.Director","Manager,Director",https://go.zoominfo.com/#/apps/search/person/results?personProfileId=-1956324706,6834d5878986ce97911a154d04e86b83,apog.com
1476892684,Shroff,Sameer,,,,Senior Management and Information Technology Consultant,553,Information Technology,Manager,,(713) 953-4707,sameer.shroff@arcadis.com,"10205 Westheimer Rd,Ste 800",Houston,Texas,77042-3131,United States,40,5/10/2019,2572508,ARCADIS NV,ARCADIS,www.arcadis.com,+31 20 201 1011,Gustav Mahlerplein 97-103,Amsterdam,North Holland,,Netherlands,"Architecture, Engineering & Design",Industry.construction.architecture,Construction,Industry.construction,3855778,Sales.1Gto5G,27327,Employees.10000plus,87,89,2379,5416,"TitleCodeMiddle.Manager,TitleCode.Consultant,TitleCodeTop.Business,TitleCode.IT,TitleCodeMiddle.Consultant,TitleCodeMiddle.Technical,TitleCode.Manager","Consulting,Manager",https://go.zoominfo.com/#/apps/search/person/results?personProfileId=1476892684,776d04e6d3abdabe4a841e2c3e8ad2cf,arcadis.com
1188208910,Blackford,Rick,,,,"Manager, Information Technology",719,Information Technology,Manager,,(515) 265-4441 ext. 121,rickblackford@architecturalarts.com,2200 E. Ovid,Des Moines,Iowa,50313,United States,24,8/16/2019,345463715,"Architectural Arts , Inc.",Architectural Arts,www.architecturalarts.com,(515) 265-4441,2200 East,Des Moines,Iowa,50313,United States,"Architecture, Engineering & Design",Industry.construction.architecture,Construction,Industry.construction,20600,Sales.10Mto25M,103,Employees.100to249,87,871,541,5413,"TitleCode.IT,TitleCodeTop.Business,TitleCodeMiddle.Manager,TitleCodeMiddle.Technical,TitleCode.Manager","Manager,Engineering & Technical",https://go.zoominfo.com/#/apps/search/person/results?personProfileId=1188208910,d3db999ef32248adb135c81b88b02dbf,architecturalarts.com
691122492,Wood,Frank,T.,,,"Manager, Information Technology",719,Information Technology,Manager,,,fwood@arescorporation.com,"1331 Gemini St,Ste 120",Houston,Texas,77058,United States,27,10/7/2018,2621651,ARES Corporation,ARES,www.arescorporation.com,(650) 401-7100,1440 Chapin Ave. Ste. 390,Burlingame,California,94010,United States,Software,Industry.software,Software Development & Design,Industry.software.mfg,140000,Sales.100MMto250M,600,Employees.500to999,737,73,541511,541,"TitleCode.IT,TitleCodeTop.Business,TitleCodeMiddle.Manager,TitleCodeMiddle.Technical,TitleCode.Manager","Manager,Engineering & Technical",https://go.zoominfo.com/#/apps/search/person/results?personProfileId=691122492,f67d1dae8ff1e9ba8e87a9d0ba6f3be0,arescorporation.com
1698570614,Kastanis,Gale,,,,"Director, Information Technology",759,Information Technology,Director,,(214) 451-1126,gkastanis@balfourbeattyus.com,3100 Mckinnon St. Tenth Fl.,Dallas,Texas,75201,United States,33,9/10/2019,344657454,"Balfour Beatty Construction , LLC",Balfour Beatty,www.balfourbeattyus.com,(214) 451-1000,3100 Mckinnon St. Tenth Fl.,Dallas,Texas,75201,United States,Construction,Industry.construction,Commercial & Residential Construction,Industry.construction.construction,4657740,Sales.1Gto5G,4200,Employees.1000to4999,15,154,237310,23,"TitleCode.IT,TitleCodeTop.Business,TitleCodeMiddle.Technical,TitleCode.Director,TitleCodeMiddle.Director","Engineering & Technical,Director",https://go.zoominfo.com/#/apps/search/person/results?personProfileId=1698570614,dbff19b7bdf2b987f8440914e86d9d1f,balfourbeattyus.com
2815224286,Long,Eddy,,,,IT Assistant & Manager,420,Information Technology,Manager,,(804) 794-0571,elong@balzer.cc,,,Virginia,,United States,5,8/30/2019,5128698,Balzer and Associates Inc,Balzer,www.balzer.cc,(540) 772-9580,1208 Corporate Circle SW,Roanoke,Virginia,24018,United States,"Architecture, Engineering & Design",Industry.construction.architecture,Construction,Industry.construction,10000,Sales.10Mto25M,127,Employees.100to249,87,871,541,541320,"TitleCode.IT,TitleCodeTop.Business,TitleCodeMiddle.Manager,TitleCodeMiddle.Technical,TitleCode.Manager","Manager,Engineering & Technical",https://go.zoominfo.com/#/apps/search/person/results?personProfileId=2815224286,406d72c04f1037eec374e1ce23850f96,balzer.cc
1904372324,Cain,Jason,,,,"Service Delivery Manager, Information Technology",719,Information Technology,Manager,,(610) 321-6368,jason.cain@bentley.com,685 Stockton Dr.,Exton,Pennsylvania,19341,United States,18,3/21/2019,13143422,Bentley Systems,Bentley,www.bentley.com,(610) 458-5000,685 Stockton Dr.,Exton,Pennsylvania,19341,United States,"Architecture, Engineering & Design",Industry.construction.architecture,Construction,Industry.construction,600000,Sales.500Mto1G,3500,Employees.1000to4999,87,871,5415,541512,"TitleCode.IT,TitleCodeTop.Business,TitleCodeMiddle.Manager,TitleCodeMiddle.Technical,TitleCode.Manager","Manager,Engineering & Technical",https://go.zoominfo.com/#/apps/search/person/results?personProfileId=1904372324,72afe9e4b44f089b483fbb9d98cb3f40,bentley.com
2020350725,Abreo,Dennis,,,,"Director, Information Technology",759,Information Technology,Director,,(256) 970-1093,dennis.abreo@bentley.com,917 Explorer Blvd.,Huntsville,Alabama,35806,United States,16,9/5/2019,13143422,"Bentley Systems , Incorporated",Bentley,www.bentley.com,(610) 458-5000,685 Stockton Dr.,Exton,Pennsylvania,19341,United States,"Architecture, Engineering & Design",Industry.construction.architecture,Construction,Industry.construction,600000,Sales.500Mto1G,3500,Employees.1000to4999,87,871,5415,541512,"TitleCode.IT,TitleCodeTop.Business,TitleCodeMiddle.Technical,TitleCode.Director,TitleCodeMiddle.Director","Engineering & Technical,Director",https://go.zoominfo.com/#/apps/search/person/results?personProfileId=2020350725,720d98d162d56637481ca204e9c62176,bentley.com
1826782176,Lorence,Brian,,,,"Manager, IT Systems",719,Information Technology,Manager,,(206) 431-2330,brian.lorence@abam.com,33301 Ninth Ave. South Ste. 300,Federal Way,Washington,98003,United States,19,4/3/2019,13864489,BergerABAM,BergerABAM,www.abam.com,(206) 431-2300,33301 Ninth Ave. South Ste. 300,Federal Way,Washington,98003,United States,"Architecture, Engineering & Design",Industry.construction.architecture,Construction,Industry.construction,571488,Sales.500Mto1G,3000,Employees.1000to4999,87,871,541,5413,"TitleCode.IT,TitleCodeTop.Business,TitleCodeMiddle.Manager,TitleCodeMiddle.Technical,TitleCode.Manager","Manager,Engineering & Technical",https://go.zoominfo.com/#/apps/search/person/results?personProfileId=1826782176,08091ef992fd5b4bab57e0c19392fc32,abam.com
2013960511,Schmidt,Jason,O.,,,"Director, Information Technology",759,Information Technology,Director,,(210) 860-9224 ext. 2007,jason.schmidt@bigreddog.com,"5710 W Hausman Rd,Ste 115",San Antonio,Texas,78249-1646,United States,42,7/11/2019,347203573,BIG RED DOG Inc,BIG RED DOG,www.bigreddog.com,(512) 669-5560,2021 East 5th St. Ste. 200,Austin,Texas,78702,United States,Construction,Industry.construction,Commercial & Residential Construction,Industry.construction.construction,13400,Sales.10Mto25M,105,Employees.100to249,87,871,541,5413,"TitleCode.IT,TitleCodeTop.Business,TitleCodeMiddle.Technical,TitleCode.Director,TitleCodeMiddle.Director","Engineering & Technical,Director",https://go.zoominfo.com/#/apps/search/person/results?personProfileId=2013960511,84f14a3b315ec915e09ccb2489a78177,bigreddog.com
2013960511,Schmidt,Jason,O.,,,"Director, Information Technology",759,Information Technology,Director,,(210) 860-9224 ext. 2007,jason.schmidt@bigreddog.com,"5710 W Hausman Rd,Ste 115",San Antonio,Texas,78249-1646,United States,42,7/11/2019,347203573,BIG RED DOG Inc,BIG RED DOG,www.bigreddog.com,(512) 669-5560,2021 East 5th St. Ste. 200,Austin,Texas,78702,United States,Construction,Industry.construction,Commercial & Residential Construction,Industry.construction.construction,13400,Sales.10Mto25M,105,Employees.100to249,87,871,541,5413,"TitleCode.IT,TitleCodeTop.Business,TitleCodeMiddle.Technical,TitleCode.Director,TitleCodeMiddle.Director","Engineering & Technical,Director",https://go.zoominfo.com/#/apps/search/person/results?personProfileId=2013960511,84f14a3b315ec915e09ccb2489a78177,bigreddog.com
-1076100751,Gore,Bill,,,,"Director, Information Technology",759,Information Technology,Director,,,gore@bmharch.com,514 Market St.,Wilmington,North Carolina,28401,United States,4,7/27/2019,9029213,BMH Architects,BMH Architects,www.bmharch.com,(910) 762-2621,514 Market St.,Wilmington,North Carolina,28401,United States,"Architecture, Engineering & Design",Industry.construction.architecture,Construction,Industry.construction,5600,Sales.5Mto10M,28,Employees.20to49,8712,871,541,5413,"TitleCode.IT,TitleCodeTop.Business,TitleCodeMiddle.Technical,TitleCode.Director,TitleCodeMiddle.Director","Engineering & Technical,Director",https://go.zoominfo.com/#/apps/search/person/results?personProfileId=-1076100751,5dc0b83e2ebc05268fa954edc146bc60,bmharch.com
1876801319,Deckman,William,J.,,Jr.,"Manager, Information Technology & Document Management",719,Information Technology,Manager,,,wdeckman@bcad.com,3204 Concord Pike,Wilmington,Delaware,19803,United States,15,10/6/2018,13815766,Brandywine CAD Design Inc,Brandywine,www.bcad.com,(302) 478-8334,3204 Concord Pike,Wilmington,Delaware,19803,United States,Training,Industry.education.training,Education,Industry.education,4381,Sales.1Mto5M,23,Employees.20to49,82,824,541,5413,"TitleCode.IT,TitleCodeTop.Business,TitleCodeMiddle.Manager,TitleCodeMiddle.Technical,TitleCode.Manager","Manager,Engineering & Technical",https://go.zoominfo.com/#/apps/search/person/results?personProfileId=1876801319,b8f00e08008847e6faa10886e25f1a3e,bcad.com
-1234948137,Bender,Charlie,,,,"Manager, Information Technology",719,Information Technology,Manager,,(330) 864-7755 ext. 113,cbender@bsa-net.com,540 White Pond Dr. Ste. E,Akron,Ohio,44320,United States,5,9/19/2018,16879112,"Braun & Steidl Architects , Inc.",BSA,www.bsa-net.com,(330) 864-7755,540 White Pond Dr. Ste. E,Akron,Ohio,44320,United States,"Architecture, Engineering & Design",Industry.construction.architecture,Construction,Industry.construction,4000,Sales.1Mto5M,21,Employees.20to49,8712,871,541,5413,"TitleCode.IT,TitleCodeTop.Business,TitleCodeMiddle.Manager,TitleCodeMiddle.Technical,TitleCode.Manager","Manager,Engineering & Technical",https://go.zoominfo.com/#/apps/search/person/results?personProfileId=-1234948137,4eb0e0b4d1d8704b8599ebe90df19bbb,bsa-net.com
646034441,Balser,Brian,C.,,,"CAD Manager, Information Technology",719,Information Technology,Manager,,(309) 343-9282 ext. 233,bcb@bczengineering.com,188 East Simmons St.,Galesburg,Illinois,61401,United States,26,12/12/2018,10242792,BRUNER COOPER & ZUCK INC,BCZ,www.bczengineering.com,(563) 355-1856,2415 18th St.,Bettendorf,Iowa,52722,United States,"Architecture, Engineering & Design",Industry.construction.architecture,Construction,Industry.construction,4400,Sales.1Mto5M,22,Employees.20to49,8712,871,541,5413,"TitleCode.IT,TitleCodeTop.Business,TitleCodeMiddle.Manager,TitleCodeMiddle.Technical,TitleCode.Manager","Manager,Engineering & Technical",https://go.zoominfo.com/#/apps/search/person/results?personProfileId=646034441,746e0fe5e6dae010561ca59cccb13f28,bczengineering.com
384699871,Eklou,Jean-Marie,K.,,,"Project Manager, Information Technology",719,Information Technology,Manager,,(202) 841-9172,jmeklou@aoc.gov,,Elkridge,Maryland,21075,United States,28,10/7/2018,344416636,Cannon House Office Building,Archtect of the Capitol,www.aoc.gov,(202) 225-3361,27 Independence Ave. SE,"Washington, D.C.",District of Columbia,20003,United States,"Architecture, Engineering & Design",Industry.construction.architecture,Construction,Industry.construction,,,2181,Employees.1000to4999,87,871,9211,92112,"TitleCode.ProjectManagement,TitleCodeMiddle.Manager,TitleCodeTop.Business,TitleCode.IT,TitleCodeMiddle.Operations,TitleCodeMiddle.Technical,TitleCode.Manager","Operations,Manager",https://go.zoominfo.com/#/apps/search/person/results?personProfileId=384699871,c74b26d0fa4fae4d0c2fe6355b060d42,aoc.gov
1506121743,Ramachandran,Ravi,,,,"Associate Vice President & Director, Information Technology",845,Information Technology,VP-Level,,(602) 474-4057,rramachandran@carollo.com,"4600 East Washington St., Ste. 500",Phoenix,Arizona,85034,United States,164,8/30/2019,11028149,Carollo Engineers Inc,Carollo,www.carollo.com,(925) 932-1710,2700 Ygnacio Valley Rd. Ste. 300,Walnut Creek,California,94598,United States,Management Consulting,Industry.bizservice.consulting,Business Services,Industry.bizservice,,,1000,Employees.1000to4999,87,871,541,5413,"TitleCodeMiddle.VP,TitleCode.IT,TitleCodeTop.Business,TitleCode.VP,TitleCodeMiddle.Technical,TitleCode.Director","Engineering & Technical,VP-Level",https://go.zoominfo.com/#/apps/search/person/results?personProfileId=1506121743,991415f6fef737ac4ab4238f9cc2e562,carollo.com
-2043541807,Jackson,Derick,A.,,,"Director, Operations (IT Managed Services)",759,Operations,Director,,(408) 217-2142,derickj@chreynolds.com,1281 Wayne Ave.,San Jose,California,95131,United States,48,8/24/2019,31886893,CH Reynolds,CH Reynolds,www.chreynolds.com,(408) 436-9280,1281 Wayne Ave.,San Jose,California,95131,United States,Construction,Industry.construction,Commercial & Residential Construction,Industry.construction.construction,133200,Sales.100MMto250M,480,Employees.250to499,17,173,221,23821,"TitleCode.Operations,TitleCodeMiddle.Director,TitleCodeTop.Business,TitleCode.IT,TitleCodeMiddle.Operations,TitleCodeMiddle.Technical,TitleCode.Director","Operations,Director",https://go.zoominfo.com/#/apps/search/person/results?personProfileId=-2043541807,d92e736f38d0c70244b42dafe81d574c,chreynolds.com
1385263750,Drennan,Terri,,,,"Manager, Information Technology",719,Information Technology,Manager,,,tdrennan@conleygroup.com,"5800 E. Campus Circle, Ste. 250",Irving,Texas,75063,United States,24,3/21/2019,16533717,CONLEY GROUP INC,Conley Group,www.conleygroup.com,(972) 444-9020,"5800 E. Campus Circle, Ste. 250",Irving,Texas,75063,United States,"Architecture, Engineering & Design",Industry.construction.architecture,Construction,Industry.construction,,,32,Employees.20to49,8712,871,813,81321,"TitleCode.IT,TitleCodeTop.Business,TitleCodeMiddle.Manager,TitleCodeMiddle.Technical,TitleCode.Manager","Manager,Engineering & Technical",https://go.zoominfo.com/#/apps/search/person/results?personProfileId=1385263750,1cd037748b0897ee80b7afdff1f9d1c8,conleygroup.com
-2045943818,Hilliard,Tobin,,,,"Manager, Information Technology",719,Information Technology,Manager,,,tobinh@c-p.com,1925 Prospect Ave.,Orlando,Florida,32814,United States,14,3/21/2019,10158643,Cuhaci & Peterson,Cuhaci & Peterson,www.c-p.com,(407) 661-9100,1925 Prospect Ave.,Orlando,Florida,32814,United States,"Architecture, Engineering & Design",Industry.construction.architecture,Construction,Industry.construction,159000,Sales.100MMto250M,250,Employees.250to499,87,871,541,541370,"TitleCode.IT,TitleCodeTop.Business,TitleCodeMiddle.Manager,TitleCodeMiddle.Technical,TitleCode.Manager","Manager,Engineering & Technical",https://go.zoominfo.com/#/apps/search/person/results?personProfileId=-2045943818,051f2c44434dfc45762aa3b5436f6c84,c-p.com
185235701,DiNisco,Kenneth,F.,Ms.,,"Manager, Information Technology",719,Information Technology,Manager,,,k.dinisco@dinisco.com,99 Chauncy St. Ste. 901,Boston,Massachusetts,2111,United States,52,8/7/2019,34902080,DiNisco Design Partnership Ltd,DiNisco,www.dinisco.com,(617) 426-2858,99 Chauncy St. Ste. 901,Boston,Massachusetts,2111,United States,"Architecture, Engineering & Design",Industry.construction.architecture,Construction,Industry.construction,4571,Sales.1Mto5M,24,Employees.20to49,87,871,541,5413,"TitleCode.IT,TitleCodeTop.Business,TitleCodeMiddle.Manager,TitleCodeMiddle.Technical,TitleCode.Manager","Manager,Engineering & Technical",https://go.zoominfo.com/#/apps/search/person/results?personProfileId=185235701,eecad2300f8eb2c765ec33a238a17f1a,dinisco.com
1692292489,Chowdhury,Manish,,,,"Manager, Information Technology",719,Information Technology,Manager,,+91 79 3932 0000,manish.chowdhury@einfochips.com,,Ahmedabad,Gujarat,,India,60,8/24/2019,22989066,eInfochips Inc,eInfochips,www.einfochips.com,(408) 496-1882,"2025 Gateway Pl., Ste. #270",San Jose,California,95110,United States,Software Development & Design,Industry.software.mfg,Software,Industry.software,3828969,Sales.1Gto5G,20100,Employees.10000plus,73,737,541511,541,"TitleCode.IT,TitleCodeTop.Business,TitleCodeMiddle.Manager,TitleCodeMiddle.Technical,TitleCode.Manager","Manager,Engineering & Technical",https://go.zoominfo.com/#/apps/search/person/results?personProfileId=1692292489,2d365313d5e0daac0549e53e62309b35,einfochips.com
1692292489,Chowdhury,Manish,,,,"Manager, Information Technology",719,Information Technology,Manager,,+91 79 3932 0000,manish.chowdhury@einfochips.com,,Ahmedabad,Gujarat,,India,60,8/24/2019,22989066,eInfochips Inc,eInfochips,www.einfochips.com,(408) 496-1882,"2025 Gateway Pl., Ste. #270",San Jose,California,95110,United States,Software Development & Design,Industry.software.mfg,Software,Industry.software,3828969,Sales.1Gto5G,20100,Employees.10000plus,73,737,541511,541,"TitleCode.IT,TitleCodeTop.Business,TitleCodeMiddle.Manager,TitleCodeMiddle.Technical,TitleCode.Manager","Manager,Engineering & Technical",https://go.zoominfo.com/#/apps/search/person/results?personProfileId=1692292489,2d365313d5e0daac0549e53e62309b35,einfochips.com
-2039835610,Slager,Paul,,,,"Director, Information Technology",759,Information Technology,Director,,(224) 406-9840,paul.slager@envistaforensics.com,"111 Deer Lake Rd., Ste. 100",Deerfield,Illinois,60015,United States,48,8/2/2019,363461633,Envista Forensics LLC,Envista,www.envistaforensics.com,(404) 464-4997,5565 Glenridge Connector Ste. 900,Atlanta,Georgia,30342,United States,"Architecture, Engineering & Design",Industry.construction.architecture,Construction,Industry.construction,10000,Sales.10Mto25M,300,Employees.250to499,87,873,541,621,"TitleCode.IT,TitleCodeTop.Business,TitleCodeMiddle.Technical,TitleCode.Director,TitleCodeMiddle.Director","Engineering & Technical,Director",https://go.zoominfo.com/#/apps/search/person/results?personProfileId=-2039835610,b146fcd20ca1f3ab992dd6816db63287,envistaforensics.com
-2039835610,Slager,Paul,,,,"Director, Information Technology",759,Information Technology,Director,,(224) 406-9840,paul.slager@envistaforensics.com,"111 Deer Lake Rd., Ste. 100",Deerfield,Illinois,60015,United States,48,8/2/2019,363461633,Envista Forensics LLC,Envista,www.envistaforensics.com,(404) 464-4997,5565 Glenridge Connector Ste. 900,Atlanta,Georgia,30342,United States,"Architecture, Engineering & Design",Industry.construction.architecture,Construction,Industry.construction,10000,Sales.10Mto25M,300,Employees.250to499,87,873,541,621,"TitleCode.IT,TitleCodeTop.Business,TitleCodeMiddle.Technical,TitleCode.Director,TitleCodeMiddle.Director","Engineering & Technical,Director",https://go.zoominfo.com/#/apps/search/person/results?personProfileId=-2039835610,b146fcd20ca1f3ab992dd6816db63287,envistaforensics.com
1603588285,Blackford,Brian,,,,"Help Desk Manager, Information Technology",719,Information Technology,Manager,,,brianblackford@fawilhelm.com,3914 Prospect St.,Indianapolis,Indiana,46203,United States,23,3/21/2019,43208881,F.A. Wilhelm Construction Co. Inc,F.A. Wilhelm,www.fawilhelm.com,(317) 359-5411,3914 Prospect St.,Indianapolis,Indiana,46203,United States,"Architecture, Engineering & Design",Industry.construction.architecture,Commercial & Residential Construction,Industry.construction.construction,1909570,Sales.1Gto5G,341,Employees.250to499,15,154,5413,238990,"TitleCodeMiddle.Manager,TitleCodeTop.Business,TitleCode.IT,TitleCodeMiddle.Operations,TitleCode.CustomerRel,TitleCodeMiddle.Technical,TitleCode.Manager","Operations,Manager",https://go.zoominfo.com/#/apps/search/person/results?personProfileId=1603588285,9a43375f50b6c84af22917fe95041367,fawilhelm.com
-2042018774,Vydyarakath,Masood,,,,"Manager, Information Technology",719,Information Technology,Manager,,,masood@f3-inc.com,701 East H St.,Benicia,California,94510,United States,16,10/8/2018,82004585,"F3 & Associates , Inc.",F3,www.f3-inc.com,(707) 748-4300,701 East H St.,Benicia,California,94510,United States,"Architecture, Engineering & Design",Industry.construction.architecture,Construction,Industry.construction,6667,Sales.5Mto10M,35,Employees.20to49,8712,871,541,5413,"TitleCode.IT,TitleCodeTop.Business,TitleCodeMiddle.Manager,TitleCodeMiddle.Technical,TitleCode.Manager","Manager,Engineering & Technical",https://go.zoominfo.com/#/apps/search/person/results?personProfileId=-2042018774,583a70bf72d21825dd90336c827e93ad,f3-inc.com
2670014545,Lane,Steven,M.,,,"Manager, Information Technology",719,Information Technology,Manager,,,slane@finfrock.com,,,,,,5,11/21/2018,56822586,FINFROCK,FINFROCK,www.finfrock.com,(407) 293-4000,2400 Apopka Blvd.,Apopka,Florida,32703,United States,"Architecture, Engineering & Design",Industry.construction.architecture,Construction,Industry.construction,87800,Sales.50Mto100M,700,Employees.500to999,87,871,541,5413,"TitleCode.IT,TitleCodeTop.Business,TitleCodeMiddle.Manager,TitleCodeMiddle.Technical,TitleCode.Manager","Manager,Engineering & Technical",https://go.zoominfo.com/#/apps/search/person/results?personProfileId=2670014545,d6b25eb006c74e893307df3e83f2a724,finfrock.com
-1768979005,Brown,Vincent,,,,"Global Systems & Operations & Messaging Engineering Lead Manager, Information Technology (Americas)",719,Operations,Manager,,(713) 369-4404,vbrown@fugro.com,6100 Hillcroft,Houston,Texas,77081,United States,20,3/21/2019,24544572,Fugro,Fugro,www.fugro.com,+31 70 311 1422,Veurse Achterweg 10,Leidschendam,South Holland,2264,Netherlands,"Architecture, Engineering & Design",Industry.construction.architecture,Construction,Industry.construction,1793666,Sales.1Gto5G,10044,Employees.10000plus,87,871,211,212,"TitleCodeMiddle.Manager,TitleCode.Operations,TitleCodeTop.Business,TitleCode.IT,TitleCode.Engineer,TitleCodeMiddle.Operations,TitleCodeMiddle.Technical,TitleCode.Manager","Operations,Manager",https://go.zoominfo.com/#/apps/search/person/results?personProfileId=-1768979005,cfc6b12032e205178da042a6da4b998a,fugro.com
-2052907312,Perez,Jose,L.,,,"Manager, Information Technology",719,Information Technology,Manager,,,jperez@gabellinisheppard.com,"665 Broadway, Ste. 706",New York City,New York,10012,United States,11,10/16/2018,15466643,GABELLINI SHEPPARD ASSOCIATES LLP,Gabellini Sheppard,www.gabellinisheppard.com,(212) 388-1700,"665 Broadway, Ste. 706",New York City,New York,10012,United States,"Architecture, Engineering & Design",Industry.construction.architecture,Construction,Industry.construction,13600,Sales.10Mto25M,68,Employees.50to99,8712,871,541,5413,"TitleCode.IT,TitleCodeTop.Business,TitleCodeMiddle.Manager,TitleCodeMiddle.Technical,TitleCode.Manager","Manager,Engineering & Technical",https://go.zoominfo.com/#/apps/search/person/results?personProfileId=-2052907312,2b7edc2c06bdad53886de40c5edba275,gabellinisheppard.com
1628938704,Arthur,Michael,E.,,,"Business Operations Director, Information Technology",759,Operations,Director,,(973) 317-5866,michael.arthur@gaf.com,1 Campus Dr.,Parsippany,New Jersey,7054,United States,56,9/9/2019,45697303,GAF Ltd,GAF,www.gaf.com,(973) 628-3000,1 Campus Dr.,Parsippany,New Jersey,7054,United States,"Miscellaneous Building Materials (Flooring, Cabinets, etc.)",Industry.mfg.building.other,Building Materials,Industry.mfg.building,3000000,Sales.1Gto5G,3200,Employees.1000to4999,24,249,3219,44,"TitleCode.Operations,TitleCodeMiddle.Director,TitleCodeTop.Business,TitleCode.IT,TitleCodeMiddle.Operations,TitleCodeMiddle.Technical,TitleCode.Director","Operations,Director",https://go.zoominfo.com/#/apps/search/person/results?personProfileId=1628938704,c8272462abb7c10cef2669ad74d0f548,gaf.com
-1648514129,Levesque,Daniel,,,,"Director, Information Technology",759,Information Technology,Director,,(207) 883-6307 ext. 215,dlevesque@gawronturgeon.com,29 Black Point Rd.,Scarborough,Maine,4074,United States,11,6/15/2019,111576535,Gawron Turgeon Architects P.C,Gawron Turgeon,www.gawronturgeon.com,(207) 883-6307,29 Black Point Rd.,Scarborough,Maine,4074,United States,"Architecture, Engineering & Design",Industry.construction.architecture,Construction,Industry.construction,7800,Sales.5Mto10M,39,Employees.20to49,8712,871,541,5413,"TitleCode.IT,TitleCodeTop.Business,TitleCodeMiddle.Technical,TitleCode.Director,TitleCodeMiddle.Director","Engineering & Technical,Director",https://go.zoominfo.com/#/apps/search/person/results?personProfileId=-1648514129,016ca2a561e62d474b60dc6388260362,gawronturgeon.com
-1648514129,Levesque,Daniel,,,,"Director, Information Technology",759,Information Technology,Director,,(207) 883-6307 ext. 215,dlevesque@gawronturgeon.com,29 Black Point Rd.,Scarborough,Maine,4074,United States,11,6/15/2019,111576535,Gawron Turgeon Architects P.C,Gawron Turgeon,www.gawronturgeon.com,(207) 883-6307,29 Black Point Rd.,Scarborough,Maine,4074,United States,"Architecture, Engineering & Design",Industry.construction.architecture,Construction,Industry.construction,7800,Sales.5Mto10M,39,Employees.20to49,8712,871,541,5413,"TitleCode.IT,TitleCodeTop.Business,TitleCodeMiddle.Technical,TitleCode.Director,TitleCodeMiddle.Director","Engineering & Technical,Director",https://go.zoominfo.com/#/apps/search/person/results?personProfileId=-1648514129,016ca2a561e62d474b60dc6388260362,gawronturgeon.com
1633064992,Heffernan,Tom,,,,"Manager, Information Technology",719,Information Technology,Manager,,(619) 577-2531,tom_heffernan@gensler.com,"225 Broadway, Ste. 1600",San Diego,California,92101,United States,18,3/21/2019,15827585,Gensler,Gensler,www.gensler.com,(415) 433-3700,"45 Fremont St., Ste. 1500",San Francisco,California,94105,United States,"Architecture, Engineering & Design",Industry.construction.architecture,Construction,Industry.construction,1187000,Sales.1Gto5G,6000,Employees.5000to9999,87,871,541,5413,"TitleCode.IT,TitleCodeTop.Business,TitleCodeMiddle.Manager,TitleCodeMiddle.Technical,TitleCode.Manager","Manager,Engineering & Technical",https://go.zoominfo.com/#/apps/search/person/results?personProfileId=1633064992,a3854d820adef2b3ab83a0afcdb6f9c3,gensler.com
1794343729,Grant,Jairzinio,,,,"Manager, Information Technology",719,Information Technology,Manager,,+506 2505 3700,jair_grant@gensler.com,"Avenida Escazú Torre Lexus, Piso 7",San Jose,San Jose,,Costa Rica,8,10/29/2018,15827585,Gensler,Gensler,www.gensler.com,(415) 433-3700,"45 Fremont St., Ste. 1500",San Francisco,California,94105,United States,"Architecture, Engineering & Design",Industry.construction.architecture,Construction,Industry.construction,1187000,Sales.1Gto5G,6000,Employees.5000to9999,87,871,541,5413,"TitleCode.IT,TitleCodeTop.Business,TitleCodeMiddle.Manager,TitleCodeMiddle.Technical,TitleCode.Manager","Manager,Engineering & Technical",https://go.zoominfo.com/#/apps/search/person/results?personProfileId=1794343729,158dc33a91032c60e4b283305f74ab80,gensler.com
-1943015264,Stefancik,Brian,,,,"Photogrammetrist Manager, Information Technology",719,Information Technology,Manager,,(973) 697-2122 ext. 121,bstefancik@geodcorp.com,24 Kanouse Rd.,Newfoundland,New Jersey,7435,United States,13,3/21/2019,21054464,GEOD Corporation,GEOD,www.geodcorp.com,(973) 697-2122,24 Kanouse Rd.,Newfoundland,New Jersey,7435,United States,"Architecture, Engineering & Design",Industry.construction.architecture,Construction,Industry.construction,9000,Sales.5Mto10M,45,Employees.20to49,87,871,541,541370,"TitleCode.IT,TitleCodeTop.Business,TitleCodeMiddle.Manager,TitleCodeMiddle.Technical,TitleCode.Manager","Manager,Engineering & Technical",https://go.zoominfo.com/#/apps/search/person/results?personProfileId=-1943015264,a45f73638de293b6c4fbc3818428dbae,geodcorp.com
1920083215,Lutz,Adam,C.,,,"Director, Cost Management & Information Technology",759,Information Technology,Director,,(412) 276-2342 ext. 105,alutz@gwpeoples.com,"1, 600 North Bell Ave., Ste. 210",Carnegie,Pennsylvania,15106,United States,22,7/18/2019,126387474,"GW Peoples Contracting Company , Inc",GW Peoples,www.gwpeoples.com,(703) 682-6804,"2011 Crystal Dr., Ste. 400",Arlington,Virginia,22202,United States,Commercial & Residential Construction,Industry.construction.construction,Construction,Industry.construction,15067,Sales.10Mto25M,66,Employees.50to99,,,48,48211,"TitleCodeMiddle.Manager,TitleCodeMiddle.Director,TitleCode.IT,TitleCodeTop.Business,TitleCodeMiddle.Finance,TitleCodeMiddle.Technical,TitleCode.Accounting,TitleCode.Director,TitleCode.Manager","Manager,Director",https://go.zoominfo.com/#/apps/search/person/results?personProfileId=1920083215,5facec5a45c8bd91189611375967392c,gwpeoples.com
1525808569,Moffat,Kevin,,,,"Manager, Information Technology",719,Information Technology,Manager,,(289) 695-4649,kevin.moffat@hdrinc.com,"100 York Blvd., Ste. 300",Richmond Hill,Ontario,L4B 1J8,Canada,49,3/21/2019,17383960,HDR Inc,HDR,www.hdrinc.com,(402) 399-1000,1917 S. 67th St.,Omaha,Nebraska,68106,United States,Construction,Industry.construction,"Architecture, Engineering & Design",Industry.construction.architecture,,,10000,Employees.10000plus,87,871,5416,541,"TitleCode.IT,TitleCodeTop.Business,TitleCodeMiddle.Manager,TitleCodeMiddle.Technical,TitleCode.Manager","Manager,Engineering & Technical",https://go.zoominfo.com/#/apps/search/person/results?personProfileId=1525808569,e632b435f5a9421e895bd8624f98a184,hdrinc.com
2721828276,Steiner,Alexis,,,,"Project Manager, Information Technology",719,Information Technology,Manager,,(402) 392-8630,alexis.steiner@hdrinc.com,1917 S. 67th St.,Omaha,Nebraska,68106,United States,2,12/19/2018,17383960,HDR Inc,HDR,www.hdrinc.com,(402) 399-1000,1917 S. 67th St.,Omaha,Nebraska,68106,United States,Construction,Industry.construction,"Architecture, Engineering & Design",Industry.construction.architecture,,,10000,Employees.10000plus,87,871,5416,541,"TitleCode.ProjectManagement,TitleCodeMiddle.Manager,TitleCodeTop.Business,TitleCode.IT,TitleCodeMiddle.Operations,TitleCodeMiddle.Technical,TitleCode.Manager","Operations,Manager",https://go.zoominfo.com/#/apps/search/person/results?personProfileId=2721828276,5bcdfd855883b2fe94484ee03597be1e,hdrinc.com
1570323712,Thalhamer,Kurt,,,,IT Administrator & Project Manager,719,Information Technology,Manager,,,kthalhamer@hgfarch.com,2602 N. Elizabeth St.,Pueblo,Colorado,81003,United States,26,3/21/2019,358826238,HGF Architects Inc,HGF,www.hgfarch.com,(719) 543-7600,2602 N. Elizabeth St.,Pueblo,Colorado,81003,United States,"Architecture, Engineering & Design",Industry.construction.architecture,Construction,Industry.construction,30100,Sales.25Mto50M,46,Employees.20to49,87,871,541,5413,"TitleCodeMiddle.Administration,TitleCodeMiddle.Manager,TitleCode.ProjectManagement,TitleCode.Administration,TitleCode.IT,TitleCodeTop.Business,TitleCodeMiddle.Operations,TitleCodeMiddle.Technical,TitleCode.Manager","Operations,Manager",https://go.zoominfo.com/#/apps/search/person/results?personProfileId=1570323712,6294507f0edca375b33120473f84dac8,hgfarch.com
-1191420422,Hasker,Desirey,,,,"Manager, Marketing & Information Technology",719,General Marketing,Manager,,(678) 967-2020 ext. 2090,dhasker@innvision.net,504 Carver Rd.,Griffin,Georgia,30224,United States,13,8/15/2019,70503013,INNVISION HOSPITALITY INC,Innvision,www.innvision.net,(678) 967-2027,504 Carver Rd.,Griffin,Georgia,30224,United States,"Architecture, Engineering & Design",Industry.construction.architecture,Construction,Industry.construction,71000,Sales.50Mto100M,92,Employees.50to99,73,738,541,5414,"TitleCode.Marketing,TitleCodeMiddle.Manager,TitleCodeTop.Business,TitleCode.IT,TitleCodeMiddle.Marketing,TitleCodeMiddle.Technical,TitleCode.Manager","Manager,Marketing",https://go.zoominfo.com/#/apps/search/person/results?personProfileId=-1191420422,8a3ddaed84665b835610eb7ad1e09812,innvision.net
1695748171,Witt,Ben,,,,"Project Portfolio Management Director, Information Technology",759,Information Technology,Director,,(865) 481-6861,ben.witt@jacobs.com,125 BROADWAY Ave.,Oak Ridge,Tennessee,37830,United States,24,9/5/2019,144933765,Jacobs Engineering Group Inc,Jacobs,www.jacobs.com,(214) 583-8500,"1999 BRYAN St., Ste. 1200",Dallas,Texas,75201,United States,Construction,Industry.construction,Commercial & Residential Construction,Industry.construction.construction,14984600,Sales.5GPlus,77600,Employees.10000plus,15,87,2379,3118,"TitleCode.IT,TitleCodeTop.Business,TitleCodeMiddle.Technical,TitleCode.Director,TitleCodeMiddle.Director","Engineering & Technical,Director",https://go.zoominfo.com/#/apps/search/person/results?personProfileId=1695748171,6245d706402612bc11e4e906ee4decf3,jacobs.com
-1885707039,Nichols,John,,,,"Manager, Information Technology",719,Information Technology,Manager,,,jnichols@johnsonprewitt.com,,,,,,4,11/27/2018,352774122,"JOHNSON - PREWITT & ASSOCIATES, INC",Johnson-Prewitt,www.johnsonprewitt.com,(863) 983-9188,850 West Ventura Ave.,Clewiston,Florida,33440,United States,"Architecture, Engineering & Design",Industry.construction.architecture,Construction,Industry.construction,3800,Sales.1Mto5M,19,Employees.10to19,8712,871,541,5413,"TitleCode.IT,TitleCodeTop.Business,TitleCodeMiddle.Manager,TitleCodeMiddle.Technical,TitleCode.Manager","Manager,Engineering & Technical",https://go.zoominfo.com/#/apps/search/person/results?personProfileId=-1885707039,b95269378c28324f2b2be719b80003d1,johnsonprewitt.com
1903799995,Bachi,Michael,V.,,,"Director, IT & Project Management",759,Information Technology,Director,,(610) 279-0126 ext. 12,michaelbachi@kehoeconstruction.com,750 W Washington St.,Norristown,Pennsylvania,19401,United States,11,3/21/2019,439392387,kehoeconstruction.com,Kehoe Construction,www.kehoeconstruction.com,(610) 279-0126,750 W Washington St.,Norristown,Pennsylvania,19401,United States,Construction General,Industry.construction.general,Construction,Industry.construction,6110,Sales.5Mto10M,15,Employees.10to19,16,161,237310,23,"TitleCodeMiddle.Manager,TitleCode.ProjectManagement,TitleCodeMiddle.Director,TitleCode.IT,TitleCodeTop.Business,TitleCodeMiddle.Operations,TitleCodeMiddle.Technical,TitleCode.Director,TitleCode.Manager","Manager,Director",https://go.zoominfo.com/#/apps/search/person/results?personProfileId=1903799995,4814b3948e2bc44d901f1abefb19ea64,kehoeconstruction.com
-1678836764,Conrad,Michael,R.,Mr.,,"Director, Information Technology",759,Information Technology,Director,,,mconrad@ksninc.com,711 North Pershing Ave.,Stockton,California,95203,United States,16,3/21/2019,21594257,"Kjeldsen, Sinnock and Neudeck, Inc.",KSN,www.ksninc.com,(209) 946-0268,711 North Pershing Ave.,Stockton,California,95203,United States,"Architecture, Engineering & Design",Industry.construction.architecture,Construction,Industry.construction,5143,Sales.5Mto10M,27,Employees.20to49,87,871,541,5413,"TitleCode.IT,TitleCodeTop.Business,TitleCodeMiddle.Technical,TitleCode.Director,TitleCodeMiddle.Director","Engineering & Technical,Director",https://go.zoominfo.com/#/apps/search/person/results?personProfileId=-1678836764,f385298d3a84e13c379922eaa3800b00,ksninc.com
1477179245,Sarinana,Joe,M.,,,"Manager, Information Technology",719,Information Technology,Manager,,,jsarinana@ksninc.com,711 North Pershing Ave.,Stockton,California,95203,United States,8,3/21/2019,21594257,"Kjeldsen, Sinnock and Neudeck, Inc.",KSN,www.ksninc.com,(209) 946-0268,711 North Pershing Ave.,Stockton,California,95203,United States,"Architecture, Engineering & Design",Industry.construction.architecture,Construction,Industry.construction,5143,Sales.5Mto10M,27,Employees.20to49,87,871,541,5413,"TitleCode.IT,TitleCodeTop.Business,TitleCodeMiddle.Manager,TitleCodeMiddle.Technical,TitleCode.Manager","Manager,Engineering & Technical",https://go.zoominfo.com/#/apps/search/person/results?personProfileId=1477179245,8b8b79ca2e90bc6ddf2140ad6f284c07,ksninc.com
-1363750228,Beigher,Taylor,,,,"Manager, Information Technology",719,Information Technology,Manager,,(661) 489-4913,beighert@klassencorp.com,2021 Westwind Dr.,Bakersfield,California,93301,United States,8,3/21/2019,21594740,Klassen Corporation,Klassen,www.klassencorp.com,(661) 324-3000,2021 Westwind Dr.,Bakersfield,California,93301,United States,"Architecture, Engineering & Design",Industry.construction.architecture,Construction,Industry.construction,40000,Sales.25Mto50M,200,Employees.100to249,87,871,541,5413,"TitleCode.IT,TitleCodeTop.Business,TitleCodeMiddle.Manager,TitleCodeMiddle.Technical,TitleCode.Manager","Manager,Engineering & Technical",https://go.zoominfo.com/#/apps/search/person/results?personProfileId=-1363750228,df210cb737c91e223a216bbe9025a913,klassencorp.com
1683240027,Paulson,Adam,,,,"Manager, Information Technology",719,Information Technology,Manager,,,apaulson@lanktreeland.com,421 B St. NE,Auburn,Washington,98002-4005,United States,26,10/13/2018,358272381,Lanktree Land Surveying Inc,Lanktree,www.lanktreelandsurveying.com,(253) 653-6423,25510-25514 74th Ave. South,Kent,Washington,98032,United States,"Architecture, Engineering & Design",Industry.construction.architecture,Construction,Industry.construction,1333,Sales.1Mto5M,7,Employees.5to9,8712,871,541,5413,"TitleCode.IT,TitleCodeTop.Business,TitleCodeMiddle.Manager,TitleCodeMiddle.Technical,TitleCode.Manager","Manager,Engineering & Technical",https://go.zoominfo.com/#/apps/search/person/results?personProfileId=1683240027,da1c1c2178d8bcd390fe014a07eea120,lanktreeland.com
2400225074,Pal,Krupa,,,,"General Manager, Information Technology",889,Information Technology,C-Level,,(480) 961-9151,kpal@letsinc.com,,,Arizona,,United States,4,8/25/2019,348155356,LETS America Inc,LETS,www.letsinc.com,(602) 526-7272,"112 S Kyrene Rd., Ste. 1",Chandler,Arizona,85226,United States,Commercial & Residential Construction,Industry.construction.construction,Construction,Industry.construction,12000,Sales.10Mto25M,60,Employees.50to99,,,,,"TitleCode.Exec,TitleCodeTop.Business,TitleCode.TopExec,TitleCode.IT,TitleCodeMiddle.Exec,TitleCodeMiddle.Technical,TitleCodeMiddle.TopExec","Engineering & Technical,General Management",https://go.zoominfo.com/#/apps/search/person/results?personProfileId=2400225074,f746b29b64f421461bb95067184de3dc,letsinc.com
1929790486,Moore,Craig,,,,"Manager, Information Technology",719,Information Technology,Manager,,(503) 265-1592,cmoore@lrsarchitects.com,"720 NW Davis St., Ste. 300",Portland,Oregon,97209,United States,16,12/11/2018,64342810,LRS Architects Inc,LRS Architects,www.lrsarchitects.com,(503) 221-1121,"720 NW Davis St., Ste. 300",Portland,Oregon,97209,United States,"Architecture, Engineering & Design",Industry.construction.architecture,Construction,Industry.construction,21000,Sales.10Mto25M,105,Employees.100to249,87,871,56192,541,"TitleCode.IT,TitleCodeTop.Business,TitleCodeMiddle.Manager,TitleCodeMiddle.Technical,TitleCode.Manager","Manager,Engineering & Technical",https://go.zoominfo.com/#/apps/search/person/results?personProfileId=1929790486,fc91e53b69a43aeeaebb64efeb23212e,lrsarchitects.com
-1871119967,Kelly,Melissa,,,,"Assistant Project Manager, Information Technology",419,Information Technology,Manager,,(386) 968-1123,melissa.kelly@magnolia-river.com,242 Treemonte Dr.,Orange City,Florida,32763,United States,15,3/21/2019,347296201,Magnolia River,Magnolia River,www.magnolia-river.com,(256) 773-9420,408 Bank St.,Decatur,Alabama,35601,United States,"Architecture, Engineering & Design",Industry.construction.architecture,Construction,Industry.construction,63900,Sales.50Mto100M,406,Employees.250to499,87,871,541,5413,"TitleCode.ProjectManagement,TitleCodeMiddle.Manager,TitleCodeTop.Business,TitleCode.IT,TitleCodeMiddle.Operations,TitleCodeMiddle.Technical,TitleCode.Manager","Operations,Manager",https://go.zoominfo.com/#/apps/search/person/results?personProfileId=-1871119967,e7a93d33f50192375572b90d8b7c1ac8,magnolia-river.com
2733814928,Rowe,Larry,,,,"Service Delivery Vice President, Information Technology & Manager",849,Information Technology,VP-Level,,(201) 284-3389,larry.rowe@marsh.com,,,New Jersey,,United States,3,8/20/2019,70550662,Marsh & McLennan,Marsh & McLennan,www.mmc.com,(212) 345-5000,1166 Ave. OF THE AMERICAS,New York City,New York,10036,United States,Insurance,Industry.insurance,Construction General,Industry.construction.general,14950000,Sales.5GPlus,66000,Employees.10000plus,67,671,2379,237130,"TitleCodeMiddle.VP,TitleCode.IT,TitleCodeTop.Business,TitleCode.VP,TitleCodeMiddle.Technical,TitleCode.Manager","Engineering & Technical,VP-Level",https://go.zoominfo.com/#/apps/search/person/results?personProfileId=2733814928,f0de9d0c17249bff1e5830b7049fa3f4,marsh.com
1899816231,Stushnoff,Darryl,,,,"Operations Manager, Information Technology",719,Operations,Manager,,,dstushnoff@mdacorporation.com,13800 Commerce Pkwy.,Richmond,British Columbia,V6V 2J3,Canada,23,3/21/2019,433313073,Maxar Technologies Ltd,Maxar,www.maxar.com,(303) 684-4000,1300 W. 120TH Ave.,Westminster,Colorado,80234,United States,Government,Industry.government,"Architecture, Engineering & Design",Industry.construction.architecture,2141000,Sales.1Gto5G,6100,Employees.5000to9999,96,966,541,541370,"TitleCodeMiddle.Manager,TitleCode.Operations,TitleCodeTop.Business,TitleCode.IT,TitleCodeMiddle.Operations,TitleCodeMiddle.Technical,TitleCode.Manager","Operations,Manager",https://go.zoominfo.com/#/apps/search/person/results?personProfileId=1899816231,9d1332588fe0e53708c1b17be8c41e67,mdacorporation.com
182469420,McAllister,Evan,,Mr.,,Grants Administrator and Information Technology Manager,719,Technical,Manager,,,evanmcallister@melvineng.com,4428 Lafayette St.,Marianna,Florida,32448,United States,23,9/6/2019,76206828,Melvin Engineering,Melvin Engineering,www.melvineng.com,(850) 482-3045,4428 Lafayette St.,Marianna,Florida,32448,United States,"Architecture, Engineering & Design",Industry.construction.architecture,Construction,Industry.construction,5200,Sales.5Mto10M,26,Employees.20to49,8712,871,541,5413,"TitleCodeMiddle.Administration,TitleCode.Technical,TitleCodeMiddle.Manager,TitleCode.Administration,TitleCodeTop.Business,TitleCode.IT,TitleCodeMiddle.Technical,TitleCode.Manager","Manager,Engineering & Technical",https://go.zoominfo.com/#/apps/search/person/results?personProfileId=182469420,947d650f38ccfc7731e01d48188d462f,melvineng.com
3232821587,Fahner,Chris,,,,"Director, Information Technology",759,Information Technology,Director,,,cfahner@metroca.net,,,,,,2,3/30/2019,347956606,"Metro Consulting Associates, LLC",Metro,www.metroca.net,(800) 525-6016,45345 Five Mile Rd.,Plymouth,Michigan,48170,United States,"Architecture, Engineering & Design",Industry.construction.architecture,Construction,Industry.construction,11048,Sales.10Mto25M,58,Employees.50to99,8712,871,221,541,"TitleCode.IT,TitleCodeTop.Business,TitleCodeMiddle.Technical,TitleCode.Director,TitleCodeMiddle.Director","Engineering & Technical,Director",https://go.zoominfo.com/#/apps/search/person/results?personProfileId=3232821587,97e7fb0eacb5a5f3b0c045c5ad0c46f2,metroca.net
1457950926,Colety,Richard,F.,,,"Service Management Director, Information Technology",759,Information Technology,Director,,(914) 365-3368,rcolety@montefiore.org,16 Guion Pl.,New Rochelle,New York,10802,United States,114,6/25/2019,78072243,Montefiore Medical Center,Montefiore,www.montefiore.org,(718) 920-4321,111 E 210Th St.,The Bronx,New York,10467,United States,Commercial & Residential Construction,Industry.construction.construction,Construction,Industry.construction,,,8873,Employees.5000to9999,17,171,238220,8123,"TitleCode.IT,TitleCodeTop.Business,TitleCodeMiddle.Technical,TitleCode.Director,TitleCodeMiddle.Director","Engineering & Technical,Director",https://go.zoominfo.com/#/apps/search/person/results?personProfileId=1457950926,826de820cc5e0e8df592c36e806a8992,montefiore.org
1691724798,Jamerson,Kent,,,,"IT Manager, Network & Administrator",720,Information Technology,Manager,,,kjamerson@ndmce.com,"8080 Park Ln,Ste 600",Dallas,Texas,75231-5911,United States,16,10/10/2018,80414221,Nathan D. Maier Consulting Engineers Inc,NDM,www.ndmce.com,(214) 739-4741,12377 Merit Dr. Ste. 700,Dallas,Texas,75251,United States,"Architecture, Engineering & Design",Industry.construction.architecture,Construction,Industry.construction,12800,Sales.10Mto25M,64,Employees.50to99,8712,871,541,5413,"TitleCodeMiddle.Administration,TitleCodeMiddle.Manager,TitleCode.Administration,TitleCodeTop.Business,TitleCode.IT,TitleCodeMiddle.Technical,TitleCode.Manager","Manager,Engineering & Technical",https://go.zoominfo.com/#/apps/search/person/results?personProfileId=1691724798,b87fc26923198f2e61f85ebf45ba91c7,ndmce.com
1990540805,Behner,Darren,,,,"Manager, Information Technology & BIM",719,Information Technology,Manager,,(480) 949-6800,dbehner@nelsenpartners.com,"15210 N Scottsdale Rd,Ste 300",Scottsdale,Arizona,85254-8163,United States,20,12/13/2018,353767370,"Nelsen Partners, Inc.",Nelsen Partners,www.nelsenpartners.com,(512) 457-8400,905 Congress Ave.,Austin,Texas,78701,United States,"Architecture, Engineering & Design",Industry.construction.architecture,Construction,Industry.construction,17335,Sales.10Mto25M,91,Employees.50to99,87,871,541,5413,"TitleCode.IT,TitleCodeTop.Business,TitleCodeMiddle.Manager,TitleCodeMiddle.Technical,TitleCode.Manager","Manager,Engineering & Technical",https://go.zoominfo.com/#/apps/search/person/results?personProfileId=1990540805,56c5ed9a864e260d96c64360443174b2,nelsenpartners.com
1980327070,Folsom,Suzanne,M.,,,"Manager, Information Technology",719,Information Technology,Manager,,(603) 472-5191 ext. 112,sfolsom@normandeau.com,25 Nashua Rd.,Bedford,New Hampshire,3110,United States,21,2/27/2019,27885770,Normandeau Associates Inc,Normandeau,www.normandeau.com,(603) 472-5191,25 Nashua Rd.,Bedford,New Hampshire,3110,United States,"Architecture, Engineering & Design",Industry.construction.architecture,Construction,Industry.construction,,,250,Employees.250to499,8712,871,5417,541,"TitleCode.IT,TitleCodeTop.Business,TitleCodeMiddle.Manager,TitleCodeMiddle.Technical,TitleCode.Manager","Manager,Engineering & Technical",https://go.zoominfo.com/#/apps/search/person/results?personProfileId=1980327070,a4eaa6a2e3e10e294cd751c6b9db068c,normandeau.com
-1530808634,Jones,Brian,,,,"Manager, CAD & Manager, Information Technology",720,Information Technology,Manager,,,bjones@osc-eng.com,1003 FLORIDA Ave.,Saint Cloud,Florida,34769,United States,8,10/8/2018,350816533,Osceola Engineering Inc,Osceola,www.osc-eng.com,(407) 891-0452,1003 FLORIDA Ave.,Saint Cloud,Florida,34769,United States,"Architecture, Engineering & Design",Industry.construction.architecture,Construction,Industry.construction,1142,Sales.1Mto5M,6,Employees.5to9,8712,871,541,5413,"TitleCode.IT,TitleCodeTop.Business,TitleCodeMiddle.Manager,TitleCodeMiddle.Technical,TitleCode.Manager","Manager,Engineering & Technical",https://go.zoominfo.com/#/apps/search/person/results?personProfileId=-1530808634,7d2bd1e64a4f55a7c04cefb575a863bf,osc-eng.com
2009773809,Gaffney,Eddie,,,,Project Manager & Manager & CAD IT Specialist,719,Information Technology,Manager,,(617) 266-1710 ext. 209,egaffney@patrickahearn.com,160 Commonwealth Ave. Ste. L3,Boston,Massachusetts,2116,United States,15,10/12/2018,347620906,Patrick Ahearn Architect LLC,Patrick Ahearn,www.patrickahearn.com,(617) 266-1710,160 Commonwealth Ave. Ste. L3,Boston,Massachusetts,2116,United States,"Architecture, Engineering & Design",Industry.construction.architecture,Construction,Industry.construction,2285,Sales.1Mto5M,12,Employees.10to19,8712,871,541,5413,"TitleCode.ProjectManagement,TitleCodeMiddle.Manager,TitleCodeTop.Business,TitleCode.IT,TitleCodeMiddle.Operations,TitleCodeMiddle.Technical,TitleCode.Manager","Operations,Manager",https://go.zoominfo.com/#/apps/search/person/results?personProfileId=2009773809,538937c9f76f428d9a45581794758c9c,patrickahearn.com
583485996,Ho,Alan,,,,"Co-Director, Information Technology",759,Information Technology,Director,,(212) 353-7388,a.ho@perkinseastman.com,115 Fifth Ave.,New York City,New York,10003,United States,36,8/1/2019,82936364,Perkins Eastman company,Perkins Eastman,www.perkinseastman.com,(212) 353-7200,115 Fifth Ave.,New York City,New York,10003,United States,"Architecture, Engineering & Design",Industry.construction.architecture,Construction,Industry.construction,,,820,Employees.500to999,87,871,541,5413,"TitleCode.IT,TitleCodeTop.Business,TitleCodeMiddle.Technical,TitleCode.Director,TitleCodeMiddle.Director","Engineering & Technical,Director",https://go.zoominfo.com/#/apps/search/person/results?personProfileId=583485996,70599d6191e6c9425ec2070f39c2c8e3,perkinseastman.com
583485996,Ho,Alan,,,,"Co-Director, Information Technology",759,Information Technology,Director,,(212) 353-7388,a.ho@perkinseastman.com,115 Fifth Ave.,New York City,New York,10003,United States,36,8/1/2019,82936364,Perkins Eastman company,Perkins Eastman,www.perkinseastman.com,(212) 353-7200,115 Fifth Ave.,New York City,New York,10003,United States,"Architecture, Engineering & Design",Industry.construction.architecture,Construction,Industry.construction,,,820,Employees.500to999,87,871,541,5413,"TitleCode.IT,TitleCodeTop.Business,TitleCodeMiddle.Technical,TitleCode.Director,TitleCodeMiddle.Director","Engineering & Technical,Director",https://go.zoominfo.com/#/apps/search/person/results?personProfileId=583485996,70599d6191e6c9425ec2070f39c2c8e3,perkinseastman.com
3182524470,Cash,Scott,,,,"Director, Information Technology - Business Management",759,Information Technology,Director,,,scash@pike.com,,,,,,3,8/29/2019,94847399,Pike Electric Corporation,Pike,www.pike.com,(336) 789-2171,100 Pike Way,Mount Airy,North Carolina,27030,United States,"Electricity, Oil & Gas",Industry.energy.energy,"Energy, Utilities & Waste Treatment",Industry.energy,750000,Sales.500Mto1G,8000,Employees.5000to9999,17,173,221,238990,"TitleCodeMiddle.Manager,TitleCodeMiddle.Director,TitleCodeTop.Business,TitleCode.IT,TitleCodeMiddle.Technical,TitleCode.Manager,TitleCode.Director","Manager,Director",https://go.zoominfo.com/#/apps/search/person/results?personProfileId=3182524470,0841d1eff069910e90e59c9ae0dea10c,pike.com
-1530529039,Dey,Samir,,,,"Assistant Manager, Information Technology",419,Information Technology,Manager,,,samird@pinnaclecad.com,,,,,India,8,9/2/2019,353798077,Pinnacle Infotech Inc,Pinnacle,www.pinnaclecad.com,(713) 780-2135,6161 Savoy Dr. #1125,Houston,Texas,77036,United States,"Architecture, Engineering & Design",Industry.construction.architecture,Construction,Industry.construction,100000,Sales.100MMto250M,1251,Employees.1000to4999,8712,871,541,5413,"TitleCode.IT,TitleCodeTop.Business,TitleCodeMiddle.Manager,TitleCodeMiddle.Technical,TitleCode.Manager","Manager,Engineering & Technical",https://go.zoominfo.com/#/apps/search/person/results?personProfileId=-1530529039,29e64ec7f0ffc38bc417bbf1d31ac905,pinnaclecad.com
-1169051453,Kanjilal,Amit,Kumar,,,"Assistant Manager, Information Technology",419,Information Technology,Manager,,,akanjilal@pinnaclecad.com,,,,,,8,8/29/2019,353798077,Pinnacle Infotech Inc,Pinnacle,www.pinnaclecad.com,(713) 780-2135,6161 Savoy Dr. #1125,Houston,Texas,77036,United States,"Architecture, Engineering & Design",Industry.construction.architecture,Construction,Industry.construction,100000,Sales.100MMto250M,1251,Employees.1000to4999,8712,871,541,5413,"TitleCode.IT,TitleCodeTop.Business,TitleCodeMiddle.Manager,TitleCodeMiddle.Technical,TitleCode.Manager","Manager,Engineering & Technical",https://go.zoominfo.com/#/apps/search/person/results?personProfileId=-1169051453,c2a6363c57201342ac8e97234ce10ad3,pinnaclecad.com
1830302031,Chakraborty,Bikram,,,,Assistant Manager ( Information Technology Support Bd Department ),419,Technical,Manager,,,bchakraborty@pinnaclecad.com,,,West Bengal,,India,13,8/2/2019,353798077,Pinnacle Infotech Inc,Pinnacle,www.pinnaclecad.com,(713) 780-2135,6161 Savoy Dr. #1125,Houston,Texas,77036,United States,"Architecture, Engineering & Design",Industry.construction.architecture,Construction,Industry.construction,100000,Sales.100MMto250M,1251,Employees.1000to4999,8712,871,541,5413,"TitleCode.Technical,TitleCodeMiddle.Manager,TitleCodeTop.Business,TitleCode.IT,TitleCodeMiddle.Operations,TitleCode.CustomerRel,TitleCodeMiddle.Technical,TitleCode.Manager","Operations,Manager",https://go.zoominfo.com/#/apps/search/person/results?personProfileId=1830302031,13c8db5d4dde01828ad066e3ea724c7b,pinnaclecad.com
1764819851,Whitfield,Leatha,L.,,,"Enterprise Applications Senior Director, Information Technology",763,Information Technology,Director,,(713) 646-4365,llwhitfield@paalp.com,333 CLAY St. Ste. 1600,Houston,Texas,77002,United States,92,9/9/2019,93176798,"Plains All American Pipeline , L.P.",Plains All American,www.plainsallamerican.com,(713) 654-4100,333 CLAY St. Ste. 1600,Houston,Texas,77002,United States,"Electricity, Oil & Gas",Industry.energy.energy,"Energy, Utilities & Waste Treatment",Industry.energy,34055000,Sales.5GPlus,4900,Employees.1000to4999,46,461,211,486210,"TitleCode.IT,TitleCodeTop.Business,TitleCodeMiddle.Technical,TitleCode.Director,TitleCodeMiddle.Director","Engineering & Technical,Director",https://go.zoominfo.com/#/apps/search/person/results?personProfileId=1764819851,c830e52ee689b86452fd445129e8cb6c,paalp.com
1104095425,Peter,Jeff,M.,,,"Director, Information Technology & Senior Associate",760,Information Technology,Director,,(414) 410-2962,jpeter@prarch.com,11000 West Park Pl.,Milwaukee,Wisconsin,53224,United States,43,3/21/2019,30720909,Plunkett Raysich Architects LLP,Plunkett Raysich,www.prarch.com,(414) 359-3060,209 South Water St.,Milwaukee,Wisconsin,53204,United States,"Architecture, Engineering & Design",Industry.construction.architecture,Construction,Industry.construction,19242,Sales.10Mto25M,236,Employees.100to249,73,738,541,5414,"TitleCodeMiddle.Construction,TitleCodeTop.Services,TitleCodeMiddle.Director,TitleCodeTop.Business,TitleCode.Construction,TitleCode.IT,TitleCodeMiddle.Technical,TitleCode.Director","Engineering & Technical,Director",https://go.zoominfo.com/#/apps/search/person/results?personProfileId=1104095425,a5b673219e9b396d4a64edf53e2b3a48,prarch.com
1104095425,Peter,Jeff,M.,,,"Director, Information Technology & Senior Associate",760,Information Technology,Director,,(414) 410-2962,jpeter@prarch.com,11000 West Park Pl.,Milwaukee,Wisconsin,53224,United States,43,3/21/2019,30720909,Plunkett Raysich Architects LLP,Plunkett Raysich,www.prarch.com,(414) 359-3060,209 South Water St.,Milwaukee,Wisconsin,53204,United States,"Architecture, Engineering & Design",Industry.construction.architecture,Construction,Industry.construction,19242,Sales.10Mto25M,236,Employees.100to249,73,738,541,5414,"TitleCodeMiddle.Construction,TitleCodeTop.Services,TitleCodeMiddle.Director,TitleCodeTop.Business,TitleCode.Construction,TitleCode.IT,TitleCodeMiddle.Technical,TitleCode.Director","Engineering & Technical,Director",https://go.zoominfo.com/#/apps/search/person/results?personProfileId=1104095425,a5b673219e9b396d4a64edf53e2b3a48,prarch.com
-1181567314,Munoz,Aileen,,,,"Project Manager, Information Technology",719,Information Technology,Manager,,(727) 497-3540,amunoz@powerdesigninc.us,11600 Ninth St. N,St. Petersburg,Florida,33716,United States,10,3/21/2019,49382621,Power Design,Power Design,www.powerdesigninc.us,(727) 210-0492,11600 Dr. M Lthr Kng Jr Martin,St. Petersburg,Florida,33716,United States,"Architecture, Engineering & Design",Industry.construction.architecture,Construction,Industry.construction,575100,Sales.500Mto1G,1840,Employees.1000to4999,8712,871,5413,238990,"TitleCode.ProjectManagement,TitleCodeMiddle.Manager,TitleCodeTop.Business,TitleCode.IT,TitleCodeMiddle.Operations,TitleCodeMiddle.Technical,TitleCode.Manager","Operations,Manager",https://go.zoominfo.com/#/apps/search/person/results?personProfileId=-1181567314,4a9aa5f03137b7587d2dad749f86923d,powerdesigninc.us
-1786557425,Smith,Debbie,A.,,,"Director, Information Technology Project Management",759,Information Technology,Director,,(561) 226-9378,dsmith@sbasite.com,5900 Broken Sound Pkwy. NW,Boca Raton,Florida,33487,United States,42,9/6/2019,109806586,SBA Communications Corporation,SBA,www.sbasite.com,(561) 226-9345,8051 CONGRESS Ave.,Boca Raton,Florida,33487,United States,Construction General,Industry.construction.general,Construction,Industry.construction,1865695,Sales.1Gto5G,1347,Employees.1000to4999,16,162,51711,237130,"TitleCodeMiddle.Manager,TitleCode.ProjectManagement,TitleCodeMiddle.Director,TitleCode.IT,TitleCodeTop.Business,TitleCodeMiddle.Operations,TitleCodeMiddle.Technical,TitleCode.Director,TitleCode.Manager","Manager,Director",https://go.zoominfo.com/#/apps/search/person/results?personProfileId=-1786557425,223b5324a78886e6d8f240c8b2f49199,sbasite.com
-1887661114,Keeper,Jeff,,,,"Glenwood Springs Manager, Information Technology",719,Information Technology,Manager,,,jkeeper@sgm-inc.com,"744 Horizon Ct,Ste 250",Grand Junction,Colorado,81506-3939,United States,8,4/11/2019,34062582,Schmueser Gordon Meyer,SGM,www.sgm-inc.com,(970) 945-1004,"118 W. Sixth St., Ste. 200",Glenwood Springs,Colorado,81601,United States,Construction,Industry.construction,"Architecture, Engineering & Design",Industry.construction.architecture,19049,Sales.10Mto25M,100,Employees.100to249,87,871,541,5413,"TitleCode.IT,TitleCodeTop.Business,TitleCodeMiddle.Manager,TitleCodeMiddle.Technical,TitleCode.Manager","Manager,Engineering & Technical",https://go.zoominfo.com/#/apps/search/person/results?personProfileId=-1887661114,e8df587cc16fc659be5fa998dadff7fa,sgm-inc.com
-2043299853,Lewan,Chris,,,,"Manager, Information Technology",719,Information Technology,Manager,,(818) 939-1250,chris@sinanian.com,18980 Ventura Blvd.,Tarzana,California,91356,United States,22,3/21/2019,46350446,Sinanian Development,Sinanian,www.sinanian.com,(818) 996-9666,18980 Ventura Blvd.,Tarzana,California,91356,United States,"Architecture, Engineering & Design",Industry.construction.architecture,Human Resources & Staffing,Industry.bizservice.hr,19600,Sales.10Mto25M,98,Employees.50to99,87,871,56,5413,"TitleCode.IT,TitleCodeTop.Business,TitleCodeMiddle.Manager,TitleCodeMiddle.Technical,TitleCode.Manager","Manager,Engineering & Technical",https://go.zoominfo.com/#/apps/search/person/results?personProfileId=-2043299853,8de8a31292ce92eced9b559d6221c0a0,sinanian.com
1797275268,Vargas,Rogelio,,,,"Director, Information Technology",759,Information Technology,Director,,(713) 784-8211,rvargas@ssr-inc.com,"3700 West Sam Houston Pkwy. South, Ste. 200",Houston,Texas,77042,United States,10,8/26/2019,104285145,Smith Seckman Reid Inc,SSR,www.ssr-inc.com,(615) 383-1113,2995 Sidco Dr.,Nashville,Tennessee,37204,United States,Construction,Industry.construction,"Architecture, Engineering & Design",Industry.construction.architecture,,,400,Employees.250to499,87,871,541,5413,"TitleCode.IT,TitleCodeTop.Business,TitleCodeMiddle.Technical,TitleCode.Director,TitleCodeMiddle.Director","Engineering & Technical,Director",https://go.zoominfo.com/#/apps/search/person/results?personProfileId=1797275268,0f2dd9b33ef48ca09deb2138e0d13fcc,ssr-inc.com
350627565,Edwards,Steven,,Mr.,,"Director, Information Technology",759,Information Technology,Director,,(312) 896-1147,steven.edwards@scb.com,625 N. Michigan Ave. Ste. 800,Chicago,Illinois,60611,United States,51,7/1/2019,34029969,Solomon Cordwell Buenz,SCB,www.scb.com,(312) 896-1100,625 N. Michigan Ave. Ste. 800,Chicago,Illinois,60611,United States,"Architecture, Engineering & Design",Industry.construction.architecture,Construction,Industry.construction,43623,Sales.25Mto50M,229,Employees.100to249,87,871,541,5413,"TitleCode.IT,TitleCodeTop.Business,TitleCodeMiddle.Technical,TitleCode.Director,TitleCodeMiddle.Director","Engineering & Technical,Director",https://go.zoominfo.com/#/apps/search/person/results?personProfileId=350627565,bac8b58cbf7ee270ecbc3de1b18f9f0b,scb.com
350627565,Edwards,Steven,,Mr.,,"Director, Information Technology",759,Information Technology,Director,,(312) 896-1147,steven.edwards@scb.com,625 N. Michigan Ave. Ste. 800,Chicago,Illinois,60611,United States,51,7/1/2019,34029969,Solomon Cordwell Buenz,SCB,www.scb.com,(312) 896-1100,625 N. Michigan Ave. Ste. 800,Chicago,Illinois,60611,United States,"Architecture, Engineering & Design",Industry.construction.architecture,Construction,Industry.construction,43623,Sales.25Mto50M,229,Employees.100to249,87,871,541,5413,"TitleCode.IT,TitleCodeTop.Business,TitleCodeMiddle.Technical,TitleCode.Director,TitleCodeMiddle.Director","Engineering & Technical,Director",https://go.zoominfo.com/#/apps/search/person/results?personProfileId=350627565,bac8b58cbf7ee270ecbc3de1b18f9f0b,scb.com
-1013222818,Dixon,Jamie,W.,,,"Manager, Information Technology Support",719,Technical,Manager,,(989) 224-2355 ext. 5529,jamied@spicergroup.com,1400 ZEEB Dr.,Saint Johns,Michigan,48879-1131,United States,5,11/2/2018,35996030,Spicer Group Inc,Spicer Group,www.spicergroup.com,(989) 754-4717,230 South Washington Ave.,Saginaw,Michigan,48607,United States,"Architecture, Engineering & Design",Industry.construction.architecture,Construction,Industry.construction,38099,Sales.25Mto50M,200,Employees.100to249,87,871,541,5413,"TitleCode.Technical,TitleCodeMiddle.Manager,TitleCodeTop.Business,TitleCode.IT,TitleCodeMiddle.Operations,TitleCode.CustomerRel,TitleCodeMiddle.Technical,TitleCode.Manager","Operations,Manager",https://go.zoominfo.com/#/apps/search/person/results?personProfileId=-1013222818,850b607a712e66ec6b293f1159dfc364,spicergroup.com
1930670152,Owens,Kristin,,,,"Senior Director, Information Technology Applications",763,Information Technology,Director,,(469) 424-2268,kowens@srsdistribution.com,"5900 S. Lake Forest Dr., Ste. 400",Mc Kinney,Texas,75070,United States,56,9/2/2019,101123784,SRS Distribution Inc,SRS,www.srsdistribution.com,(214) 491-4149,"5900 S. Lake Forest Dr., Ste. 400",Mc Kinney,Texas,75070,United States,Home Improvement & Hardware Retail,Industry.retail.hardware,Retail,Industry.retail,2600000,Sales.1Gto5G,3750,Employees.1000to4999,50,503,444,23816,"TitleCode.IT,TitleCodeTop.Business,TitleCodeMiddle.Technical,TitleCode.Director,TitleCodeMiddle.Director","Engineering & Technical,Director",https://go.zoominfo.com/#/apps/search/person/results?personProfileId=1930670152,c252cf00abd5f23afbb75915b4f79548,srsdistribution.com
1890125699,McCaslin,Charlene,,,PMP,IT PMO Manager,719,Information Technology,Manager,,(303) 533-1975,charlene.mccaslin@stantec.com,380 Interlocken Crescent Ste. 200,Broomfield,Colorado,80021,United States,43,3/21/2019,48152918,Stantec,Stantec,www.stantec.com,(780) 917-7000,1100-111 Dunsmuir St.,Vancouver,British Columbia,V6B 6A3,Canada,"Architecture, Engineering & Design",Industry.construction.architecture,Construction,Industry.construction,4094552,Sales.1Gto5G,22000,Employees.10000plus,87,871,5416,54141,"TitleCode.IT,TitleCodeTop.Business,TitleCodeMiddle.Manager,TitleCodeMiddle.Technical,TitleCode.Manager","Manager,Engineering & Technical",https://go.zoominfo.com/#/apps/search/person/results?personProfileId=1890125699,0bbb250265cf4e0fd96ea75bd8ef438b,stantec.com
63959865,Perko,Dan,,,,"Senior Project Manager, Information Technology",723,Information Technology,Manager,,(720) 887-8746,dan.perko@stantec.com,380 Interlocken Crescent Ste. 200,Broomfield,Colorado,80021,United States,26,3/21/2019,48152918,Stantec,Stantec,www.stantec.com,(780) 917-7000,1100-111 Dunsmuir St.,Vancouver,British Columbia,V6B 6A3,Canada,"Architecture, Engineering & Design",Industry.construction.architecture,Construction,Industry.construction,4094552,Sales.1Gto5G,22000,Employees.10000plus,87,871,5416,54141,"TitleCode.ProjectManagement,TitleCodeMiddle.Manager,TitleCodeTop.Business,TitleCode.IT,TitleCodeMiddle.Operations,TitleCodeMiddle.Technical,TitleCode.Manager","Operations,Manager",https://go.zoominfo.com/#/apps/search/person/results?personProfileId=63959865,cabefa0db157e8c0a49b02d151638394,stantec.com
-902983895,Qureshi,Shahab,M.,,,"Manager, Information Technology",719,Information Technology,Manager,,(847) 213-5270,squreshi@airoom.com,6825 N. Lincoln Ave.,Lincolnwood,Illinois,60712,United States,10,12/14/2018,1606701,The Airoom Companies LLC,Airoom,www.airoom.com,(847) 268-4677,6825 N. Lincoln Ave.,Lincolnwood,Illinois,60712,United States,"Architecture, Engineering & Design",Industry.construction.architecture,Construction,Industry.construction,101843,Sales.100MMto250M,160,Employees.100to249,15,152,23611,541,"TitleCode.IT,TitleCodeTop.Business,TitleCodeMiddle.Manager,TitleCodeMiddle.Technical,TitleCode.Manager","Manager,Engineering & Technical",https://go.zoominfo.com/#/apps/search/person/results?personProfileId=-902983895,9c48b361a73c6ff42828f31321b34495,airoom.com
-2063249206,Walker,Patti,,,,"Manager, Information Technology",719,Information Technology,Manager,,,pwalker@louisberger.com,1600 Rene-Levesque Blvd. W Fl. 16,Montreal,Quebec,H3H 1P9,Canada,5,4/11/2019,61589858,The Louis Berger Group,Louis Berger,www.louisberger.com,(973) 407-1000,412 Mount Kemble Ave.,Morristown,New Jersey,7962,United States,Construction,Industry.construction,Commercial & Residential Construction,Industry.construction.construction,,,7000,Employees.5000to9999,8712,871,488999,48,"TitleCode.IT,TitleCodeTop.Business,TitleCodeMiddle.Manager,TitleCodeMiddle.Technical,TitleCode.Manager","Manager,Engineering & Technical",https://go.zoominfo.com/#/apps/search/person/results?personProfileId=-2063249206,58b79c793f4fdb115cfab026934995c9,louisberger.com
1675487341,Goss,Brian,,,,"Project Manager, Information Technology",719,Information Technology,Manager,,(603) 218-5427,bgoss@louisberger.com,"1001 Elm St., Ste. 203",Manchester,New Hampshire,3101,United States,20,10/12/2018,61589858,The Louis Berger Group,Louis Berger,www.louisberger.com,(973) 407-1000,412 Mount Kemble Ave.,Morristown,New Jersey,7962,United States,Construction,Industry.construction,Commercial & Residential Construction,Industry.construction.construction,,,7000,Employees.5000to9999,8712,871,488999,48,"TitleCode.ProjectManagement,TitleCodeMiddle.Manager,TitleCodeTop.Business,TitleCode.IT,TitleCodeMiddle.Operations,TitleCodeMiddle.Technical,TitleCode.Manager","Operations,Manager",https://go.zoominfo.com/#/apps/search/person/results?personProfileId=1675487341,d915d689f33ef87579e5131d5846e109,louisberger.com
-1222261534,Creech,Jami,,,,"Photos Group Manager, Information Technology",719,Information Technology,Manager,,,jcreech@themetrolinalandscape.com,,,,,,6,7/24/2019,355402682,The Metrolina Landscape Company,Metrolina,www.metrolinalandscape.com,(704) 392-9501,6100 BROOKSHIRE Blvd.,Charlotte,North Carolina,28216,United States,"Architecture, Engineering & Design",Industry.construction.architecture,Construction,Industry.construction,16000,Sales.10Mto25M,80,Employees.50to99,8712,871,541,5413,"TitleCode.IT,TitleCodeTop.Business,TitleCodeMiddle.Manager,TitleCodeMiddle.Technical,TitleCode.Manager","Manager,Engineering & Technical",https://go.zoominfo.com/#/apps/search/person/results?personProfileId=-1222261534,759a2fad005080304ad01ed3da26cd96,themetrolinalandscape.com
3228551706,Hartness,Jason,,,,"Senior Manager, Information Technology Client Services",723,Information Technology,Manager,,,jasonhartness@trugreenmail.com,1790 Kirby Pkwy. Ste. 300,Memphis,Tennessee,38138,United States,1,9/4/2019,39620048,TruGreen Company,TruGreen,www.trugreen.com,(901) 681-1800,1790 Kirby Pkwy. Ste. 300,Memphis,Tennessee,38138,United States,"Architecture, Engineering & Design",Industry.construction.architecture,Construction,Industry.construction,1300000,Sales.1Gto5G,13000,Employees.10000plus,78,782,56173,56171,"TitleCodeMiddle.Manager,TitleCodeTop.Business,TitleCode.IT,TitleCodeMiddle.Operations,TitleCode.CustomerRel,TitleCodeMiddle.Technical,TitleCode.Manager","Operations,Manager",https://go.zoominfo.com/#/apps/search/person/results?personProfileId=3228551706,b77bebbda50b688e8aa5fb37a12a05e8,trugreenmail.com
-2039781052,Vaughn,Cary,,,,"Project Manager, Information Technology",719,Information Technology,Manager,,(901) 251-3590,caryvaughn@trugreenmail.com,1790 Kirby Pkwy. Ste. 300,Memphis,Tennessee,38138,United States,14,6/18/2019,39620048,TruGreen Company,TruGreen,www.trugreen.com,(901) 681-1800,1790 Kirby Pkwy. Ste. 300,Memphis,Tennessee,38138,United States,"Architecture, Engineering & Design",Industry.construction.architecture,Construction,Industry.construction,1300000,Sales.1Gto5G,13000,Employees.10000plus,78,782,56173,56171,"TitleCode.ProjectManagement,TitleCodeMiddle.Manager,TitleCodeTop.Business,TitleCode.IT,TitleCodeMiddle.Operations,TitleCodeMiddle.Technical,TitleCode.Manager","Operations,Manager",https://go.zoominfo.com/#/apps/search/person/results?personProfileId=-2039781052,a16284d043b296629446a8ef9a0c9968,trugreenmail.com
830542290,Johnson,Anson,B.,,III,"Senior Director, Information Technology",763,Information Technology,Director,,(312) 436-6290,abjohnson@usg.com,550 WEST ADAMS St. DEPARTMENT 188,Chicago,Illinois,60661,United States,56,9/10/2019,151240784,USG,USG,www.usg.com,(312) 606-4000,550 WEST ADAMS St. DEPARTMENT 188,Chicago,Illinois,60661,United States,"Aggregates, Concrete & Cement",Industry.mfg.building.concrete,"Miscellaneous Building Materials (Flooring, Cabinets, etc.)",Industry.mfg.building.other,3336000,Sales.1Gto5G,7300,Employees.5000to9999,32,50,44419,423320,"TitleCode.IT,TitleCodeTop.Business,TitleCodeMiddle.Technical,TitleCode.Director,TitleCodeMiddle.Director","Engineering & Technical,Director",https://go.zoominfo.com/#/apps/search/person/results?personProfileId=830542290,4acca80f1e075e08064eaf41bcc7f7bf,usg.com
-1880317998,Hall,Shawn,,,,"Manager, Information Technology",719,Information Technology,Manager,,,shawnh@wallacesc.com,200 East Brady,Tulsa,Oklahoma,74103,United States,6,4/11/2019,79773819,Wallace Engineering,Wallace,www.wallacesc.com,(918) 584-5858,200 East Brady,Tulsa,Oklahoma,74103,United States,Construction,Industry.construction,"Architecture, Engineering & Design",Industry.construction.architecture,22669,Sales.10Mto25M,119,Employees.100to249,87,871,541,5413,"TitleCode.IT,TitleCodeTop.Business,TitleCodeMiddle.Manager,TitleCodeMiddle.Technical,TitleCode.Manager","Manager,Engineering & Technical",https://go.zoominfo.com/#/apps/search/person/results?personProfileId=-1880317998,656ff36e9e55fd6d3aadc97d2bb13cd9,wallacesc.com
-2094114858,Arnold,Lisa,,,,"Manager, Information Technology",719,Information Technology,Manager,,,lisaa@wallacesc.com,200 East Brady,Tulsa,Oklahoma,74103,United States,5,4/11/2019,79773819,Wallace Engineering,Wallace,www.wallacesc.com,(918) 584-5858,200 East Brady,Tulsa,Oklahoma,74103,United States,Construction,Industry.construction,"Architecture, Engineering & Design",Industry.construction.architecture,22669,Sales.10Mto25M,119,Employees.100to249,87,871,541,5413,"TitleCode.IT,TitleCodeTop.Business,TitleCodeMiddle.Manager,TitleCodeMiddle.Technical,TitleCode.Manager","Manager,Engineering & Technical",https://go.zoominfo.com/#/apps/search/person/results?personProfileId=-2094114858,b99049806f4b20b455b58a588e94de0e,wallacesc.com
1824221079,Paxson,Rhett,,,,"Manager, Information Technology",719,Information Technology,Manager,,,rhett.paxson@wallacesc.com,200 East Brady,Tulsa,Oklahoma,74103,United States,17,3/21/2019,79773819,Wallace Engineering,Wallace,www.wallacesc.com,(918) 584-5858,200 East Brady,Tulsa,Oklahoma,74103,United States,Construction,Industry.construction,"Architecture, Engineering & Design",Industry.construction.architecture,22669,Sales.10Mto25M,119,Employees.100to249,87,871,541,5413,"TitleCode.IT,TitleCodeTop.Business,TitleCodeMiddle.Manager,TitleCodeMiddle.Technical,TitleCode.Manager","Manager,Engineering & Technical",https://go.zoominfo.com/#/apps/search/person/results?personProfileId=1824221079,cc1b3b2510ae230e692cbb6627cefa68,wallacesc.com
1336122672,Krieg,Rob,,,,"Manager, Information Technology, Parking & Restoration",719,Information Technology,Manager,,(269) 381-2222 ext. 7317,rob.krieg@wginc.com,445 W Michigan Ave.,Kalamazoo,Michigan,49007-3750,United States,16,10/8/2018,54591494,Wantman Group Inc,Wantman Group,www.wantmangroup.com,(561) 687-2220,2035 Vista Pkwy. Ste. 100,West Palm Beach,Florida,33411,United States,"Architecture, Engineering & Design",Industry.construction.architecture,Construction,Industry.construction,58700,Sales.50Mto100M,372,Employees.250to499,8712,871,541,5413,"TitleCode.IT,TitleCodeTop.Business,TitleCodeMiddle.Manager,TitleCodeMiddle.Technical,TitleCode.Manager","Manager,Engineering & Technical",https://go.zoominfo.com/#/apps/search/person/results?personProfileId=1336122672,869d89260826347a78749938c5145d8b,wginc.com
-1571129598,Hailegiorgis,Natnael,,,,"Manager, Information Technology",719,Information Technology,Manager,,(202) 857-8300 ext. 1151,nhailegiorgis@wdgarch.com,1025 Connecticut Ave. NW Ste. 300,"Washington, D.C.",District of Columbia,20036,United States,12,9/3/2019,74940602,WDG,WDG,www.wdgarch.com,(202) 857-8300,1025 Connecticut Ave. NW Ste. 300,"Washington, D.C.",District of Columbia,20036,United States,"Architecture, Engineering & Design",Industry.construction.architecture,Construction,Industry.construction,23000,Sales.10Mto25M,115,Employees.100to249,87,871,541,5413,"TitleCode.IT,TitleCodeTop.Business,TitleCodeMiddle.Manager,TitleCodeMiddle.Technical,TitleCode.Manager","Manager,Engineering & Technical",https://go.zoominfo.com/#/apps/search/person/results?personProfileId=-1571129598,f0bc1594c9937dc2a604ac1567e609db,wdgarch.com
1708695779,Toups,Buddy,,,,"Director, Information Technology",759,Information Technology,Director,,(985) 475-1001,btoups@whpacific.com,188838 Hwy. 3235,Galliano,Louisiana,70354,United States,31,8/1/2019,115458215,WHPacific Inc,WHPacific,www.whpacific.com,(505) 247-0294,6501 AMERICAS Pkwy. NE Ste. 400,Albuquerque,New Mexico,87110,United States,"Architecture, Engineering & Design",Industry.construction.architecture,Construction,Industry.construction,62000,Sales.50Mto100M,190,Employees.100to249,78,781,56,5413,"TitleCode.IT,TitleCodeTop.Business,TitleCodeMiddle.Technical,TitleCode.Director,TitleCodeMiddle.Director","Engineering & Technical,Director",https://go.zoominfo.com/#/apps/search/person/results?personProfileId=1708695779,83f231a6c62cfb024d1ef5f5b49291a1,whpacific.com
1708695779,Toups,Buddy,,,,"Director, Information Technology",759,Information Technology,Director,,(985) 475-1001,btoups@whpacific.com,188838 Hwy. 3235,Galliano,Louisiana,70354,United States,32,8/1/2019,115458215,WHPacific Inc,WHPacific,www.whpacific.com,(505) 247-0294,6501 AMERICAS Pkwy. NE Ste. 400,Albuquerque,New Mexico,87110,United States,"Architecture, Engineering & Design",Industry.construction.architecture,Construction,Industry.construction,62000,Sales.50Mto100M,190,Employees.100to249,78,781,56,5413,"TitleCode.IT,TitleCodeTop.Business,TitleCodeMiddle.Technical,TitleCode.Director,TitleCodeMiddle.Director","Engineering & Technical,Director",https://go.zoominfo.com/#/apps/search/person/results?personProfileId=1708695779,83f231a6c62cfb024d1ef5f5b49291a1,whpacific.com
2438418622,Johnson,Chris,,,,"Director, Information Technology",759,Information Technology,Director,,(919) 535-5228,cjohnson@withersravenel.com,115 Mackenan Dr. Ste. 200,Cary,North Carolina,27511,United States,26,9/10/2019,87556160,WR-Martin Inc,WR-Martin,www.withersravenel.com,(919) 469-3340,115 Mackenan Dr. Ste. 200,Cary,North Carolina,27511,United States,"Architecture, Engineering & Design",Industry.construction.architecture,Construction,Industry.construction,,,221,Employees.100to249,87,871,541,5413,"TitleCode.IT,TitleCodeTop.Business,TitleCodeMiddle.Technical,TitleCode.Director,TitleCodeMiddle.Director","Engineering & Technical,Director",https://go.zoominfo.com/#/apps/search/person/results?personProfileId=2438418622,0a901ebd559166430ddbbb7fc4249a21,withersravenel.com
