﻿Zoom Individual ID,Last name,First name,Middle name,Salutation,Suffix,Job title,Job title hierarchy level,Job Function,Management Level,Company division name,Direct Phone Number,Email address,Person Street,Person City,Person State,Person Zip,Country,Source count,Last updated date,Zoom company ID,Company name,Marketing Friendly Name,Company domain name,Company phone number,Company Street address,Company City,Company State,Company ZIP/Postal code,Company Country,Industry label,Industry hierarchical category,Secondary industry label,Secondary industry hierarchical category,Revenue (in 000s),Revenue Range,Employees,Employees Range,SIC1,SIC2,NAICS1,NAICS2,TitleCode,Highest Level Job Function,Contact Zoom URL,Encrypted Email Address,Email Domain
1559603144,Ranjan,Amiya,,Mr.,,"Senior Director, Information Technology",763,Information Technology,Director,,(408) 400-1455,amiya.ranjan@ambarella.com,3101 JAY St.,Santa Clara,California,95054,United States,40,3/21/2019,3935383,Ambarella Inc,Ambarella,www.ambarella.com,(408) 734-8888,3101 Jay St.,Santa Clara,California,95054,United States,Semiconductor & Semiconductor Equipment,Industry.mfg.electronics.semiconductors,Electronics,Industry.mfg.electronics,295402,Sales.250Mto500M,706,Employees.500to999,36,367,33441,33,"TitleCode.IT,TitleCodeTop.Business,TitleCodeMiddle.Technical,TitleCode.Director,TitleCodeMiddle.Director","Engineering & Technical,Director",https://go.zoominfo.com/#/apps/search/person/results?personProfileId=1559603144,30e6abb453e16240b1e0921d2cc0181e,ambarella.com
2018058368,Kreh,Mike,,,,"Director, IT Systems & Infrastructure",759,Information Technology,Director,,(314) 394-3706,mike.kreh@anchorpackaging.com,13515 Barrett Pkwy. Dr.,St. Louis,Missouri,63021,United States,34,4/9/2019,2179315,Anchor Packaging Co,Anchor Packaging,www.anchorpackaging.com,(314) 822-7800,13515 Barrett Pkwy. Dr.,Ballwin,Missouri,63021,United States,"Plastic, Packaging & Containers",Industry.mfg.plastic,Manufacturing,Industry.mfg,200025,Sales.100MMto250M,1000,Employees.1000to4999,30,308,56191,5619,"TitleCode.IT,TitleCodeTop.Business,TitleCodeMiddle.Technical,TitleCode.Director,TitleCodeMiddle.Director","Engineering & Technical,Director",https://go.zoominfo.com/#/apps/search/person/results?personProfileId=2018058368,06f7fd902dedafd09f35ba06306a6960,anchorpackaging.com
1463757290,Rohde,Marc,Nicholas,,,"Director, Information Technology",759,Information Technology,Director,,(262) 884-2631,marc-rohde@andis.com,1800 Renaissance Blvd.,Sturtevant,Wisconsin,53177,United States,50,4/11/2019,2196530,Andis Company,Andis,www.andis.com,(262) 884-2600,1800 Renaissance Blvd.,Sturtevant,Wisconsin,53177,United States,Consumer Electronics,Industry.mfg.consumer.electronics,Consumer Goods,Industry.mfg.consumer,75000,Sales.50Mto100M,400,Employees.250to499,365,36,3343,339,"TitleCode.IT,TitleCodeTop.Business,TitleCodeMiddle.Technical,TitleCode.Director,TitleCodeMiddle.Director","Engineering & Technical,Director",https://go.zoominfo.com/#/apps/search/person/results?personProfileId=1463757290,0184145ff70481f58c30273722153952,andis.com
1796603132,Marr,Dave,,,,"Senior Director, Information Technology",763,Information Technology,Director,,(972) 621-3304,dmarr@argos-us.com,757 North Eldridge Pkwy. Ste. 525,Houston,Texas,77079,United States,35,3/21/2019,358822335,Argos USA Corporation,Argos,www.argos-us.com,(678) 368-4300,3015 Windward Plz.,Alpharetta,Georgia,30005,United States,"Aggregates, Concrete & Cement",Industry.mfg.building.concrete,Building Materials,Industry.mfg.building,340000,Sales.250Mto500M,8547,Employees.5000to9999,32,327,327,423390,"TitleCode.IT,TitleCodeTop.Business,TitleCodeMiddle.Technical,TitleCode.Director,TitleCodeMiddle.Director","Engineering & Technical,Director",https://go.zoominfo.com/#/apps/search/person/results?personProfileId=1796603132,a03a9cef06dac0860c05017afc3b06da,argos-us.com
-1156902095,Wall,John,,,,"Director, Information Technology Risk Management",759,Information Technology,Director,,,j.wall@astronautics.com,4115 N Teutonia Ave.,Milwaukee,Wisconsin,53209,United States,5,8/12/2019,3178537,Astronautics Corporation of America,Astronautics,www.astronautics.com,(414) 449-4000,4115 N Teutonia Ave.,Milwaukee,Wisconsin,53209,United States,Aerospace & Defense,Industry.mfg.aerospace,Manufacturing,Industry.mfg,398998,Sales.250Mto500M,1800,Employees.1000to4999,372,37,48,488510,"TitleCodeMiddle.Manager,TitleCodeMiddle.Director,TitleCode.IT,TitleCodeTop.Business,TitleCodeMiddle.Finance,TitleCode.Finance,TitleCodeMiddle.Technical,TitleCode.Director,TitleCode.Manager","Manager,Director",https://go.zoominfo.com/#/apps/search/person/results?personProfileId=-1156902095,0d73df20c5bf713eb6ede84403c19e1b,astronautics.com
-2062307307,Duff,Scott,,,,"Manager, Information Technology",719,Information Technology,Manager,,(859) 356-4255,scott.duff@atkinsandpearce.com,One Braid Way,Covington,Kentucky,41017,United States,7,7/19/2019,8654573,Atkins & Pearce Inc,Atkins & Pearce,www.atkinsandpearce.com,(859) 356-2001,One Braid Way,Covington,Kentucky,41017,United States,Textiles & Apparel,Industry.mfg.consumer.clothes,Consumer Goods,Industry.mfg.consumer,13618,Sales.10Mto25M,69,Employees.50to99,23,,,,"TitleCode.IT,TitleCodeTop.Business,TitleCodeMiddle.Manager,TitleCodeMiddle.Technical,TitleCode.Manager","Manager,Engineering & Technical",https://go.zoominfo.com/#/apps/search/person/results?personProfileId=-2062307307,2fd3536250d24aed3770d86d8724110d,atkinsandpearce.com
1939731655,Monk,David,,,,"Cloud & Infrastructure Senior Manager, Information Technology",723,Information Technology,Manager,,(408) 501-6041,david.monk@aviatnet.com,5200 Great America Pkwy.,Santa Clara,California,95054,United States,28,8/22/2019,353915788,Aviat Networks Inc,Aviat,www.aviatnetworks.com,(408) 941-7100,"860 N. MCCARTHY Blvd., Ste. 200",Milpitas,California,95035,United States,Consumer Electronics,Industry.mfg.consumer.electronics,Consumer Goods,Industry.mfg.consumer,242506,Sales.100MMto250M,704,Employees.500to999,36,366,51711,517110,"TitleCode.IT,TitleCodeTop.Business,TitleCodeMiddle.Manager,TitleCodeMiddle.Technical,TitleCode.Manager","Manager,Engineering & Technical",https://go.zoominfo.com/#/apps/search/person/results?personProfileId=1939731655,3317d0426c6eaef44be75c5eab34ad63,aviatnet.com
-2037515267,Beard,Julius,,,,"Manager, Information Technology",719,Information Technology,Manager,,(225) 709-9920,julius.beard@awc-inc.com,6655 Exchequer Dr.,Baton Rouge,Louisiana,70809-5148,United States,29,7/16/2019,3620976,AWC Inc,AWC,www.awc-inc.com,(713) 944-2100,4940 Timber Creek,Houston,Texas,77017,United States,Industrial Machinery & Equipment,Industry.mfg.industrialmachinery,Manufacturing,Industry.mfg,100000,Sales.100MMto250M,400,Employees.250to499,50,508,4238,42,"TitleCode.IT,TitleCodeTop.Business,TitleCodeMiddle.Manager,TitleCodeMiddle.Technical,TitleCode.Manager","Manager,Engineering & Technical",https://go.zoominfo.com/#/apps/search/person/results?personProfileId=-2037515267,c81da80b705108241771cad222accc89,awc-inc.com
3243423279,Belcher,Shaun,,,,"Director, Information Technology",759,Information Technology,Director,,(620) 308-5224,sbelcher@backyarddiscovery.com,,,Kansas,,United States,3,8/27/2019,21811960,Backyard Adventures Inc,Backyard,www.backyardadventures.com,(620) 308-6863,3001 N Rouse Ave.,Pittsburg,Kansas,66762,United States,Sporting Goods,Industry.mfg.consumer.sport,Consumer Goods,Industry.mfg.consumer,10000,Sales.10Mto25M,300,Employees.250to499,39,394,56192,713940,"TitleCode.IT,TitleCodeTop.Business,TitleCodeMiddle.Technical,TitleCode.Director,TitleCodeMiddle.Director","Engineering & Technical,Director",https://go.zoominfo.com/#/apps/search/person/results?personProfileId=3243423279,6e48742cd5a491dfa4cb5d91d2f69d26,backyarddiscovery.com
1696487862,Byrd,Shannon,,,,"Manager, Information Technology",719,Information Technology,Manager,,(810) 235-0400 ext. 807,shannon.byrd@us.ebarrette.com,3200 Robert T. Longway Blvd.,Flint,Michigan,48506,United States,19,7/23/2019,346334255,Barrette Outdoor Living Inc,Barrette Outdoor Living,www.barretteoutdoorliving.com,(440) 891-0790,7830 Freeway Circle,Cleveland,Ohio,44130,United States,Building Materials,Industry.mfg.building,Manufacturing,Industry.mfg,267000,Sales.250Mto500M,1900,Employees.1000to4999,33,331,3219,32199,"TitleCode.IT,TitleCodeTop.Business,TitleCodeMiddle.Manager,TitleCodeMiddle.Technical,TitleCode.Manager","Manager,Engineering & Technical",https://go.zoominfo.com/#/apps/search/person/results?personProfileId=1696487862,87202ccf779e8399b6e0dd6f3006a79b,us.ebarrette.com
2109811224,Willmann,Leroy,,,,"Director, Information Technology",759,Information Technology,Director,,,lwillmann@bbbind.com,5640 Commerce Blvd. E,Mobile,Alabama,36619,United States,6,3/21/2019,12946740,BBB Industries LLC,BBB Industries,www.bbbind.com,(251) 438-2737,29627 Renaissance Blvd.,Daphne,Alabama,36526,United States,Motor Vehicle Parts,Industry.mfg.carparts,Manufacturing,Industry.mfg,298720,Sales.250Mto500M,3000,Employees.1000to4999,37,371,336322,3353,"TitleCode.IT,TitleCodeTop.Business,TitleCodeMiddle.Technical,TitleCode.Director,TitleCodeMiddle.Director","Engineering & Technical,Director",https://go.zoominfo.com/#/apps/search/person/results?personProfileId=2109811224,be232aa620a6d3448f172b33041a10d0,bbbind.com
-2024180329,Wang,James,,,,"Director, Information Technology",759,Information Technology,Director,,(708) 534-7187,james.wang@bimba.com,25150 S Governors Hwy.,University Park,Illinois,60484,United States,30,8/1/2019,4719046,Bimba Manufacturing Company,Bimba,www.bimba.com,(708) 534-8544,25150 S Governors Hwy.,University Park,Illinois,60484,United States,Industrial Machinery & Equipment,Industry.mfg.industrialmachinery,Manufacturing,Industry.mfg,125510,Sales.100MMto250M,325,Employees.250to499,35,359,333995,33399,"TitleCode.IT,TitleCodeTop.Business,TitleCodeMiddle.Technical,TitleCode.Director,TitleCodeMiddle.Director","Engineering & Technical,Director",https://go.zoominfo.com/#/apps/search/person/results?personProfileId=-2024180329,45ece6847d26206599b7fa70bc219ab5,bimba.com
2071762408,Franczak,Terri,,,,"Director, Information Technology",759,Information Technology,Director,,(716) 665-2000 ext. 3255,terrifranczak@bushindustries.com,One Mason Dr.,Jamestown,New York,14702,United States,12,8/24/2019,18780873,Bush Industries Inc,Bush,bush.co,(716) 665-2000,One Mason Dr.,Jamestown,New York,14702,United States,"Lumber, Wood Production & Timber Operations",Industry.mfg.building.lumber,Building Materials,Industry.mfg.building,99880,Sales.50Mto100M,350,Employees.250to499,25,251,33712,326112,"TitleCode.IT,TitleCodeTop.Business,TitleCodeMiddle.Technical,TitleCode.Director,TitleCodeMiddle.Director","Engineering & Technical,Director",https://go.zoominfo.com/#/apps/search/person/results?personProfileId=2071762408,18d6eb749c354e251a78d53de53f3055,bushindustries.com
2082487427,Bellotte,Ken,,,,"Manager, Information Technology",719,Information Technology,Manager,,(863) 294-6449 ext. 3128,kenb@carpentercontractors.com,3900 Ave. G Nw,Winter Haven,Florida,33880,United States,16,8/15/2019,21648433,Carpenter Contractors of America Inc,Carpenter Contractors,www.carpentercontractors.com,(863) 294-6449,3900 Ave. G Nw,Winter Haven,Florida,33880,United States,Commercial & Residential Construction,Industry.construction.construction,Construction,Industry.construction,148190,Sales.100MMto250M,800,Employees.500to999,17,175,238350,444,"TitleCode.IT,TitleCodeTop.Business,TitleCodeMiddle.Manager,TitleCodeMiddle.Technical,TitleCode.Manager","Manager,Engineering & Technical",https://go.zoominfo.com/#/apps/search/person/results?personProfileId=2082487427,14f7c10671a253458a345683532ef8d1,carpentercontractors.com
-1692306675,Mebust,Bruce,L.,,,"Manager, Information Technology",719,Information Technology,Manager,,(952) 356-1662,bmebust@certifiedpower.com,12117 Riverwood Dr.,Burnsville,Minnesota,55337-1508,United States,14,6/4/2019,15748472,Certified Power Inc,Certified Power,www.certifiedpower.com,(847) 573-3800,970 Campus Dr.,Mundelein,Illinois,60060,United States,Industrial Machinery & Equipment,Industry.mfg.industrialmachinery,Manufacturing,Industry.mfg,45200,Sales.25Mto50M,164,Employees.100to249,35,355,4238,423830,"TitleCode.IT,TitleCodeTop.Business,TitleCodeMiddle.Manager,TitleCodeMiddle.Technical,TitleCode.Manager","Manager,Engineering & Technical",https://go.zoominfo.com/#/apps/search/person/results?personProfileId=-1692306675,5e02f23ac6a897145742c66ae89f2855,certifiedpower.com
3116990713,Bogrand,Aj,,,,"Manager, Information Technology Site Lead",719,Information Technology,Manager,,(414) 577-2721,abogrand@cleaverbrooks.com,,,Wisconsin,,United States,5,5/17/2019,8438582,"Cleaver-Brooks, Inc.",Cleaver-Brooks,www.cleaverbrooks.com,(229) 226-3024,221 Law St.,Thomasville,Georgia,31792,United States,Industrial Machinery & Equipment,Industry.mfg.industrialmachinery,Manufacturing,Industry.mfg,300000,Sales.250Mto500M,1400,Employees.1000to4999,34,344,33241,33399,"TitleCode.IT,TitleCodeTop.Business,TitleCodeMiddle.Manager,TitleCodeMiddle.Technical,TitleCode.Manager","Manager,Engineering & Technical",https://go.zoominfo.com/#/apps/search/person/results?personProfileId=3116990713,934bd549de2256578e403a1e7e5f7193,cleaverbrooks.com
242065334,Galbraith,Cole,,,,"Director, Information Technology",759,Information Technology,Director,,(805) 446-2050,cole@compulink-software.com,1100 Business Center Circle,Newbury Park,California,91320-1129,United States,25,4/11/2019,28234339,"CompuLink , Inc.",CompuLink,www.compulink.com,(727) 579-1500,1205 GANDY Blvd.,St. Petersburg,Florida,33702,United States,Electronic Components,Industry.mfg.electronics.electronics,Electronics,Industry.mfg.electronics,44000,Sales.25Mto50M,450,Employees.250to499,33,36,335921,334419,"TitleCode.IT,TitleCodeTop.Business,TitleCodeMiddle.Technical,TitleCode.Director,TitleCodeMiddle.Director","Engineering & Technical,Director",https://go.zoominfo.com/#/apps/search/person/results?personProfileId=242065334,771f586575741871a7ab40af392afab6,compulink-software.com
2687239743,Gold,Cassandra,,,,"Manager, Information Technology Applications",719,Information Technology,Manager,,(952) 358-7208,cgold@coolibar.com,,,Minnesota,,United States,5,6/10/2019,9535657,Coolibar Inc,Coolibar,www.coolibar.com,(952) 922-1455,2401 Edgewood Ave. South,Minneapolis,Minnesota,55426,United States,Textiles & Apparel,Industry.mfg.consumer.clothes,Consumer Goods,Industry.mfg.consumer,18262,Sales.10Mto25M,95,Employees.50to99,23,238,453,454,"TitleCode.IT,TitleCodeTop.Business,TitleCodeMiddle.Manager,TitleCodeMiddle.Technical,TitleCode.Manager","Manager,Engineering & Technical",https://go.zoominfo.com/#/apps/search/person/results?personProfileId=2687239743,d171b037483ed7fa04ee7ba6d0e8dc44,coolibar.com
161431001,Warnke,Mary,,,,"Director, Information Technology",759,Information Technology,Director,,(920) 257-0179,m.warnke@craneengineering.net,707 Ford St.,Kimberly,Wisconsin,54136,United States,41,3/21/2019,34786021,"Crane Engineering Sales, Inc.",Crane Engineering,www.craneengineering.net,(920) 733-4425,707 Ford St.,Kimberly,Wisconsin,54136,United States,Industrial Machinery & Equipment,Industry.mfg.industrialmachinery,Manufacturing,Industry.mfg,13618,Sales.10Mto25M,69,Employees.50to99,50,508,4238,42,"TitleCode.IT,TitleCodeTop.Business,TitleCodeMiddle.Technical,TitleCode.Director,TitleCodeMiddle.Director","Engineering & Technical,Director",https://go.zoominfo.com/#/apps/search/person/results?personProfileId=161431001,cb0649e1727505df4515f1c8ad9e2811,craneengineering.net
2686385556,Ingemi,Craig,,,,"Director, Information Technology",759,Information Technology,Director,,(508) 295-9591 ext. 142,cingemi@design-mark.com,3 Kendrick Rd.,Wareham,Massachusetts,2571,United States,8,4/16/2019,14828267,Design Mark,Design Mark,www.design-mark.com,(508) 295-9591,3 Kendrick Rd.,Wareham,Massachusetts,2571,United States,Electronics,Industry.mfg.electronics,Manufacturing,Industry.mfg,13618,Sales.10Mto25M,69,Employees.50to99,36,369,335999,3359,"TitleCode.IT,TitleCodeTop.Business,TitleCodeMiddle.Technical,TitleCode.Director,TitleCodeMiddle.Director","Engineering & Technical,Director",https://go.zoominfo.com/#/apps/search/person/results?personProfileId=2686385556,ff3b84f3756a37d60b46197d17760ce3,design-mark.com
32378542,Keller,Steve,,,,"Manager, Information Technology",719,Information Technology,Manager,,(262) 255-2600 ext. 303,steve.keller@dielectricmfg.com,,Menomonee Falls,Wisconsin,53051,United States,21,8/16/2019,34590180,Dielectric Corporation,Dielectric,dielectricmfg.com,(715) 258-5229,777 Industrial Dr.,Waupaca,Wisconsin,54981,United States,Electronic Components,Industry.mfg.electronics.electronics,Electronics,Industry.mfg.electronics,38880,Sales.25Mto50M,197,Employees.100to249,36,364,335932,3359,"TitleCode.IT,TitleCodeTop.Business,TitleCodeMiddle.Manager,TitleCodeMiddle.Technical,TitleCode.Manager","Manager,Engineering & Technical",https://go.zoominfo.com/#/apps/search/person/results?personProfileId=32378542,907b83571010d02eddc6fb287ad3d1fb,dielectricmfg.com
2747302385,Marchal,Jason,,,,"Director, Information Technology",759,Information Technology,Director,,(480) 219-6670 ext. 2301,jmarchal@drakeus.com,"5745 N. Scottsdale Rd., Ste. B-110",Scottsdale,Arizona,85250,United States,8,8/17/2019,407141930,Drake Cement LLC,Drake Cement,www.drakecement.com,(928) 636-6004,5001 E Drake Rd.,Paulden,Arizona,86334,United States,"Aggregates, Concrete & Cement",Industry.mfg.building.concrete,Building Materials,Industry.mfg.building,86892,Sales.50Mto100M,452,Employees.250to499,52,521,444,44419,"TitleCode.IT,TitleCodeTop.Business,TitleCodeMiddle.Technical,TitleCode.Director,TitleCodeMiddle.Director","Engineering & Technical,Director",https://go.zoominfo.com/#/apps/search/person/results?personProfileId=2747302385,e697c1b2c955de5e29b12c09de5f676b,drakeus.com
-1512889636,Driscoll,Annette,,,,"Director, Information Technology Operations",759,Operations,Director,,(215) 957-1411 ext. 180,annette.driscoll@dreamline.com,75 Hawk Rd.,Warminster,Pennsylvania,18974,United States,27,9/18/2019,368112770,Dreamline company,Dreamline,www.dreamline.com,(215) 957-1411,75 Hawk Rd.,Warminster,Pennsylvania,18974,United States,Furniture,Industry.mfg.furniture,Manufacturing,Industry.mfg,108628,Sales.100MMto250M,400,Employees.250to499,25,259,33712,333249,"TitleCode.Operations,TitleCodeMiddle.Director,TitleCodeTop.Business,TitleCode.IT,TitleCodeMiddle.Operations,TitleCodeMiddle.Technical,TitleCode.Director","Operations,Director",https://go.zoominfo.com/#/apps/search/person/results?personProfileId=-1512889636,40e92cd5f77fa7e1ffb4b67694b79ad0,dreamline.com
-2035197340,Zanko,Laura,,,,"Director, Information Technology",759,Information Technology,Director,,(212) 466-4338,lzanko@eileenfisher.com,111 Fifth Ave.,New York City,New York,10003,United States,13,9/12/2019,12567254,Eileen Fisher Inc,Eileen Fisher,www.eileenfisher.com,(914) 591-5700,2 Bridge St.,Irvington,New York,10533,United States,Textiles & Apparel,Industry.mfg.consumer.clothes,Consumer Goods,Industry.mfg.consumer,310040,Sales.250Mto500M,1200,Employees.1000to4999,23,233,448120,44,"TitleCode.IT,TitleCodeTop.Business,TitleCodeMiddle.Technical,TitleCode.Director,TitleCodeMiddle.Director","Engineering & Technical,Director",https://go.zoominfo.com/#/apps/search/person/results?personProfileId=-2035197340,4239d1d0a625db456f277ecf9ca31bd9,eileenfisher.com
-1812255642,Ghrigsby,Ann,,,,"Director, Information Technology",759,Information Technology,Director,,,ann.ghrigsby@esrobbins.com,2802 E Avalon Ave.,Muscle Shoals,Alabama,35661,United States,6,4/4/2019,40749581,ES ROBBINS Corporation,ES ROBBINS,www.esrobbins.com,(256) 248-2400,2802 E Avalon Ave.,Muscle Shoals,Alabama,35661,United States,"Plastic, Packaging & Containers",Industry.mfg.plastic,Manufacturing,Industry.mfg,29604,Sales.25Mto50M,150,Employees.100to249,30,308,326113,3261,"TitleCode.IT,TitleCodeTop.Business,TitleCodeMiddle.Technical,TitleCode.Director,TitleCodeMiddle.Director","Engineering & Technical,Director",https://go.zoominfo.com/#/apps/search/person/results?personProfileId=-1812255642,c3121d66c72109efa58214e27b54b061,esrobbins.com
2531598597,Lukic,Damir,,,,"Manager, Information Technology",719,Information Technology,Manager,,,damir.lukic@falconstor.com,"823 Congress Ave., Ste. 1300",Austin,Texas,78701,United States,4,8/11/2019,54906824,FalconStor Software Inc,FalconStor,www.falconstor.com,(631) 777-5188,2 Huntington Quadrangle Ste. 2S01,Melville,New York,11747,United States,Software Development & Design,Industry.software.mfg,Software,Industry.software,17800,Sales.10Mto25M,86,Employees.50to99,73,737,541511,334614,"TitleCode.IT,TitleCodeTop.Business,TitleCodeMiddle.Manager,TitleCodeMiddle.Technical,TitleCode.Manager","Manager,Engineering & Technical",https://go.zoominfo.com/#/apps/search/person/results?personProfileId=2531598597,8b40fab188454f3e394e0a1774d5df57,falconstor.com
2682797318,Nielson,Brent,,,,"Manager, Information Technology",719,Information Technology,Manager,,(303) 449-5211 ext. 137,bnielson@firstrf.com,5340 Airport Blvd.,Boulder,Colorado,80301,United States,6,7/29/2019,347121907,FIRST RF Corporation,FIRST RF,www.firstrf.com,(303) 449-5211,6150 Lookout Rd.,Boulder,Colorado,80301,United States,Freight & Logistics Services,Industry.transportation.freight,Transportation,Industry.transportation,14343,Sales.10Mto25M,71,Employees.50to99,87,871,48,541,"TitleCode.IT,TitleCodeTop.Business,TitleCodeMiddle.Manager,TitleCodeMiddle.Technical,TitleCode.Manager","Manager,Engineering & Technical",https://go.zoominfo.com/#/apps/search/person/results?personProfileId=2682797318,427161c9c519f43cb9b1180a8b399cfd,firstrf.com
1951023369,Arbo,Greg,,,,"Manager, Information Technology",719,Information Technology,Manager,,(603) 430-7110,greg.arbo@flexenergy.com,30 New Hampshire Ave.,Portsmouth,New Hampshire,3801,United States,27,9/11/2019,346405189,FlexEnergy Inc,FlexEnergy,www.flexenergy.com,(352) 552-4919,30 New Hampshire Ave.,Portsmouth,New Hampshire,3801,United States,Industrial Machinery & Equipment,Industry.mfg.industrialmachinery,Manufacturing,Industry.mfg,40000,Sales.25Mto50M,110,Employees.100to249,35,351,33361,333,"TitleCode.IT,TitleCodeTop.Business,TitleCodeMiddle.Manager,TitleCodeMiddle.Technical,TitleCode.Manager","Manager,Engineering & Technical",https://go.zoominfo.com/#/apps/search/person/results?personProfileId=1951023369,efc29175fd32c2ac4ecbecdc86845301,flexenergy.com
2977439735,Hardwick,Tyler,,,,"Director, Information Technology",759,Information Technology,Director,,,thardwick@galaxytool.com,1111 Industrial Rd.,Winfield,Kansas,67156,United States,5,4/3/2019,48384174,Galaxy Technologies Gallery,Galaxy Technologies,www.galaxytool.com,(620) 221-6262,1111 Industrial Rd.,Winfield,Kansas,67156,United States,Industrial Machinery & Equipment,Industry.mfg.industrialmachinery,Manufacturing,Industry.mfg,18157,Sales.10Mto25M,92,Employees.50to99,35,354,333514,333,"TitleCode.IT,TitleCodeTop.Business,TitleCodeMiddle.Technical,TitleCode.Director,TitleCodeMiddle.Director","Engineering & Technical,Director",https://go.zoominfo.com/#/apps/search/person/results?personProfileId=2977439735,7ae56c61717435d4130ad68953ad2570,galaxytool.com
1875019712,Mazzotta,Ronald,,,,"Director, Information Technology",759,Information Technology,Director,,(201) 553-1850 ext. 144,rmazzotta@generalglass.com,101 Venture Way,Secaucus,New Jersey,7094,United States,21,3/21/2019,15778218,General Glass International Corp.,General Glass,www.generalglass.com,(201) 553-1850,101 Venture Way,Secaucus,New Jersey,7094,United States,Industrial Machinery & Equipment,Industry.mfg.industrialmachinery,Manufacturing,Industry.mfg,23091,Sales.10Mto25M,117,Employees.100to249,35,359,33271,423390,"TitleCode.IT,TitleCodeTop.Business,TitleCodeMiddle.Technical,TitleCode.Director,TitleCodeMiddle.Director","Engineering & Technical,Director",https://go.zoominfo.com/#/apps/search/person/results?personProfileId=1875019712,963ab637522a1f7bdcfdf2b808cfe100,generalglass.com
2103443098,Baker,Laurie,,,,"Global Director, Information Technology & IS",759,Information Technology,Director,,(518) 747-1368,laurie.baker@glv.com,27 Allen St.,Hudson Falls,New York,12839,United States,22,3/27/2019,125240770,GL&V Inc,GL&V,www.glv.com,(518) 747-2444,175 Crystal St.,Lenox,Massachusetts,1240,United States,Industrial Machinery & Equipment,Industry.mfg.industrialmachinery,Manufacturing,Industry.mfg,219629,Sales.100MMto250M,2100,Employees.1000to4999,35,355,22131,333241,"TitleCode.IT,TitleCodeTop.Business,TitleCodeMiddle.Technical,TitleCode.Director,TitleCodeMiddle.Director","Engineering & Technical,Director",https://go.zoominfo.com/#/apps/search/person/results?personProfileId=2103443098,8411cb517d79ee8feeec9a6d782d4da2,glv.com
-2043579525,Poole,Syble,,,,"Manager, Information Technology",719,Information Technology,Manager,,(479) 968-5455 ext. 2016,spoole@gracemfg.com,614 Sr 247,Russellville,Arkansas,72802,United States,11,8/6/2019,43962319,Grace Manufacturing Inc.,Grace Manufacturing,www.gracemfg.com,(479) 968-5455,614 Sr 247,Russellville,Arkansas,72802,United States,Consumer Goods,Industry.mfg.consumer,Manufacturing,Industry.mfg,8091,Sales.5Mto10M,41,Employees.20to49,,,,,"TitleCode.IT,TitleCodeTop.Business,TitleCodeMiddle.Manager,TitleCodeMiddle.Technical,TitleCode.Manager","Manager,Engineering & Technical",https://go.zoominfo.com/#/apps/search/person/results?personProfileId=-2043579525,35e9c4fe3a96a99c230bf17edb661101,gracemfg.com
2724592622,Mohammad,Farooq,,,,"Director, Information Technology",759,Information Technology,Director,,(323) 513-1249,mfarooq@e-hii.com,3851 S. Santa Fe Ave.,Los Angeles,California,90058,United States,18,3/21/2019,45731645,Hannibal Industries Inc,Hannibal Industries,www.hannibalindustries.com,(323) 588-4261,3851 S. Santa Fe Ave.,Los Angeles,California,90058,United States,Plumbing & HVAC Equipment,Industry.mfg.building.plumbing,Building Materials,Industry.mfg.building,39473,Sales.25Mto50M,200,Employees.100to249,33,331,332999,33121,"TitleCode.IT,TitleCodeTop.Business,TitleCodeMiddle.Technical,TitleCode.Director,TitleCodeMiddle.Director","Engineering & Technical,Director",https://go.zoominfo.com/#/apps/search/person/results?personProfileId=2724592622,24aabcd33d82d0214348acf76ea617f9,e-hii.com
3116735261,Wohlgemuth,Robert,,,,"Director, Information Systems & Manager, Information Technology",760,Information Technology,Director,,(408) 934-5599,robert.wohlgemuth@headway.com,,,California,,United States,1,6/27/2018,68683172,Headway Technologies Inc,Headway,www.headway.com,(408) 934-5300,682 South Hillview Dr.,Milpitas,California,95035,United States,Computer Storage Equipment,Industry.mfg.computers.storage,Computer Equipment & Peripherals,Industry.mfg.computers,100000,Sales.100MMto250M,770,Employees.500to999,35,357,334613,3341,"TitleCodeMiddle.Manager,TitleCodeMiddle.Director,TitleCodeTop.Business,TitleCode.IT,TitleCodeMiddle.Technical,TitleCode.Manager,TitleCode.Director","Manager,Director",https://go.zoominfo.com/#/apps/search/person/results?personProfileId=3116735261,98790a9ba1e02eaf9e60718854aa3e48,headway.com
1585908084,Lammers,Tom,,,,"Corporate Director, Information Technology",760,Information Technology,Director,,(773) 890-8917,tlammers@homzproducts.com,4501 W. 47th St.,Chicago,Illinois,60632,United States,63,8/1/2019,37259309,"Home Products International , Inc.",homz,www.homzproducts.com,(773) 890-1010,4501 W. 47th St.,Chicago,Illinois,60632,United States,Consumer Goods,Industry.mfg.consumer,Manufacturing,Industry.mfg,100000,Sales.100MMto250M,1000,Employees.1000to4999,57,571,442299,44,"TitleCode.IT,TitleCodeTop.Business,TitleCodeMiddle.Technical,TitleCode.Director,TitleCodeMiddle.Director","Engineering & Technical,Director",https://go.zoominfo.com/#/apps/search/person/results?personProfileId=1585908084,cf0298171079591c20c636ba9a41a949,homzproducts.com
-2037289163,Ostrander,Jeff,,Mr.,,"Manager, Information Technology",719,Information Technology,Manager,,(770) 487-2331 ext. 1466,jostrander@hoshizaki.com,618 Hwy. 74 S,Peachtree City,Georgia,30269,United States,12,6/4/2019,87966655,Hoshizaki America Inc,Hoshizaki,www.hoshizakiamerica.com,(770) 487-2331,618 Hwy. 74 S,Peachtree City,Georgia,30269,United States,Manufacturing,Industry.mfg,Industrial Machinery & Equipment,Industry.mfg.industrialmachinery,300000,Sales.250Mto500M,900,Employees.500to999,35,39,339,332215,"TitleCode.IT,TitleCodeTop.Business,TitleCodeMiddle.Manager,TitleCodeMiddle.Technical,TitleCode.Manager","Manager,Engineering & Technical",https://go.zoominfo.com/#/apps/search/person/results?personProfileId=-2037289163,b30854cd2118e419ea9dff0433fa454f,hoshizaki.com
1828313950,Natarajan,Bala,,,,"Manager, IT Business Applications",719,Information Technology,Manager,,(805) 562-0644,bnatarajan@inogen.net,326 Bollay Dr.,Goleta,California,93117,United States,47,8/19/2019,40062945,Inogen Inc,Inogen,www.inogen.com,(805) 562-0500,326 Bollay Dr.,Goleta,California,93117,United States,Medical Devices & Equipment,Industry.mfg.medical,Manufacturing,Industry.mfg,249438,Sales.100MMto250M,770,Employees.500to999,38,384,339,3261,"TitleCode.IT,TitleCodeTop.Business,TitleCodeMiddle.Manager,TitleCodeMiddle.Technical,TitleCode.Manager","Manager,Engineering & Technical",https://go.zoominfo.com/#/apps/search/person/results?personProfileId=1828313950,37d29ca5c5ea92ecdd33d160c2923c0a,inogen.net
-36387,Hensle,Jim,,,,"Director, Information Technology",759,Information Technology,Director,,,jim.hensle@jadcore.com,300 North Fruitridge Ave. Ste. A,Terre Haute,Indiana,47803,United States,18,5/21/2019,62359095,"Jadcore , Inc.",Jadcore,www.jadcore.com,(812) 234-2724,300 North Fruitridge Ave. Ste. A,Terre Haute,Indiana,47803,United States,"Miscellaneous Building Materials (Flooring, Cabinets, etc.)",Industry.mfg.building.other,Building Materials,Industry.mfg.building,76990,Sales.50Mto100M,200,Employees.100to249,30,308,3261,32,"TitleCode.IT,TitleCodeTop.Business,TitleCodeMiddle.Technical,TitleCode.Director,TitleCodeMiddle.Director","Engineering & Technical,Director",https://go.zoominfo.com/#/apps/search/person/results?personProfileId=-36387,9fbd75cafbc014eea6dd6fa74368abc8,jadcore.com
1925755536,Ladukodi,Bala,,,,"Program Manager, Information Technology",719,Information Technology,Manager,,(737) 704-3814,bala.ladukodi@jamesavery.com,12801 Hill Country Blvd.,Austin,Texas,78738-6396,United States,17,7/31/2019,30656282,James Avery Craftsman,James Avery,www.jamesavery.com,(800) 283-1770,P.O. Box 291367,Kerrville,Texas,78029,United States,Jewelry & Watches,Industry.mfg.consumer.watch,Consumer Goods,Industry.mfg.consumer,402635,Sales.250Mto500M,3500,Employees.1000to4999,39,391,339,448310,"TitleCode.ProgramManagement,TitleCodeMiddle.Manager,TitleCodeTop.Business,TitleCode.IT,TitleCodeMiddle.Operations,TitleCodeMiddle.Technical,TitleCode.Manager","Operations,Manager",https://go.zoominfo.com/#/apps/search/person/results?personProfileId=1925755536,d574d67cf34d62c2b9c65f8b68262439,jamesavery.com
3016241044,Bean,Jordan,,,,"Infrastructure & Operations Director, Information Technology",759,Operations,Director,,(737) 704-3849,jordan.bean@jamesavery.com,P.O. Box 291367,Kerrville,Texas,78029,United States,9,9/12/2019,30656282,James Avery Craftsman Inc,James Avery,www.jamesavery.com,(800) 283-1770,P.O. Box 291367,Kerrville,Texas,78029,United States,Jewelry & Watches,Industry.mfg.consumer.watch,Consumer Goods,Industry.mfg.consumer,402635,Sales.250Mto500M,3500,Employees.1000to4999,39,391,339,448310,"TitleCode.Operations,TitleCodeMiddle.Director,TitleCodeTop.Business,TitleCode.IT,TitleCodeMiddle.Operations,TitleCodeMiddle.Technical,TitleCode.Director","Operations,Director",https://go.zoominfo.com/#/apps/search/person/results?personProfileId=3016241044,53cdf98721366205ce01ed4955232ac1,jamesavery.com
1796378440,Matus,Trish,,,,"Manager, Information Technology",719,Information Technology,Manager,,(737) 704-3831,trish.matus@jamesavery.com,13809 US -183,Austin,Texas,78750,United States,41,7/18/2019,30656282,James Avery Craftsman Inc,James Avery,www.jamesavery.com,(800) 283-1770,P.O. Box 291367,Kerrville,Texas,78029,United States,Jewelry & Watches,Industry.mfg.consumer.watch,Consumer Goods,Industry.mfg.consumer,402635,Sales.250Mto500M,3500,Employees.1000to4999,39,391,339,448310,"TitleCode.IT,TitleCodeTop.Business,TitleCodeMiddle.Manager,TitleCodeMiddle.Technical,TitleCode.Manager","Manager,Engineering & Technical",https://go.zoominfo.com/#/apps/search/person/results?personProfileId=1796378440,1c0bf69374609ae5074e3023d7b7b248,jamesavery.com
-1396001389,Emma,Edward,C.,,,"Director, Managed Information Technology Services",759,Information Technology,Director,,,ed.emma@jockey.com,2300 60th St.,Kenosha,Wisconsin,53140,United States,9,4/11/2019,61359674,Jockey International Inc,Jockey,www.jockey.com,(262) 658-8111,2300 60th St.,Kenosha,Wisconsin,53140,United States,Textiles & Apparel,Industry.mfg.consumer.clothes,Consumer Goods,Industry.mfg.consumer,443200,Sales.250Mto500M,1600,Employees.1000to4999,22,225,813,81321,"TitleCode.IT,TitleCodeTop.Business,TitleCode.Technical,TitleCodeMiddle.Technical,TitleCode.Director,TitleCodeMiddle.Director","Engineering & Technical,Director",https://go.zoominfo.com/#/apps/search/person/results?personProfileId=-1396001389,c05149983deb96462e162b39f8aac597,jockey.com
2060202153,Millwood,Philip,,,,"Director, Information Technology",759,Information Technology,Director,,(502) 489-9449 ext. 1292,phillip.millwood@joerns.com,1920 Stanley Gault Pkwy. Ste. 100,Louisville,Kentucky,40223,United States,41,8/1/2019,87575301,Joerns Healthcare LLC,Joerns,www.joerns.com,(704) 499-6000,2430 Whitehall Park Dr. Ste. 100,Charlotte,North Carolina,28273,United States,Medical Devices & Equipment,Industry.mfg.medical,Manufacturing,Industry.mfg,293000,Sales.250Mto500M,1700,Employees.1000to4999,38,384,339,33,"TitleCode.IT,TitleCodeTop.Business,TitleCodeMiddle.Technical,TitleCode.Director,TitleCodeMiddle.Director","Engineering & Technical,Director",https://go.zoominfo.com/#/apps/search/person/results?personProfileId=2060202153,8eb28f76241e225d105c54241628d6e4,joerns.com
139759401,Bellie,Brian,J.,,,"Manager, BIM & Information Technology & Operations",719,Operations,Manager,,,bbellie@kirkegaard.com,801 West Adams St. 8Th Fl.,Chicago,Illinois,60607,United States,43,9/1/2019,21561438,Kirkegaard Associates,Kirkegaard,www.kirkegaard.com,(312) 441-1980,801 West Adams St. 8Th Fl.,Chicago,Illinois,60607,United States,Consumer Electronics,Industry.mfg.consumer.electronics,Consumer Goods,Industry.mfg.consumer,6710,Sales.5Mto10M,34,Employees.20to49,365,36,3343,33,"TitleCodeMiddle.Manager,TitleCode.Operations,TitleCodeTop.Business,TitleCode.IT,TitleCodeMiddle.Operations,TitleCodeMiddle.Technical,TitleCode.Manager","Operations,Manager",https://go.zoominfo.com/#/apps/search/person/results?personProfileId=139759401,31145f81f20518f8253941a4cec509ac,kirkegaard.com
341752984,Burch,Eric,,Mr.,,"Manager, Information Technology",719,Information Technology,Manager,,(520) 744-5759,eburch@lasertel.com,7775 N Casa Grande Hwy.,Tucson,Arizona,85743,United States,52,5/28/2019,30918649,Lasertel Inc,Lasertel,www.lasertel.com,(520) 744-5700,7775 N Casa Grande Hwy.,Tucson,Arizona,85743,United States,Electronics,Industry.mfg.electronics,Manufacturing,Industry.mfg,22302,Sales.10Mto25M,113,Employees.100to249,36,369,335999,3359,"TitleCode.IT,TitleCodeTop.Business,TitleCodeMiddle.Manager,TitleCodeMiddle.Technical,TitleCode.Manager","Manager,Engineering & Technical",https://go.zoominfo.com/#/apps/search/person/results?personProfileId=341752984,d146b86d8e94f00d7cfe926d16b4887c,lasertel.com
1951019819,Diponio,Tony,,,,"Director, Information Technology",759,Information Technology,Director,,(248) 608-2151,tdiponio@letica.com,52585 Dequindre,Rochester,Michigan,48307,United States,32,3/21/2019,43812412,Letica Corporation,Letica,www.letica.com,(248) 652-0557,52585 Dequindre,Rochester,Michigan,48307,United States,"Plastic, Packaging & Containers",Industry.mfg.plastic,Manufacturing,Industry.mfg,450000,Sales.250Mto500M,1750,Employees.1000to4999,30,308,56191,32221,"TitleCode.IT,TitleCodeTop.Business,TitleCodeMiddle.Technical,TitleCode.Director,TitleCodeMiddle.Director","Engineering & Technical,Director",https://go.zoominfo.com/#/apps/search/person/results?personProfileId=1951019819,ddff01d176e97aae1f8acc1a1215b604,letica.com
1449761787,Gustowski,Arthur,R.,,,"Senior Manager, IT Infrastructure",723,Information Technology,Manager,,(781) 302-4282,agustowski@lojack.com,40 Pequot Way,Canton,Massachusetts,2021,United States,45,8/24/2019,22971103,LoJack Corporation,LoJack,www.lojack.com,(781) 302-4200,40 Pequot Way,Canton,Massachusetts,2021,United States,Telecommunications General,Industry.telecom.general,Telecommunications,Industry.telecom,120800,Sales.100MMto250M,604,Employees.500to999,36,366,5182,336390,"TitleCode.IT,TitleCodeTop.Business,TitleCodeMiddle.Manager,TitleCodeMiddle.Technical,TitleCode.Manager","Manager,Engineering & Technical",https://go.zoominfo.com/#/apps/search/person/results?personProfileId=1449761787,6afbabb3108ff047e49a4727b605ea87,lojack.com
-1482711420,Calcagno,Cory,,,,"Manager, Information Technology",719,Information Technology,Manager,,,cory.calcagno@louisianacat.com,3799 W Airline Hwy.,Reserve,Louisiana,70084,United States,11,9/11/2019,42026775,Louisiana CAT,Louisiana CAT,www.louisianacat.com,(985) 536-1121,3799 W Airline Hwy.,Reserve,Louisiana,70084,United States,"Other Rental Stores (Furniture, A/V, Construction & Industrial Equipment)",Industry.retail.rental,Retail,Industry.retail,100000,Sales.100MMto250M,850,Employees.500to999,50,508,532412,811,"TitleCode.IT,TitleCodeTop.Business,TitleCodeMiddle.Manager,TitleCodeMiddle.Technical,TitleCode.Manager","Manager,Engineering & Technical",https://go.zoominfo.com/#/apps/search/person/results?personProfileId=-1482711420,08e5a4e6cf0b044a53bbc297f57a4758,louisianacat.com
1936216302,Gall,Jeff,,,,"Senior Manager, Information Technology Operations",723,Operations,Manager,,(512) 401-5433,jgall@luminexcorp.com,12212 Technology Blvd.,Austin,Texas,78727,United States,34,9/19/2019,23249531,Luminex Corporation,Luminex,www.luminexcorp.com,(512) 219-8020,12212 Technology Blvd.,Austin,Texas,78727,United States,Business Services General,Industry.bizservice.general,Business Services,Industry.bizservice,306571,Sales.250Mto500M,1141,Employees.1000to4999,38,382,32541,5417,"TitleCodeMiddle.Manager,TitleCode.Operations,TitleCodeTop.Business,TitleCode.IT,TitleCodeMiddle.Operations,TitleCodeMiddle.Technical,TitleCode.Manager","Operations,Manager",https://go.zoominfo.com/#/apps/search/person/results?personProfileId=1936216302,e04ce5c6ba15cb4ec7a2fbe3acf65695,luminexcorp.com
1765700948,Schaenzer,Dan,W.,,,"Director, Information Technology",759,Information Technology,Director,,(651) 646-2773 ext. 239,dschaenzer@macarthurco.com,2400 Wycliff St.,Saint Paul,Minnesota,55114,United States,65,4/23/2019,73140305,MacArthur Co,MacArthur,www.macarthurco.com,(651) 646-2773,2400 Wycliff St.,Saint Paul,Minnesota,55114,United States,Motor Vehicle Dealers,Industry.retail.auto,Retail,Industry.retail,139374,Sales.100MMto250M,725,Employees.500to999,5511,551,32222,6114,"TitleCode.IT,TitleCodeTop.Business,TitleCodeMiddle.Technical,TitleCode.Director,TitleCodeMiddle.Director","Engineering & Technical,Director",https://go.zoominfo.com/#/apps/search/person/results?personProfileId=1765700948,4e73fa59e56afcd020618ba47b329336,macarthurco.com
2107185028,Albinus,Summer,,,,"Manager, Information Technology",719,Information Technology,Manager,,(321) 725-6993 ext. 178,salbinus@macktech.com,7505 Technology Dr.,Melbourne,Florida,32904,United States,10,7/9/2019,58803703,MACK TECHNOLOGIES INC,Mack Technologies,www.macktech.com,(978) 392-5500,27 Carlisle Rd.,Westford,Massachusetts,1886,United States,Electronic Components,Industry.mfg.electronics.electronics,Electronics,Industry.mfg.electronics,400000,Sales.250Mto500M,2000,Employees.1000to4999,36,367,3341,334111,"TitleCode.IT,TitleCodeTop.Business,TitleCodeMiddle.Manager,TitleCodeMiddle.Technical,TitleCode.Manager","Manager,Engineering & Technical",https://go.zoominfo.com/#/apps/search/person/results?personProfileId=2107185028,b2f587eea9fdc41ef8bea76bb440c8a7,macktech.com
1891296753,Flenz,Thomas,I.,,,"Director, Information Technology",759,Information Technology,Director,,(920) 921-4760 ext. 105,tflenz@marchantschmidt.com,24 W Larsen Dr.,Fond du Lac,Wisconsin,54937,United States,12,3/26/2019,23756819,Marchant Schmidt Inc,Marchant Schmidt,www.marchantschmidt.com,(920) 921-4760,24 W Larsen Dr.,Fond du Lac,Wisconsin,54937,United States,Food & Beverages,Industry.mfg.food.food,"Food, Beverages & Tobacco",Industry.mfg.food,21010,Sales.10Mto25M,100,Employees.100to249,35,355,333241,33329,"TitleCode.IT,TitleCodeTop.Business,TitleCodeMiddle.Technical,TitleCode.Director,TitleCodeMiddle.Director","Engineering & Technical,Director",https://go.zoominfo.com/#/apps/search/person/results?personProfileId=1891296753,299713b2fd6797e6093f6d8323b61f0b,marchantschmidt.com
1485272417,Perusse,Paul,E.,,,"Director, Information Technology",759,Information Technology,Director,,(757) 301-6361 ext. 2409,pperusse@mckean-defense.com,"477 Viking Dr., Ste. 400",Virginia Beach,Virginia,23452,United States,37,9/12/2019,70027246,McKean Defense Group LLC,McKean Defense,www.mckean-defense.com,(215) 271-6108,1 Crescent Dr. Ste. 400,Philadelphia,Pennsylvania,19112,United States,Content & Collaboration Software,Industry.software.mfg.content_col,Software Development & Design,Industry.software.mfg,44000,Sales.25Mto50M,600,Employees.500to999,73,737,561499,51711,"TitleCode.IT,TitleCodeTop.Business,TitleCodeMiddle.Technical,TitleCode.Director,TitleCodeMiddle.Director","Engineering & Technical,Director",https://go.zoominfo.com/#/apps/search/person/results?personProfileId=1485272417,cb64d63ebfb7250be3a0ab0141374184,mckean-defense.com
2044768808,Tillman,Clarke,M.,,,"Director, Information Technology",759,Information Technology,Director,,,ctillman@mckean-defense.com,"477 Viking Dr,Ste 400",Virginia Beach,Virginia,23452-7349,United States,10,9/3/2019,70027246,McKean Defense Group LLC,McKean Defense,www.mckean-defense.com,(215) 271-6108,1 Crescent Dr. Ste. 400,Philadelphia,Pennsylvania,19112,United States,Content & Collaboration Software,Industry.software.mfg.content_col,Software Development & Design,Industry.software.mfg,44000,Sales.25Mto50M,600,Employees.500to999,73,737,561499,51711,"TitleCode.IT,TitleCodeTop.Business,TitleCodeMiddle.Technical,TitleCode.Director,TitleCodeMiddle.Director","Engineering & Technical,Director",https://go.zoominfo.com/#/apps/search/person/results?personProfileId=2044768808,b37f1dc43129590dc75d0924298d168b,mckean-defense.com
1956612036,Duvall,John,A.,,III,"Manager, Information Technology Solutions Team",719,Information Technology,Manager,,(757) 967-4987,jduvall@mckean-defense.com,"477 Viking Dr., Ste. 400",Virginia Beach,Virginia,23452,United States,20,8/12/2019,70027246,McKean Defense Group LLC,McKean Defense,www.mckean-defense.com,(215) 271-6108,1 Crescent Dr. Ste. 400,Philadelphia,Pennsylvania,19112,United States,Content & Collaboration Software,Industry.software.mfg.content_col,Software Development & Design,Industry.software.mfg,44000,Sales.25Mto50M,600,Employees.500to999,73,737,561499,51711,"TitleCode.IT,TitleCodeTop.Business,TitleCodeMiddle.Manager,TitleCode.Technical,TitleCodeMiddle.Technical,TitleCode.Manager","Manager,Engineering & Technical",https://go.zoominfo.com/#/apps/search/person/results?personProfileId=1956612036,8b25a1e8499113d3a0805efe86bde30a,mckean-defense.com
2697010383,Larson,Tammy,,,,"Manager, Accounting & Information Technology",719,Information Technology,Manager,,(330) 602-5316,tammy.larson@meteor-sealingsystems.com,,,Ohio,,United States,4,6/3/2019,77251317,"Meteor Sealing Systems , LLC",Meteor Sealing Systems,www.meteor-sealingsystems.com,(330) 343-9595,400 S Tuscarawas Ave.,Dover,Ohio,44622,United States,Industrial Machinery & Equipment,Industry.mfg.industrialmachinery,Manufacturing,Industry.mfg,9670,Sales.5Mto10M,49,Employees.20to49,35,,,,"TitleCodeMiddle.Manager,TitleCodeTop.Business,TitleCode.IT,TitleCodeMiddle.Finance,TitleCodeMiddle.Technical,TitleCode.Manager,TitleCode.Accounting","Finance,Manager",https://go.zoominfo.com/#/apps/search/person/results?personProfileId=2697010383,cb500029456e802db841f85bbffa3914,meteor-sealingsystems.com
1930173856,Clissold,John,,,,"Manager, IT Operations",719,Operations,Manager,,(703) 744-3054,jclissold@microstrategy.com,1850 Towers Crescent Plz.,Tysons Corner,Virginia,22182,United States,40,7/8/2019,24920158,MicroStrategy Incorporated,MicroStrategy,www.microstrategy.com,(703) 848-8600,1850 Towers Crescent Plz.,Vienna,Virginia,22182,United States,Software Development & Design,Industry.software.mfg,Software,Industry.software,497638,Sales.250Mto500M,2528,Employees.1000to4999,73,737,517311,334614,"TitleCodeMiddle.Manager,TitleCode.Operations,TitleCodeTop.Business,TitleCode.IT,TitleCodeMiddle.Operations,TitleCodeMiddle.Technical,TitleCode.Manager","Operations,Manager",https://go.zoominfo.com/#/apps/search/person/results?personProfileId=1930173856,5c5f7baf739f8ad60c3703e277b62c30,microstrategy.com
-1869970130,Heinz,Michael,,,,"Director, Information Technology",759,Information Technology,Director,,,mheinz@modineer.com,2190 Industrial Dr.,Niles,Michigan,49120,United States,15,3/21/2019,25362975,Modineer Company,Modineer,www.modineer.com,(269) 683-2550,2190 Industrial Dr.,Niles,Michigan,49120,United States,"Miscellaneous Building Materials (Flooring, Cabinets, etc.)",Industry.mfg.building.other,Building Materials,Industry.mfg.building,108630,Sales.100MMto250M,400,Employees.250to499,34,346,48,332119,"TitleCode.IT,TitleCodeTop.Business,TitleCodeMiddle.Technical,TitleCode.Director,TitleCodeMiddle.Director","Engineering & Technical,Director",https://go.zoominfo.com/#/apps/search/person/results?personProfileId=-1869970130,2c644179635f733f9adde83ea2734f8a,modineer.com
-1939985313,Castro,Jesus,A.,,,"Manager, Information Technology",719,Information Technology,Manager,,(415) 316-2223,jcastro@monsterproducts.com,455 Valley Dr.,Brisbane,California,94005,United States,22,6/4/2019,449599894,Monster,Monster,www.monsterstore.com,(415) 840-2000,601 Gateway Blvd. Ste. 900,South San Francisco,California,94080,United States,Consumer Electronics,Industry.mfg.consumer.electronics,Consumer Goods,Industry.mfg.consumer,118419,Sales.100MMto250M,600,Employees.500to999,36,365,3343,33431,"TitleCode.IT,TitleCodeTop.Business,TitleCodeMiddle.Manager,TitleCodeMiddle.Technical,TitleCode.Manager","Manager,Engineering & Technical",https://go.zoominfo.com/#/apps/search/person/results?personProfileId=-1939985313,468af379379a976350bb530a219721f2,monsterproducts.com
357643564,Bailey,Tom,,,,"Director, Information Technology",759,Information Technology,Director,,(425) 489-4325,tom.bailey@nicglobalms.com,23518 63Rd Ave. Se,Woodinville,Washington,98072,United States,53,3/21/2019,81317157,NIC Global,NIC,www.nicglobalms.com,(425) 489-4300,23518 63Rd Ave. Se,Woodinville,Washington,98072,United States,"Miscellaneous Building Materials (Flooring, Cabinets, etc.)",Industry.mfg.building.other,Building Materials,Industry.mfg.building,19736,Sales.10Mto25M,100,Employees.100to249,34,344,332,3323,"TitleCode.IT,TitleCodeTop.Business,TitleCodeMiddle.Technical,TitleCode.Director,TitleCodeMiddle.Director","Engineering & Technical,Director",https://go.zoominfo.com/#/apps/search/person/results?personProfileId=357643564,0e4c6069930c66436ee4a09d95fcdae6,nicglobalms.com
1262038638,Zsiga,Daniel,,,,"Director, Information Technology",759,Information Technology,Director,,(727) 442-5699,dzsiga@onicon.com,11451 Belcher Rd.,Largo,Florida,33773,United States,26,8/14/2019,46007346,ONICON Incorporated,ONICON,www.onicon.com,(727) 447-6140,11451 Belcher Rd.,Largo,Florida,33773,United States,Test & Measurement Equipment,Industry.mfg.testequipment,Manufacturing,Industry.mfg,36315,Sales.25Mto50M,184,Employees.100to249,39,391,33991,334519,"TitleCode.IT,TitleCodeTop.Business,TitleCodeMiddle.Technical,TitleCode.Director,TitleCodeMiddle.Director","Engineering & Technical,Director",https://go.zoominfo.com/#/apps/search/person/results?personProfileId=1262038638,895e9b64903859143432cb5a0e123064,onicon.com
1163579298,Sturr,Ted,K.,,,"Manager, Information Technology",719,Information Technology,Manager,,(978) 405-1171,ted.sturr@oxinst.com,300 Baker Ave. Ste. 150,Concord,Massachusetts,1742,United States,56,8/26/2019,68076726,Oxford Instruments plc,Oxford Instruments,www.oxinst.com,(978) 369-9933,300 Baker Ave. Ste. 150,Concord,Massachusetts,1742,United States,Medical Devices & Equipment,Industry.mfg.medical,Manufacturing,Industry.mfg,400554,Sales.250Mto500M,1642,Employees.1000to4999,38,384,5413,333,"TitleCode.IT,TitleCodeTop.Business,TitleCodeMiddle.Manager,TitleCodeMiddle.Technical,TitleCode.Manager","Manager,Engineering & Technical",https://go.zoominfo.com/#/apps/search/person/results?personProfileId=1163579298,4eb1fae05e7de41ababbe915b16df887,oxinst.com
1962119382,Davis,Christopher,R.,,,"Manager, Information Technology",719,Information Technology,Manager,,(734) 821-3003 ext. 107,chris.davis@oxinst.com,120 Enterprise Dr.,Ann Arbor,Michigan,48103,United States,19,3/21/2019,68076726,Oxford Instruments plc,Oxford Instruments,www.oxinst.com,(978) 369-9933,300 Baker Ave. Ste. 150,Concord,Massachusetts,1742,United States,Medical Devices & Equipment,Industry.mfg.medical,Manufacturing,Industry.mfg,400554,Sales.250Mto500M,1642,Employees.1000to4999,38,384,5413,333,"TitleCode.IT,TitleCodeTop.Business,TitleCodeMiddle.Manager,TitleCodeMiddle.Technical,TitleCode.Manager","Manager,Engineering & Technical",https://go.zoominfo.com/#/apps/search/person/results?personProfileId=1962119382,84f02145f8993bc883e25a090c32a141,oxinst.com
-2041343465,Krishnamoorthy,Senthil,,,,"Director, IT Enterprise Applications",759,Information Technology,Director,Pacific Biosciences,(650) 521-8421,skrishnamoorthy@pacificbiosciences.com,1380 Willow Rd.,Menlo Park,California,94025,United States,19,3/21/2019,115671546,"Pacific Biosciences of California , Inc.",PacBio,www.pacb.com,(650) 521-8000,1305 O'BRIEN Dr.,Menlo Park,California,94025,United States,Test & Measurement Equipment,Industry.mfg.testequipment,Manufacturing,Industry.mfg,93468,Sales.50Mto100M,456,Employees.250to499,38,382,32541,5417,"TitleCode.IT,TitleCodeTop.Business,TitleCodeMiddle.Technical,TitleCode.Director,TitleCodeMiddle.Director","Engineering & Technical,Director",https://go.zoominfo.com/#/apps/search/person/results?personProfileId=-2041343465,5a6240c8faef12064e727f6f6f62ad06,pacificbiosciences.com
-2039183742,Bock,Bruce,,,,"Services Manager, Information Technology",719,Information Technology,Manager,,,bruce.bock@pacificwoodtech.com,1850 Park Ln.,Burlington,Washington,98233,United States,14,6/3/2019,217399664,Pacific Woodtech Corporation,Pacific Woodtech,www.pacificwoodtech.com,(360) 707-2200,1850 Park Ln.,Burlington,Washington,98233,United States,"Lumber, Wood Production & Timber Operations",Industry.mfg.building.lumber,Building Materials,Industry.mfg.building,10000,Sales.10Mto25M,32,Employees.20to49,24,249,3219,33712,"TitleCode.IT,TitleCodeTop.Business,TitleCodeMiddle.Manager,TitleCodeMiddle.Technical,TitleCode.Manager","Manager,Engineering & Technical",https://go.zoominfo.com/#/apps/search/person/results?personProfileId=-2039183742,b76e0343e2ca1a7ab4e01f688b76281b,pacificwoodtech.com
2007373442,Lovelace,Marvis,,,,"Manager, Information Technology",719,Information Technology,Manager,,(336) 510-8031,marvis.lovelace@precisionfabrics.com,301 North Elm St. Ste. 600,Greensboro,North Carolina,27401,United States,15,9/16/2019,46203776,Precision Fabrics Group Inc,Precision Fabrics,www.precisionfabrics.com,(336) 510-8000,301 North Elm St. Ste. 600,Greensboro,North Carolina,27401,United States,Textiles & Apparel,Industry.mfg.consumer.clothes,Consumer Goods,Industry.mfg.consumer,300000,Sales.250Mto500M,600,Employees.500to999,22,222,313210,31331,"TitleCode.IT,TitleCodeTop.Business,TitleCodeMiddle.Manager,TitleCodeMiddle.Technical,TitleCode.Manager","Manager,Engineering & Technical",https://go.zoominfo.com/#/apps/search/person/results?personProfileId=2007373442,b03f7eda48f26d22de5c4f51aa6c53dc,precisionfabrics.com
1160933075,Schumacher,Michael,J.,,,"Manager, IT Applications",719,Information Technology,Manager,,(262) 473-4114,mike.schumacher@provisur.com,1116 E. Main St.,Whitewater,Wisconsin,53190,United States,21,6/17/2019,353859241,Provisur Technologies Inc,Provisur,www.provisur.com,(708) 479-3500,9150 191st St.,Mokena,Illinois,60448,United States,Industrial Machinery & Equipment,Industry.mfg.industrialmachinery,Manufacturing,Industry.mfg,40000,Sales.25Mto50M,200,Employees.100to249,50,35,4236,44,"TitleCode.IT,TitleCodeTop.Business,TitleCodeMiddle.Manager,TitleCodeMiddle.Technical,TitleCode.Manager","Manager,Engineering & Technical",https://go.zoominfo.com/#/apps/search/person/results?personProfileId=1160933075,f18f679b6d411c29ba3f5f980c7bd617,provisur.com
1849253699,Delk,Reginald,,,,"Director, Information Technology",759,Information Technology,Director,,(330) 829-5265,reginald.delk@ptcalliance.com,640 Keystone St.,Alliance,Ohio,44601,United States,36,8/24/2019,92931285,PTC Alliance,PTC Alliance,www.ptcalliance.com,(330) 821-5700,640 Keystone St.,Alliance,Ohio,44601,United States,Metals & Minerals,Industry.mm.metals,Metals & Mining,Industry.mm,311000,Sales.250Mto500M,1000,Employees.1000to4999,33,331,33121,332,"TitleCode.IT,TitleCodeTop.Business,TitleCodeMiddle.Technical,TitleCode.Director,TitleCodeMiddle.Director","Engineering & Technical,Director",https://go.zoominfo.com/#/apps/search/person/results?personProfileId=1849253699,41fd52be09441b9654eb9edeb699b6a6,ptcalliance.com
-1948753745,Hewitt,Michael,,,,"Director, Cybersecurity & Information Technology Solutions Support",759,Information Technology,Director,,(317) 860-8079,mhewitt@ptsdiagnostics.com,7736 Zionsville Rd.,Indianapolis,Indiana,46268,United States,76,8/7/2019,67831106,PTS Diagnostics,PTS Diagnostics,www.ptsdiagnostics.com,(317) 870-5610,7736 Zionsville Rd.,Indianapolis,Indiana,46268,United States,Medical Devices & Equipment,Industry.mfg.medical,Manufacturing,Industry.mfg,45100,Sales.25Mto50M,141,Employees.100to249,38,384,42345,339,"TitleCode.IT,TitleCodeTop.Business,TitleCode.Technical,TitleCodeMiddle.Technical,TitleCode.Director,TitleCodeMiddle.Director","Engineering & Technical,Director",https://go.zoominfo.com/#/apps/search/person/results?personProfileId=-1948753745,421b1c390b2b56f752639b38d1dbda16,ptsdiagnostics.com
2718758876,Scudder,Shawn,,,,"Manager, Information Technology Operations",719,Operations,Manager,,(208) 364-3333,sscudder@redbuilt.com,200 E. Mallard Dr.,Boise,Idaho,83706,United States,20,8/22/2019,345942824,RedBuilt LLC,RedBuilt,www.redbuilt.com,(208) 395-2439,200 E. Mallard Dr.,Boise,Idaho,83706,United States,Household Goods,Industry.mfg.consumer.household,Consumer Goods,Industry.mfg.consumer,38800,Sales.25Mto50M,194,Employees.100to249,24,243,32,3212,"TitleCodeMiddle.Manager,TitleCode.Operations,TitleCodeTop.Business,TitleCode.IT,TitleCodeMiddle.Operations,TitleCodeMiddle.Technical,TitleCode.Manager","Operations,Manager",https://go.zoominfo.com/#/apps/search/person/results?personProfileId=2718758876,4fa0bf3bc253ec1715e671e6bd4d84fb,redbuilt.com
-1743794291,Campbell,Tim,,,,"Director, Information Technology",759,Information Technology,Director,,,tim@roguefitness.com,1080 Steelwood Rd.,Columbus,Ohio,43212,United States,9,5/13/2019,343379184,Rogue Fitness,Rogue Fitness,www.roguefitness.com,(614) 358-6190,545 E 5th Ave.,Columbus,Ohio,43201,United States,Sporting Goods,Industry.mfg.consumer.sport,Consumer Goods,Industry.mfg.consumer,65801,Sales.50Mto100M,600,Employees.500to999,39,394,33992,339,"TitleCode.IT,TitleCodeTop.Business,TitleCodeMiddle.Technical,TitleCode.Director,TitleCodeMiddle.Director","Engineering & Technical,Director",https://go.zoominfo.com/#/apps/search/person/results?personProfileId=-1743794291,bb4258c73c3dca1ced15b9046d5ad0ec,roguefitness.com
-2040000390,Hanson,Aleiha,,,,"Manager, Information Technology",719,Information Technology,Manager,,(262) 882-1227 ext. 16,ahanson@royal-basket.com,201 Badger Pkwy.,Darien,Wisconsin,53114,United States,43,8/18/2019,355495570,Royal Basket Trucks Inc,Royal Basket,www.royal-basket.com,(262) 882-3389,201 Badger Pkwy.,Darien,Wisconsin,53114,United States,Textiles & Apparel,Industry.mfg.consumer.clothes,Household Goods,Industry.mfg.consumer.household,21710,Sales.10Mto25M,110,Employees.100to249,23,239,3149,314910,"TitleCode.IT,TitleCodeTop.Business,TitleCodeMiddle.Manager,TitleCodeMiddle.Technical,TitleCode.Manager","Manager,Engineering & Technical",https://go.zoominfo.com/#/apps/search/person/results?personProfileId=-2040000390,8566e04c6d51b28e2bc1b0ae10f1e5d6,royal-basket.com
1675525922,Yamparala,Hari,K.,,,"Program Manager, Information Technology",719,Information Technology,Manager,,(773) 824-4734,hyamparala@smithmicro.com,"8725 W. Higgins Rd., Ste. 400",Chicago,Illinois,60631,United States,21,8/25/2019,35340452,Smith Micro Software Inc,Smith Micro,www.smithmicro.com,(949) 362-5800,51 Columbia Ste. 200,Aliso Viejo,California,92656,United States,Software Development & Design,Industry.software.mfg,Software,Industry.software,26200,Sales.25Mto50M,153,Employees.100to249,73,737,541511,334614,"TitleCode.ProgramManagement,TitleCodeMiddle.Manager,TitleCodeTop.Business,TitleCode.IT,TitleCodeMiddle.Operations,TitleCodeMiddle.Technical,TitleCode.Manager","Operations,Manager",https://go.zoominfo.com/#/apps/search/person/results?personProfileId=1675525922,8c6d19ab20acbe2db3acced83fda2e1c,smithmicro.com
2877759364,Sansur,Alex,,,,"Infrastructure & Security Director, Information Technology",759,Information Technology,Director,,(760) 597-7229,alex.sansur@soundunited.com,1 Viper Way,Vista,California,92081,United States,5,9/19/2019,357426366,Sound United LLC,Sound United,www.soundunited.com,(760) 536-5300,1 Viper Way,Vista,California,92081,United States,Consumer Electronics,Industry.mfg.consumer.electronics,Consumer Goods,Industry.mfg.consumer,200000,Sales.100MMto250M,1000,Employees.1000to4999,36,365,3343,33431,"TitleCode.IT,TitleCodeTop.Business,TitleCodeMiddle.Technical,TitleCode.Director,TitleCodeMiddle.Director","Engineering & Technical,Director",https://go.zoominfo.com/#/apps/search/person/results?personProfileId=2877759364,4948db1f77903f7884d61329f473df1a,soundunited.com
-1623971017,Pfueller,Tom,,,,"Manager, Information Technology Engineering Applications",719,Information Technology,Manager,,,tom.pfueller@soundunited.com,100 Corporate Dr.,Mahwah,New Jersey,7430,United States,7,9/3/2019,357426366,Sound United LLC,Sound United,www.soundunited.com,(760) 536-5300,1 Viper Way,Vista,California,92081,United States,Consumer Electronics,Industry.mfg.consumer.electronics,Consumer Goods,Industry.mfg.consumer,200000,Sales.100MMto250M,1000,Employees.1000to4999,36,365,3343,33431,"TitleCode.IT,TitleCodeTop.Business,TitleCode.Engineer,TitleCodeMiddle.Manager,TitleCodeMiddle.Technical,TitleCode.Manager","Manager,Engineering & Technical",https://go.zoominfo.com/#/apps/search/person/results?personProfileId=-1623971017,8e209b8ff340b6640f8b1e659673afda,soundunited.com
1938365393,Holzwarth,Kurt,,,,"Director, Information Technology",759,Information Technology,Director,,(630) 517-1142,kurt.holzwarth@spray.com,200 W North Ave.,Glendale Heights,Illinois,60139,United States,24,8/29/2019,69878000,Spraying Systems Co,Spraying Systems,www.spray.com,(630) 665-5000,200 W North Ave.,Glendale Heights,Illinois,60139,United States,Industrial Machinery & Equipment,Industry.mfg.industrialmachinery,Manufacturing,Industry.mfg,90000,Sales.50Mto100M,1000,Employees.1000to4999,38,382,5413,332,"TitleCode.IT,TitleCodeTop.Business,TitleCodeMiddle.Technical,TitleCode.Director,TitleCodeMiddle.Director","Engineering & Technical,Director",https://go.zoominfo.com/#/apps/search/person/results?personProfileId=1938365393,c9da3e1985a8d4e1fd5e74db67b8cbff,spray.com
1963193650,Juliano,John,M.,,,"Director, Information Technology",759,Information Technology,Director,,(727) 871-0431,jjuliano@supplyone.com,13200 40th St. N,Clearwater,Florida,33762,United States,17,4/12/2019,49020947,SupplyOne Inc,SupplyOne,www.supplyone.com,(484) 582-5005,11 CAMPUS Blvd.,Newtown Square,Pennsylvania,19073,United States,Industrial Machinery & Equipment,Industry.mfg.industrialmachinery,Manufacturing,Industry.mfg,439860,Sales.250Mto500M,800,Employees.500to999,35,356,56191,333993,"TitleCode.IT,TitleCodeTop.Business,TitleCodeMiddle.Technical,TitleCode.Director,TitleCodeMiddle.Director","Engineering & Technical,Director",https://go.zoominfo.com/#/apps/search/person/results?personProfileId=1963193650,be275cec567fff391cd25dce90e7a2c1,supplyone.com
1649864589,Coyne,Tim,,,,"Director, Information Technology",759,Information Technology,Director,,(216) 514-7000 ext. 480,tcoyne@supplyone.com,26401 Richmond Rd.,Cleveland,Ohio,44146,United States,17,3/21/2019,49020947,SupplyOne Inc,SupplyOne,www.supplyone.com,(484) 582-5005,11 CAMPUS Blvd.,Newtown Square,Pennsylvania,19073,United States,Industrial Machinery & Equipment,Industry.mfg.industrialmachinery,Manufacturing,Industry.mfg,439860,Sales.250Mto500M,800,Employees.500to999,35,356,56191,333993,"TitleCode.IT,TitleCodeTop.Business,TitleCodeMiddle.Technical,TitleCode.Director,TitleCodeMiddle.Director","Engineering & Technical,Director",https://go.zoominfo.com/#/apps/search/person/results?personProfileId=1649864589,e40513493787dce7f651954c44328d28,supplyone.com
1649864363,Bostian,Rocky,,,,"Director, Information Technology",759,Information Technology,Director,,(704) 279-5650 ext. 132,rbostian@supplyone.com,729 Palmer Rd.,Rockwell,North Carolina,28138,United States,9,3/21/2019,49020947,SupplyOne Inc,SupplyOne,www.supplyone.com,(484) 582-5005,11 CAMPUS Blvd.,Newtown Square,Pennsylvania,19073,United States,Industrial Machinery & Equipment,Industry.mfg.industrialmachinery,Manufacturing,Industry.mfg,439860,Sales.250Mto500M,800,Employees.500to999,35,356,56191,333993,"TitleCode.IT,TitleCodeTop.Business,TitleCodeMiddle.Technical,TitleCode.Director,TitleCodeMiddle.Director","Engineering & Technical,Director",https://go.zoominfo.com/#/apps/search/person/results?personProfileId=1649864363,61223073c1141c72d26606b2e4eecdb5,supplyone.com
2077761748,Epong,Ruben,,,,"Manager, Information Technology",719,Information Technology,Manager,,(213) 627-7145 ext. 110,ruben.epong@tadashishoji.com,3016 East 44th St.,Los Angeles,California,90058,United States,11,9/17/2019,266371178,Tadashi Shoji,Tadashi Shoji,www.tadashishoji.com,(818) 547-5448,3016 East 44th St.,Los Angeles,California,90058,United States,Textiles & Apparel,Industry.mfg.consumer.clothes,Consumer Goods,Industry.mfg.consumer,147238,Sales.100MMto250M,134,Employees.100to249,23,233,31524,31,"TitleCode.IT,TitleCodeTop.Business,TitleCodeMiddle.Manager,TitleCodeMiddle.Technical,TitleCode.Manager","Manager,Engineering & Technical",https://go.zoominfo.com/#/apps/search/person/results?personProfileId=2077761748,e012aa415723d5e360fef3663870b073,tadashishoji.com
401059652,Clemente,Darren,E.,,,"Director, Information Technology",759,Information Technology,Director,,(330) 995-1380,dclemente@tcpi.com,325 Campus Dr.,Aurora,Ohio,44202,United States,53,8/1/2019,344585098,Technical Consumer Products Inc,TCPI,www.tcpi.com,(330) 995-6111,325 Campus Dr.,Aurora,Ohio,44202,United States,Electronic Components,Industry.mfg.electronics.electronics,Electronics,Industry.mfg.electronics,221890,Sales.100MMto250M,7000,Employees.5000to9999,36,364,5511,3351,"TitleCode.IT,TitleCodeTop.Business,TitleCodeMiddle.Technical,TitleCode.Director,TitleCodeMiddle.Director","Engineering & Technical,Director",https://go.zoominfo.com/#/apps/search/person/results?personProfileId=401059652,a8dbb4d1c1643c597951e20b7bbddce6,tcpi.com
2043021722,Miller,Andrew,,,,"Director, Information Technology",759,Information Technology,Director,,(941) 441-4506,dmiller@tervis.com,201 Triple Diamond Blvd.,Nokomis,Florida,34275,United States,21,3/21/2019,37946354,Tervis Tumbler Company,Tervis,www.tervis.com,(941) 966-2114,201 Triple Diamond Blvd.,Nokomis,Florida,34275,United States,"Miscellaneous Building Materials (Flooring, Cabinets, etc.)",Industry.mfg.building.other,Building Materials,Industry.mfg.building,177628,Sales.100MMto250M,900,Employees.500to999,30,308,3261,32,"TitleCode.IT,TitleCodeTop.Business,TitleCodeMiddle.Technical,TitleCode.Director,TitleCodeMiddle.Director","Engineering & Technical,Director",https://go.zoominfo.com/#/apps/search/person/results?personProfileId=2043021722,926761a6a98250e9d719c92f3312762f,tervis.com
-1883458890,Peters,Noel,,,,"Director, Information Technology",759,Information Technology,Director,,(231) 944-7149,npeters@oilgear.com,1424 International Dr.,Traverse City,Michigan,49686,United States,20,6/12/2019,28704859,The Oilgear Company,Oilgear,www.oilgear.com,(231) 929-1660,1424 International Dr.,Traverse City,Michigan,49686,United States,Industrial Machinery & Equipment,Industry.mfg.industrialmachinery,Manufacturing,Industry.mfg,150000,Sales.100MMto250M,400,Employees.250to499,35,359,333995,333996,"TitleCode.IT,TitleCodeTop.Business,TitleCodeMiddle.Technical,TitleCode.Director,TitleCodeMiddle.Director","Engineering & Technical,Director",https://go.zoominfo.com/#/apps/search/person/results?personProfileId=-1883458890,797ddcbc975b6a3ee0e66f363af0024e,oilgear.com
1703012798,Pence,Dan,,,,"Manager, Information Technology",719,Information Technology,Manager,,(651) 228-2238,daniel.pence@vomela.com,274 Fillmore Ave. E,Saint Paul,Minnesota,55107,United States,26,8/19/2019,121274375,The Vomela Companies,Vomela,www.vomela.com,(651) 228-2200,274 Fillmore Ave. E,Saint Paul,Minnesota,55107,United States,Commercial Printing,Industry.bizservice.printing,Business Services,Industry.bizservice,285000,Sales.250Mto500M,1300,Employees.1000to4999,23,239,32311,541,"TitleCode.IT,TitleCodeTop.Business,TitleCodeMiddle.Manager,TitleCodeMiddle.Technical,TitleCode.Manager","Manager,Engineering & Technical",https://go.zoominfo.com/#/apps/search/person/results?personProfileId=1703012798,fbbdcc65e067d6b888a43932a9fecb4a,vomela.com
1521390302,Chan,Joseph,,,,"Manager, Information Technology",719,Information Technology,Manager,,(408) 347-3400 ext. 1362,jchan@therma.com,1601 Las Plumas Ave.,San Jose,California,95133,United States,50,9/9/2019,345003760,Therma Corporation,Therma,www.therma.com,(408) 347-3400,1601 Las Plumas Ave.,San Jose,California,95133,United States,"Energy, Utilities & Waste Treatment General",Industry.energy.general,Industrial Machinery & Equipment,Industry.mfg.industrialmachinery,100000,Sales.100MMto250M,750,Employees.500to999,16,162,221,237120,"TitleCode.IT,TitleCodeTop.Business,TitleCodeMiddle.Manager,TitleCodeMiddle.Technical,TitleCode.Manager","Manager,Engineering & Technical",https://go.zoominfo.com/#/apps/search/person/results?personProfileId=1521390302,ae13f2fe53668785ff5f587783162cd4,therma.com
-1619707425,Montejo,Javier,,,,IT Manager,720,Information Technology,Manager,,,jmontejo@thermatru.com,1750 Indian Wood Circle,Maumee,Ohio,43537,United States,15,9/20/2019,116506819,Therma-Tru Corp,Therma-Tru,www.thermatru.com,(419) 891-7400,1750 Indian Wood Circle,Maumee,Ohio,43537,United States,"Miscellaneous Building Materials (Flooring, Cabinets, etc.)",Industry.mfg.building.other,Building Materials,Industry.mfg.building,12000,Sales.10Mto25M,2500,Employees.1000to4999,34,344,332,3323,"TitleCode.IT,TitleCodeTop.Business,TitleCodeMiddle.Manager,TitleCodeMiddle.Technical,TitleCode.Manager","Manager,Engineering & Technical",https://go.zoominfo.com/#/apps/search/person/results?personProfileId=-1619707425,34e03d532d9760de24a77ecf368208e2,thermatru.com
1396621418,Heyn,Gary,,,,"Director, Finance & Information Technology",759,Information Technology,Director,,(763) 478-4366,gary_heyn@tolomatic.com,3800 County Rd. 116,Hamel,Minnesota,55340,United States,23,5/6/2019,66912618,Tolomatic Inc,Tolomatic,www.tolomatic.com,(763) 478-8000,3800 County Rd. 116,Hamel,Minnesota,55340,United States,Industrial Machinery & Equipment,Industry.mfg.industrialmachinery,Manufacturing,Industry.mfg,28200,Sales.25Mto50M,141,Employees.100to249,35,356,3332,33361,"TitleCodeMiddle.Director,TitleCodeTop.Business,TitleCode.IT,TitleCodeMiddle.Finance,TitleCode.Finance,TitleCodeMiddle.Technical,TitleCode.Director","Finance,Director",https://go.zoominfo.com/#/apps/search/person/results?personProfileId=1396621418,9e268ddcfe5ab16cda496e08d4758013,tolomatic.com
2015620397,Matson,Julie,,,,"Manager, Operations, Information Technology",719,Operations,Manager,,(513) 682-8366,julie.matson@totes.com,9655 International Blvd.,Cincinnati,Ohio,45246,United States,10,9/19/2019,120455291,totes»ISOTONER Corporation,totes,www.totes.com,(513) 682-8200,9655 International Blvd.,Cincinnati,Ohio,45246,United States,Textiles & Apparel,Industry.mfg.consumer.clothes,Consumer Goods,Industry.mfg.consumer,89400,Sales.50Mto100M,447,Employees.250to499,23,238,424320,4239,"TitleCodeMiddle.Manager,TitleCode.Operations,TitleCodeTop.Business,TitleCode.IT,TitleCodeMiddle.Operations,TitleCodeMiddle.Technical,TitleCode.Manager","Operations,Manager",https://go.zoominfo.com/#/apps/search/person/results?personProfileId=2015620397,f475ede3ba35576b221e28f0a110acb2,totes.com
-1667342102,VanHatten,Tom,,,,"Manager, Information Technology",719,Information Technology,Manager,,(763) 231-7140,tvanhatten@trexcommercial.com,"7008 Northland Dr., Ste. 150",Minneapolis,Minnesota,55428,United States,12,9/11/2019,436108436,Trex Commercial Products Inc,Trex Commercial,www.trexcommercial.com,,"7008 Northland Dr., Ste. 150",Minneapolis,Minnesota,55428,United States,"Miscellaneous Building Materials (Flooring, Cabinets, etc.)",Industry.mfg.building.other,Building Materials,Industry.mfg.building,60000,Sales.50Mto100M,185,Employees.100to249,34,344,332,3323,"TitleCode.IT,TitleCodeTop.Business,TitleCodeMiddle.Manager,TitleCodeMiddle.Technical,TitleCode.Manager","Manager,Engineering & Technical",https://go.zoominfo.com/#/apps/search/person/results?personProfileId=-1667342102,7e3647ac3785c11d893b54a9cd1f987d,trexcommercial.com
-1712664767,Greer,Derek,,,,"Manager, IT Systems",719,Information Technology,Manager,,(817) 551-9747,dgreer@ulterra.com,420 Throckmorton St. Ste. 740,Fort Worth,Texas,76102,United States,10,3/21/2019,210731137,Ulterra LP,Ulterra,www.ulterra.com,(817) 293-7555,"201 Main St., Ste. 1660",Fort Worth,Texas,76102,United States,Industrial Machinery & Equipment,Industry.mfg.industrialmachinery,Manufacturing,Industry.mfg,200000,Sales.100MMto250M,620,Employees.500to999,35,353,221,4238,"TitleCode.IT,TitleCodeTop.Business,TitleCodeMiddle.Manager,TitleCodeMiddle.Technical,TitleCode.Manager","Manager,Engineering & Technical",https://go.zoominfo.com/#/apps/search/person/results?personProfileId=-1712664767,8628ce2a7cfed90ef973d063828fa7cc,ulterra.com
2079844389,Hamilton,Mike,,,,"Director, IT Infrastructure",759,Information Technology,Director,,(978) 749-3254,mhamilton@vicorpower.com,25 FRONTAGE Rd.,Andover,Massachusetts,1810,United States,29,9/20/2019,153518114,Vicor Corporation,Vicor,www.vicorpower.com,(978) 470-2900,25 FRONTAGE Rd.,Andover,Massachusetts,1810,United States,Electronic Components,Industry.mfg.electronics.electronics,Electronics,Industry.mfg.electronics,227830,Sales.100MMto250M,970,Employees.500to999,36,367,33599,334419,"TitleCode.IT,TitleCodeTop.Business,TitleCodeMiddle.Technical,TitleCode.Director,TitleCodeMiddle.Director","Engineering & Technical,Director",https://go.zoominfo.com/#/apps/search/person/results?personProfileId=2079844389,b15e8a0a4d512ece7435e12476dd1e72,vicorpower.com
2845625298,Sharma,Manish,,,,"Manager, Information Technology",719,Information Technology,Manager,,(540) 682-5169,manish_sharma@vatransformer.com,220 Glade View Dr.,Roanoke,Virginia,24012,United States,12,8/28/2019,90292266,Virginia Transformer Corp,Virginia Transformer,www.vatransformer.com,(540) 345-9892,220 Glade View Dr.,Roanoke,Virginia,24012,United States,Power Conversion & Protection Equipment,Industry.mfg.electronics.powerequip,Electronics,Industry.mfg.electronics,167760,Sales.100MMto250M,850,Employees.500to999,36,361,3353,335311,"TitleCode.IT,TitleCodeTop.Business,TitleCodeMiddle.Manager,TitleCodeMiddle.Technical,TitleCode.Manager","Manager,Engineering & Technical",https://go.zoominfo.com/#/apps/search/person/results?personProfileId=2845625298,554456d91897e0f477bc55ccb7804950,vatransformer.com
-1852978832,Daveaux,Laurent,,,,"Manager, Information Technology",719,Information Technology,Manager,,,laurent.daveaux@viskase.com,333 East Butterfield Rd. Ste. 400,Lombard,Illinois,60148,United States,8,5/30/2019,41091241,VISKASE Companies Inc,VISKASE,www.viskase.com,(630) 874-0700,333 East Butterfield Rd. Ste. 400,Lombard,Illinois,60148,United States,"Plastic, Packaging & Containers",Industry.mfg.plastic,Manufacturing,Industry.mfg,392000,Sales.250Mto500M,2100,Employees.1000to4999,30,308,44,445299,"TitleCode.IT,TitleCodeTop.Business,TitleCodeMiddle.Manager,TitleCodeMiddle.Technical,TitleCode.Manager","Manager,Engineering & Technical",https://go.zoominfo.com/#/apps/search/person/results?personProfileId=-1852978832,208105f072ce87ae00dcf9324f9911c2,viskase.com
1454123653,Kitson,Michael,,,,"Director, Information Technology",759,Information Technology,Director,,(203) 546-6186,mkitson@waterworks.com,60 Backus Ave.,Danbury,Connecticut,6810,United States,21,3/21/2019,41534231,Waterworks Inc,Waterworks,www.waterworks.com,(203) 546-6000,60 Backus Ave.,Danbury,Connecticut,6810,United States,Plumbing & HVAC Equipment,Industry.mfg.building.plumbing,Building Materials,Industry.mfg.building,285152,Sales.250Mto500M,499,Employees.250to499,50,507,453,4237,"TitleCode.IT,TitleCodeTop.Business,TitleCodeMiddle.Technical,TitleCode.Director,TitleCodeMiddle.Director","Engineering & Technical,Director",https://go.zoominfo.com/#/apps/search/person/results?personProfileId=1454123653,4e93ae885794b46435cb77f85f9d7af2,waterworks.com
1477510803,Schottmuller,Carrie,,,,"Director, Information Technology",759,Information Technology,Director,,(203) 546-6111,cschottmuller@waterworks.com,60 Backus Ave.,Danbury,Connecticut,6810,United States,20,3/21/2019,41534231,Waterworks Inc,Waterworks,www.waterworks.com,(203) 546-6000,60 Backus Ave.,Danbury,Connecticut,6810,United States,Plumbing & HVAC Equipment,Industry.mfg.building.plumbing,Building Materials,Industry.mfg.building,285152,Sales.250Mto500M,499,Employees.250to499,50,507,453,4237,"TitleCode.IT,TitleCodeTop.Business,TitleCodeMiddle.Technical,TitleCode.Director,TitleCodeMiddle.Director","Engineering & Technical,Director",https://go.zoominfo.com/#/apps/search/person/results?personProfileId=1477510803,eb21ad6b60fbf0433c3d665b4fc335f5,waterworks.com
1959624234,Mueller,Kevin,,,,"Senior Project Manager, Information Technology",723,Information Technology,Manager,,(678) 258-7579,kevin.mueller@coreandmain.com,,,Georgia,,United States,44,7/3/2019,41534231,Waterworks Inc,Waterworks,www.waterworks.com,(203) 546-6000,60 Backus Ave.,Danbury,Connecticut,6810,United States,Plumbing & HVAC Equipment,Industry.mfg.building.plumbing,Building Materials,Industry.mfg.building,285152,Sales.250Mto500M,499,Employees.250to499,50,507,453,4237,"TitleCode.ProjectManagement,TitleCodeMiddle.Manager,TitleCodeTop.Business,TitleCode.IT,TitleCodeMiddle.Operations,TitleCodeMiddle.Technical,TitleCode.Manager","Operations,Manager",https://go.zoominfo.com/#/apps/search/person/results?personProfileId=1959624234,02d73d2ab39574204cca523a37d41a92,coreandmain.com
-2076943289,Downs,Brian,,,,"Manager, Information Technology",719,Information Technology,Manager,,,briand@westsalem.com,665 Murlark Ave. NW,Salem,Oregon,97304,United States,14,8/7/2019,127713390,West Salem Machinery Co.,West Salem,www.westsalem.com,(503) 364-2213,665 Murlark Ave. NW,Salem,Oregon,97304,United States,Industrial Machinery & Equipment,Industry.mfg.industrialmachinery,Manufacturing,Industry.mfg,32762,Sales.25Mto50M,166,Employees.100to249,35,,3332,333243,"TitleCode.IT,TitleCodeTop.Business,TitleCodeMiddle.Manager,TitleCodeMiddle.Technical,TitleCode.Manager","Manager,Engineering & Technical",https://go.zoominfo.com/#/apps/search/person/results?personProfileId=-2076943289,4096511effef7235c633ae93b49bdb1a,westsalem.com
1945943109,Turner,Angela,K.,,,"Manager, Information Technology",719,Information Technology,Manager,,(513) 863-4758 ext. 140,aturner@westernstates.com,625 Commerce Center Dr.,Fairfield,Ohio,45011,United States,24,7/20/2019,127910090,Western States,Western States,www.westernstates.com,(513) 863-4758,625 Commerce Center Dr.,Fairfield,Ohio,45011,United States,Industrial Machinery & Equipment,Industry.mfg.industrialmachinery,Manufacturing,Industry.mfg,19539,Sales.10Mto25M,99,Employees.50to99,35,359,33399,333999,"TitleCode.IT,TitleCodeTop.Business,TitleCodeMiddle.Manager,TitleCodeMiddle.Technical,TitleCode.Manager","Manager,Engineering & Technical",https://go.zoominfo.com/#/apps/search/person/results?personProfileId=1945943109,22d767b93b7226cc8c26b812eeb886af,westernstates.com
-957198263,Farabee,Matt,,,,"IT Manager, Information Technology & Director",759,Information Technology,Director,,(918) 488-0828,mfarabee@globalpower.com,,Tulsa,Oklahoma,,United States,4,6/27/2018,16154894,Williams,Williams,www.globalpower.com,(214) 574-2700,400 E. Las Colinas Blvd. Ste. 400,Irving,Texas,75039,United States,Industrial Machinery & Equipment,Industry.mfg.industrialmachinery,Manufacturing,Industry.mfg,186982,Sales.100MMto250M,457,Employees.250to499,35,356,55,332,"TitleCodeMiddle.Manager,TitleCodeMiddle.Director,TitleCodeTop.Business,TitleCode.IT,TitleCodeMiddle.Technical,TitleCode.Manager,TitleCode.Director","Manager,Director",https://go.zoominfo.com/#/apps/search/person/results?personProfileId=-957198263,57f78c7babe5273ef0e5805f0631bb0a,globalpower.com
-2061012342,George,Gareth,,,,"Manager, Finance & Information Technology",719,Information Technology,Manager,,,gareth@woodco-online.com,1210 Arion Pkwy.,San Antonio,Texas,78216,United States,14,9/15/2019,346759313,WoodCo Ltd,WoodCo,www.woodco.com,(210) 298-9663,1210 Arion Pkwy.,San Antonio,Texas,78216,United States,"Lumber, Wood Production & Timber Operations",Industry.mfg.building.lumber,Building Materials,Industry.mfg.building,3157,Sales.1Mto5M,16,Employees.10to19,5211,521,444,44,"TitleCodeMiddle.Manager,TitleCodeTop.Business,TitleCode.IT,TitleCodeMiddle.Finance,TitleCode.Finance,TitleCodeMiddle.Technical,TitleCode.Manager","Finance,Manager",https://go.zoominfo.com/#/apps/search/person/results?personProfileId=-2061012342,f3862df1c622ac87b1d9bdd351dc39f5,woodco-online.com
