﻿Zoom Individual ID,Last name,First name,Middle name,Salutation,Suffix,Job title,Job title hierarchy level,Job Function,Management Level,Company division name,Direct Phone Number,Email address,Person Street,Person City,Person State,Person Zip,Country,Source count,Last updated date,Zoom company ID,Company name,Marketing Friendly Company Name,Company domain name,Company phone number,Company Street address,Company City,Company State,Company ZIP/Postal code,Company Country,Industry label,Industry hierarchical category,Secondary industry label,Secondary industry hierarchical category,Revenue (in 000s),Revenue Range,Employees,Employees Range,SIC1,SIC2,NAICS1,NAICS2,TitleCode,Highest Level Job Function,Contact Zoom URL,Encrypted Email Address,Email Domain,Query Name
1434265729,Fickbohm,Calvin,,,,"Director, Information Technology",759,Information Technology,Director,,(605) 335-0256,calvin.fickbohm@ravenind.com,205 E 6TH St.,Sioux Falls,South Dakota,57117,United States,28,3/21/2019,9079836,Raven Industries Inc,Raven Industries,www.ravenind.com,(605) 336-2750,205 E 6TH St.,Sioux Falls,South Dakota,57117,United States,Manufacturing,Industry.mfg,Aerospace & Defense,Industry.mfg.aerospace,377317,Sales.250Mto500M,1157,Employees.1000to4999,30,308,326113,339,"TitleCode.IT,TitleCodeTop.Business,TitleCodeMiddle.Technical,TitleCode.Director,TitleCodeMiddle.Director","Engineering & Technical,Director",https://go.zoominfo.com/#/apps/search/person/results?personProfileId=1434265729,11f57c063e4332b29d57230ef2144507,ravenind.com,orbitaldirectors4-15
-1242016008,Gardner,David,D.,,,Head of Information Technology,770,Information Technology,Director,,(734) 769-9621,dgardner@thetford.com,7101 Jackson Rd.,Ann Arbor,Michigan,48103,United States,6,3/21/2019,38142066,Thetford Corporation,Thetford,www.thetford.com,(734) 769-6000,7101 Jackson Rd.,Ann Arbor,Michigan,48103,United States,Plumbing & HVAC Equipment,Industry.mfg.building.plumbing,Building Materials,Industry.mfg.building,100000,Sales.100MMto250M,500,Employees.500to999,284,28,32,332,"TitleCode.IT,TitleCodeTop.Business,TitleCodeMiddle.Technical,TitleCode.Director,TitleCodeMiddle.Director","Engineering & Technical,Director",https://go.zoominfo.com/#/apps/search/person/results?personProfileId=-1242016008,393bf3f3a2809562af56f05714fecbe1,thetford.com,orbitaldirectors4-15
1629846472,Miyatake,David,,,,Information Technology Director,759,Information Technology,Director,,(972) 488-9800 ext. 186,dmiyatake@arteriorshome.com,4811 W Lovers Ln.,Dallas,Texas,75209-3137,United States,51,4/4/2019,11505344,Arteriors Home,Arteriors,www.arteriorshome.com,(800) 338-2150,"1745 Hayden Dr., Ste. 100",Carrollton,Texas,75006,United States,Furniture,Industry.mfg.furniture,Manufacturing,Industry.mfg,26200,Sales.25Mto50M,131,Employees.100to249,251,25,33,337,"TitleCode.IT,TitleCodeTop.Business,TitleCode.Technical,TitleCodeMiddle.Technical,TitleCode.Director,TitleCodeMiddle.Director","Engineering & Technical,Director",https://go.zoominfo.com/#/apps/search/person/results?personProfileId=1629846472,56ff2894eab7b82c575bb82cf46bc2e6,arteriorshome.com,orbitaldirectors4-15
-1943856890,Rivera,David,,,,"Director, Information Technology",759,Information Technology,Director,,(951) 643-6040,drivera@flexsteel.com,385 Bell St.,Dubuque,Iowa,52001,United States,9,3/21/2019,93521656,"Flexsteel Industries , Inc.",Flexsteel,www.flexsteel.com,(319) 556-7730,385 Bell St.,Dubuque,Iowa,52001,United States,Furniture,Industry.mfg.furniture,Manufacturing,Industry.mfg,489180,Sales.250Mto500M,1530,Employees.1000to4999,25,251,33712,336360,"TitleCode.IT,TitleCodeTop.Business,TitleCodeMiddle.Technical,TitleCode.Director,TitleCodeMiddle.Director","Engineering & Technical,Director",https://go.zoominfo.com/#/apps/search/person/results?personProfileId=-1943856890,d23807ef24df4494af213d5d22bd3286,flexsteel.com,orbitaldirectors4-15
1470692435,Strouse,Gary,,,,"Director, Information Technology",759,Information Technology,Director,,(215) 362-3633,gary.strouse@brooksinstrument.com,407 W Vine St.,Hatfield,Pennsylvania,19440,United States,20,3/21/2019,24252131,Brooks Instrument LLC,Brooks,www.brooksinstrument.com,(215) 362-3500,407 W Vine St.,Hatfield,Pennsylvania,19440,United States,Test & Measurement Equipment,Industry.mfg.testequipment,Manufacturing,Industry.mfg,53020,Sales.50Mto100M,500,Employees.500to999,34,349,332,33,"TitleCode.IT,TitleCodeTop.Business,TitleCodeMiddle.Technical,TitleCode.Director,TitleCodeMiddle.Director","Engineering & Technical,Director",https://go.zoominfo.com/#/apps/search/person/results?personProfileId=1470692435,178f61348571853f6dfe8eb26b930d57,brooksinstrument.com,orbitaldirectors4-15
1595910764,Okabayashi,Howard,,,,"Director, Information Technology",759,Information Technology,Director,,(281) 396-8161,hnokabayashi@hudsonproducts.com,9660 Grunwald Rd.,Beasley,Texas,77417,United States,33,3/21/2019,50974595,Hudson Products Corporation,Hudson Products,www.hudsonproducts.com,(281) 396-8100,9660 Grunwald Rd.,Beasley,Texas,77417,United States,Industrial Machinery & Equipment,Industry.mfg.industrialmachinery,Manufacturing,Industry.mfg,48000,Sales.25Mto50M,815,Employees.500to999,35,356,221,33341,"TitleCode.IT,TitleCodeTop.Business,TitleCodeMiddle.Technical,TitleCode.Director,TitleCodeMiddle.Director","Engineering & Technical,Director",https://go.zoominfo.com/#/apps/search/person/results?personProfileId=1595910764,3fa6e7cea8120d429ff122bb4a9f349d,hudsonproducts.com,orbitaldirectors4-15
1208515437,Brechtelsbauer,Jeff,,,,Director of Information Technology,759,Information Technology,Director,,(757) 576-6974,jbrechtelsbauer@swimways.com,5816 Ward Ct.,Virginia Beach,Virginia,23455,United States,23,3/21/2019,37241189,Swimways Corporation,Swimways,www.swimways.com,(757) 460-1156,5816 Ward Ct.,Virginia Beach,Virginia,23455,United States,Sporting Goods,Industry.mfg.consumer.sport,Consumer Goods,Industry.mfg.consumer,29800,Sales.25Mto50M,149,Employees.100to249,39,394,33992,339,"TitleCode.IT,TitleCodeTop.Business,TitleCodeMiddle.Technical,TitleCode.Director,TitleCodeMiddle.Director","Engineering & Technical,Director",https://go.zoominfo.com/#/apps/search/person/results?personProfileId=1208515437,9dda3b1a50dc86105c1d83920e81a967,swimways.com,orbitaldirectors4-15
-1031017296,Goodwin,Jason,,,,"Director, Information Technology",759,Information Technology,Director,,(850) 522-2188,jgoodwin@easternshipbuilding.com,2200 Nelson St.,Panama City,Florida,32401,United States,5,3/21/2019,12239328,Eastern Shipbuilding Group Inc,Eastern Shipbuilding,www.easternshipbuilding.com,(850) 763-1900,2200 Nelson St.,Panama City,Florida,32401,United States,Boats & Submarines,Industry.mfg.boat,Manufacturing,Industry.mfg,300000,Sales.250Mto500M,1700,Employees.1000to4999,373,37,3366,33,"TitleCode.IT,TitleCodeTop.Business,TitleCodeMiddle.Technical,TitleCode.Director,TitleCodeMiddle.Director","Engineering & Technical,Director",https://go.zoominfo.com/#/apps/search/person/results?personProfileId=-1031017296,cd7317de729abb8ada50996eec349723,easternshipbuilding.com,orbitaldirectors4-15
2079137547,Gordon,Kevin,,,,Global Director of Information Technology,759,Information Technology,Director,,,kgordon@foriauto.com,23 Mile Rd.,Utica,Michigan,48315,United States,8,3/21/2019,33033431,Fori Automation Inc,Fori Automation,www.foriauto.com,(586) 247-2336,23 Mile Rd.,Utica,Michigan,48315,United States,Industrial Machinery & Equipment,Industry.mfg.industrialmachinery,Manufacturing,Industry.mfg,300000,Sales.250Mto500M,695,Employees.500to999,35,372,33,336,"TitleCode.IT,TitleCodeTop.Business,TitleCodeMiddle.Technical,TitleCode.Director,TitleCodeMiddle.Director","Engineering & Technical,Director",https://go.zoominfo.com/#/apps/search/person/results?personProfileId=2079137547,158f6a3b7afe9b3b01d554037898693f,foriauto.com,orbitaldirectors4-15
1470773833,Farrow,Ron,,,,"Director, Information Technology",759,Information Technology,Director,,(281) 291-6128,rfarrow@poha.com,111 East Loop N,Houston,Texas,77029,United States,62,4/2/2019,96143626,Port of Houston Authority,POHA,www.poha.com,(713) 670-2400,111 East Loop N,Houston,Texas,77029,United States,Boats & Submarines,Industry.mfg.boat,Manufacturing,Industry.mfg,144800,Sales.100MMto250M,724,Employees.500to999,373,37,3366,33,"TitleCode.IT,TitleCodeTop.Business,TitleCodeMiddle.Technical,TitleCode.Director,TitleCodeMiddle.Director","Engineering & Technical,Director",https://go.zoominfo.com/#/apps/search/person/results?personProfileId=1470773833,06ef590cc4e63e411115ceae8eca12c5,poha.com,orbitaldirectors4-15
5822801,Rabey,Roy,Royster,,,"Director, Information Technology",759,Information Technology,Director,,(972) 769-3769,rrabey@robotentertainment.com,5055 W Park Blvd. Ste. 600,Plano,Texas,75093,United States,32,3/21/2019,348061747,Robot Entertainment Inc,Robot Entertainment,www.robotentertainment.com,(972) 769-3700,5055 W Park Blvd. Ste. 600,Plano,Texas,75093,United States,Toys & Games,Industry.mfg.toys,Manufacturing,Industry.mfg,13000,Sales.10Mto25M,65,Employees.50to99,394,39,339,33,"TitleCode.IT,TitleCodeTop.Business,TitleCodeMiddle.Technical,TitleCode.Director,TitleCodeMiddle.Director","Engineering & Technical,Director",https://go.zoominfo.com/#/apps/search/person/results?personProfileId=5822801,693282238de4596d0af95a5ce1535dab,robotentertainment.com,orbitaldirectors4-15
2852969559,Wilson,Scott,,,,Director Information Technology,759,Information Technology,Director,,(502) 810-0568,swilson@hillsdalefurniture.com,,,Kentucky,,United States,4,3/29/2019,129926255,Hillsdale Furniture LLC,Hillsdale Furniture,www.hillsdalefurniture.com,(502) 562-0000,3901 Bishop Ln.,Louisville,Kentucky,40218,United States,Furniture,Industry.mfg.furniture,Manufacturing,Industry.mfg,28400,Sales.25Mto50M,142,Employees.100to249,25,251,33712,3371,"TitleCode.IT,TitleCodeTop.Business,TitleCodeMiddle.Technical,TitleCode.Director,TitleCodeMiddle.Director","Engineering & Technical,Director",https://go.zoominfo.com/#/apps/search/person/results?personProfileId=2852969559,c234989ed28e68279cff4299e9d8c4f1,hillsdalefurniture.com,orbitaldirectors4-15
-1835431068,Morris,Terry,,,,"Director, Global Information Technology Operations",759,Operations,Director,,(918) 447-5154,terry.morris@tdwilliamson.com,6120 S Yale Ste. 1700,Tulsa,Oklahoma,74136,United States,22,3/21/2019,65503335,T. D. Williamson Inc,T.D. Williamson,www.tdwilliamson.com,(918) 447-5000,6120 S Yale Ste. 1700,Tulsa,Oklahoma,74136,United States,Industrial Machinery & Equipment,Industry.mfg.industrialmachinery,Manufacturing,Industry.mfg,92150,Sales.50Mto100M,1221,Employees.1000to4999,35,,,,"TitleCode.Operations,TitleCodeMiddle.Director,TitleCodeTop.Business,TitleCode.IT,TitleCodeMiddle.Operations,TitleCodeMiddle.Technical,TitleCode.Director","Operations,Director",https://go.zoominfo.com/#/apps/search/person/results?personProfileId=-1835431068,e2585a25427f36bed2beaeb7171c8b12,tdwilliamson.com,orbitaldirectors4-15
2750203024,Nelson,Ben,,,,Director of Information Technology,759,Information Technology,Director,,(763) 553-7157,ben.nelson@wagner-group.com,1770 Fernbrook Ln.,Plymouth,Minnesota,55447,United States,6,3/1/2019,121536593,Wagner Systems Inc,Wagner Systems,www.wagner-group.com,(763) 519-3555,1770 Fernbrook Ln.,Plymouth,Minnesota,55447,United States,Industrial Machinery & Equipment,Industry.mfg.industrialmachinery,Manufacturing,Industry.mfg,25000,Sales.25Mto50M,123,Employees.100to249,35,28,,,"TitleCode.IT,TitleCodeTop.Business,TitleCodeMiddle.Technical,TitleCode.Director,TitleCodeMiddle.Director","Engineering & Technical,Director",https://go.zoominfo.com/#/apps/search/person/results?personProfileId=2750203024,0cb4b055ce9aec832dbc94397c6c985d,wagner-group.com,orbitaldirectors4-15
632144276,Bernstein,Charlie,,,Activision,"Director, Information Technology",759,Information Technology,Director,,(608) 833-5791 ext. 305,cbernstein@ravensoftware.com,8496 Greenway Blvd.,Middleton,Wisconsin,53562,United States,21,3/21/2019,32162060,Raven Software Corporation,Raven Software,www.ravensoftware.com,(608) 833-5791,8496 Greenway Blvd.,Middleton,Wisconsin,53562,United States,Toys & Games,Industry.mfg.toys,Manufacturing,Industry.mfg,25200,Sales.25Mto50M,126,Employees.100to249,394,39,339,33,"TitleCode.IT,TitleCodeTop.Business,TitleCodeMiddle.Technical,TitleCode.Director,TitleCodeMiddle.Director","Engineering & Technical,Director",https://go.zoominfo.com/#/apps/search/person/results?personProfileId=632144276,5a9d78c5fc218468e739926f07574f9e,ravensoftware.com,orbitaldirectors4-15
1659926575,Lennox,Jamie,,,,"Director, Information Technology",759,Information Technology,Director,,(214) 637-0020 ext. 304,jlennox@cbservice.com,1956 Singleton Blvd.,Dallas,Texas,75212-3827,United States,30,3/26/2019,8438582,Cleaver-Brooks Inc,Cleaver-Brooks,www.cleaverbrooks.com,(229) 226-3024,221 Law St.,Thomasville,Georgia,31792,United States,Industrial Machinery & Equipment,Industry.mfg.industrialmachinery,Manufacturing,Industry.mfg,300000,Sales.250Mto500M,1400,Employees.1000to4999,34,344,332,33,"TitleCode.IT,TitleCodeTop.Business,TitleCodeMiddle.Technical,TitleCode.Director,TitleCodeMiddle.Director","Engineering & Technical,Director",https://go.zoominfo.com/#/apps/search/person/results?personProfileId=1659926575,abaa119582ebe6ed6afa7a426d186e19,cbservice.com,orbitaldirectors4-15
2076910548,Ganim,Michelle,Richter,,,"Director, Information Technology",759,Information Technology,Director,,(513) 202-8237,mganim@cincinnati-test.com,10100 Progress Way,Harrison,Ohio,45030,United States,26,3/26/2019,22745132,Cincinnati Test Systems Inc,Cincinnati Test Systems,www.cincinnati-test.com,(513) 367-6699,10100 Progress Way,Harrison,Ohio,45030,United States,Test & Measurement Equipment,Industry.mfg.testequipment,Manufacturing,Industry.mfg,35800,Sales.25Mto50M,179,Employees.100to249,382,38,33,3345,"TitleCode.IT,TitleCodeTop.Business,TitleCodeMiddle.Technical,TitleCode.Director,TitleCodeMiddle.Director","Engineering & Technical,Director",https://go.zoominfo.com/#/apps/search/person/results?personProfileId=2076910548,0817715ca45d19d5a22d40affaa92de4,cincinnati-test.com,orbitaldirectors4-15
-2123713331,Collins,Mike,,,,"Director, Global Information Technology",759,Information Technology,Director,,(512) 531-6446,mike.collins@ets-lindgren.com,1301 Arrow Point Dr.,Cedar Park,Texas,78613,United States,29,4/11/2019,37293820,ETS-Lindgren L.P,ETS-Lindgren,www.ets-lindgren.com,(512) 531-6400,1301 Arrow Point Dr.,Cedar Park,Texas,78613,United States,Test & Measurement Equipment,Industry.mfg.testequipment,Manufacturing,Industry.mfg,111000,Sales.100MMto250M,555,Employees.500to999,38,387,334518,33451,"TitleCode.IT,TitleCodeTop.Business,TitleCodeMiddle.Technical,TitleCode.Director,TitleCodeMiddle.Director","Engineering & Technical,Director",https://go.zoominfo.com/#/apps/search/person/results?personProfileId=-2123713331,af202c70d42203512237c85fc1e27227,ets-lindgren.com,orbitaldirectors4-15
-2136591346,Blahosky,Scott,,,,Director of Information Technology,759,Information Technology,Director,,(507) 774-8234,scott.blahosky@wengercorp.com,555 Park Dr.,Owatonna,Minnesota,55060,United States,40,3/21/2019,41845480,Wenger Corporation,Wenger Corporation,www.wengercorp.com,(507) 455-4100,555 Park Dr.,Owatonna,Minnesota,55060,United States,Consumer Electronics,Industry.mfg.consumer.electronics,Consumer Goods,Industry.mfg.consumer,28810,Sales.25Mto50M,550,Employees.500to999,25,254,3343,33,"TitleCode.IT,TitleCodeTop.Business,TitleCodeMiddle.Technical,TitleCode.Director,TitleCodeMiddle.Director","Engineering & Technical,Director",https://go.zoominfo.com/#/apps/search/person/results?personProfileId=-2136591346,a9add94fe6d47f20c255b895570dd736,wengercorp.com,orbitaldirectors4-15
554571253,Lee,Stephen,E.,Mr.,,"Director, Information Technology",759,Information Technology,Director,,(256) 713-5304,steve.lee@dynetics.com,1002 Explorer Blvd.,Huntsville,Alabama,35806,United States,31,3/21/2019,18171152,Dynetics Inc,Dynetics,www.dynetics.com,(256) 964-4000,1002 Explorer Blvd.,Huntsville,Alabama,35806,United States,Aerospace & Defense,Industry.mfg.aerospace,Manufacturing,Industry.mfg,293000,Sales.250Mto500M,1900,Employees.1000to4999,737,73,5182,51,"TitleCode.IT,TitleCodeTop.Business,TitleCodeMiddle.Technical,TitleCode.Director,TitleCodeMiddle.Director","Engineering & Technical,Director",https://go.zoominfo.com/#/apps/search/person/results?personProfileId=554571253,0c0f7d489584af67889bb2dd9bd3281b,dynetics.com,orbitaldirectors4-15
-2024180329,Wang,James,,,,Director of Information Technology,759,Information Technology,Director,,(708) 534-7187,wangj@bimba.com,25150 S Governors Hwy.,University Park,Illinois,60484,United States,27,10/11/2018,4719046,Bimba Manufacturing Company,Bimba,www.bimba.com,(708) 534-8544,25150 S Governors Hwy.,University Park,Illinois,60484,United States,Industrial Machinery & Equipment,Industry.mfg.industrialmachinery,Manufacturing,Industry.mfg,125510,Sales.100MMto250M,325,Employees.250to499,35,359,333995,33399,"TitleCode.IT,TitleCodeTop.Business,TitleCodeMiddle.Technical,TitleCode.Director,TitleCodeMiddle.Director","Engineering & Technical,Director",https://go.zoominfo.com/#/apps/search/person/results?personProfileId=-2024180329,6a07f18a1fbac04b654df1c840695e8f,bimba.com,orbitaldirectors4-15
1821152649,Suderman,Wesley,,,,"Director, Information Technology and Distribution and Customer Relations",759,Operations,Director,,(480) 820-6500 ext. 7046,wsuderman@creativeleather.com,450 N. McClintock Dr.,Chandler,Arizona,85226,United States,15,3/26/2019,30544602,Creative Leather Furniture,Creative Leather,www.creativeleather.com,(480) 820-6500,450 N. McClintock Dr.,Chandler,Arizona,85226,United States,Furniture,Industry.mfg.furniture,Manufacturing,Industry.mfg,10800,Sales.10Mto25M,54,Employees.50to99,251,25,33,337,"TitleCode.Operations,TitleCodeMiddle.Director,TitleCodeTop.Business,TitleCode.IT,TitleCodeMiddle.Operations,TitleCode.CustomerRel,TitleCodeMiddle.Technical,TitleCode.Director","Operations,Director",https://go.zoominfo.com/#/apps/search/person/results?personProfileId=1821152649,b4590f6eb461439d71549e9a65794d23,creativeleather.com,orbitaldirectors4-15
1840641191,Walker,Zach,,,,Director of Information Technology,759,Information Technology,Director,,(918) 832-5367,zachwalker@thecrosbygroup.com,2801 Dawson Rd.,Tulsa,Oklahoma,74110,United States,26,3/21/2019,25381390,The Crosby Group LLC,Crosby Group,www.thecrosbygroup.com,(918) 834-4611,2801 Dawson Rd.,Tulsa,Oklahoma,74110,United States,Metals & Minerals,Industry.mm.metals,Metals & Mining,Industry.mm,60000,Sales.50Mto100M,300,Employees.250to499,34,349,332,33,"TitleCode.IT,TitleCodeTop.Business,TitleCodeMiddle.Technical,TitleCode.Director,TitleCodeMiddle.Director","Engineering & Technical,Director",https://go.zoominfo.com/#/apps/search/person/results?personProfileId=1840641191,c385475b4ead6819691a271e1564ef31,thecrosbygroup.com,orbitaldirectors4-15
1181743894,Meyers,Al,,,,"Director, Information Systems",759,Information Technology,Director,,(320) 762-6263,al.meyers@douglas-machine.com,3404 Iowa St.,Alexandria,Minnesota,56308,United States,38,3/21/2019,29608762,Douglas Machine Inc,Douglas Machine,www.douglas-machine.com,(320) 763-6587,3404 Iowa St.,Alexandria,Minnesota,56308,United States,Industrial Machinery & Equipment,Industry.mfg.industrialmachinery,Manufacturing,Industry.mfg,38400,Sales.25Mto50M,192,Employees.100to249,35,,,,"TitleCode.IT,TitleCodeTop.Business,TitleCodeMiddle.Technical,TitleCode.Director,TitleCodeMiddle.Director","Engineering & Technical,Director",https://go.zoominfo.com/#/apps/search/person/results?personProfileId=1181743894,7a6d6c7118f75cf423e97493d4da7078,douglas-machine.com,orbitaldirectors4-15
-2036625538,Brown,Chris,,,,Information Technology Director - Applications,759,Information Technology,Director,,(713) 670-2584,chbrown@poha.com,111 East Loop North,Houston,Texas,77029,United States,52,3/29/2019,96143626,Port of Houston Authority,POHA,www.poha.com,(713) 670-2400,111 East Loop N,Houston,Texas,77029,United States,Boats & Submarines,Industry.mfg.boat,Manufacturing,Industry.mfg,142000,Sales.100MMto250M,710,Employees.500to999,373,37,3366,33,"TitleCode.IT,TitleCodeTop.Business,TitleCode.Technical,TitleCodeMiddle.Technical,TitleCode.Director,TitleCodeMiddle.Director","Engineering & Technical,Director",https://go.zoominfo.com/#/apps/search/person/results?personProfileId=-2036625538,a48cb8c1deec7c4d0fd754aec07ae2f3,poha.com,orbitaldirectors4-15
-2105164106,Pitts,DeWayne,,,,"Director, Information Technology",759,Information Technology,Director,,(520) 744-1000 ext. 4529,dpitts@sargentaerospace.com,5675 West Burlingame Rd.,Tucson,Arizona,85743,United States,46,4/11/2019,33898826,Sargent Aerospace & Defense,Sargent Aerospace,www.sargentaerospace.com,(520) 744-1000,5675 West Burlingame Rd.,Tucson,Arizona,85743,United States,"Airlines, Airports & Air Services",Industry.transportation.airline,Transportation,Industry.transportation,150000,Sales.100MMto250M,750,Employees.500to999,34,345,48,33272,"TitleCode.IT,TitleCodeTop.Business,TitleCodeMiddle.Technical,TitleCode.Director,TitleCodeMiddle.Director","Engineering & Technical,Director",https://go.zoominfo.com/#/apps/search/person/results?personProfileId=-2105164106,f67e4fad3a5f8079d80a0470ba7e640a,sargentaerospace.com,orbitaldirectors4-15
1310462,Buchanan,Glenn,,,,"Director, Information Technology",759,Information Technology,Director,,(856) 727-1100 ext. 2295,gbuchanan@opex.com,305 Commerce Dr.,Moorestown,New Jersey,8057,United States,27,3/21/2019,29000354,OPEX Corporation,OPEX,www.opex.com,(856) 727-1100,305 Commerce Dr.,Moorestown,New Jersey,8057,United States,Personal Computers & Peripherals,Industry.mfg.computers.computers,Computer Equipment & Peripherals,Industry.mfg.computers,75660,Sales.50Mto100M,513,Employees.500to999,357,35,5182,51,"TitleCode.IT,TitleCodeTop.Business,TitleCodeMiddle.Technical,TitleCode.Director,TitleCodeMiddle.Director","Engineering & Technical,Director",https://go.zoominfo.com/#/apps/search/person/results?personProfileId=1310462,d5e85dedb49de31bf06a1c9c8a7c3516,opex.com,orbitaldirectors4-15
-1795690365,Centeno,Hector,A.,,,Corporate Director Information Technology,760,Information Technology,Director,,(407) 333-9911 ext. 1266,hector.centeno@faro.com,125 TECHNOLOGY PARK,Lake Mary,Florida,32746,United States,46,7/19/2018,31037641,FARO Technologies Inc,FARO,www.faro.com,(407) 333-9911,125 TECHNOLOGY PARK,Lake Mary,Florida,32746,United States,Electronics,Industry.mfg.electronics,Software Development & Design,Industry.software.mfg,360917,Sales.250Mto500M,1669,Employees.1000to4999,38,382,339,5182,"TitleCode.IT,TitleCodeTop.Business,TitleCodeMiddle.Technical,TitleCode.Director,TitleCodeMiddle.Director","Engineering & Technical,Director",https://go.zoominfo.com/#/apps/search/person/results?personProfileId=-1795690365,e0bc53755b925a9753281b1984081d9d,faro.com,orbitaldirectors4-15
1196546567,Erion,Jamie,,,,Director of Information Technology,759,Information Technology,Director,,(952) 925-7618,jerion@gopco.com,4521 Hwy. 7,Minneapolis,Minnesota,55416,United States,33,4/5/2019,15794366,General Office Products Company,GOP,www.gopco.com,(952) 925-7500,4521 Hwy. 7,Minneapolis,Minnesota,55416,United States,Furniture,Industry.mfg.furniture,Furniture,Industry.retail.furniture,13000,Sales.10Mto25M,65,Employees.50to99,5712,571,44,442,"TitleCode.IT,TitleCodeTop.Business,TitleCodeMiddle.Technical,TitleCode.Director,TitleCodeMiddle.Director","Engineering & Technical,Director",https://go.zoominfo.com/#/apps/search/person/results?personProfileId=1196546567,b4032208d9cac8c9a98b83b6c610584e,gopco.com,orbitaldirectors4-15
87663392,Whiting,John,,,,"Director, Information Technology and Configuration Management",759,Information Technology,Director,,(336) 668-4410 ext. 24153,john.whiting@haeco.aero,623 Radar Rd.,Greensboro,North Carolina,27410-6221,United States,63,3/13/2019,371659595,HAECO Americas,HAECO,www.haeco.aero,(336) 668-4410,8010 Piedmont Triad Pkwy.,Greensboro,North Carolina,27409,United States,Aerospace & Defense,Industry.mfg.aerospace,Manufacturing,Industry.mfg,334569,Sales.250Mto500M,2331,Employees.1000to4999,372,37,33,336,"TitleCode.IT,TitleCodeTop.Business,TitleCode.SoftwareEng,TitleCodeMiddle.Technical,TitleCode.Director,TitleCodeMiddle.Director","Engineering & Technical,Director",https://go.zoominfo.com/#/apps/search/person/results?personProfileId=87663392,bc827e9daf2892f63b1a5f38bc62ceb5,haeco.aero,orbitaldirectors4-15
950447112,Hicks,Patrick,R.,,,Senior Director of Information Technology,763,Information Technology,Director,,(203) 276-8333,patrickhicks@lovesac.com,"TWO LANDMARK Sq., Ste. 300",Stamford,Connecticut,6901,United States,46,3/21/2019,51267536,Lovesac Co,Lovesac,www.lovesac.com,(207) 273-9733,"TWO LANDMARK Sq., Ste. 300",Stamford,Connecticut,6901,United States,Furniture,Industry.mfg.furniture,Manufacturing,Industry.mfg,101810,Sales.100MMto250M,198,Employees.100to249,25,251,33712,44,"TitleCode.IT,TitleCodeTop.Business,TitleCodeMiddle.Technical,TitleCode.Director,TitleCodeMiddle.Director","Engineering & Technical,Director",https://go.zoominfo.com/#/apps/search/person/results?personProfileId=950447112,f0bfd7dc3320a832f14b4132896c257c,lovesac.com,orbitaldirectors4-15
-1172748109,Kamal,Shamsul,,,,Director of Information Technology,759,Information Technology,Director,,,shamsul.kamal@faro.com,125 TECHNOLOGY PARK,Lake Mary,Florida,32746,United States,7,3/21/2019,31037641,FARO Technologies Inc,FARO,www.faro.com,(407) 333-9911,125 TECHNOLOGY PARK,Lake Mary,Florida,32746,United States,Electronics,Industry.mfg.electronics,Software Development & Design,Industry.software.mfg,360917,Sales.250Mto500M,1669,Employees.1000to4999,38,382,339,5182,"TitleCode.IT,TitleCodeTop.Business,TitleCodeMiddle.Technical,TitleCode.Director,TitleCodeMiddle.Director","Engineering & Technical,Director",https://go.zoominfo.com/#/apps/search/person/results?personProfileId=-1172748109,31546dc14256f85e50751e8ee2f7d1dd,faro.com,orbitaldirectors4-15
-1880029117,Porter,Terry,,,,"Director, Information Technology",759,Information Technology,Director,,(303) 962-7605,terry@playtime.com,13310 James East Casey Ave.,Englewood,Colorado,80112,United States,18,3/21/2019,181518772,PLAYTIME LLC,Playtime,www.playtime.com,(303) 662-0302,13310 James East Casey Ave.,Englewood,Colorado,80112,United States,Software Development & Design,Industry.software.mfg,Software,Industry.software,47000,Sales.25Mto50M,235,Employees.100to249,737,73,339,5182,"TitleCode.IT,TitleCodeTop.Business,TitleCodeMiddle.Technical,TitleCode.Director,TitleCodeMiddle.Director","Engineering & Technical,Director",https://go.zoominfo.com/#/apps/search/person/results?personProfileId=-1880029117,b82939200c823482d5f6d23c23ba05e9,playtime.com,orbitaldirectors4-15
96341273,Roth,Carl,,,,Director of Information Technology,759,Information Technology,Director,,(704) 871-3250,carlroth@kewaunee.com,2700 W FRONT St.,Statesville,North Carolina,28677,United States,38,4/3/2019,155927543,Kewaunee Scientific Corporation,Kewaunee,www.kewaunee.com,(704) 873-7202,2700 W FRONT St.,Statesville,North Carolina,28677,United States,Medical Devices & Equipment,Industry.mfg.medical,Manufacturing,Industry.mfg,158050,Sales.100MMto250M,820,Employees.500to999,38,382,337215,337214,"TitleCode.IT,TitleCodeTop.Business,TitleCodeMiddle.Technical,TitleCode.Director,TitleCodeMiddle.Director","Engineering & Technical,Director",https://go.zoominfo.com/#/apps/search/person/results?personProfileId=96341273,e8369736f1508915dc6e3d883cd046f9,kewaunee.com,orbitaldirectors4-15
-1962040930,Mattison,Jarred,L.,,,Director of Information Technology,759,Information Technology,Director,,(507) 867-9299,jlmattison@tuohyfurniture.com,42 Saint Albans Pl.,Chatfield,Minnesota,55923,United States,15,4/12/2019,51626146,Tuohy Furniture Corporation,Tuohy Furniture,www.tuohyfurniture.com,(507) 867-4280,42 Saint Albans Pl.,Chatfield,Minnesota,55923,United States,Furniture,Industry.mfg.furniture,Manufacturing,Industry.mfg,11200,Sales.10Mto25M,56,Employees.50to99,251,25,33,337,"TitleCode.IT,TitleCodeTop.Business,TitleCodeMiddle.Technical,TitleCode.Director,TitleCodeMiddle.Director","Engineering & Technical,Director",https://go.zoominfo.com/#/apps/search/person/results?personProfileId=-1962040930,508e955530379a7f2ee7ee146fa50fc5,tuohyfurniture.com,orbitaldirectors4-15
-1838230263,Young,Joe,,,,"Director, Information Technology",759,Information Technology,Director,,(253) 458-3574,joe.young@exoticmetals.com,5411 S 226th St.,Kent,Washington,98032-1891,United States,5,4/11/2019,34475701,Exotic Metals Forming Company LLC,Exotic Metals,www.exoticmetals.com,(253) 395-3710,5800 South 226th St.,Kent,Washington,98032,United States,Aerospace & Defense,Industry.mfg.aerospace,Manufacturing,Industry.mfg,300000,Sales.250Mto500M,1000,Employees.1000to4999,33,372,33,331,"TitleCode.IT,TitleCodeTop.Business,TitleCodeMiddle.Technical,TitleCode.Director,TitleCodeMiddle.Director","Engineering & Technical,Director",https://go.zoominfo.com/#/apps/search/person/results?personProfileId=-1838230263,4bb4014f421a49505449e8da175517e1,exoticmetals.com,orbitaldirectors4-15
1209028871,Dennull,Scott,C.,,,"Senior Director, Information Technology",763,Information Technology,Director,,(513) 755-5765,sdennull@atricure.com,7555 INNOVATION WAY,Mason,Ohio,45040,United States,100,4/10/2019,3310124,"AtriCure , Inc.",AtriCure,www.atricure.com,(513) 755-4100,7555 INNOVATION WAY,Mason,Ohio,45040,United States,Medical Devices & Equipment,Industry.mfg.medical,Manufacturing,Industry.mfg,174716,Sales.100MMto250M,570,Employees.500to999,38,384,339,33451,"TitleCode.IT,TitleCodeTop.Business,TitleCodeMiddle.Technical,TitleCode.Director,TitleCodeMiddle.Director","Engineering & Technical,Director",https://go.zoominfo.com/#/apps/search/person/results?personProfileId=1209028871,8869862818a132743cbd35da6b27d700,atricure.com,orbitaldirectors4-15
-2041131028,Ficek,Sebastian,,,,Director Of Information Technology,759,Information Technology,Director,,(773) 961-2082,sficek@netherrealm.com,2650A W Bradley Pl.,Chicago,Illinois,60618,United States,19,12/10/2018,347585825,NetherRealm Studios,NetherRealm,www.netherrealm.com,(773) 961-2000,2650A W Bradley Pl.,Chicago,Illinois,60618,United States,Toys & Games,Industry.mfg.toys,Manufacturing,Industry.mfg,49280,Sales.25Mto50M,66,Employees.50to99,737,73,339,5182,"TitleCode.IT,TitleCodeTop.Business,TitleCodeMiddle.Technical,TitleCode.Director,TitleCodeMiddle.Director","Engineering & Technical,Director",https://go.zoominfo.com/#/apps/search/person/results?personProfileId=-2041131028,9c385498ac874943b480166b5f32e3f8,netherrealm.com,orbitaldirectors4-15
1613273358,Parson,William,R.,,,Director Of Information Technology,759,Information Technology,Director,,(252) 636-4744,william.parson@hatterasyachts.com,110 N. Glenburnie Rd.,New Bern,North Carolina,28560,United States,24,4/12/2019,47926178,Hatteras Yachts Inc,Hatteras Yachts,www.hatterasyachts.com,(252) 633-3101,110 N. Glenburnie Rd.,New Bern,North Carolina,28560,United States,Boats & Submarines,Industry.mfg.boat,Manufacturing,Industry.mfg,40000,Sales.25Mto50M,200,Employees.100to249,37,373,3366,33,"TitleCode.IT,TitleCodeTop.Business,TitleCodeMiddle.Technical,TitleCode.Director,TitleCodeMiddle.Director","Engineering & Technical,Director",https://go.zoominfo.com/#/apps/search/person/results?personProfileId=1613273358,607836d63c2815e5ee1cf2a9addcb06a,hatterasyachts.com,orbitaldirectors4-15
1954090514,Miller,William,T.,,,Director of Information Technology,759,Information Technology,Director,,,wmiller@cskiff.com,3231 Fulford Rd.,Waycross,Georgia,31503,United States,11,4/12/2019,6865733,Carolina Skiff LLC,Carolina Skiff,www.carolinaskiff.com,(912) 287-0547,3231 Fulford Rd.,Waycross,Georgia,31503,United States,Boats & Submarines,Industry.mfg.boat,Manufacturing,Industry.mfg,4800,Sales.1Mto5M,24,Employees.20to49,373,37,3366,33,"TitleCode.IT,TitleCodeTop.Business,TitleCodeMiddle.Technical,TitleCode.Director,TitleCodeMiddle.Director","Engineering & Technical,Director",https://go.zoominfo.com/#/apps/search/person/results?personProfileId=1954090514,9f5a439605cd48b75f83450364a33173,cskiff.com,orbitaldirectors4-15
5822718,Van Doren,Chris,,,,"Technical Art Director and Director, Information Technology",759,Technical,Director,,,cvandoren@bossfightentertainment.com,610 Elm St. Ste. 800,Mc Kinney,Texas,75069,United States,18,3/21/2019,365371703,Boss Fight Entertainment INC,Boss Fight Entertainment,www.bossfightentertainment.com,,610 Elm St. Ste. 800,Mc Kinney,Texas,75069,United States,Toys & Games,Industry.mfg.toys,Manufacturing,Industry.mfg,8400,Sales.5Mto10M,42,Employees.20to49,394,39,339,33,"TitleCodeMiddle.Artists,TitleCode.Technical,TitleCodeTop.Arts,TitleCodeMiddle.Director,TitleCode.Arts,TitleCode.IT,TitleCodeTop.Business,TitleCodeMiddle.Technical,TitleCode.Director","Engineering & Technical,Director",https://go.zoominfo.com/#/apps/search/person/results?personProfileId=5822718,9332b55105a6418684e7dec5d7248b99,bossfightentertainment.com,orbitaldirectors4-15
1430227929,Devol,Dana,,,,"Director, Information Technology",759,Information Technology,Director,,(206) 768-2626,ddevol@open-sq.com,5601 6th Ave. South Ste. 470,Seattle,Washington,98108,United States,13,3/21/2019,12194453,OpenSquare,OpenSquare,www.open-sq.com,(206) 768-8000,5601 6th Ave. South Ste. 470,Seattle,Washington,98108,United States,Furniture,Industry.mfg.furniture,Manufacturing,Industry.mfg,32400,Sales.25Mto50M,162,Employees.100to249,251,25,33,337,"TitleCode.IT,TitleCodeTop.Business,TitleCodeMiddle.Technical,TitleCode.Director,TitleCodeMiddle.Director","Engineering & Technical,Director",https://go.zoominfo.com/#/apps/search/person/results?personProfileId=1430227929,295ce3efa267369df34f53b0d624278c,open-sq.com,orbitaldirectors4-15
2064619445,Morales,Gilbert,,,,Director of Information Systems,759,Information Technology,Director,,(562) 365-5222,gmorales@tangraminteriors.com,9200 Sorensen Ave.,Santa Fe Springs,California,90670,United States,38,4/5/2019,37519864,Tangram Interiors,Tangram Interiors,www.tangraminteriors.com,(562) 365-5000,9200 Sorensen Ave.,Santa Fe Springs,California,90670,United States,Furniture,Industry.retail.furniture,Retail,Industry.retail,59800,Sales.50Mto100M,299,Employees.250to499,5712,571,44,442,"TitleCode.IT,TitleCodeTop.Business,TitleCodeMiddle.Technical,TitleCode.Director,TitleCodeMiddle.Director","Engineering & Technical,Director",https://go.zoominfo.com/#/apps/search/person/results?personProfileId=2064619445,9c05aead939905ad64a83cc4a9c184d2,tangraminteriors.com,orbitaldirectors4-15
1187099676,Britton,Jason,,,,Director of Information Technology,759,Information Technology,Director,,(803) 736-0522 ext. 286,jason.britton@fnamerica.com,797 Old Clemson Rd.,Columbia,South Carolina,29224,United States,41,3/21/2019,39391115,FN America LLC,FN America,fnamerica.com,(703) 288-3500,P.O. Box 9424,Mc Lean,Virginia,22102,United States,Sporting Goods,Industry.mfg.consumer.sport,Consumer Goods,Industry.mfg.consumer,94000,Sales.50Mto100M,470,Employees.250to499,3949,394,33992,339,"TitleCode.IT,TitleCodeTop.Business,TitleCodeMiddle.Technical,TitleCode.Director,TitleCodeMiddle.Director","Engineering & Technical,Director",https://go.zoominfo.com/#/apps/search/person/results?personProfileId=1187099676,2c29d9ae8e8560564fb07860760bf42a,fnamerica.com,orbitaldirectors4-15
1578882835,Fye,Jason,,,,"Director, Information Technology Infrastructure",759,Information Technology,Director,,(727) 578-8156,jason.fye@gd-ots.com,11399 16Th Ct. North Ste. 200,St. Petersburg,Florida,33716,United States,30,3/21/2019,46548138,General Dynamics Ordnance and Tactical Systems,General Dynamics,www.gd-ots.com,(727) 578-8100,11399 16Th Ct. North Ste. 200,St. Petersburg,Florida,33716,United States,Aerospace & Defense,Industry.mfg.aerospace,Manufacturing,Industry.mfg,100898,Sales.100MMto250M,300,Employees.250to499,34,348,332993,332,"TitleCode.IT,TitleCodeTop.Business,TitleCodeMiddle.Technical,TitleCode.Director,TitleCodeMiddle.Director","Engineering & Technical,Director",https://go.zoominfo.com/#/apps/search/person/results?personProfileId=1578882835,087bfd63ccbdd00d8b76e8b03759ad74,gd-ots.com,orbitaldirectors4-15
1882080396,Crawford,Jason,,,,Director of Management Information Systems,759,Information Technology,Director,,(330) 392-1308,jcrawford@trumbull.com,400 Dietz Rd. Northeast,Warren,Ohio,44483,United States,23,3/21/2019,80658675,Trumbull Industries Inc,Trumbull Industries,www.trumbull.com,(330) 434-6174,209 Perkins St.,Akron,Ohio,44304,United States,Retail,Industry.retail,Consumer Goods,Industry.mfg.consumer,300000,Sales.250Mto500M,134,Employees.100to249,5251,525,444,44,"TitleCodeMiddle.Manager,TitleCodeMiddle.Director,TitleCodeTop.Business,TitleCode.IT,TitleCodeMiddle.Technical,TitleCode.Manager,TitleCode.Director","Manager,Director",https://go.zoominfo.com/#/apps/search/person/results?personProfileId=1882080396,e8f31947a8dc4b845586b6b63c76b1bd,trumbull.com,orbitaldirectors4-15
1795288643,Macfee,Jeff,,,,Information Technology Director,759,Information Technology,Director,,(972) 312-8202 ext. 277,jeff.macfee@gearboxsoftware.com,101 E Park Blvd. Ste. 1200,Plano,Texas,75074,United States,22,3/21/2019,15728764,Gearbox Software LLC,Gearbox Software,www.gearboxsoftware.com,(972) 312-8202,101 E Park Blvd. Ste. 1200,Plano,Texas,75074,United States,Toys & Games,Industry.mfg.toys,Manufacturing,Industry.mfg,37500,Sales.25Mto50M,300,Employees.250to499,394,39,339,33,"TitleCode.IT,TitleCodeTop.Business,TitleCode.Technical,TitleCodeMiddle.Technical,TitleCode.Director,TitleCodeMiddle.Director","Engineering & Technical,Director",https://go.zoominfo.com/#/apps/search/person/results?personProfileId=1795288643,e56fd48ed51ced67218d5caa9192fb6e,gearboxsoftware.com,orbitaldirectors4-15
147960831,Mobley,Kyle,,,,"Acting Director, Information Technology",756,Information Technology,Director,,(510) 563-6588,kmobley@portofoakland.com,530 Water St.,Oakland,California,94607,United States,34,3/21/2019,53854913,Port of Oakland ag,Port of Oakland,www.portofoakland.com,(510) 627-1100,530 Water St.,Oakland,California,94607,United States,Boats & Submarines,Industry.mfg.boat,Manufacturing,Industry.mfg,62300,Sales.50Mto100M,501,Employees.500to999,373,37,531,5312,"TitleCode.IT,TitleCodeTop.Business,TitleCodeMiddle.Technical,TitleCode.Director,TitleCodeMiddle.Director","Engineering & Technical,Director",https://go.zoominfo.com/#/apps/search/person/results?personProfileId=147960831,b7f8d3366d91702b2fe2eeb0f06139ad,portofoakland.com,orbitaldirectors4-15
492402639,Moon,Mavis,A.,,,Director Information Systems,759,Information Technology,Director,,(408) 432-5658,mmoon@pivotinteriors.com,355 Scott Blvd. Ste. 110Santa,Santa Clara,California,95054,United States,37,4/11/2019,352803222,Pivot Interiors Inc,Pivot Interiors,www.pivotinteriors.com,(408) 432-5600,355 Scott Blvd. Ste. 110Santa,Santa Clara,California,95054,United States,Furniture,Industry.retail.furniture,Retail,Industry.retail,165910,Sales.100MMto250M,260,Employees.250to499,5712,571,44,442,"TitleCode.IT,TitleCodeTop.Business,TitleCodeMiddle.Technical,TitleCode.Director,TitleCodeMiddle.Director","Engineering & Technical,Director",https://go.zoominfo.com/#/apps/search/person/results?personProfileId=492402639,277f5ea820323af33645ceec9c85b8e8,pivotinteriors.com,orbitaldirectors4-15
1872442208,Speyer,Max,,,,"Director, Information Systems",759,Information Technology,Director,,(615) 326-0661,mspeyer@tennsco.com,201 Tennsco Dr.,Dickson,Tennessee,37055,United States,27,3/21/2019,225165467,Tennsco Corp,Tennsco Corp,www.tennsco.com,(615) 446-8000,201 Tennsco Dr.,Dickson,Tennessee,37055,United States,Furniture,Industry.mfg.furniture,Manufacturing,Industry.mfg,75000,Sales.50Mto100M,212,Employees.100to249,251,25,33,337,"TitleCode.IT,TitleCodeTop.Business,TitleCodeMiddle.Technical,TitleCode.Director,TitleCodeMiddle.Director","Engineering & Technical,Director",https://go.zoominfo.com/#/apps/search/person/results?personProfileId=1872442208,4845c6dfa04c0a2548a5370dd9e0f32c,tennsco.com,orbitaldirectors4-15
224680188,Vadeboncoeur,Marc,O.,,,"Director, Information Technology",759,Information Technology,Director,,(401) 298-8601,mvadeboncoeur@astronovainc.com,600 E GREENWICH Ave.,West Warwick,Rhode Island,2893,United States,32,3/21/2019,8047397,AstroNova Inc,AstroNova,www.astronovainc.com,(401) 828-4000,600 E GREENWICH Ave.,West Warwick,Rhode Island,2893,United States,Aerospace & Defense,Industry.mfg.aerospace,Test & Measurement Equipment,Industry.mfg.testequipment,150000,Sales.100MMto250M,352,Employees.250to499,35,357,339,5182,"TitleCode.IT,TitleCodeTop.Business,TitleCodeMiddle.Technical,TitleCode.Director,TitleCodeMiddle.Director","Engineering & Technical,Director",https://go.zoominfo.com/#/apps/search/person/results?personProfileId=224680188,aed4e6baeacc60fa5a1d2d9b6e7c7f5c,astronovainc.com,orbitaldirectors4-15
2161285821,Gujjari,Rajesh,,,,"Senior Director, Information Technology",763,Information Technology,Director,,,rajesh.gujjari@ff.com,18455 S Figueroa St.,Gardena,California,90248,United States,3,4/9/2019,369360036,Faraday & Future Inc,Faraday & Future,www.ff.com,(424) 276-7616,18455 S Figueroa St.,Gardena,California,90248,United States,Motor Vehicles,Industry.mfg.car,Manufacturing,Industry.mfg,150000,Sales.100MMto250M,750,Employees.500to999,371,37,33,336,"TitleCode.IT,TitleCodeTop.Business,TitleCodeMiddle.Technical,TitleCode.Director,TitleCodeMiddle.Director","Engineering & Technical,Director",https://go.zoominfo.com/#/apps/search/person/results?personProfileId=2161285821,84dd94454f546a719a8430607a77b2e8,ff.com,orbitaldirectors4-15
840898445,Lopez,Steve,,,,"Director, Information Technology and Operations",759,Operations,Director,,(425) 440-6852,slopez@bungie.com,550 106th Ave. NE # 207,Bellevue,Washington,98004,United States,39,3/21/2019,23416019,Bungie LLC,Bungie,www.bungie.com,(312) 563-6200,550 106th Ave. NE # 207,Bellevue,Washington,98004,United States,Toys & Games,Industry.mfg.toys,Manufacturing,Industry.mfg,51400,Sales.50Mto100M,257,Employees.250to499,394,39,339,33,"TitleCode.Operations,TitleCodeMiddle.Director,TitleCodeTop.Business,TitleCode.IT,TitleCodeMiddle.Operations,TitleCodeMiddle.Technical,TitleCode.Director","Operations,Director",https://go.zoominfo.com/#/apps/search/person/results?personProfileId=840898445,a5b090cea5fd033d279442e79467cc84,bungie.com,orbitaldirectors4-15
1746971725,Tims,Steven,,,,Director of Information Technology,759,Information Technology,Director,,(605) 575-0616,steven.tims@ravenind.com,205 E 6th St.,Sioux Falls,South Dakota,57104,United States,32,3/21/2019,9079836,Raven Industries Inc,Raven Industries,www.ravenind.com,(605) 336-2750,205 E 6TH St.,Sioux Falls,South Dakota,57117,United States,Manufacturing,Industry.mfg,Aerospace & Defense,Industry.mfg.aerospace,377317,Sales.250Mto500M,1157,Employees.1000to4999,30,308,326113,339,"TitleCode.IT,TitleCodeTop.Business,TitleCodeMiddle.Technical,TitleCode.Director,TitleCodeMiddle.Director","Engineering & Technical,Director",https://go.zoominfo.com/#/apps/search/person/results?personProfileId=1746971725,3380b19ae7952322220d6365a80d6fe9,ravenind.com,orbitaldirectors4-15
1480622449,Nguyen,Tony,,,,"Director, Information Technology",759,Information Technology,Director,,(510) 265-3535,tnguyen@mdcvacuum.com,23842 Cabot Blvd.,Hayward,California,94545,United States,29,3/21/2019,16632661,MDC Vacuum Products LLC,MDC Vacuum Products,www.mdcvacuum.com,(510) 265-3500,30962 Santana St.,Hayward,California,94544,United States,Electronics,Industry.mfg.electronics,Manufacturing,Industry.mfg,22000,Sales.10Mto25M,110,Employees.100to249,35,,,,"TitleCode.IT,TitleCodeTop.Business,TitleCodeMiddle.Technical,TitleCode.Director,TitleCodeMiddle.Director","Engineering & Technical,Director",https://go.zoominfo.com/#/apps/search/person/results?personProfileId=1480622449,90df89ea9b92c2721962f9548f4bf8e4,mdcvacuum.com,orbitaldirectors4-15
1949685318,Castle,Amanda,,,CMA CPA,Director of Accounting and Information Technology,759,Information Technology,Director,,(276) 645-8917,amanda.castle@electro-mechanical.com,1 Goodson St.,Bristol,Virginia,24203,United States,20,3/21/2019,12648801,Electro-Mechanical Corporation,Electro-Mechanical Corporation,www.electro-mechanical.com,(276) 669-4084,1 Goodson St.,Bristol,Virginia,24201,United States,Power Conversion & Protection Equipment,Industry.mfg.electronics.powerequip,Electronics,Industry.mfg.electronics,150000,Sales.100MMto250M,750,Employees.500to999,35,356,3332,333,"TitleCodeMiddle.Director,TitleCodeTop.Business,TitleCode.IT,TitleCodeMiddle.Finance,TitleCodeMiddle.Technical,TitleCode.Director,TitleCode.Accounting","Finance,Director",https://go.zoominfo.com/#/apps/search/person/results?personProfileId=1949685318,e8b6c81d6f4d8bc2d9c52c8efbf716c6,electro-mechanical.com,orbitaldirectors4-15
179527480,Hemann,Chuck,,,,"Director, Information Technology",759,Information Technology,Director,,(563) 585-8106,chemann@flexsteel.com,385 Bell St.,Dubuque,Iowa,52001,United States,103,3/21/2019,93521656,"Flexsteel Industries , Inc.",Flexsteel,www.flexsteel.com,(319) 556-7730,385 Bell St.,Dubuque,Iowa,52001,United States,Furniture,Industry.mfg.furniture,Manufacturing,Industry.mfg,489180,Sales.250Mto500M,1530,Employees.1000to4999,25,251,33712,336360,"TitleCode.IT,TitleCodeTop.Business,TitleCodeMiddle.Technical,TitleCode.Director,TitleCodeMiddle.Director","Engineering & Technical,Director",https://go.zoominfo.com/#/apps/search/person/results?personProfileId=179527480,d402d333123b12d2dbda800daf10504a,flexsteel.com,orbitaldirectors4-15
1259764326,Fayerweather,Dale,D.,Mr.,,Information Technology Director,759,Information Technology,Director,,(937) 528-7587,dfayerweather@midmark.com,1700 S Patterson Blvd. Ste. 400,Dayton,Ohio,45409,United States,33,3/21/2019,24969839,Midmark Corporation,Midmark Corporation,www.midmark.com,(937) 528-7529,1700 S Patterson Blvd. Ste. 400,Dayton,Ohio,45409,United States,Medical Devices & Equipment,Industry.mfg.medical,Manufacturing,Industry.mfg,60000,Sales.50Mto100M,1335,Employees.1000to4999,38,384,33,,"TitleCode.IT,TitleCodeTop.Business,TitleCode.Technical,TitleCodeMiddle.Technical,TitleCode.Director,TitleCodeMiddle.Director","Engineering & Technical,Director",https://go.zoominfo.com/#/apps/search/person/results?personProfileId=1259764326,874a8f0b8fb462c43fd239ae56d4cc7a,midmark.com,orbitaldirectors4-15
-2059175814,Hagen,Daniel,,,,Director of Information Technology,759,Information Technology,Director,,(512) 879-5932,dhagen@aspyr.com,1250 S. Capital of Texas Hwy. Bldg. 1 Ste. 650,Austin,Texas,78746,United States,22,3/21/2019,14929805,"Aspyr Media , Inc.",Aspyr Media,www.aspyr.com,(512) 708-8100,1250 S. Capital of Texas Hwy. Bldg. 1 Ste. 650,Austin,Texas,78746,United States,Toys & Games,Industry.mfg.toys,Manufacturing,Industry.mfg,15040,Sales.10Mto25M,187,Employees.100to249,394,39,339,33,"TitleCode.IT,TitleCodeTop.Business,TitleCodeMiddle.Technical,TitleCode.Director,TitleCodeMiddle.Director","Engineering & Technical,Director",https://go.zoominfo.com/#/apps/search/person/results?personProfileId=-2059175814,2290291bfe17a784a108745a8edfaf19,aspyr.com,orbitaldirectors4-15
-1255743326,Gephart,James,,,,"Director, Information Technology",759,Information Technology,Director,,(724) 779-2539,jgephart@gatan.com,780 Commonwealth Dr.,Warrendale,Pennsylvania,15086,United States,9,3/21/2019,15647375,Gatan Inc,Gatan,www.gatan.com,(925) 463-0200,5794 W Las Positas Blvd.,Pleasanton,California,94588,United States,Test & Measurement Equipment,Industry.mfg.testequipment,Manufacturing,Industry.mfg,42200,Sales.25Mto50M,211,Employees.100to249,38,382,333314,333,"TitleCode.IT,TitleCodeTop.Business,TitleCodeMiddle.Technical,TitleCode.Director,TitleCodeMiddle.Director","Engineering & Technical,Director",https://go.zoominfo.com/#/apps/search/person/results?personProfileId=-1255743326,753be561bff90e70c3b30b1d96a338fe,gatan.com,orbitaldirectors4-15
-2047269243,Windberry,Jw,,,,"Director, Information Technology",759,Information Technology,Director,,(706) 529-7068,jw.windberry@engineeredfloors.com,3510 Corporate Dr.,Dalton,Georgia,30721,United States,27,3/21/2019,346691752,Engineered Floors LLC,Engineered Floors,www.engineeredfloors.com,(706) 625-4334,3510 Corporate Dr.,Dalton,Georgia,30721,United States,Household Goods,Industry.mfg.consumer.household,Consumer Goods,Industry.mfg.consumer,280000,Sales.250Mto500M,1400,Employees.1000to4999,22,227,31411,314110,"TitleCode.IT,TitleCodeTop.Business,TitleCodeMiddle.Technical,TitleCode.Director,TitleCodeMiddle.Director","Engineering & Technical,Director",https://go.zoominfo.com/#/apps/search/person/results?personProfileId=-2047269243,21becd825ab8cce39c9b9d83c3ec7d39,engineeredfloors.com,orbitaldirectors4-15
2053015150,Smith,Matt,,,,Director of Information Technology,759,Information Technology,Director,,(248) 778-2150,msmith@humaneticsatd.com,23300 Haggerty Rd.,Farmington,Michigan,48335,United States,22,3/25/2019,346487348,Humanetics Innovative Solutions Inc,Humanetics,www.humaneticsatd.com,(734) 446-3106,47460 Galleon Dr.,Plymouth,Michigan,48170,United States,Test & Measurement Equipment,Industry.mfg.testequipment,Manufacturing,Industry.mfg,37500,Sales.25Mto50M,564,Employees.500to999,382,38,33,3345,"TitleCode.IT,TitleCodeTop.Business,TitleCodeMiddle.Technical,TitleCode.Director,TitleCodeMiddle.Director","Engineering & Technical,Director",https://go.zoominfo.com/#/apps/search/person/results?personProfileId=2053015150,ee042a5da8671a5fb98a9fa468e13e11,humaneticsatd.com,orbitaldirectors4-15
-1883458890,Peters,Noel,,,,"Director, Information Technology",759,Information Technology,Director,,(414) 328-5366,npeters@oilgear.com,2300 South 51st St.,Milwaukee,Wisconsin,53219,United States,16,3/21/2019,28704859,The Oilgear Company,Oilgear,www.oilgear.com,(231) 929-1660,1424 International Dr.,Traverse City,Michigan,49686,United States,Plumbing & HVAC Equipment,Industry.mfg.building.plumbing,Building Materials,Industry.mfg.building,150000,Sales.100MMto250M,350,Employees.250to499,34,349,221,333995,"TitleCode.IT,TitleCodeTop.Business,TitleCodeMiddle.Technical,TitleCode.Director,TitleCodeMiddle.Director","Engineering & Technical,Director",https://go.zoominfo.com/#/apps/search/person/results?personProfileId=-1883458890,797ddcbc975b6a3ee0e66f363af0024e,oilgear.com,orbitaldirectors4-15
1190490175,Cloud,Tony,,,,"Director, Information Technology",759,Information Technology,Director,,(504) 712-7585,tcloud@milnor.com,700 Jackson St.,Kenner,Louisiana,70062,United States,44,3/21/2019,25068278,Pellerin Milnor Corporation,Milnor,www.milnor.com,(504) 467-9591,P.O. Box 400,Kenner,Louisiana,70063,United States,Industrial Machinery & Equipment,Industry.mfg.industrialmachinery,Manufacturing,Industry.mfg,75000,Sales.50Mto100M,550,Employees.500to999,35,363,33,,"TitleCode.IT,TitleCodeTop.Business,TitleCodeMiddle.Technical,TitleCode.Director,TitleCodeMiddle.Director","Engineering & Technical,Director",https://go.zoominfo.com/#/apps/search/person/results?personProfileId=1190490175,76869b0dc2d04cac40e40c357252c4d3,milnor.com,orbitaldirectors4-15
1173242744,Nester,Barney,L.,,,Director Information Technology Tech Operations,759,Technical,Director,,(276) 629-6489,blnester@bassettfurniture.com,3525 Fairystone Park Hwy.,Bassett,Virginia,24055,United States,40,3/21/2019,10996253,Bassett Furniture Industries Inc,Bassett Furniture,www.bassettfurniture.com,(276) 629-6000,3525 Fairystone Park Hwy.,Bassett,Virginia,24055,United States,Furniture,Industry.mfg.furniture,Manufacturing,Industry.mfg,456855,Sales.250Mto500M,2574,Employees.1000to4999,25,251,33712,44211,"TitleCode.Technical,TitleCode.Operations,TitleCodeMiddle.Director,TitleCodeTop.Business,TitleCode.IT,TitleCodeMiddle.Operations,TitleCodeMiddle.Technical,TitleCode.Director","Operations,Director",https://go.zoominfo.com/#/apps/search/person/results?personProfileId=1173242744,a0e726a0932593b92dedd5330cce3daf,bassettfurniture.com,orbitaldirectors4-15
1542502195,Venturi,Brian,,,,Director of Information Technology and Operations,759,Operations,Director,,(650) 421-7675,bventuri@crystald.com,,San Francisco,California,,United States,16,3/27/2019,31822402,Crystal Dynamics Inc,Crystal Dynamics,www.crystald.com,(650) 421-7600,1300 Seaport Blvd. Ste. 100,Redwood City,California,94063,United States,Toys & Games,Industry.mfg.toys,Manufacturing,Industry.mfg,16800,Sales.10Mto25M,84,Employees.50to99,394,39,339,33,"TitleCode.Operations,TitleCodeMiddle.Director,TitleCodeTop.Business,TitleCode.IT,TitleCodeMiddle.Operations,TitleCodeMiddle.Technical,TitleCode.Director","Operations,Director",https://go.zoominfo.com/#/apps/search/person/results?personProfileId=1542502195,ce0518112e759e79ed015e7feea563ca,crystald.com,orbitaldirectors4-15
98698614,Newsome,Chris,,,,Director of Facilities and Information Technology,759,Facilities,Director,,(704) 455-0363,chris@hendrickmotorsports.com,4400 Papa Joe Hendrick Blvd.,Charlotte,North Carolina,28262,United States,64,4/9/2019,125567911,Hendrick Motorsports LLC,Hendrick Motorsports,www.hendrickmotorsports.com,(704) 455-3400,4400 Papa Joe Hendrick Blvd.,Charlotte,North Carolina,28262,United States,Motor Vehicles,Industry.mfg.car,Manufacturing,Industry.mfg,100000,Sales.100MMto250M,500,Employees.500to999,371,37,33,336,"TitleCode.Facilities,TitleCodeMiddle.Director,TitleCodeTop.Business,TitleCode.IT,TitleCodeMiddle.Operations,TitleCodeMiddle.Technical,TitleCode.Director","Operations,Director",https://go.zoominfo.com/#/apps/search/person/results?personProfileId=98698614,e3d8186b0d08930a9902c80def33919c,hendrickmotorsports.com,orbitaldirectors4-15
2008661927,Yurosko,Craig,,,,Information Technology Director,759,Information Technology,Director,,(949) 419-1000 ext. 5043,cyurosko@mirion.com,2652 McGaw Ave.,Irvine,California,92614,United States,26,4/9/2019,77579694,Mirion Technologies Inc,Mirion,www.mirion.com,(949) 419-1000,2652 McGaw Ave.,Irvine,California,92614,United States,Test & Measurement Equipment,Industry.mfg.testequipment,Manufacturing,Industry.mfg,8500,Sales.5Mto10M,692,Employees.500to999,38,382,33451,334510,"TitleCode.IT,TitleCodeTop.Business,TitleCode.Technical,TitleCodeMiddle.Technical,TitleCode.Director,TitleCodeMiddle.Director","Engineering & Technical,Director",https://go.zoominfo.com/#/apps/search/person/results?personProfileId=2008661927,efa099622882ed1239bee7edb9ed512d,mirion.com,orbitaldirectors4-15
1921592376,Haines,Douglas,A.,,,Information Technology Director,759,Information Technology,Director,,(503) 627-9957,dhaines@acumed.net,5885 NE Cornelius Pass Rd.,Hillsboro,Oregon,97124-9370,United States,27,3/21/2019,919255,Acumed LLC,Acumed,www.acumed.net,(888) 627-9957,4860 NE Brookwood Pkwy.,Hillsboro,Oregon,97124,United States,Medical Devices & Equipment,Industry.mfg.medical,Manufacturing,Industry.mfg,100000,Sales.100MMto250M,475,Employees.250to499,384,38,,,"TitleCode.IT,TitleCodeTop.Business,TitleCode.Technical,TitleCodeMiddle.Technical,TitleCode.Director,TitleCodeMiddle.Director","Engineering & Technical,Director",https://go.zoominfo.com/#/apps/search/person/results?personProfileId=1921592376,b7657580b92876073e19f5f838176d24,acumed.net,orbitaldirectors4-15
23979890,Gillhouse,David,R.,,,Information Technology Director,759,Information Technology,Director,,(708) 534-7189,gillhoused@bimba.com,25150 Governor's Hwy.,University Park,Illinois,60484,United States,108,10/14/2018,4719046,Bimba Manufacturing Company,Bimba,www.bimba.com,(708) 534-8544,25150 S Governors Hwy.,University Park,Illinois,60484,United States,Industrial Machinery & Equipment,Industry.mfg.industrialmachinery,Manufacturing,Industry.mfg,125510,Sales.100MMto250M,325,Employees.250to499,35,359,333995,33399,"TitleCode.IT,TitleCodeTop.Business,TitleCode.Technical,TitleCodeMiddle.Technical,TitleCode.Director,TitleCodeMiddle.Director","Engineering & Technical,Director",https://go.zoominfo.com/#/apps/search/person/results?personProfileId=23979890,b74c898278d501b788ca5ac20cce7db0,bimba.com,orbitaldirectors4-15
1947442275,Housley,Jared,,,,"Director of Information Technology, Applications",759,Information Technology,Director,,(918) 640-5922,jared.housley@thecrosbygroup.com,2801 Dawson Rd.,Tulsa,Oklahoma,74110,United States,26,3/21/2019,25381390,The Crosby Group LLC,The Crosby Group,www.thecrosbygroup.com,(918) 834-4611,2801 Dawson Rd.,Tulsa,Oklahoma,74110,United States,Metals & Minerals,Industry.mm.metals,Metals & Mining,Industry.mm,60000,Sales.50Mto100M,300,Employees.250to499,34,349,332,33,"TitleCode.IT,TitleCodeTop.Business,TitleCodeMiddle.Technical,TitleCode.Director,TitleCodeMiddle.Director","Engineering & Technical,Director",https://go.zoominfo.com/#/apps/search/person/results?personProfileId=1947442275,aecd90a8bfb66f9153815bf9cd3ba9bf,thecrosbygroup.com,orbitaldirectors4-15
2079844389,Hamilton,Mike,,,,Director Information Technology Infrastructure,759,Information Technology,Director,,(978) 749-3254,mhamilton@vicorpower.com,25 Frontage Rd.,Andover,Massachusetts,1810,United States,20,4/3/2019,153518114,Vicor Corporation,Vicor Corporation,www.vicorpower.com,(978) 470-2900,25 Frontage Rd.,Andover,Massachusetts,1810,United States,"Batteries, Power Storage Equipment & Generators",Industry.mfg.electronics.batteries,Electronics,Industry.mfg.electronics,227830,Sales.100MMto250M,970,Employees.500to999,36,367,335911,33599,"TitleCode.IT,TitleCodeTop.Business,TitleCodeMiddle.Technical,TitleCode.Director,TitleCodeMiddle.Director","Engineering & Technical,Director",https://go.zoominfo.com/#/apps/search/person/results?personProfileId=2079844389,b15e8a0a4d512ece7435e12476dd1e72,vicorpower.com,orbitaldirectors4-15
1524366861,Collyer,Patrick,R.,Mr.,,"Director of Marketing, Information Technology Solutions and Digital Strategy",759,General Marketing,Director,,(781) 674-3200,pcollyer@ilww.com,180 Hartwell Rd.,Bedford,Massachusetts,1730,United States,36,3/21/2019,45437463,Instrumentation Laboratory Company,Instrumentation Laboratory,www.instrumentationlaboratory.com,(781) 861-0710,180 Hartwell Rd.,Bedford,Massachusetts,1730,United States,Medical Devices & Equipment,Industry.mfg.medical,Manufacturing,Industry.mfg,357720,Sales.250Mto500M,700,Employees.500to999,384,38,,,"TitleCode.Marketing,TitleCode.Technical,TitleCodeMiddle.Director,TitleCodeTop.Business,TitleCode.IT,TitleCodeMiddle.Marketing,TitleCodeMiddle.Technical,TitleCode.Director","Marketing,Director",https://go.zoominfo.com/#/apps/search/person/results?personProfileId=1524366861,90e15551f20acd9e3de71ca764322c8c,ilww.com,orbitaldirectors4-15
3334841,Starnes,Pete,,,,Information Technology Director,759,Information Technology,Director,,(512) 942-9250,pete.starnes@fireflyspace.com,1320 Arrow Point Dr.,Cedar Park,Texas,78613,United States,103,3/12/2019,362010431,Firefly Aerospace Inc,Firefly Aerospace,www.fireflyspace.com,(512) 277-6959,1320 Arrow Point Dr.,Cedar Park,Texas,78613,United States,Aerospace & Defense,Industry.mfg.aerospace,Manufacturing,Industry.mfg,18800,Sales.10Mto25M,94,Employees.50to99,372,37,33,336,"TitleCode.IT,TitleCodeTop.Business,TitleCode.Technical,TitleCodeMiddle.Technical,TitleCode.Director,TitleCodeMiddle.Director","Engineering & Technical,Director",https://go.zoominfo.com/#/apps/search/person/results?personProfileId=3334841,e3e8ebd6ead9a9262b050773dd1cc24f,fireflyspace.com,orbitaldirectors4-15
1460292803,O'Brien,Shannon,C.,,,Director Of Information Technology,759,Information Technology,Director,,,shannon.obrien@qvii.com,850 Hudson Ave.,Rochester,New York,14621,United States,31,7/11/2018,73581286,"Quality Vision International , Inc.",Qualitiy Vision,www.qvii.com,(585) 544-0450,850 Hudson Ave.,Rochester,New York,14621,United States,Photographic & Optical Equipment,Industry.mfg.consumer.photo,Consumer Goods,Industry.mfg.consumer,100000,Sales.100MMto250M,500,Employees.500to999,382,38,33,3345,"TitleCode.IT,TitleCodeTop.Business,TitleCodeMiddle.Technical,TitleCode.Director,TitleCodeMiddle.Director","Engineering & Technical,Director",https://go.zoominfo.com/#/apps/search/person/results?personProfileId=1460292803,ee163896a4990f7c1c827255a9efb18b,qvii.com,orbitaldirectors4-15
2452323463,Macon,Danita,,,,Director Information Technology,759,Information Technology,Director,,(575) 520-3619,danita.macon@virgingalactic.com,,Las Cruces,New Mexico,,United States,2,4/5/2019,161103968,Virgin Galactic LLC,Virgin Galactic,www.virgingalactic.com,(562) 384-4400,4022 East Conant St.,Long Beach,California,90808,United States,Aerospace & Defense,Industry.mfg.aerospace,Manufacturing,Industry.mfg,46400,Sales.25Mto50M,232,Employees.100to249,372,37,33,336,"TitleCode.IT,TitleCodeTop.Business,TitleCodeMiddle.Technical,TitleCode.Director,TitleCodeMiddle.Director","Engineering & Technical,Director",https://go.zoominfo.com/#/apps/search/person/results?personProfileId=2452323463,56129f6d3d7c4f0959c8ef92f8ab5c47,virgingalactic.com,orbitaldirectors4-15
1557317100,Marsh,David,,,,Information Technology Director,759,Information Technology,Director,,(818) 833-5099,dmarsh@secondsight.com,"12744 SAN FERNANDO Rd., Bldg. 3",Sylmar,California,91342,United States,27,3/21/2019,47743546,"Second Sight Medical Products , Inc.",Second Sight,www.secondsight.com,(818) 833-5000,12744 San Fernando Rd. Ste. 400,Sylmar,California,91342,United States,Medical Devices & Equipment,Industry.mfg.medical,Manufacturing,Industry.mfg,7964,Sales.5Mto10M,112,Employees.100to249,38,384,33451,33,"TitleCode.IT,TitleCodeTop.Business,TitleCode.Technical,TitleCodeMiddle.Technical,TitleCode.Director,TitleCodeMiddle.Director","Engineering & Technical,Director",https://go.zoominfo.com/#/apps/search/person/results?personProfileId=1557317100,908d3d4970bece6c7751881b5af253cd,secondsight.com,orbitaldirectors4-15
123789,Chohan,Emmanuel,,,,Information Technology Director,759,Information Technology,Director,,(360) 949-1414,emmanuel.chohan@piratici.com,"12744 SAN FERNANDO Rd., Bldg. 3",Sylmar,California,91342,United States,27,3/21/2019,47743546,"Second Sight Medical Products , Inc.",Second Sight,www.secondsight.com,(818) 833-5000,12744 San Fernando Rd. Ste. 400,Sylmar,California,91342,United States,Medical Devices & Equipment,Industry.mfg.medical,Manufacturing,Industry.mfg,7964,Sales.5Mto10M,112,Employees.100to249,38,384,33451,33,"TitleCode.IT,TitleCodeTop.Business,TitleCode.Technical,TitleCodeMiddle.Technical,TitleCode.Director,TitleCodeMiddle.Director","Engineering & Technical,Director",https://go.zoominfo.com/#/apps/search/person/results?personProfileId=1557317100,908d3d4970bece6c7751881b5af253cd,secondsight.com,orbitaldirectors4-15
1651461713,Mulkiewicz,Dan,,,,Information Technology Director,759,Information Technology,Director,,(619) 838-3999,dmulkiewicz@highmoonstudios.com,"2051 Palomar Airport Rd., Ste. 100",Carlsbad,California,92011,United States,34,4/5/2019,55331114,High Moon Studios,High Moon Studios,www.highmoonstudios.com,(760) 448-3000,6197 El Camino Real,Carlsbad,California,92009,United States,Toys & Games,Industry.mfg.toys,Manufacturing,Industry.mfg,25600,Sales.25Mto50M,128,Employees.100to249,394,39,339,33,"TitleCode.IT,TitleCodeTop.Business,TitleCode.Technical,TitleCodeMiddle.Technical,TitleCode.Director,TitleCodeMiddle.Director","Engineering & Technical,Director",https://go.zoominfo.com/#/apps/search/person/results?personProfileId=1651461713,b33df3ce33cbbd67415bb4ba77fd7cd5,highmoonstudios.com,orbitaldirectors4-15
2016152203,Amadi,Javier,,,,"Director, Information Technology",759,Information Technology,Director,,,jamadi@sgn.com,3525 Eastham Dr.,Culver City,California,90232,United States,9,3/21/2019,256672193,Jam City Inc,Jam City,jamcity.com,(310) 205-4800,3562 Eastham Dr.,Culver City,California,90232,United States,Toys & Games,Industry.mfg.toys,Manufacturing,Industry.mfg,100000,Sales.100MMto250M,500,Employees.500to999,73,737,339,5182,"TitleCode.IT,TitleCodeTop.Business,TitleCodeMiddle.Technical,TitleCode.Director,TitleCodeMiddle.Director","Engineering & Technical,Director",https://go.zoominfo.com/#/apps/search/person/results?personProfileId=2016152203,9b4d8d5f9c8fc4762d5a7189322bce56,sgn.com,orbitaldirectors4-15
461724964,Bolaris,Jeff,,,,"Director, Information Technology",759,Information Technology,Director,,(858) 239-0500,jbolaris@daybreakgames.com,8928 Terman Ct.,San Diego,California,92121,United States,21,3/21/2019,409148208,Daybreak Game Company LLC,Daybreak Game Company,www.daybreakgames.com,(858) 239-0775,15051 Ave. Of Science,San Diego,California,92128,United States,Toys & Games,Industry.mfg.toys,Manufacturing,Industry.mfg,90000,Sales.50Mto100M,450,Employees.250to499,394,39,339,33,"TitleCode.IT,TitleCodeTop.Business,TitleCodeMiddle.Technical,TitleCode.Director,TitleCodeMiddle.Director","Engineering & Technical,Director",https://go.zoominfo.com/#/apps/search/person/results?personProfileId=461724964,ea236db8514b40d637015e16bb26fede,daybreakgames.com,orbitaldirectors4-15
-1980978457,Messer,James,,,,"Director, Information Technology",759,Information Technology,Director,,(630) 570-6869,jmesser@iesholdings.com,2211 York Rd. Ste. 320,Oak Brook,Illinois,60523,United States,21,4/11/2019,348084425,International Equipment Solutions LLC,IES Holdings,www.iesholdings.com,(630) 570-6880,2211 York Rd. Ste. 320,Oak Brook,Illinois,60523,United States,Industrial Machinery & Equipment,Industry.mfg.industrialmachinery,Manufacturing,Industry.mfg,400000,Sales.250Mto500M,2800,Employees.1000to4999,35,,,,"TitleCode.IT,TitleCodeTop.Business,TitleCodeMiddle.Technical,TitleCode.Director,TitleCodeMiddle.Director","Engineering & Technical,Director",https://go.zoominfo.com/#/apps/search/person/results?personProfileId=-1980978457,c5cf225065780ae5113c688b73dcd44e,iesholdings.com,orbitaldirectors4-15
-1125697044,Rodriguez,Jose,,,,"Director, Information Technology",759,Information Technology,Director,,(407) 562-5000 ext. 1277,jose.rodriguez@faro.com,125 TECHNOLOGY PARK,Lake Mary,Florida,32746,United States,7,3/21/2019,31037641,FARO Technologies Inc,FARO ,www.faro.com,(407) 333-9911,125 TECHNOLOGY PARK,Lake Mary,Florida,32746,United States,Electronics,Industry.mfg.electronics,Software Development & Design,Industry.software.mfg,360917,Sales.250Mto500M,1669,Employees.1000to4999,38,382,339,5182,"TitleCode.IT,TitleCodeTop.Business,TitleCodeMiddle.Technical,TitleCode.Director,TitleCodeMiddle.Director","Engineering & Technical,Director",https://go.zoominfo.com/#/apps/search/person/results?personProfileId=-1125697044,d72740f56e431e03f10f696d36192229,faro.com,orbitaldirectors4-15
-2012528321,Hall,Mark,,,,"Director, Information Technology Management",759,Technical,Director,,(717) 246-8365,mark.hall@gd-ots.com,11399 16Th Ct. North Ste. 200,St. Petersburg,Florida,33716,United States,5,4/11/2019,46548138,General Dynamics Ordnance and Tactical Systems,General Dynamics,www.gd-ots.com,(727) 578-8100,11399 16Th Ct. North Ste. 200,St. Petersburg,Florida,33716,United States,Aerospace & Defense,Industry.mfg.aerospace,Manufacturing,Industry.mfg,100898,Sales.100MMto250M,300,Employees.250to499,34,348,332993,332,"TitleCode.Technical,TitleCodeMiddle.Manager,TitleCodeMiddle.Director,TitleCodeTop.Business,TitleCode.IT,TitleCodeMiddle.Technical,TitleCode.Director,TitleCode.Manager","Manager,Director",https://go.zoominfo.com/#/apps/search/person/results?personProfileId=-2012528321,9253f38bf1b367892d0cf07870a5ad75,gd-ots.com,orbitaldirectors4-15
1200699415,Philips,Rexy,,,,Director - Business and Information Technology,759,Information Technology,Director,,(718) 292-9000 ext. 235,rexy@gal.com,50 E 153Rd St.,The Bronx,New York,10451,United States,27,7/20/2018,42862796,G.A.L. Manufacturing Corp.,G.A.L.,www.gal.com,(718) 292-9000,50 E. 153rd St.,The Bronx,New York,10451,United States,Electronics,Industry.mfg.electronics,Industrial Machinery & Equipment,Industry.mfg.industrialmachinery,60000,Sales.50Mto100M,300,Employees.250to499,35,353,3339,333,"TitleCode.IT,TitleCodeTop.Business,TitleCodeMiddle.Technical,TitleCode.Director,TitleCodeMiddle.Director","Engineering & Technical,Director",https://go.zoominfo.com/#/apps/search/person/results?personProfileId=1200699415,edc998c766a7d6cef6e188c951998a5e,gal.com,orbitaldirectors4-15
-1153284109,Stevens,Bernie,,,,"Director, Information Technology",759,Information Technology,Director,,,stevens@irwinseating.com,3251 Fruit Ridge Rd.,Grand Rapids,Michigan,49544,United States,5,4/11/2019,55922063,Irwin Seating Company,Irwin Seating,www.irwinseating.com,(616) 574-7400,3251 Fruit Ridge Rd.,Grand Rapids,Michigan,49544,United States,Furniture,Industry.mfg.furniture,Manufacturing,Industry.mfg,46270,Sales.25Mto50M,251,Employees.250to499,251,25,33,337,"TitleCode.IT,TitleCodeTop.Business,TitleCodeMiddle.Technical,TitleCode.Director,TitleCodeMiddle.Director","Engineering & Technical,Director",https://go.zoominfo.com/#/apps/search/person/results?personProfileId=-1153284109,1bb63971f55be490f709148b5ad3009b,irwinseating.com,orbitaldirectors4-15
724495900,Schley,Buck,,Mr.,,Director of Product Marketing and Information Technology,759,Information Technology,Director,,(646) 368-6263,bschley@innovant.com,37 West 20th St.,New York City,New York,10011,United States,31,3/26/2019,26936183,Innovant,Innovant,www.innovant.com,(212) 929-4883,37 West 20th St.,New York City,New York,10011,United States,Furniture,Industry.mfg.furniture,Manufacturing,Industry.mfg,37200,Sales.25Mto50M,186,Employees.100to249,251,25,33,337,"TitleCodeMiddle.Director,TitleCodeTop.Business,TitleCode.IT,TitleCodeMiddle.Marketing,TitleCodeMiddle.Technical,TitleCode.Product,TitleCode.Director","Marketing,Director",https://go.zoominfo.com/#/apps/search/person/results?personProfileId=724495900,4dde3d2cc7fe0954bae13df5bc108cb1,innovant.com,orbitaldirectors4-15
-1355205815,Tejo,Carlos,,,,"Director, Information Technology",759,Information Technology,Director,,(516) 677-0200 ext. 1235,ctejo@veeco.com,1 Terminal Dr.,Plainview,New York,11803,United States,16,3/29/2019,73318730,Veeco Instruments Inc,Veeco,www.veeco.com,(516) 677-0200,1 Terminal Dr.,Plainview,New York,11803,United States,Industrial Machinery & Equipment,Industry.mfg.industrialmachinery,Manufacturing,Industry.mfg,484756,Sales.250Mto500M,1014,Employees.1000to4999,35,355,33,3344,"TitleCode.IT,TitleCodeTop.Business,TitleCodeMiddle.Technical,TitleCode.Director,TitleCodeMiddle.Director","Engineering & Technical,Director",https://go.zoominfo.com/#/apps/search/person/results?personProfileId=-1355205815,fa0818b039da3a063eb5b5e3bb27e81b,veeco.com,orbitaldirectors4-15
1883274050,Stokes,David,,,,Information Technology Director,759,Information Technology,Director,,(713) 396-5752,david.stokes@cactuswhd.com,1 Greenway Plz. Ste. 225,Houston,Texas,77046-0106,United States,19,3/29/2019,356795454,"Cactus, Inc.",Cactus,www.cactuswhd.com,(713) 626-8800,920 MEMORIAL CITY WAY Ste. 300,Houston,Texas,77024,United States,Plumbing & HVAC Equipment,Industry.mfg.building.plumbing,Building Materials,Industry.mfg.building,300000,Sales.250Mto500M,880,Employees.500to999,35,353,221,333132,"TitleCode.IT,TitleCodeTop.Business,TitleCode.Technical,TitleCodeMiddle.Technical,TitleCode.Director,TitleCodeMiddle.Director","Engineering & Technical,Director",https://go.zoominfo.com/#/apps/search/person/results?personProfileId=1883274050,9f793f417505ab181a84e9e936be2af2,cactuswhd.com,orbitaldirectors4-15
2348777468,Filipiak,Deb,,,,"Director, Information Technology",759,Information Technology,Director,,,deb@williamsform.com,8165 Graphic Dr.,Belmont,Michigan,49306,United States,3,3/21/2019,131580028,Williams Form Engineering Corp,Williams Form,www.williamsform.com,(616) 866-0815,8165 Graphic Dr.,Belmont,Michigan,49306,United States,"Aggregates, Concrete & Cement",Industry.mfg.building.concrete,Building Materials,Industry.mfg.building,36800,Sales.25Mto50M,184,Employees.100to249,3272,327,327,32,"TitleCode.IT,TitleCodeTop.Business,TitleCodeMiddle.Technical,TitleCode.Director,TitleCodeMiddle.Director","Engineering & Technical,Director",https://go.zoominfo.com/#/apps/search/person/results?personProfileId=2348777468,b0ba73797737f5e71270d6bdb6ec4c4d,williamsform.com,orbitaldirectors4-15
2656994376,Finnick,Doug,,,,Information Technology Director,759,Information Technology,Director,,(614) 322-3377,dfinnick@capsahealthcare.com,8170 Dove Pkwy.,Canal Winchester,Ohio,43110,United States,10,4/9/2019,354031617,Capsa Solutions LLC,Capsa Solutions,www.capsahealthcare.com,(503) 766-2324,4253 NE 189th Ave.,Portland,Oregon,97230,United States,Software Development & Design,Industry.software.mfg,Software,Industry.software,37500,Sales.25Mto50M,400,Employees.250to499,25,259,33712,5182,"TitleCode.IT,TitleCodeTop.Business,TitleCode.Technical,TitleCodeMiddle.Technical,TitleCode.Director,TitleCodeMiddle.Director","Engineering & Technical,Director",https://go.zoominfo.com/#/apps/search/person/results?personProfileId=2656994376,1f2ada28054a6014a64961bc114d643f,capsahealthcare.com,orbitaldirectors4-15
-966258579,Kaplin,David,,,,Information Technology Director,759,Information Technology,Director,,(503) 682-4333 ext. 4333,dkaplin@dwfritz.com,27200 SW Pkwy. Ave.,Wilsonville,Oregon,97070-9214,United States,10,3/21/2019,12009758,"Dwfritz Automation, Inc.",Dwfritz,www.dwfritz.com,(503) 598-9393,9600 SW Boeckman Rd.,Wilsonville,Oregon,97070,United States,Test & Measurement Equipment,Industry.mfg.testequipment,Manufacturing,Industry.mfg,37800,Sales.25Mto50M,189,Employees.100to249,382,38,33,3345,"TitleCode.IT,TitleCodeTop.Business,TitleCode.Technical,TitleCodeMiddle.Technical,TitleCode.Director,TitleCodeMiddle.Director","Engineering & Technical,Director",https://go.zoominfo.com/#/apps/search/person/results?personProfileId=-966258579,967222475a126439116ce98bac055606,dwfritz.com,orbitaldirectors4-15
-2080126130,Garcia,Irwin,,,,"Director, Corporate Information Technology",760,Information Technology,Director,,(616) 395-5632,igarcia@tramecsloan.com,534 East 48Th St.,Holland,Michigan,49423,United States,18,3/26/2019,38699853,Tramec Sloan LLC,Tramec Sloan,www.tramecsloan.com,(616) 395-5620,534 East 48Th St.,Holland,Michigan,49423,United States,Industrial Machinery & Equipment,Industry.mfg.industrialmachinery,Manufacturing,Industry.mfg,41400,Sales.25Mto50M,207,Employees.100to249,37,371,49,492,"TitleCode.IT,TitleCodeTop.Business,TitleCodeMiddle.Technical,TitleCode.Director,TitleCodeMiddle.Director","Engineering & Technical,Director",https://go.zoominfo.com/#/apps/search/person/results?personProfileId=-2080126130,6c8c26bb1655b1743a3d007e50d379be,tramecsloan.com,orbitaldirectors4-15
1316188678,Ball,Jason,,,,"Director, Information Systems",759,Information Technology,Director,,(480) 346-6639,jason.ball@mdhelicopters.com,4555 East McDowell Rd.,Mesa,Arizona,85215,United States,45,4/4/2019,71435706,MD Helicopters Inc,MD Helicopters,www.mdhelicopters.com,(480) 346-6300,4555 E. McDowell Rd.,Mesa,Arizona,85215,United States,Aerospace & Defense,Industry.mfg.aerospace,Manufacturing,Industry.mfg,95200,Sales.50Mto100M,476,Employees.250to499,372,37,33,336,"TitleCode.IT,TitleCodeTop.Business,TitleCodeMiddle.Technical,TitleCode.Director,TitleCodeMiddle.Director","Engineering & Technical,Director",https://go.zoominfo.com/#/apps/search/person/results?personProfileId=1316188678,6daa35d65751e22dfd17d0a283345d7a,mdhelicopters.com,orbitaldirectors4-15
1849185292,Crouch,Jeff,,,,"Director, Information Technology",759,Information Technology,Director,,(410) 366-5500 ext. 297,jeff.crouch@pricemodern.com,2604 Sisson St.,Baltimore,Maryland,21211,United States,22,3/26/2019,97045445,Price Modern LLC,Price Modern,www.pricemodern.com,(410) 366-5500,"1101 Desoto Rd., Ste. A",Baltimore,Maryland,21223,United States,Furniture,Industry.mfg.furniture,Furniture,Industry.retail.furniture,75000,Sales.50Mto100M,172,Employees.100to249,5712,571,44,442,"TitleCode.IT,TitleCodeTop.Business,TitleCodeMiddle.Technical,TitleCode.Director,TitleCodeMiddle.Director","Engineering & Technical,Director",https://go.zoominfo.com/#/apps/search/person/results?personProfileId=1849185292,432abace61c7928047cf36ab0fb17ae3,pricemodern.com,orbitaldirectors4-15
304776882,Pettus,Jonathan,Q.,,,Director of Cybersecurity and Information Technology Solutions,759,Information Technology,Director,,(256) 964-4000 ext. 4109,jonathan.pettus@dynetics.com,1002 Explorer Blvd.,Huntsville,Alabama,35806,United States,42,3/21/2019,18171152,Dynetics Inc,Dynetics,www.dynetics.com,(256) 964-4000,1002 Explorer Blvd.,Huntsville,Alabama,35806,United States,Aerospace & Defense,Industry.mfg.aerospace,Manufacturing,Industry.mfg,293000,Sales.250Mto500M,1900,Employees.1000to4999,737,73,5182,51,"TitleCode.IT,TitleCodeTop.Business,TitleCode.Technical,TitleCodeMiddle.Technical,TitleCode.Director,TitleCodeMiddle.Director","Engineering & Technical,Director",https://go.zoominfo.com/#/apps/search/person/results?personProfileId=304776882,497b984027810675597d4f45e61d1dee,dynetics.com,orbitaldirectors4-15
2068137056,Fasheh,Tariq,,,,"Director, Information Technology",759,Information Technology,Director,,(978) 787-9441,tariq.fasheh@axcelis.com,108 CHERRY HILL Dr.,Beverly,Massachusetts,1915,United States,5,4/11/2019,11357418,Axcelis Technologies Inc,Axcelis Technologies,www.axcelis.com,(978) 787-4000,108 CHERRY HILL Dr.,Beverly,Massachusetts,1915,United States,Semiconductor & Semiconductor Equipment,Industry.mfg.electronics.semiconductors,Electronics,Industry.mfg.electronics,410561,Sales.250Mto500M,896,Employees.500to999,35,355,339,332,"TitleCode.IT,TitleCodeTop.Business,TitleCodeMiddle.Technical,TitleCode.Director,TitleCodeMiddle.Director","Engineering & Technical,Director",https://go.zoominfo.com/#/apps/search/person/results?personProfileId=2068137056,93cc6ae3051d27a0c346c18881812ab4,axcelis.com,orbitaldirectors4-15
1747907306,Panella,Jaume,,,,Director of Information Systems and Services,759,Information Technology,Director,,(781) 861-4565,jpanella@ilww.com,180 Hartwell Rd.,Bedford,Massachusetts,1730,United States,19,3/21/2019,45437463,Instrumentation Laboratory Company,Instrumentation Laboratory,www.instrumentationlaboratory.com,(781) 861-0710,180 Hartwell Rd.,Bedford,Massachusetts,1730,United States,Medical Devices & Equipment,Industry.mfg.medical,Manufacturing,Industry.mfg,357720,Sales.250Mto500M,700,Employees.500to999,384,38,,,"TitleCode.IT,TitleCodeTop.Business,TitleCodeMiddle.Technical,TitleCode.Director,TitleCodeMiddle.Director","Engineering & Technical,Director",https://go.zoominfo.com/#/apps/search/person/results?personProfileId=1747907306,da324a5a60cb4028da363b21472968a4,ilww.com,orbitaldirectors4-15
1752570836,Sweigart,James,,,,Director Information Technology and Mission Information Systems (ISSM),759,Information Technology,Director,,(703) 396-6398,jsweigart@aurora.aero,9950 Wakeman Dr.,Manassas,Virginia,20110,United States,22,3/21/2019,10308897,Aurora Flight Sciences Corporation,Aurora Aero,www.aurora.aero,(703) 369-3633,9950 Wakeman Dr.,Manassas,Virginia,20110,United States,Aerospace & Defense,Industry.mfg.aerospace,Manufacturing,Industry.mfg,169190,Sales.100MMto250M,550,Employees.500to999,37,372,33,336,"TitleCodeTop.Others,TitleCodeMiddle.Religion,TitleCodeMiddle.Director,TitleCodeTop.Business,TitleCode.Religion,TitleCode.IT,TitleCodeMiddle.Technical,TitleCode.Director","Engineering & Technical,Director",https://go.zoominfo.com/#/apps/search/person/results?personProfileId=1752570836,0524854d143c0f3df2c8d37137e65c2e,aurora.aero,orbitaldirectors4-15
1872832380,Locke,Matthew,N.,,,"Director, Information Technology",759,Information Technology,Director,,(858) 569-4789,mlocke@bkmsd.com,4780 Eastgate Mall Ste. 100,San Diego,California,92121,United States,68,3/21/2019,14914065,BKM Officeworks,BKM Officeworks,www.bkmofficeworks.com,(858) 569-4700,4780 Eastgate Mall Ste. 100,San Diego,California,92121,United States,Furniture,Industry.mfg.furniture,Furniture,Industry.retail.furniture,33200,Sales.25Mto50M,166,Employees.100to249,5712,571,44,442,"TitleCode.IT,TitleCodeTop.Business,TitleCodeMiddle.Technical,TitleCode.Director,TitleCodeMiddle.Director","Engineering & Technical,Director",https://go.zoominfo.com/#/apps/search/person/results?personProfileId=1872832380,4303d0b74ed763dedf22a4f940222e30,bkmsd.com,orbitaldirectors4-15
1300841841,Edmiston,Sean,,,,"Director, Information Technology",759,Information Technology,Director,,(919) 694-4042,sedmiston@alfredwilliams.com,"410 S. Salisbury St., Ste. 200",Raleigh,North Carolina,27601,United States,32,3/29/2019,3606999,Alfred Williams & Company,Alfred Williams,www.alfredwilliams.com,(919) 832-9570,410 S. Salisbury St. Ste. 200,Raleigh,North Carolina,27601,United States,Furniture,Industry.mfg.furniture,Furniture,Industry.retail.furniture,46200,Sales.25Mto50M,231,Employees.100to249,5712,571,44,442,"TitleCode.IT,TitleCodeTop.Business,TitleCodeMiddle.Technical,TitleCode.Director,TitleCodeMiddle.Director","Engineering & Technical,Director",https://go.zoominfo.com/#/apps/search/person/results?personProfileId=1300841841,16d07a0c0ae53292bd31c40530665bc6,alfredwilliams.com,orbitaldirectors4-15
