﻿Zoom Individual ID,Last name,First name,Middle name,Salutation,Suffix,Job title,Job title hierarchy level,Job Function,Management Level,Company division name,Direct Phone Number,Email address,Person Street,Person City,Person State,Person Zip,Country,Source count,Last updated date,Zoom company ID,Company name,Column1,Company domain name,Company phone number,Company Street address,Company City,Company State,Company ZIP/Postal code,Company Country,Industry label,Industry hierarchical category,Secondary industry label,Secondary industry hierarchical category,Revenue (in 000s),Revenue Range,Employees,Employees Range,SIC1,SIC2,NAICS1,NAICS2,TitleCode,Highest Level Job Function,Contact Zoom URL,Encrypted Email Address,Email Domain
-1542804716,Homsi,Marc,,,,"Supervisor, Information Technology",649,Information Technology,Manager,,(770) 409-4077,marc.homsi@acspower.com,,,Georgia,,United States,6,7/24/2019,573668,Advanced Control Systems Inc,ACS,www.acspower.com,(770) 446-8854,2755 Northwoods Pkwy.,Norcross,Georgia,30071,United States,Test & Measurement Equipment,Industry.mfg.testequipment,Manufacturing,Industry.mfg,32588,Sales.25Mto50M,120,Employees.100to249,38,382,541511,541,"TitleCode.IT,TitleCodeTop.Business,TitleCodeMiddle.Manager,TitleCodeMiddle.Technical,TitleCode.Manager","Manager,Engineering & Technical",https://go.zoominfo.com/#/apps/search/person/results?personProfileId=-1542804716,cd861738dbd020446e18d71b6556c7c7,acspower.com
1830322188,Carvajal,Aidan,,,,"Manager, Information Technology",719,Information Technology,Manager,,(714) 226-1400 ext. 5200,acarvajal@alliancespacesystems.com,,,California,,United States,16,3/21/2019,1802977,"Alliance Spacesystems , Inc.",Alliance Spacesystems,www.alliancespacesystems.com,(714) 226-1400,4398 Corporate Center Dr.,Los Alamitos,California,90720,United States,Aerospace & Defense,Industry.mfg.aerospace,Manufacturing,Industry.mfg,30000,Sales.25Mto50M,80,Employees.50to99,87,871,33599,5413,"TitleCode.IT,TitleCodeTop.Business,TitleCodeMiddle.Manager,TitleCodeMiddle.Technical,TitleCode.Manager","Manager,Engineering & Technical",https://go.zoominfo.com/#/apps/search/person/results?personProfileId=1830322188,cf9a593ab89650458493ce04022beb04,alliancespacesystems.com
-1067013120,Lathker,Deepak,,,,"Head of IT, Security & Apps",770,Information Technology,Director,,(408) 886-9317,deepakl@altadevices.com,545 Oakmead Pkwy.,Sunnyvale,California,94085,United States,10,7/9/2019,356178637,Alta Devices Inc,Alta Devices,www.altadevices.com,(408) 675-2966,545 Oakmead Pkwy.,Sunnyvale,California,94085,United States,Semiconductor & Semiconductor Equipment,Industry.mfg.electronics.semiconductors,Electronics,Industry.mfg.electronics,40000,Sales.25Mto50M,200,Employees.100to249,36,367,221,33441,"TitleCode.IT,TitleCodeTop.Business,TitleCodeMiddle.Technical,TitleCode.Director,TitleCodeMiddle.Director","Engineering & Technical,Director",https://go.zoominfo.com/#/apps/search/person/results?personProfileId=-1067013120,f397caecf820061fe4004470bb41cada,altadevices.com
-999844998,Downing,Larry,,,,"Manager, Information Technology",719,Information Technology,Manager,,(740) 522-2203 ext. 2161,ldowning@anomatic.com,8880 Innovation Campus Ct.,New Albany,Ohio,43031,United States,12,7/30/2019,6852027,Anomatic Corporation,Anomatic,www.anomatic.com,(740) 522-2203,8880 Innovation Campus Ct.,New Albany,Ohio,43031,United States,"Plastic, Packaging & Containers",Industry.mfg.plastic,Manufacturing,Industry.mfg,100000,Sales.100MMto250M,1000,Employees.1000to4999,34,347,56191,5619,"TitleCode.IT,TitleCodeTop.Business,TitleCodeMiddle.Manager,TitleCodeMiddle.Technical,TitleCode.Manager","Manager,Engineering & Technical",https://go.zoominfo.com/#/apps/search/person/results?personProfileId=-999844998,3d5fd4071b3f2c2e6e9cd2c291254a3f,anomatic.com
2847817742,Alge,Brian,,,,"Director, Information Technology",759,Information Technology,Director,,(440) 262-2543,brian.alge@appliedmedical.net,,,Ohio,,United States,6,8/1/2019,2474343,Applied Medical Technology Inc,Applied Medical,www.appliedmedical.net,(440) 717-4000,8006 Katherine Blvd.,Brecksville,Ohio,44141,United States,Medical Devices & Equipment,Industry.mfg.medical,Manufacturing,Industry.mfg,96513,Sales.50Mto100M,113,Employees.100to249,38,384,339,33,"TitleCode.IT,TitleCodeTop.Business,TitleCodeMiddle.Technical,TitleCode.Director,TitleCodeMiddle.Director","Engineering & Technical,Director",https://go.zoominfo.com/#/apps/search/person/results?personProfileId=2847817742,6c0f3b32421b66449fe70251649d2f94,appliedmedical.net
3024261710,Gallardo,Anthony,,,,"Support Supervisor, Information Technology",649,Information Technology,Manager,,,agallardo@axon.com,17800 N 85th St.,Scottsdale,Arizona,85255,United States,6,7/19/2019,10096018,"Axon Enterprise , Inc.",Axon Enterprise,www.axon.com,(480) 991-0797,17800 N 85th St.,Scottsdale,Arizona,85255,United States,Manufacturing,Industry.mfg,Metals & Minerals,Industry.mm.metals,343798,Sales.250Mto500M,949,Employees.500to999,34,348,339,332,"TitleCode.IT,TitleCodeTop.Business,TitleCodeMiddle.Manager,TitleCodeMiddle.Technical,TitleCode.Manager","Manager,Engineering & Technical",https://go.zoominfo.com/#/apps/search/person/results?personProfileId=3024261710,9bc6e7f4a2d9ecc5749aaf93a1b67113,axon.com
1670383488,Chesborough,Amber,,,,"Project Management Office Director, Information Technology",759,Information Technology,Director,,(480) 502-6298,achesborough@axon.com,17800 N 85th St.,Scottsdale,Arizona,85255,United States,44,6/18/2019,10096018,"Axon Enterprise , Inc.",Axon Enterprise,www.axon.com,(480) 991-0797,17800 N 85th St.,Scottsdale,Arizona,85255,United States,Manufacturing,Industry.mfg,Metals & Minerals,Industry.mm.metals,343798,Sales.250Mto500M,949,Employees.500to999,34,348,339,332,"TitleCodeMiddle.Manager,TitleCode.ProjectManagement,TitleCodeMiddle.Director,TitleCode.IT,TitleCodeTop.Business,TitleCodeMiddle.Operations,TitleCodeMiddle.Technical,TitleCode.Director,TitleCode.Manager","Manager,Director",https://go.zoominfo.com/#/apps/search/person/results?personProfileId=1670383488,20e6ed09990df9e28b3d6b12e4430d79,axon.com
-1224173451,Hopkins,Joe,,,,"Manager, Information Technology",719,Information Technology,Manager,,(989) 757-1310,chopkins@bplittleford.com,,,Michigan,,United States,12,7/26/2019,16961883,B&P Littleford LLC,B&P Littleford,www.bplittleford.com,(989) 757-1300,1000 Hess Ave.,Saginaw,Michigan,48601,United States,Textiles & Apparel,Industry.mfg.consumer.clothes,Consumer Goods,Industry.mfg.consumer,30415,Sales.25Mto50M,108,Employees.100to249,35,355,333249,33329,"TitleCode.IT,TitleCodeTop.Business,TitleCodeMiddle.Manager,TitleCodeMiddle.Technical,TitleCode.Manager","Manager,Engineering & Technical",https://go.zoominfo.com/#/apps/search/person/results?personProfileId=-1224173451,d23b18bcc4e1277d53331fbd84ffe0c9,bplittleford.com
-1651595827,Raabe,Michael,,,,"Manager, Information Technology",719,Information Technology,Manager,,(410) 799-6305,mraabe@baltimoreaircoil.com,7600 Dorsey Run Rd.,Jessup,Maryland,20794,United States,3,3/21/2019,27596424,Baltimore Aircoil Company,Baltimore Aircoil,www.baltimoreaircoil.com,(410) 799-6200,7600 Dorsey Run Rd.,Jessup,Maryland,20794,United States,Plumbing & HVAC Equipment,Industry.mfg.building.plumbing,Building Materials,Industry.mfg.building,369243,Sales.250Mto500M,1021,Employees.1000to4999,35,358,23822,5413,"TitleCode.IT,TitleCodeTop.Business,TitleCodeMiddle.Manager,TitleCodeMiddle.Technical,TitleCode.Manager","Manager,Engineering & Technical",https://go.zoominfo.com/#/apps/search/person/results?personProfileId=-1651595827,89f81f7d062bd38a40e66f24250858f5,baltimoreaircoil.com
2177927304,Hurley,Kris,,,,"Director, Information Technology",759,Information Technology,Director,,(269) 651-9393 ext. 523,khurley@burroak.com,405 W South St.,Sturgis,Michigan,49091,United States,6,7/15/2019,18386978,Burr OAK Tool Inc,Burr OAK,www.burroak.com,(269) 651-9393,405 W South St.,Sturgis,Michigan,49091,United States,Manufacturing,Industry.mfg,Industrial Machinery & Equipment,Industry.mfg.industrialmachinery,75000,Sales.50Mto100M,350,Employees.250to499,35,359,333,333519,"TitleCode.IT,TitleCodeTop.Business,TitleCodeMiddle.Technical,TitleCode.Director,TitleCodeMiddle.Director","Engineering & Technical,Director",https://go.zoominfo.com/#/apps/search/person/results?personProfileId=2177927304,406f3f45f4d02490979fcde474b550dc,burroak.com
-2053168694,Kabanov,Ivan,,,,"Manager, Information Technology",719,Information Technology,Manager,,(937) 434-8830 ext. 134,ikabanov@cesales.com,677 Congress Park Dr.,Dayton,Ohio,45459,United States,13,3/21/2019,20057607,C&E Sales Inc,C&E Sales,www.cesales.com,(937) 434-8830,677 Congress Park Dr.,Dayton,Ohio,45459,United States,Test & Measurement Equipment,Industry.mfg.testequipment,Manufacturing,Industry.mfg,15800,Sales.10Mto25M,79,Employees.50to99,38,382,33451,334513,"TitleCode.IT,TitleCodeTop.Business,TitleCodeMiddle.Manager,TitleCodeMiddle.Technical,TitleCode.Manager","Manager,Engineering & Technical",https://go.zoominfo.com/#/apps/search/person/results?personProfileId=-2053168694,3e20d9b530b95180de55ced41d35b7cb,cesales.com
-2120966837,Darden,Anthony,,,,"Director, Information Technology",759,Information Technology,Director,,,tony.darden@caplugs.com,7090 Edinboro Rd.,Erie,Pennsylvania,16509-4447,United States,72,7/31/2019,6701924,Caplugs,Caplugs,www.caplugs.com,(716) 876-9855,2150 Elmwood Ave.,Buffalo,New York,14207,United States,"Plastic, Packaging & Containers",Industry.mfg.plastic,Manufacturing,Industry.mfg,236300,Sales.100MMto250M,188,Employees.100to249,30,308,33451,3261,"TitleCode.IT,TitleCodeTop.Business,TitleCodeMiddle.Technical,TitleCode.Director,TitleCodeMiddle.Director","Engineering & Technical,Director",https://go.zoominfo.com/#/apps/search/person/results?personProfileId=-2120966837,758d3c7430f62aef30e8abca111e97a0,caplugs.com
-992046904,Capps,Kip,,,,"Manager, Information Technology",719,Information Technology,Manager,,,kip.capps@cappsmfg.com,2121 S. Edwards,Wichita,Kansas,67213,United States,6,3/26/2019,345002722,Capps Manufacturing Inc,Capps,www.cappsmfg.com,(316) 942-9351,2121 S. Edwards,Wichita,Kansas,67213,United States,Aerospace & Defense,Industry.mfg.aerospace,Manufacturing,Industry.mfg,46167,Sales.25Mto50M,25,Employees.20to49,55,559,44122,333249,"TitleCode.IT,TitleCodeTop.Business,TitleCodeMiddle.Manager,TitleCodeMiddle.Technical,TitleCode.Manager","Manager,Engineering & Technical",https://go.zoominfo.com/#/apps/search/person/results?personProfileId=-992046904,e07097f26af3a6d0298dd9d22a0e9289,cappsmfg.com
1792581333,Dinh,Kim,,,,"Director, Information Technology",759,Information Technology,Director,,(972) 628-2120,kim.dinh@ccsmed.com,1505 LBJ Freeway Ste. 600,Farmers Branch,Texas,75234,United States,29,5/13/2019,19960731,CCS Medical Inc,CCS Medical,www.ccsmed.com,(727) 531-9161,14255 49Th St. N Ste. 301,Clearwater,Florida,33762,United States,Medical Devices & Equipment,Industry.mfg.medical,Manufacturing,Industry.mfg,300000,Sales.250Mto500M,1000,Employees.1000to4999,38,384,339,44,"TitleCode.IT,TitleCodeTop.Business,TitleCodeMiddle.Technical,TitleCode.Director,TitleCodeMiddle.Director","Engineering & Technical,Director",https://go.zoominfo.com/#/apps/search/person/results?personProfileId=1792581333,04f14538d522ce9342ae0b004e2f713e,ccsmed.com
1814137315,Payne,Greg,,,,"Director, Information Technology",759,Information Technology,Director,,(727) 579-1500 ext. 223,gpayne@compulink.com,9601 16th St. N,St. Petersburg,Florida,33716,United States,17,7/29/2019,28234339,"CompuLink , Inc.",CompuLink,www.compulink.com,(727) 579-1500,1205 Gandy Blvd. N,St. Petersburg,Florida,33702,United States,Electronic Components,Industry.mfg.electronics.electronics,Electronics,Industry.mfg.electronics,44000,Sales.25Mto50M,110,Employees.100to249,36,367,335921,334419,"TitleCode.IT,TitleCodeTop.Business,TitleCodeMiddle.Technical,TitleCode.Director,TitleCodeMiddle.Director","Engineering & Technical,Director",https://go.zoominfo.com/#/apps/search/person/results?personProfileId=1814137315,8ead807ff9fb64190011086a75ac44b4,compulink.com
-1209453205,Pickel,Matthew,,,,"Manager, Information Technology",719,Information Technology,Manager,,(908) 692-1453,matthew.pickel@cooper-electric.com,1 Matrix Dr.,Monroe,New Jersey,8831,United States,16,7/26/2019,26545736,Cooper Electric Supply Co.,Cooper Electric,www.cooper-electric.com,(732) 747-2233,1 Matrix Dr.,Jamesburg,New Jersey,8831,United States,Electronics,Industry.mfg.electronics,Manufacturing,Industry.mfg,200000,Sales.100MMto250M,1000,Employees.1000to4999,,,23821,238210,"TitleCode.IT,TitleCodeTop.Business,TitleCodeMiddle.Manager,TitleCodeMiddle.Technical,TitleCode.Manager","Manager,Engineering & Technical",https://go.zoominfo.com/#/apps/search/person/results?personProfileId=-1209453205,47e4ec97f0e0387cf3294f9f5175a6df,cooper-electric.com
-1132819701,Currie,Tim,,,,"Senior Manager, Information Technology",723,Information Technology,Manager,,(512) 580-2282,currie.tim@cryolife.com,"1300 E. Anderson Ln., Bldg. B",Austin,Texas,78752,United States,12,5/7/2019,75303637,Cryolife Inc,Cryolife,www.cryolife.com,(770) 419-3355,1655 Roberts Blvd. N W,Kennesaw,Georgia,30144,United States,Medical Devices & Equipment,Industry.mfg.medical,Manufacturing,Industry.mfg,189702,Sales.100MMto250M,1000,Employees.1000to4999,38,384,339,62199,"TitleCode.IT,TitleCodeTop.Business,TitleCodeMiddle.Manager,TitleCodeMiddle.Technical,TitleCode.Manager","Manager,Engineering & Technical",https://go.zoominfo.com/#/apps/search/person/results?personProfileId=-1132819701,90ad296dd1a9114a4a87095bd7356fda,cryolife.com
1456700599,Toth,Andy,,,IV,"Manager, System Integration",719,Information Technology,Manager,,(262) 860-6420,andy.toth@dematic.com,,New Berlin,Wisconsin,53151,United States,25,7/23/2019,14632437,Dematic Corp,Dematic,www.dematic.com,(616) 913-6200,507 Plymouth Ave. NE,Grand Rapids,Michigan,49505,United States,Electronics,Industry.mfg.electronics,Industrial Machinery & Equipment,Industry.mfg.industrialmachinery,193795,Sales.100MMto250M,6000,Employees.5000to9999,35,353,5416,541,"TitleCode.IT,TitleCodeTop.Business,TitleCodeMiddle.Manager,TitleCodeMiddle.Technical,TitleCode.Manager","Manager,Engineering & Technical",https://go.zoominfo.com/#/apps/search/person/results?personProfileId=1456700599,06d09699cb8c33ad22b81478ad60fae7,dematic.com
1760916948,Williams,John,P.,,,"Manager, Information Technology",719,Information Technology,Manager,,(610) 725-8004 ext. 1354,jwilliams@dentalez.com,2 W. Liberty Blvd. Ste. 225,Malvern,Pennsylvania,19355,United States,75,3/21/2019,10977595,DentalEZ Group,DentalEZ,www.dentalez.com,(610) 725-8004,2 W. Liberty Blvd. Ste. 225,Malvern,Pennsylvania,19355,United States,Medical Devices & Equipment,Industry.mfg.medical,Manufacturing,Industry.mfg,64200,Sales.50Mto100M,321,Employees.250to499,38,384,339,33,"TitleCode.IT,TitleCodeTop.Business,TitleCodeMiddle.Manager,TitleCodeMiddle.Technical,TitleCode.Manager","Manager,Engineering & Technical",https://go.zoominfo.com/#/apps/search/person/results?personProfileId=1760916948,e19f12b70652dc2b123ab6015ddea4d5,dentalez.com
1747910318,Vernatter,Claude,,,,"Manager, Information Technology",719,Information Technology,Manager,,(617) 393-2999,claudev@doble.com,85 Walnut St.,Watertown,Massachusetts,2472,United States,18,7/30/2019,24056473,Doble Engineering Company,Doble,www.doble.com,(617) 926-4900,85 Walnut St.,Watertown,Massachusetts,2472,United States,Industrial Machinery & Equipment,Industry.mfg.industrialmachinery,Manufacturing,Industry.mfg,126000,Sales.100MMto250M,400,Employees.250to499,35,359,33271,33451,"TitleCode.IT,TitleCodeTop.Business,TitleCodeMiddle.Manager,TitleCodeMiddle.Technical,TitleCode.Manager","Manager,Engineering & Technical",https://go.zoominfo.com/#/apps/search/person/results?personProfileId=1747910318,d2b86c68662c05115553a8b2578e135e,doble.com
1412916916,Simester,Steve,,,,"Manager, Information Technology",719,Information Technology,Manager,,(425) 609-4911,steves@electroimpact.com,4606 107th St. SW,Mukilteo,Washington,98275,United States,11,7/29/2019,12649013,Electroimpact Inc,Electroimpact,www.electroimpact.com,(425) 348-8090,4413 CHENNAULT BEACH Rd.,Mukilteo,Washington,98275,United States,Aerospace & Defense,Industry.mfg.aerospace,Manufacturing,Industry.mfg,66600,Sales.50Mto100M,333,Employees.250to499,372,37,33,336,"TitleCode.IT,TitleCodeTop.Business,TitleCodeMiddle.Manager,TitleCodeMiddle.Technical,TitleCode.Manager","Manager,Engineering & Technical",https://go.zoominfo.com/#/apps/search/person/results?personProfileId=1412916916,762a9156ebd3d66cf32d5dffa7f8145d,electroimpact.com
-1864175339,Gilchrist,Kathie,,,,"Director, Information Technology",759,Information Technology,Director,,(513) 943-3311,kgilchrist@elliswatts.com,4400 Glen Willow Lake Ln.,Batavia,Ohio,45103,United States,15,6/14/2019,32295455,Ellis & Watts Global Industries Inc,Ellis & Watts,www.elliswatts.com,(513) 752-9000,4400 Glen Willow Lake Ln.,Batavia,Ohio,45103,United States,Industrial Machinery & Equipment,Industry.mfg.industrialmachinery,Manufacturing,Industry.mfg,16000,Sales.10Mto25M,80,Employees.50to99,35,359,33271,339,"TitleCode.IT,TitleCodeTop.Business,TitleCodeMiddle.Technical,TitleCode.Director,TitleCodeMiddle.Director","Engineering & Technical,Director",https://go.zoominfo.com/#/apps/search/person/results?personProfileId=-1864175339,20172b248e2f3b5dfdbca94f4c783988,elliswatts.com
1502754218,Embry,Rob,,,,"Manager, Information Technology",719,Information Technology,Manager,,(512) 531-6448,rob.embry@ets-lindgren.com,1301 Arrow Point Dr.,Cedar Park,Texas,78613,United States,31,3/21/2019,37293820,ETS-Lindgren L.P,ETS-Lindgren,www.ets-lindgren.com,(512) 531-6400,1301 Arrow Point Dr.,Cedar Park,Texas,78613,United States,Medical Devices & Equipment,Industry.mfg.medical,Medical Testing & Clinical Laboratories,Industry.healthcare.medicaltesting,77900,Sales.50Mto100M,750,Employees.500to999,38,382,332119,339,"TitleCode.IT,TitleCodeTop.Business,TitleCodeMiddle.Manager,TitleCodeMiddle.Technical,TitleCode.Manager","Manager,Engineering & Technical",https://go.zoominfo.com/#/apps/search/person/results?personProfileId=1502754218,f104fb2c670a655037c0dc9235c171d2,ets-lindgren.com
1172742902,Bush,Craig,,,,IT Infrastructure Manager,719,Information Technology,Manager,,(352) 327-4901,craig.bush@exac.com,2320 Nw 66Th Ct.,Gainesville,Florida,32653,United States,45,7/8/2019,81036941,"Exactech , Inc.",Exactech,www.exac.com,(352) 377-1140,2320 Nw 66Th Ct.,Gainesville,Florida,32653,United States,Medical Devices & Equipment,Industry.mfg.medical,Manufacturing,Industry.mfg,257573,Sales.250Mto500M,830,Employees.500to999,38,384,339,3261,"TitleCode.IT,TitleCodeTop.Business,TitleCodeMiddle.Manager,TitleCodeMiddle.Technical,TitleCode.Manager","Manager,Engineering & Technical",https://go.zoominfo.com/#/apps/search/person/results?personProfileId=1172742902,8dde1c895316771315f316bf9bd2cd07,exac.com
1215771415,Westveld,Matt,,,,"Manager, Information Technology",719,Information Technology,Manager,,(616) 738-0307 ext. 307,mwestveld@foggfiller.com,3455 JOHN F DONNELLY Dr.,Holland,Michigan,49424,United States,31,3/26/2019,14746446,FOGG FILLER COMPANY,Fogg Filler,www.foggfiller.com,(616) 786-3644,3455 JOHN F DONNELLY Dr.,Holland,Michigan,49424,United States,Industrial Machinery & Equipment,Industry.mfg.industrialmachinery,Manufacturing,Industry.mfg,83643,Sales.50Mto100M,111,Employees.100to249,35,359,48,488510,"TitleCode.IT,TitleCodeTop.Business,TitleCodeMiddle.Manager,TitleCodeMiddle.Technical,TitleCode.Manager","Manager,Engineering & Technical",https://go.zoominfo.com/#/apps/search/person/results?personProfileId=1215771415,3003a6f5e549e80a03fdc4a460d15487,foggfiller.com
3001716838,Wellington,Adam,,,,"Manager, Information Technology",719,Information Technology,Manager,,(860) 482-0266 ext. 265,awellington@franklinproducts.net,,,Connecticut,,United States,5,7/25/2019,47089567,Franklin Products Inc,Franklin Products,www.franklinproducts.net,(860) 482-0266,153 Water St.,Torrington,Connecticut,6790,United States,Aerospace & Defense,Industry.mfg.aerospace,Manufacturing,Industry.mfg,14400,Sales.10Mto25M,72,Employees.50to99,372,37,33,336,"TitleCode.IT,TitleCodeTop.Business,TitleCodeMiddle.Manager,TitleCodeMiddle.Technical,TitleCode.Manager","Manager,Engineering & Technical",https://go.zoominfo.com/#/apps/search/person/results?personProfileId=3001716838,2c5fe5621ce79ca9c50e19b17c92eb42,franklinproducts.net
2029589485,Denton,Adam,,,,"Director, Information Technology",759,Information Technology,Director,,(908) 876-3001 ext. 3300,adenton@frazier.com,91 FAIRVIEW Ave.,Long Valley,New Jersey,7853,United States,26,7/25/2019,47155240,Frazier Industrial Company,Frazier,www.frazier.com,(908) 876-3001,91 FAIRVIEW Ave.,Long Valley,New Jersey,7853,United States,Manufacturing,Industry.mfg,Household Goods,Industry.mfg.consumer.household,300000,Sales.250Mto500M,618,Employees.500to999,25,254,33712,332,"TitleCode.IT,TitleCodeTop.Business,TitleCodeMiddle.Technical,TitleCode.Director,TitleCodeMiddle.Director","Engineering & Technical,Director",https://go.zoominfo.com/#/apps/search/person/results?personProfileId=2029589485,7c6f554d7c9ce56fc87f5ae6f932733d,frazier.com
1933603558,Mills,Ian,,,,"Manager, Information Technology",719,Information Technology,Manager,,(908) 876-3001 ext. 3336,imills@frazier.com,91 FAIRVIEW Ave.,Long Valley,New Jersey,7853,United States,43,5/31/2019,47155240,Frazier Industrial Company,Frazier,www.frazier.com,(908) 876-3001,91 FAIRVIEW Ave.,Long Valley,New Jersey,7853,United States,Manufacturing,Industry.mfg,Household Goods,Industry.mfg.consumer.household,300000,Sales.250Mto500M,618,Employees.500to999,25,254,33712,332,"TitleCode.IT,TitleCodeTop.Business,TitleCodeMiddle.Manager,TitleCodeMiddle.Technical,TitleCode.Manager","Manager,Engineering & Technical",https://go.zoominfo.com/#/apps/search/person/results?personProfileId=1933603558,cc938953ae46a0fd15878d881c6423f4,frazier.com
-1798053263,Dorans,Robert,,,,"Director, Information Technology",759,Information Technology,Director,,(212) 807-2207,rdorans@fgoldman.com,154 W 14th St.,New York City,New York,10011,United States,12,7/26/2019,371603930,"Frederick Goldman , Inc.",Frederick Goldman,www.fgoldman.com,(212) 924-6767,55 Hartz Way,Secaucus,New Jersey,7094,United States,Textiles & Apparel,Industry.mfg.consumer.clothes,Consumer Goods,Industry.mfg.consumer,23400,Sales.10Mto25M,117,Employees.100to249,23,238,33991,339,"TitleCode.IT,TitleCodeTop.Business,TitleCodeMiddle.Technical,TitleCode.Director,TitleCodeMiddle.Director","Engineering & Technical,Director",https://go.zoominfo.com/#/apps/search/person/results?personProfileId=-1798053263,4d09e68297b99e6d0ce4ba73553c7ba0,fgoldman.com
1817940985,Pandey,Gunjan,,,,IT Infrastructure Service Manager,719,Information Technology,Manager,,(425) 446-6581,gunjan.pandey@gilbarco.com,7300 West Friendly AvenuePO Box 22087,Greensboro,North Carolina,27420,United States,7,7/3/2019,49958939,Gilbarco Veeder-Root Inc,Gilbarco,www.gilbarco.com,(336) 547-5000,7300 West Friendly AvenuePO Box 22087,Greensboro,North Carolina,27420,United States,Industrial Machinery & Equipment,Industry.mfg.industrialmachinery,Manufacturing,Industry.mfg,250000,Sales.250Mto500M,4000,Employees.1000to4999,35,358,3339,333,"TitleCode.IT,TitleCodeTop.Business,TitleCodeMiddle.Manager,TitleCodeMiddle.Technical,TitleCode.Manager","Manager,Engineering & Technical",https://go.zoominfo.com/#/apps/search/person/results?personProfileId=1817940985,d3c2f7c25e78d8f25db03e4649d4f895,gilbarco.com
726271463,McKittrick,Jim,,,,"Manager, CAD & Systems Administrator",720,Information Technology,Manager,,(510) 264-5000,jmckittrick@gillig.com,25800 Clawiter Rd.,Hayward,California,94545,United States,40,10/7/2018,16023868,Gillig Corporation,Gillig,www.gillig.com,(510) 785-1500,451 Discovery Dr.,Livermore,California,94551,United States,Motor Vehicles,Industry.mfg.car,Manufacturing,Industry.mfg,242470,Sales.100MMto250M,700,Employees.500to999,371,37,33,336,"TitleCode.IT,TitleCodeTop.Business,TitleCodeMiddle.Manager,TitleCodeMiddle.Technical,TitleCode.Manager","Manager,Engineering & Technical",https://go.zoominfo.com/#/apps/search/person/results?personProfileId=726271463,26400ad850fd7b0d3e18bc6e7f1fb52b,gillig.com
-1004957597,Kosar,Janet,,,,"Director, Information Technology",759,Information Technology,Director,,,kosarj@gojo.com,One Gojo Plz. Ste. 500,Akron,Ohio,44311,United States,4,8/2/2019,16286312,GOJO Industries Inc,GOJO,www.gojo.com,(330) 255-6000,One Gojo Plz. Ste. 500,Akron,Ohio,44311,United States,Chemicals,Industry.mfg.chemicals.chemicals,Cleaning Products,Industry.mfg.consumer.cleaning,286000,Sales.250Mto500M,2000,Employees.1000to4999,28,284,325611,325612,"TitleCode.Director,TitleCodeMiddle.Director,TitleCode.IT,TitleCodeTop.Business,TitleCodeMiddle.Technical","Engineering & Technical,Director",https://go.zoominfo.com/#/apps/search/person/results?personProfileId=-1004957597,d429c605e870cc1c405fe40a982b1da5,gojo.com
2010197765,Sunderlage,Robert,A.,,,"Director, Information Technology",759,Information Technology,Director,,(262) 446-7300,rob.sunderlage@galarson.com,,Pewaukee,Wisconsin,53072,United States,37,7/16/2019,16957714,Gustave A. Larson Company,Gustave A Larson,www.galarson.com,(262) 542-0200,6736 W. Washington St.,Milwaukee,Wisconsin,53214,United States,Retail General,Industry.retail.general,Retail,Industry.retail,250000,Sales.250Mto500M,450,Employees.250to499,50,507,4237,42,"TitleCode.IT,TitleCodeTop.Business,TitleCodeMiddle.Technical,TitleCode.Director,TitleCodeMiddle.Director","Engineering & Technical,Director",https://go.zoominfo.com/#/apps/search/person/results?personProfileId=2010197765,64a2f78a16b603b379cfb4f5392bf48d,galarson.com
-1622131458,Xu,Paul,,,,"Manager, Information Technology",719,Information Technology,Manager,,(800) 227-4224,pxu@hach.com,481 California St.,Grants Pass,Oregon,97526-8882,United States,6,2/26/2019,17007191,Hach Company,Hach,www.hach.com,(970) 669-2932,5600 Lindbergh Dr.,Loveland,Colorado,80539,United States,Manufacturing,Industry.mfg,Test & Measurement Equipment,Industry.mfg.testequipment,95000,Sales.50Mto100M,1000,Employees.1000to4999,38,382,5415,541512,"TitleCode.IT,TitleCodeTop.Business,TitleCodeMiddle.Manager,TitleCodeMiddle.Technical,TitleCode.Manager","Manager,Engineering & Technical",https://go.zoominfo.com/#/apps/search/person/results?personProfileId=-1622131458,3c6fae36669f9ddc286a44a360645456,hach.com
1678159140,Downing,Lucy,,,,"Director, Information Technology",759,Information Technology,Director,,(314) 633-2717,ldowning@hagerco.com,139 Victor St.,St. Louis,Missouri,63104,United States,18,3/21/2019,67176145,Hager Companies,Hager,www.hagerco.com,(314) 772-4400,139 Victor St.,St. Louis,Missouri,63104,United States,Building Materials,Industry.mfg.building,Manufacturing,Industry.mfg,108628,Sales.100MMto250M,237,Employees.100to249,34,342,33251,332510,"TitleCode.IT,TitleCodeTop.Business,TitleCodeMiddle.Technical,TitleCode.Director,TitleCodeMiddle.Director","Engineering & Technical,Director",https://go.zoominfo.com/#/apps/search/person/results?personProfileId=1678159140,dc36398180bdee029f46af6e668c40af,hagerco.com
1269406320,Barnum,Karl,,,,"Director, Information Technology",759,Information Technology,Director,,(303) 638-0609,karl.barnum@harmonicinc.com,20440 Sagewood Ln.,Parker,Colorado,80134,United States,29,3/21/2019,17219625,Harmonic Inc,Harmonic,www.harmonicinc.com,(408) 490-6242,4300 North First St.,San Jose,California,95134,United States,Film/Video Production & Services,Industry.media.broadcasting.film,Broadcasting,Industry.media.broadcasting,358246,Sales.250Mto500M,1244,Employees.1000to4999,36,78,5415,5182,"TitleCode.IT,TitleCodeTop.Business,TitleCodeMiddle.Technical,TitleCode.Director,TitleCodeMiddle.Director","Engineering & Technical,Director",https://go.zoominfo.com/#/apps/search/person/results?personProfileId=1269406320,c0fa72290ef95044d993a8c728800995,harmonicinc.com
2024740900,McAnulty,Kathy,,,,"Director, Information Technology",759,Information Technology,Director,,,kmcanulty@helena.com,1530 Lindbergh,Beaumont,Texas,77707,United States,5,12/14/2018,51777952,Helena Laboratories Pty. Ltd,Helena,www.helena.com,(409) 842-3714,1530 Lindbergh,Beaumont,Texas,77707,United States,Medical Devices & Equipment,Industry.mfg.medical,Manufacturing,Industry.mfg,226451,Sales.100MMto250M,800,Employees.500to999,38,382,339,33451,"TitleCode.IT,TitleCodeTop.Business,TitleCodeMiddle.Technical,TitleCode.Director,TitleCodeMiddle.Director","Engineering & Technical,Director",https://go.zoominfo.com/#/apps/search/person/results?personProfileId=2024740900,6a8bb4b78323f175f8d5ae5dde734b2f,helena.com
1863486056,Wenig,David,,,,"Senior Project Manager, Information Technology",723,Information Technology,Manager,,(847) 932-3577,david.wenig@hollister.com,2000 Hollister Dr.,Libertyville,Illinois,60048,United States,26,3/21/2019,32556641,Hollister Incorporated,Hollister,www.hollister.com,(847) 680-1000,2000 Hollister Dr.,Libertyville,Illinois,60048,United States,Medical Devices & Equipment,Industry.mfg.medical,Manufacturing,Industry.mfg,250000,Sales.250Mto500M,2000,Employees.1000to4999,38,384,339,5322,"TitleCode.ProjectManagement,TitleCodeMiddle.Manager,TitleCodeTop.Business,TitleCode.IT,TitleCodeMiddle.Operations,TitleCodeMiddle.Technical,TitleCode.Manager","Operations,Manager",https://go.zoominfo.com/#/apps/search/person/results?personProfileId=1863486056,d27ff2a67907d24c89cafb9a44b23408,hollister.com
-1128294044,Ranjan,Alok,,Mr.,,"Manager, Information Technology",719,Information Technology,Manager,,(856) 797-0900 ext. 3966,a.ranjan@holtec.com,555 Lincoln Dr. West,Marlton,New Jersey,8053,United States,10,7/29/2019,53054447,Holtec International Inc,Holtec,holtecinternational.com,(856) 797-0900,1 Holtec Dr. Ste. 1,Marlton,New Jersey,8053,United States,Industrial Machinery & Equipment,Industry.mfg.industrialmachinery,Manufacturing,Industry.mfg,303500,Sales.250Mto500M,400,Employees.250to499,35,355,541,5413,"TitleCode.IT,TitleCodeTop.Business,TitleCodeMiddle.Manager,TitleCodeMiddle.Technical,TitleCode.Manager","Manager,Engineering & Technical",https://go.zoominfo.com/#/apps/search/person/results?personProfileId=-1128294044,d82e3c29438aa2d5365a7ce7cd117284,holtec.com
1661454345,Heller,Ed,,Mr.,,"Director, Information Technology",759,Information Technology,Director,,(513) 459-4118,eheller@iceindustries.com,3810 Herr Rd.,Sylvania,Ohio,43560,United States,35,7/2/2019,78563618,Ice Industries Inc,Ice Industries,www.iceindustries.com,(419) 842-3600,3810 Herr Rd.,Sylvania,Ohio,43560,United States,Metals & Minerals,Industry.mm.metals,Metals & Mining,Industry.mm,30000,Sales.25Mto50M,150,Employees.100to249,34,346,332119,3321,"TitleCode.IT,TitleCodeTop.Business,TitleCodeMiddle.Technical,TitleCode.Director,TitleCodeMiddle.Director","Engineering & Technical,Director",https://go.zoominfo.com/#/apps/search/person/results?personProfileId=1661454345,5d368c591cfcd140e4e42bc6fe5abce0,iceindustries.com
-1039975002,Fox,Michelle,,,,"Manager, Information Technology",719,Information Technology,Manager,,(815) 895-1344,michelle.fox@idealindustries.com,,,Illinois,,United States,6,9/26/2018,49842257,IDEAL INDUSTRIES INC,Ideal Industries,www.idealindustries.com,(815) 895-5181,1375 Park Ave.,Sycamore,Illinois,60178,United States,Building Materials,Industry.mfg.building,Manufacturing,Industry.mfg,9400,Sales.5Mto10M,600,Employees.500to999,34,342,33599,332,"TitleCode.IT,TitleCodeTop.Business,TitleCodeMiddle.Manager,TitleCodeMiddle.Technical,TitleCode.Manager","Manager,Engineering & Technical",https://go.zoominfo.com/#/apps/search/person/results?personProfileId=-1039975002,a95910b6024e300aa54e115c535ecba4,idealindustries.com
-1575931670,Tuli,Preety,,,,"Business Analysis Manager, Information Technology",719,Information Technology,Manager,,(972) 616-5759,ptuli@inogen.net,1129 E. Collins Blvd.,Richardson,Texas,75081,United States,10,6/21/2019,40062945,Inogen Inc,Inogen,www.inogen.com,(805) 562-0500,326 Bollay Dr.,Goleta,California,93117,United States,Medical Devices & Equipment,Industry.mfg.medical,Manufacturing,Industry.mfg,249438,Sales.100MMto250M,770,Employees.500to999,38,384,339,3261,"TitleCode.IT,TitleCodeTop.Business,TitleCodeMiddle.Manager,TitleCodeMiddle.Technical,TitleCode.Manager","Manager,Engineering & Technical",https://go.zoominfo.com/#/apps/search/person/results?personProfileId=-1575931670,b996c77bc47c5f21b51e7edf94dfe2aa,inogen.net
2203168977,Norling,Kendall,,,,"Manager, Clinical Information Technology Operations",719,Health Professionals,Manager,,(781) 861-4466,knorling@ilww.com,180 Hartwell Rd.,Bedford,Massachusetts,1730,United States,7,3/21/2019,45437463,Instrumentation Laboratory Company,Instrumentation Laboratory,www.instrumentationlaboratory.com,(781) 861-0710,180 Hartwell Rd.,Bedford,Massachusetts,1730,United States,Medical Devices & Equipment,Industry.mfg.medical,Manufacturing,Industry.mfg,357720,Sales.250Mto500M,1800,Employees.1000to4999,87,873,5417,541,"TitleCodeTop.Medical,TitleCodeMiddle.Manager,TitleCode.HealthProf,TitleCodeMiddle.Health,TitleCode.Operations,TitleCode.IT,TitleCodeTop.Business,TitleCodeMiddle.Operations,TitleCodeMiddle.Technical,TitleCode.Manager","Manager,Medical & Health",https://go.zoominfo.com/#/apps/search/person/results?personProfileId=2203168977,37dcfa7e82528ba7ece4a86235162477,ilww.com
1524834305,Mulligan,Robert,,Mr.,,"Manager, Automation & Information Technology Product (North America)",719,Information Technology,Manager,,(781) 861-4549,rmulligan@ilww.com,180 Hartwell Rd.,Bedford,Massachusetts,1730,United States,23,3/21/2019,45437463,Instrumentation Laboratory Company,Instrumentation Laboratory,www.instrumentationlaboratory.com,(781) 861-0710,180 Hartwell Rd.,Bedford,Massachusetts,1730,United States,Medical Devices & Equipment,Industry.mfg.medical,Manufacturing,Industry.mfg,357720,Sales.250Mto500M,1800,Employees.1000to4999,87,873,5417,541,"TitleCodeMiddle.Manager,TitleCodeTop.Business,TitleCode.IT,TitleCodeMiddle.Marketing,TitleCodeMiddle.Technical,TitleCode.Product,TitleCode.Manager","Manager,Marketing",https://go.zoominfo.com/#/apps/search/person/results?personProfileId=1524834305,c6bbb7bcada4e64ecdbc853115591ba4,ilww.com
-1743995972,Haight,Arthur,,,,"Manager, Information Technology",719,Information Technology,Manager,,(941) 721-1068,ahaight@itwgse.us,11001 US Hwy. 41 North,Palmetto,Florida,34221,United States,12,6/4/2019,357347450,ITW GSE,ITW GSE,www.itwgse.com,(941) 721-1000,11001 US Hwy. 41 North,Palmetto,Florida,34221,United States,Aerospace & Defense,Industry.mfg.aerospace,Manufacturing,Industry.mfg,10000,Sales.10Mto25M,50,Employees.50to99,49,491,221,332995,"TitleCode.IT,TitleCodeTop.Business,TitleCodeMiddle.Manager,TitleCodeMiddle.Technical,TitleCode.Manager","Manager,Engineering & Technical",https://go.zoominfo.com/#/apps/search/person/results?personProfileId=-1743995972,73c6b611257929f847712ef2ddd3b279,itwgse.us
789817554,Reis,Frank,,,,"Manager, Information Technology",719,Information Technology,Manager,,(864) 721-2980 ext. 227,frank.reis@jankelts.com,190 Pkwy. W Ste. 100,Duncan,South Carolina,29334,United States,18,10/22/2018,347250859,Jankel Ltd,Jankel,www.jankel.com,(864) 721-2980,190 Pkwy. W Ste. 100,Duncan,South Carolina,29334,United States,Motor Vehicles,Industry.mfg.car,Manufacturing,Industry.mfg,36000,Sales.25Mto50M,180,Employees.100to249,371,37,332999,33611,"TitleCode.IT,TitleCodeTop.Business,TitleCodeMiddle.Manager,TitleCodeMiddle.Technical,TitleCode.Manager","Manager,Engineering & Technical",https://go.zoominfo.com/#/apps/search/person/results?personProfileId=789817554,f84d5022a59ff7d5de9512aa71dac8f3,jankelts.com
1660778011,Walker,Dale,,,,"Director, Alum Operations, CI & Information Technology",759,Operations,Director,,(507) 665-6204 ext. 277,dwalker@lesueurinc.com,1409 Vine St.,Le Sueur,Minnesota,56058,United States,47,7/18/2019,49366688,Le Sueur Incorporated,Le Sueur,www.lesueurinc.com,(507) 665-6204,1409 Vine St.,Le Sueur,Minnesota,56058,United States,Metals & Minerals,Industry.mm.metals,Metals & Mining,Industry.mm,84000,Sales.50Mto100M,420,Employees.250to499,33,336,3261,333,"TitleCodeMiddle.Director,TitleCode.Operations,TitleCode.IT,TitleCodeTop.Business,TitleCodeTop.Education,TitleCodeMiddle.Operations,TitleCode.EduAdmin,TitleCodeMiddle.AdminEdu,TitleCodeMiddle.Technical,TitleCode.Director","Operations,Director",https://go.zoominfo.com/#/apps/search/person/results?personProfileId=1660778011,76c8a4f427925dbdc354c9fb7c7492c6,lesueurinc.com
-837709892,Brocato,Christopher,,,,"Director, Information Technology",759,Information Technology,Director,,,cbrocato@leaffilter.com,1595 Georgetown Rd.,Hudson,Ohio,44236,United States,15,7/17/2019,165938128,LeafFilter North Inc,LeafFilter,www.leaffilter.com,(330) 655-7950,1595 Georgetown Rd.,Hudson,Ohio,44236,United States,Building Materials,Industry.mfg.building,Manufacturing,Industry.mfg,182900,Sales.100MMto250M,1500,Employees.1000to4999,17,176,23816,2381,"TitleCode.IT,TitleCodeTop.Business,TitleCodeMiddle.Technical,TitleCode.Director,TitleCodeMiddle.Director","Engineering & Technical,Director",https://go.zoominfo.com/#/apps/search/person/results?personProfileId=-837709892,062fee706ccc4800c44a33ff39e1d07a,leaffilter.com
-1678528314,Norwood,Brian,,,,"Manager, Information Technology",719,Information Technology,Manager,,(919) 926-0340,bnorwood@logostech.net,8045 Arco Corporate Dr. Ste. 230,Raleigh,North Carolina,27617,United States,22,4/15/2019,344295856,Logos Technologies LLC,Logos Technologies,www.logostech.net,(703) 584-5725,2701 Prosperity Ave. Ste. 400,Fairfax,Virginia,22031,United States,Test & Measurement Equipment,Industry.mfg.testequipment,Manufacturing,Industry.mfg,51600,Sales.50Mto100M,212,Employees.100to249,38,382,541511,5415,"TitleCode.IT,TitleCodeTop.Business,TitleCodeMiddle.Manager,TitleCodeMiddle.Technical,TitleCode.Manager","Manager,Engineering & Technical",https://go.zoominfo.com/#/apps/search/person/results?personProfileId=-1678528314,7d4c70d3b54a5315f69ad17fcbfb80eb,logostech.net
1502384172,Neeley,Jason,,,,"Manager, Information Technology",719,Information Technology,Manager,,,jneeley@lorencook.com,2015 E Dale St.,Springfield,Missouri,65803,United States,26,8/2/2019,23069287,LOREN COOK COMPANY,Loren Cook,www.lorencook.com,(417) 869-6474,2015 E Dale St.,Springfield,Missouri,65803,United States,Industrial Machinery & Equipment,Industry.mfg.industrialmachinery,Manufacturing,Industry.mfg,79000,Sales.50Mto100M,700,Employees.500to999,35,356,48,33341,"TitleCode.IT,TitleCodeTop.Business,TitleCodeMiddle.Manager,TitleCodeMiddle.Technical,TitleCode.Manager","Manager,Engineering & Technical",https://go.zoominfo.com/#/apps/search/person/results?personProfileId=1502384172,a30f4a10f985d6bb52a9ecf4795e8407,lorencook.com
-1047650668,Sheng,Julie,,,,"Operations Manager, Information Technology",719,Operations,Manager,,(626) 258-2704,jsheng@thegillcorp.com,4056 Easy St.,El Monte,California,91731,United States,9,3/21/2019,66766664,M.C. Gill Corporation,The Gill Corporation,www.thegillcorp.com,(626) 443-4022,4056 Easy St.,El Monte,California,91731,United States,"Miscellaneous Building Materials (Flooring, Cabinets, etc.)",Industry.mfg.building.other,Building Materials,Industry.mfg.building,130377,Sales.100MMto250M,501,Employees.500to999,34,344,332,3323,"TitleCodeMiddle.Manager,TitleCode.Operations,TitleCodeTop.Business,TitleCode.IT,TitleCodeMiddle.Operations,TitleCodeMiddle.Technical,TitleCode.Manager","Operations,Manager",https://go.zoominfo.com/#/apps/search/person/results?personProfileId=-1047650668,808b7c0f9499536201ad519076fce135,thegillcorp.com
2009306535,Rajak,Naresh,Kumar,,PMP,"Development Manager, Information Technology",719,Information Technology,Manager,,(626) 258-3969,nrajak@thegillcorp.com,4056 Easy St.,El Monte,California,91731,United States,27,3/21/2019,66766664,M.C. Gill Corporation,The Gill Corporation,www.thegillcorp.com,(626) 443-4022,4056 Easy St.,El Monte,California,91731,United States,"Miscellaneous Building Materials (Flooring, Cabinets, etc.)",Industry.mfg.building.other,Building Materials,Industry.mfg.building,130377,Sales.100MMto250M,501,Employees.500to999,34,344,332,3323,"TitleCode.IT,TitleCodeTop.Business,TitleCodeMiddle.Manager,TitleCode.SoftwareEng,TitleCodeMiddle.Technical,TitleCode.Manager","Manager,Engineering & Technical",https://go.zoominfo.com/#/apps/search/person/results?personProfileId=2009306535,a43a533d296642afee605888088b4095,thegillcorp.com
-1376693909,Seagull,Amon,,,,"Program Portfolio Manager, Information Technology",719,Information Technology,Manager,,,aseagull@magicleap.com,1855 Griffin Rd. Ste. b454,Dania,Florida,33004,United States,10,3/21/2019,355637871,Magic Leap Inc,Magic Leap,www.magicleap.com,(954) 889-7010,7500 W. Sunrise Blvd.,Plantation,Florida,33322,United States,Management Consulting,Industry.bizservice.consulting,Business Services,Industry.bizservice,180000,Sales.100MMto250M,1500,Employees.1000to4999,87,874,5416,541,"TitleCode.IT,TitleCodeTop.Business,TitleCodeMiddle.Manager,TitleCodeMiddle.Technical,TitleCode.Manager","Manager,Engineering & Technical",https://go.zoominfo.com/#/apps/search/person/results?personProfileId=-1376693909,d9441e556af8d08897e82c89d8a157e7,magicleap.com
-967822422,Bery,Arjun,,,,"Development Supervisor, Information Technology",649,Information Technology,Manager,,(865) 657-3683,arjunb@malibuboats.com,5075 Kimberly Way,Loudon,Tennessee,37774,United States,5,7/31/2019,23609487,"Malibu Boats, Inc.",Malibu Boats,www.malibuboats.com,(865) 458-5478,5075 Kimberly Way,Loudon,Tennessee,37774,United States,Boats & Submarines,Industry.mfg.boat,Manufacturing,Industry.mfg,497002,Sales.250Mto500M,1345,Employees.1000to4999,37,373,33661,3366,"TitleCode.IT,TitleCodeTop.Business,TitleCodeMiddle.Manager,TitleCode.SoftwareEng,TitleCodeMiddle.Technical,TitleCode.Manager","Manager,Engineering & Technical",https://go.zoominfo.com/#/apps/search/person/results?personProfileId=-967822422,32aa4154d25bb3752cbf4c6cecd16147,malibuboats.com
-1042808716,Armbruster,Philipp,,,,"Manager, Information Technology",719,Information Technology,Manager,,(860) 310-2433,parmbruster@mknorthamerica.com,105-125 Highland Park Dr.,Bloomfield,Connecticut,6002,United States,5,1/17/2019,370261173,"MK NORTH AMERICA, INC.",mk North America,www.mknorthamerica.com,(860) 769-5500,105-125 Highland Park Dr.,Bloomfield,Connecticut,6002,United States,Electronics,Industry.mfg.electronics,Industrial Machinery & Equipment,Industry.mfg.industrialmachinery,10200,Sales.10Mto25M,51,Employees.50to99,35,353,3339,333,"TitleCode.IT,TitleCodeTop.Business,TitleCodeMiddle.Manager,TitleCodeMiddle.Technical,TitleCode.Manager","Manager,Engineering & Technical",https://go.zoominfo.com/#/apps/search/person/results?personProfileId=-1042808716,f389ca351b5858b198f4d4eed1a9c1c0,mknorthamerica.com
-1313452569,Brahler,Mark,D.,,,"Director, Information Security",759,Information Technology,Director,,,mark.brahler@mtsi-va.com,,"Washington, D.C.",District of Columbia,,United States,7,2/11/2019,44549519,"Modern Technology Solutions , Inc.",Modern Technology,www.mtsi-va.com,(703) 564-3800,5285 Shawnee Rd. Ste. 400,Alexandria,Virginia,22312,United States,Aerospace & Defense,Industry.mfg.aerospace,Manufacturing,Industry.mfg,157000,Sales.100MMto250M,746,Employees.500to999,87,871,541,5413,"TitleCode.IT,TitleCodeTop.Business,TitleCodeMiddle.Technical,TitleCode.Director,TitleCodeMiddle.Director","Engineering & Technical,Director",https://go.zoominfo.com/#/apps/search/person/results?personProfileId=-1313452569,5987e394b04d9bfea9ae1166e6596158,mtsi-va.com
-2059376810,Hern,Larry,L.,,,"Senior Director, Information Technology",763,Information Technology,Director,,(530) 305-8826,larry.hern@molekule.com,1184 Harrison St.,San Francisco,California,94103,United States,49,7/29/2019,398109703,Molekule Inc,Molekule,www.molekule.com,,1184 Harrison St.,San Francisco,California,94103,United States,Appliances,Industry.mfg.consumer.appliances,Consumer Electronics,Industry.mfg.consumer.electronics,14400,Sales.10Mto25M,72,Employees.50to99,36,363,3352,33521,"TitleCode.IT,TitleCodeTop.Business,TitleCodeMiddle.Technical,TitleCode.Director,TitleCodeMiddle.Director","Engineering & Technical,Director",https://go.zoominfo.com/#/apps/search/person/results?personProfileId=-2059376810,6b5886618801c8e85f67d8147df3c8c0,molekule.com
-1399582005,Browning,Matt,,,,"Manager, Information Technology",719,Information Technology,Manager,,(847) 238-4024,mbrowning@mossinc.com,2600 Elmhurst Rd.,Elk Grove Village,Illinois,60007,United States,8,7/31/2019,187138771,Moss Inc,Moss,www.mossinc.com,(847) 238-4200,2600 Elmhurst Rd.,Elk Grove Village,Illinois,60007,United States,Consumer Electronics,Industry.mfg.consumer.electronics,Consumer Goods,Industry.mfg.consumer,53000,Sales.50Mto100M,538,Employees.500to999,73,738,56192,31331,"TitleCode.IT,TitleCodeTop.Business,TitleCodeMiddle.Manager,TitleCodeMiddle.Technical,TitleCode.Manager","Manager,Engineering & Technical",https://go.zoominfo.com/#/apps/search/person/results?personProfileId=-1399582005,74d30a54e218b556c6ecf08c1812a729,mossinc.com
1903169174,Willis,Les,,,,"Director, Information Technology",759,Information Technology,Director,,(480) 556-6066 ext. 2299,lwillis@nai-group.com,7975 North Hayden Rd.,Scottsdale,Arizona,85258,United States,19,8/1/2019,81904560,NAI,NAI,www.nai-group.com,(480) 556-6066,7975 North Hayden Rd.,Scottsdale,Arizona,85258,United States,Electronic Components,Industry.mfg.electronics.electronics,Electronics,Industry.mfg.electronics,300000,Sales.250Mto500M,3200,Employees.1000to4999,36,367,33441,33,"TitleCode.IT,TitleCodeTop.Business,TitleCodeMiddle.Technical,TitleCode.Director,TitleCodeMiddle.Director","Engineering & Technical,Director",https://go.zoominfo.com/#/apps/search/person/results?personProfileId=1903169174,f8bfb5c825d24433ee37a4ec2e2fa241,nai-group.com
1974032654,Borden,David,,,,IT Infrastructure Manager,719,Information Technology,Manager,,(414) 615-3673,davidb@nbf.com,735 N Water St. Ste. 400,Milwaukee,Wisconsin,53202,United States,22,7/11/2019,26427442,National Business Furniture companies,National Business Furniture,www.nationalbusinessfurniture.com,(800) 558-1010,770 South 70th St.,Milwaukee,Wisconsin,53214,United States,"Lumber, Wood Production & Timber Operations",Industry.mfg.building.lumber,Building Materials,Industry.mfg.building,165000,Sales.100MMto250M,185,Employees.100to249,25,252,444,337214,"TitleCode.IT,TitleCodeTop.Business,TitleCodeMiddle.Manager,TitleCodeMiddle.Technical,TitleCode.Manager","Manager,Engineering & Technical",https://go.zoominfo.com/#/apps/search/person/results?personProfileId=1974032654,2fbd7512aa06bfd3d3f9f25366b3e684,nbf.com
-1845931509,Pothula,Ashok,,,,"Senior Manager, Information Technology",723,Information Technology,Manager,,,ashok.pothula@nelsongp.com,1560 Williams Dr.,Stoughton,Wisconsin,53589,United States,7,6/19/2019,347622132,Nelson Global Products Inc,Nelson Global,nelsongp.com,(608) 719-1800,1560 Williams Dr.,Stoughton,Wisconsin,53589,United States,Plumbing & HVAC Equipment,Industry.mfg.building.plumbing,Building Materials,Industry.mfg.building,20240,Sales.10Mto25M,179,Employees.100to249,34,349,332996,332,"TitleCode.IT,TitleCodeTop.Business,TitleCodeMiddle.Manager,TitleCodeMiddle.Technical,TitleCode.Manager","Manager,Engineering & Technical",https://go.zoominfo.com/#/apps/search/person/results?personProfileId=-1845931509,36a288bd32d56ed243bbd07ade70419c,nelsongp.com
684797265,Decker,Bob,,,,"Manager, As Information Technology Systems Integration",719,Information Technology,Manager,,(859) 254-1221 ext. 8235,bdecker@neogen.com,944 Nandino Blvd.,Lexington,Kentucky,40511,United States,26,7/15/2019,27115528,Neogen Corporation,Neogen,www.neogen.com,(517) 372-9200,620 LESHER Pl.,Lansing,Michigan,48912,United States,Biotechnology,Industry.healthcare.pharmaceuticals.biotech,Pharmaceuticals,Industry.healthcare.pharmaceuticals,402252,Sales.250Mto500M,1546,Employees.1000to4999,28,283,32541,339,"TitleCode.IT,TitleCodeTop.Business,TitleCodeMiddle.Manager,TitleCodeMiddle.Technical,TitleCode.Manager","Manager,Engineering & Technical",https://go.zoominfo.com/#/apps/search/person/results?personProfileId=684797265,4388b6704d1b3d9d8c730a66151b499b,neogen.com
-1836496991,Parel,Jeff,,,,"Manager, Information Technology",719,Information Technology,Manager,,(763) 577-5505,jeff.parel@nonin.com,13700 1St Ave. N,Plymouth,Minnesota,55441,United States,12,7/7/2019,54019703,Nonin Medical Inc,Nonin,www.nonin.com,(763) 553-9968,13700 1St Ave. N,Plymouth,Minnesota,55441,United States,Test & Measurement Equipment,Industry.mfg.testequipment,Manufacturing,Industry.mfg,66803,Sales.50Mto100M,200,Employees.100to249,38,382,339,33,"TitleCode.IT,TitleCodeTop.Business,TitleCodeMiddle.Manager,TitleCodeMiddle.Technical,TitleCode.Manager","Manager,Engineering & Technical",https://go.zoominfo.com/#/apps/search/person/results?personProfileId=-1836496991,88b68bb8c055f2ee257b0ae738240a03,nonin.com
1614562861,Hallberg,Brett,,,,"Project Manager, Information Technology",719,Information Technology,Manager,,(218) 736-2973 ext. 2115,bhallberg@northerncontours.com,409 S Robert St.,Fergus Falls,Minnesota,56537-3137,United States,21,3/21/2019,28017219,Northern Contours Inc,Northern Contours,www.northerncontours.com,(651) 695-1698,1355 Mendota Heights Rd. Ste. 100,Saint Paul,Minnesota,55120,United States,Household Goods,Industry.mfg.consumer.household,"Lumber, Wood Production & Timber Operations",Industry.mfg.building.lumber,400000,Sales.250Mto500M,450,Employees.250to499,24,243,3219,33712,"TitleCode.ProjectManagement,TitleCodeMiddle.Manager,TitleCodeTop.Business,TitleCode.IT,TitleCodeMiddle.Operations,TitleCodeMiddle.Technical,TitleCode.Manager","Operations,Manager",https://go.zoominfo.com/#/apps/search/person/results?personProfileId=1614562861,a13136299de8a9ae32b10034fc6d172a,northerncontours.com
1563760899,Lloyd,Jason,,,,"Manager, Information Technology (North America)",719,Information Technology,Manager,,(435) 232-3290,jason.lloyd@packsize.com,6440 S. Wasatch Blvd.,Salt Lake City,Utah,84121,United States,49,7/11/2019,43811632,Packsize International LLC,Packsize,www.packsize.com,(801) 944-4814,3760 Commons Ln.,Salt Lake City,Utah,84104,United States,Industrial Machinery & Equipment,Industry.mfg.industrialmachinery,Manufacturing,Industry.mfg,204000,Sales.100MMto250M,350,Employees.250to499,35,355,56191,5619,"TitleCode.IT,TitleCodeTop.Business,TitleCodeMiddle.Manager,TitleCodeMiddle.Technical,TitleCode.Manager","Manager,Engineering & Technical",https://go.zoominfo.com/#/apps/search/person/results?personProfileId=1563760899,bb44ce978ef26a7ce5c875a75ddceec3,packsize.com
-1526539754,Zetts,Kyle,,,,"Manager, Information Technology",719,Information Technology,Manager,,(312) 508-3874,kzetts@phosphorgames.com,1144 W Fulton Market #300,Chicago,Illinois,60607,United States,13,3/21/2019,348086883,PHOSPHOR GAMES LLC,Phosphor,www.phos.ph,(312) 733-9890,1144 W Fulton Market #300,Chicago,Illinois,60607,United States,Toys & Games,Industry.mfg.toys,Manufacturing,Industry.mfg,7600,Sales.5Mto10M,38,Employees.20to49,394,39,339,33,"TitleCode.IT,TitleCodeTop.Business,TitleCodeMiddle.Manager,TitleCodeMiddle.Technical,TitleCode.Manager","Manager,Engineering & Technical",https://go.zoominfo.com/#/apps/search/person/results?personProfileId=-1526539754,a3882d2025f1c75ba14b94fd8fb3d0fb,phosphorgames.com
2005330147,Horvath,James,,,,"Senior Director, Information Technology",763,Information Technology,Director,,(630) 552-3111 ext. 9517,jhorvath@planosynergy.com,431 E. South St.,Plano,Illinois,60545,United States,28,6/20/2019,359268696,Plano Synergy Holdings,Plano,www.planosynergy.com,(972) 352-6600,602 Fountain Pkwy.,Grand Prairie,Texas,75050,United States,Sporting & Recreational Equipment Retail,Industry.retail.sports,Retail,Industry.retail,40200,Sales.25Mto50M,201,Employees.100to249,30,308,453,4539,"TitleCode.IT,TitleCodeTop.Business,TitleCodeMiddle.Technical,TitleCode.Director,TitleCodeMiddle.Director","Engineering & Technical,Director",https://go.zoominfo.com/#/apps/search/person/results?personProfileId=2005330147,bfa96bbccf1946d536fa7009478757f7,planosynergy.com
-1878679991,Cassells,Chad,,,,"Manager, Information Technology",719,Information Technology,Manager,,,ccassells@preformed.com,1421 Tomberlin Rd.,Monroe,North Carolina,28110,United States,9,4/11/2019,68454225,Preformed Line Products Company,Preformed,www.preformed.com,(440) 461-5200,660 Beta Dr.,Cleveland,Ohio,44143,United States,Electronic Components,Industry.mfg.electronics.electronics,Electronics,Industry.mfg.electronics,378212,Sales.250Mto500M,2762,Employees.1000to4999,36,16,334210,335921,"TitleCode.IT,TitleCodeTop.Business,TitleCodeMiddle.Manager,TitleCodeMiddle.Technical,TitleCode.Manager","Manager,Engineering & Technical",https://go.zoominfo.com/#/apps/search/person/results?personProfileId=-1878679991,6022101d40e9fea88b4ea7b37a7a63c5,preformed.com
2634859751,Sweet,Mark,,,Jr.,"Manager, Information Technology",719,Information Technology,Manager,,(317) 860-8086,msweet@ptsdiagnostics.com,4600 Anson Blvd.,Whitestown,Indiana,46075,United States,7,8/2/2019,67831106,PTS Diagnostics,PTS,www.ptsdiagnostics.com,(317) 870-5610,7736 Zionsville Rd.,Indianapolis,Indiana,46268,United States,Medical Devices & Equipment,Industry.mfg.medical,Manufacturing,Industry.mfg,45100,Sales.25Mto50M,138,Employees.100to249,38,384,42345,339,"TitleCode.IT,TitleCodeTop.Business,TitleCodeMiddle.Manager,TitleCodeMiddle.Technical,TitleCode.Manager","Manager,Engineering & Technical",https://go.zoominfo.com/#/apps/search/person/results?personProfileId=2634859751,a271515df5192b3434228932893d7f0a,ptsdiagnostics.com
1707402373,Jean-Baptiste,Francis,,,MBA,"Manager, Information Technology",719,Information Technology,Manager,,(281) 274-6445,francis.jean-baptiste@puffer.com,4230 Greenbriar,Stafford,Texas,77477,United States,38,7/30/2019,31638323,PUFFER-SWEIVEN LP,Puffer-Sweiven,www.puffer.com,(281) 240-2000,4230 Greenbriar,Stafford,Texas,77477,United States,Consumer Services General,Industry.consumerservices.general,Consumer Services,Industry.consumerservices,109500,Sales.100MMto250M,547,Employees.500to999,50,508,4238,42,"TitleCode.IT,TitleCodeTop.Business,TitleCodeMiddle.Manager,TitleCodeMiddle.Technical,TitleCode.Manager","Manager,Engineering & Technical",https://go.zoominfo.com/#/apps/search/person/results?personProfileId=1707402373,6746ccb9cd5d38d2ab072762e2c575ed,puffer.com
-2145076881,Szaszvarosi,Gyorgy,,,,"Director, Information Technology",759,Information Technology,Director,,,gyorgy.szaszvarosi@quantachrome.com,1900 Corporate Dr.,Boynton Beach,Florida,33426,United States,15,3/21/2019,31802405,Quantachrome Instruments,Quantachrome Instruments,www.quantachrome.com,(561) 731-4999,1900 Corporate Dr.,Boynton Beach,Florida,33426,United States,Test & Measurement Equipment,Industry.mfg.testequipment,Manufacturing,Industry.mfg,16600,Sales.10Mto25M,83,Employees.50to99,38,382,334519,33451,"TitleCode.IT,TitleCodeTop.Business,TitleCodeMiddle.Technical,TitleCode.Director,TitleCodeMiddle.Director","Engineering & Technical,Director",https://go.zoominfo.com/#/apps/search/person/results?personProfileId=-2145076881,0524f4fe70ed821ee289aff96db3a534,quantachrome.com
-2045927077,Chumbley,Matt,,,,"Global Services Manager, Information Technology",719,Information Technology,Manager,,(503) 615-1288,matt.chumbley@radisys.com,5435 Ne Dawson Creek Dr.,Hillsboro,Oregon,97124,United States,18,3/21/2019,32014693,RadiSys Corporation,RadiSys,www.radisys.com,(503) 615-1100,5435 Ne Dawson Creek Dr.,Hillsboro,Oregon,97124,United States,Business Services General,Industry.bizservice.general,Business Services,Industry.bizservice,133699,Sales.100MMto250M,647,Employees.500to999,35,357,541512,5415,"TitleCode.IT,TitleCodeTop.Business,TitleCodeMiddle.Manager,TitleCodeMiddle.Technical,TitleCode.Manager","Manager,Engineering & Technical",https://go.zoominfo.com/#/apps/search/person/results?personProfileId=-2045927077,a57570c3376249c3a3a0a51b36e5b5dc,radisys.com
225997535,Reif,Paul,,,,"Infrastructure Supervisor, Information Technology",649,Information Technology,Manager,,(605) 575-0619,paul.reif@ravenind.com,205 E 6th St.,Sioux Falls,South Dakota,57104,United States,27,8/1/2019,9079836,Raven Industries Inc,Raven Industries,www.ravenind.com,(605) 336-2750,205 E 6th St.,Sioux Falls,South Dakota,57104,United States,"Plastic, Packaging & Containers",Industry.mfg.plastic,Manufacturing,Industry.mfg,377317,Sales.250Mto500M,1157,Employees.1000to4999,30,308,339,3261,"TitleCode.IT,TitleCodeTop.Business,TitleCodeMiddle.Manager,TitleCodeMiddle.Technical,TitleCode.Manager","Manager,Engineering & Technical",https://go.zoominfo.com/#/apps/search/person/results?personProfileId=225997535,396035d6b343e1af6576f44b3adb6b2e,ravenind.com
1079769789,Atabakhsh,Homa,,Dr.,,"Project Manager, Prcpl Information Technology",719,Information Technology,Manager,,,homa_atabakhsh@raytheon.com,870 Winter St.,Waltham,Massachusetts,2451,United States,19,4/11/2019,120422954,Raytheon Missile Systems,Raytheon,www.raytheon.co.uk,(520) 794-3000,1151 E. Hermans Rd.,Tucson,Arizona,85706,United States,Manufacturing,Industry.mfg,Aerospace & Defense,Industry.mfg.aerospace,270000,Sales.250Mto500M,1350,Employees.1000to4999,38,381,336415,33451,"TitleCode.ProjectManagement,TitleCodeMiddle.Manager,TitleCodeTop.Business,TitleCode.IT,TitleCodeMiddle.Operations,TitleCodeMiddle.Technical,TitleCode.Manager","Operations,Manager",https://go.zoominfo.com/#/apps/search/person/results?personProfileId=1079769789,2b489c71fb9ffe4464e629a487f3f6b6,raytheon.com
2018059314,Green,Wayne,,,,"Manager, Information Technology",719,Information Technology,Manager,,(214) 663-9197,wayne.green@retractable.com,511 LOBO Ln.,Little Elm,Texas,75068,United States,18,5/10/2019,32719176,Retractable Technologies Inc,Retractable,www.retractable.com,(972) 294-1010,511 LOBO Ln.,Little Elm,Texas,75068,United States,Medical Devices & Equipment,Industry.mfg.medical,Manufacturing,Industry.mfg,34494,Sales.25Mto50M,146,Employees.100to249,38,384,42345,339,"TitleCode.IT,TitleCodeTop.Business,TitleCodeMiddle.Manager,TitleCodeMiddle.Technical,TitleCode.Manager","Manager,Engineering & Technical",https://go.zoominfo.com/#/apps/search/person/results?personProfileId=2018059314,4b1bbd7eb2306324852e27e10247d1f6,retractable.com
-1790185116,Sutherland,Kevin,,,,"Manager, Information Technology",719,Information Technology,Manager,,(719) 884-6378 ext. 1178,ksutherland@rtlogic.com,12515 Academy Ridge Vw,Colorado Springs,Colorado,80921,United States,16,7/24/2019,91849430,RT Logic,RT Logic,www.rtlogic.com,(719) 598-2801,12515 Academy Ridge Vw,Colorado Springs,Colorado,80921,United States,Computer Equipment & Peripherals,Industry.mfg.computers,Manufacturing,Industry.mfg,60610,Sales.50Mto100M,185,Employees.100to249,35,357,3341,51919,"TitleCode.IT,TitleCodeTop.Business,TitleCodeMiddle.Manager,TitleCodeMiddle.Technical,TitleCode.Manager","Manager,Engineering & Technical",https://go.zoominfo.com/#/apps/search/person/results?personProfileId=-1790185116,9ac5f96038a71f3b5c887c019de303d4,rtlogic.com
2056084119,Rickerson,Brian,,,,"Support Manager, Information Technology",719,Information Technology,Manager,,(770) 989-9475,brickerson@scires.com,2300 Windy Ridge Pkwy. Ste. 400,Atlanta,Georgia,30339,United States,12,3/26/2019,34144510,Scientific Research Corporation,Scientific Research,www.scires.com,(770) 859-9161,2300 Windy Ridge Pkwy. Ste. 400,Atlanta,Georgia,30339,United States,Business Services General,Industry.bizservice.general,Business Services,Industry.bizservice,279347,Sales.250Mto500M,1200,Employees.1000to4999,87,873,5419,5413,"TitleCode.IT,TitleCodeTop.Business,TitleCodeMiddle.Manager,TitleCodeMiddle.Technical,TitleCode.Manager","Manager,Engineering & Technical",https://go.zoominfo.com/#/apps/search/person/results?personProfileId=2056084119,fe369afd586a8f3f42b8219c243921b8,scires.com
1529776620,Downer,Gilbert,,,,"Manager, Information Technology",719,Information Technology,Manager,,,gdowner@scires.com,,Charleston,South Carolina,,United States,3,6/27/2018,34144510,Scientific Research Corporation,Scientific Research,www.scires.com,(770) 859-9161,2300 Windy Ridge Pkwy. Ste. 400,Atlanta,Georgia,30339,United States,Business Services General,Industry.bizservice.general,Business Services,Industry.bizservice,279347,Sales.250Mto500M,1200,Employees.1000to4999,87,873,5419,5413,"TitleCode.IT,TitleCodeTop.Business,TitleCodeMiddle.Manager,TitleCodeMiddle.Technical,TitleCode.Manager","Manager,Engineering & Technical",https://go.zoominfo.com/#/apps/search/person/results?personProfileId=1529776620,eec9625dee04cafcedc69b95c4e4bc30,scires.com
1831533620,Thomas,Joseph,G.,,,"Director, Information Technology",759,Information Technology,Director,,(636) 282-6850,jthomas@sinclair-rush.com,123 Manufacturers Dr.,Arnold,Missouri,63010,United States,19,7/28/2019,61179233,"Sinclair & Rush , Inc.",Sinclair & Rush,www.sinclair-rush.com,(636) 282-6800,123 Manufacturers Dr.,Arnold,Missouri,63010,United States,"Plastic, Packaging & Containers",Industry.mfg.plastic,Manufacturing,Industry.mfg,106610,Sales.100MMto250M,301,Employees.250to499,30,308,4239,42391,"TitleCode.IT,TitleCodeTop.Business,TitleCodeMiddle.Technical,TitleCode.Director,TitleCodeMiddle.Director","Engineering & Technical,Director",https://go.zoominfo.com/#/apps/search/person/results?personProfileId=1831533620,02b972052a434a11022dc5b7471090bb,sinclair-rush.com
-2133567092,Lehman,Rob,,,,"Manager, Information Technology",719,Information Technology,Manager,,,rlehman@smithbrosfurn.com,,Fort Wayne,Indiana,,United States,6,12/14/2018,132677951,Smith Brothers,Smith Brothers,www.smithbrothersfurniture.com,(260) 589-2131,356 Monroe St.,Berne,Indiana,46711,United States,Furniture,Industry.mfg.furniture,Manufacturing,Industry.mfg,120850,Sales.100MMto250M,34,Employees.20to49,25,251,33712,3371,"TitleCode.IT,TitleCodeTop.Business,TitleCodeMiddle.Manager,TitleCodeMiddle.Technical,TitleCode.Manager","Manager,Engineering & Technical",https://go.zoominfo.com/#/apps/search/person/results?personProfileId=-2133567092,607eda719438dfe329a1e92cae4c26b6,smithbrosfurn.com
-2124261834,Taylor,Justin,,,,"Director, Information Technology",759,Information Technology,Director,,(231) 942-7117,jtaylor@spencerplastics.com,2300 Gary E Schwach St.,Cadillac,Michigan,49601,United States,17,7/28/2019,358406866,Spencer Plastics Inc,Spencer Plastics,www.spencerplastics.com,(231) 942-7100,2300 Gary E Schwach St.,Cadillac,Michigan,49601,United States,"Miscellaneous Building Materials (Flooring, Cabinets, etc.)",Industry.mfg.building.other,Building Materials,Industry.mfg.building,7800,Sales.5Mto10M,39,Employees.20to49,30,308,3261,32,"TitleCode.IT,TitleCodeTop.Business,TitleCodeMiddle.Technical,TitleCode.Director,TitleCodeMiddle.Director","Engineering & Technical,Director",https://go.zoominfo.com/#/apps/search/person/results?personProfileId=-2124261834,f11ff878e54e123b0c467e90a95d9ea1,spencerplastics.com
3169207830,Nelson,Ryan,,,,"Manager, Information Technology",719,Information Technology,Manager,,,rnelson@spilighting.com,10400 N Enterprise Dr.,Mequon,Wisconsin,53092,United States,3,7/25/2019,112296636,SPI Lighting Inc,SPI Lighting,www.spilighting.com,(262) 242-1420,10400 N Enterprise Dr.,Mequon,Wisconsin,53092,United States,Furniture,Industry.mfg.furniture,Manufacturing,Industry.mfg,20600,Sales.10Mto25M,103,Employees.100to249,36,364,3351,335122,"TitleCode.IT,TitleCodeTop.Business,TitleCodeMiddle.Manager,TitleCodeMiddle.Technical,TitleCode.Manager","Manager,Engineering & Technical",https://go.zoominfo.com/#/apps/search/person/results?personProfileId=3169207830,df89a5a36f64a7641a401103bdf4c54b,spilighting.com
2086930168,Miller,Scott,,,,"Director, Information Technology",759,Information Technology,Director,,(763) 574-8744,smiller@stylmark.com,6536 Main St. NE,Minneapolis,Minnesota,55432,United States,17,3/21/2019,92111107,Stylmark Inc,Stylmark,www.stylmark.com,(763) 574-7474,6536 Main St. NE,Minneapolis,Minnesota,55432,United States,Household Goods,Industry.mfg.consumer.household,Consumer Goods,Industry.mfg.consumer,37500,Sales.25Mto50M,101,Employees.100to249,25,254,337215,48,"TitleCode.IT,TitleCodeTop.Business,TitleCodeMiddle.Technical,TitleCode.Director,TitleCodeMiddle.Director","Engineering & Technical,Director",https://go.zoominfo.com/#/apps/search/person/results?personProfileId=2086930168,ffdf09136411f2c5034d857f58af810c,stylmark.com
1555716069,Alaniz,Daniel,,,,"Manager, Information Technology",719,Information Technology,Manager,,,dalaniz@suptech.com,9101 WALL St. Ste. 1300,Austin,Texas,78754,United States,10,3/21/2019,264093847,Superconductor Technologies Inc,Superconductor Technologies,www.suptech.com,(512) 334-8900,9101 WALL St. Ste. 1300,Austin,Texas,78754,United States,Consumer Electronics,Industry.mfg.consumer.electronics,Consumer Goods,Industry.mfg.consumer,446,Sales.under500K,25,Employees.20to49,36,367,51711,517110,"TitleCode.IT,TitleCodeTop.Business,TitleCodeMiddle.Manager,TitleCodeMiddle.Technical,TitleCode.Manager","Manager,Engineering & Technical",https://go.zoominfo.com/#/apps/search/person/results?personProfileId=1555716069,ef1f82fb4d244f2b563d5993751e1359,suptech.com
-1850972428,Cruse,Mitchell,D.,,,"Operations Manager, Information Technology",719,Operations,Manager,,(502) 774-6398,mitchell.cruse@sypris.com,2820 West Broadway,Louisville,Kentucky,40211,United States,7,10/22/2018,37339552,Sypris Solutions Inc,Sypris,www.sypris.com,(502) 329-2000,101 BULLITT Ln. Ste. 450,Louisville,Kentucky,40222,United States,Test & Measurement Equipment,Industry.mfg.testequipment,Manufacturing,Industry.mfg,82294,Sales.50Mto100M,607,Employees.500to999,36,367,336350,334419,"TitleCodeMiddle.Manager,TitleCode.Operations,TitleCodeTop.Business,TitleCode.IT,TitleCodeMiddle.Operations,TitleCodeMiddle.Technical,TitleCode.Manager","Operations,Manager",https://go.zoominfo.com/#/apps/search/person/results?personProfileId=-1850972428,3c401119caef1715af88d60992c49b2e,sypris.com
1546316839,Rendall,Chris,,,,"Manager, Information Technology",719,Information Technology,Manager,,,crendall@teamind.com,1200 Maloney Rd.,Kaukauna,Wisconsin,54130,United States,14,3/21/2019,344617401,TEAM Industries Inc,TEAM Industries,www.teamind.com,(920) 766-7977,1200 Maloney Rd.,Kaukauna,Wisconsin,54130,United States,Plumbing & HVAC Equipment,Industry.mfg.building.plumbing,Building Materials,Industry.mfg.building,70800,Sales.50Mto100M,354,Employees.250to499,34,349,332996,332,"TitleCode.IT,TitleCodeTop.Business,TitleCodeMiddle.Manager,TitleCodeMiddle.Technical,TitleCode.Manager","Manager,Engineering & Technical",https://go.zoominfo.com/#/apps/search/person/results?personProfileId=1546316839,2a26d563f300dfe9c30ba1d0de71f8a5,teamind.com
-2036668596,Gratson,Tracie,L.,,,"Project Manager, Information Technology",719,Information Technology,Manager,,(989) 921-4005 ext. 4014,tlgratson@merrilltg.com,400 Florence St.,Saginaw,Michigan,48602,United States,18,8/1/2019,61850655,The Merrill Technologies Group companies,Merrill Technologies Group,www.merrilltg.com,(989) 921-4005,400 Florence St.,Saginaw,Michigan,48602,United States,Industrial Machinery & Equipment,Industry.mfg.industrialmachinery,Manufacturing,Industry.mfg,70000,Sales.50Mto100M,120,Employees.100to249,87,871,541,5413,"TitleCode.ProjectManagement,TitleCodeMiddle.Manager,TitleCodeTop.Business,TitleCode.IT,TitleCodeMiddle.Operations,TitleCodeMiddle.Technical,TitleCode.Manager","Operations,Manager",https://go.zoominfo.com/#/apps/search/person/results?personProfileId=-2036668596,53465ee4435ee8dbb34b27da695b590d,merrilltg.com
-1883458890,Peters,Noel,,,,"Director, Information Technology",759,Information Technology,Director,,(231) 944-7149,npeters@oilgear.com,1424 International Dr.,Traverse City,Michigan,49686,United States,19,6/12/2019,28704859,The Oilgear Company,Oilgear,www.oilgear.com,(231) 929-1660,1424 International Dr.,Traverse City,Michigan,49686,United States,Industrial Machinery & Equipment,Industry.mfg.industrialmachinery,Manufacturing,Industry.mfg,150000,Sales.100MMto250M,350,Employees.250to499,35,359,333995,333996,"TitleCode.IT,TitleCodeTop.Business,TitleCodeMiddle.Technical,TitleCode.Director,TitleCodeMiddle.Director","Engineering & Technical,Director",https://go.zoominfo.com/#/apps/search/person/results?personProfileId=-1883458890,797ddcbc975b6a3ee0e66f363af0024e,oilgear.com
1521390302,Chan,Joseph,,,,"Manager, Information Technology",719,Information Technology,Manager,,(408) 347-3400 ext. 1362,jchan@therma.com,1601 Las Plumas Ave.,San Jose,California,95133,United States,51,7/22/2019,345003760,Therma Corporation,Therma,www.therma.com,(408) 347-3400,1601 Las Plumas Ave.,San Jose,California,95133,United States,"Energy, Utilities & Waste Treatment General",Industry.energy.general,Industrial Machinery & Equipment,Industry.mfg.industrialmachinery,100000,Sales.100MMto250M,750,Employees.500to999,16,162,221,237120,"TitleCode.IT,TitleCodeTop.Business,TitleCodeMiddle.Manager,TitleCodeMiddle.Technical,TitleCode.Manager","Manager,Engineering & Technical",https://go.zoominfo.com/#/apps/search/person/results?personProfileId=1521390302,ae13f2fe53668785ff5f587783162cd4,therma.com
1890303263,Phillips,Danny,,,,"CAD Drafter & Manager, Information Technology",719,Information Technology,Manager,,+61 3 9762 6900 ext. 19,danny.phillips@thermon.com,100 THERMON Dr.,San Marcos,Texas,78666,United States,26,7/26/2019,38126213,"Thermon Group Holdings, Inc.",Thermon,www.thermon.com,(512) 396-5801,100 THERMON Dr.,San Marcos,Texas,78666,United States,Plumbing & HVAC Equipment,Industry.mfg.building.plumbing,Building Materials,Industry.mfg.building,308609,Sales.250Mto500M,1480,Employees.1000to4999,34,343,55,5413,"TitleCode.IT,TitleCodeTop.Business,TitleCodeMiddle.Manager,TitleCodeMiddle.Technical,TitleCode.Manager","Manager,Engineering & Technical",https://go.zoominfo.com/#/apps/search/person/results?personProfileId=1890303263,302287524bb4165219bc2941a7a14297,thermon.com
146123668,Baucum,Chad,,,,"Security Manager, Information Technology",719,Information Technology,Manager,,(512) 754-2423,chad.baucum@thermon.com,100 THERMON Dr.,San Marcos,Texas,78666,United States,39,6/19/2019,38126213,"Thermon Group Holdings, Inc.",Thermon,www.thermon.com,(512) 396-5801,100 THERMON Dr.,San Marcos,Texas,78666,United States,Plumbing & HVAC Equipment,Industry.mfg.building.plumbing,Building Materials,Industry.mfg.building,308609,Sales.250Mto500M,1480,Employees.1000to4999,34,343,55,5413,"TitleCode.IT,TitleCodeTop.Business,TitleCodeMiddle.Manager,TitleCodeMiddle.Technical,TitleCode.Manager","Manager,Engineering & Technical",https://go.zoominfo.com/#/apps/search/person/results?personProfileId=146123668,a297f514b618d07973595f92ce7713ed,thermon.com
1930775818,Stonebrook,Michelle,,,,"Manager, Information Technology",719,Information Technology,Manager,,(616) 494-8605,mstonebrook@tiarayachts.com,725 East 40Th St.,Holland,Michigan,49423,United States,26,3/21/2019,38256762,Tiara Yachts Inc,Tiara Yachts,www.tiarayachts.com,(616) 392-7163,725 East 40Th St.,Holland,Michigan,49423,United States,Boats & Submarines,Industry.mfg.boat,Manufacturing,Industry.mfg,330000,Sales.250Mto500M,650,Employees.500to999,37,373,33661,3366,"TitleCode.IT,TitleCodeTop.Business,TitleCodeMiddle.Manager,TitleCodeMiddle.Technical,TitleCode.Manager","Manager,Engineering & Technical",https://go.zoominfo.com/#/apps/search/person/results?personProfileId=1930775818,aa450db1704e6012ed7d6875aef7bbb8,tiarayachts.com
1979790761,Kirby,Eric,,,,"Manager, Information Technology",719,Information Technology,Manager,,(606) 274-2915,ekirby@ttna.com,100 Pin Oak Dr.,Somerset,Kentucky,42503,United States,13,3/21/2019,352664053,Toyotetsu America Inc,Toyotetsu,www.ttna.com,(606) 274-9005,100 Pin Oak Dr.,Somerset,Kentucky,42503,United States,Motor Vehicles,Industry.mfg.car,Metals & Minerals,Industry.mm.metals,50000,Sales.50Mto100M,750,Employees.500to999,34,346,33637,336370,"TitleCode.IT,TitleCodeTop.Business,TitleCodeMiddle.Manager,TitleCodeMiddle.Technical,TitleCode.Manager","Manager,Engineering & Technical",https://go.zoominfo.com/#/apps/search/person/results?personProfileId=1979790761,97c1027c6e8d1b653a81ab2505eb7529,ttna.com
2417031424,Jina,Shashi,,,,"Manager, Information Technology",719,Information Technology,Manager,,(716) 661-1198,sjina@truck-lite.com,310 East Elmwood Ave.,Falconer,New York,14733,United States,13,8/2/2019,121815206,"Truck-Lite Co. , LLC",Truck-Lite,www.truck-lite.com,(716) 665-6214,310 East Elmwood Ave.,Falconer,New York,14733,United States,Electronic Components,Industry.mfg.electronics.electronics,Consumer Electronics,Industry.mfg.consumer.electronics,300000,Sales.250Mto500M,3000,Employees.1000to4999,36,364,3343,3351,"TitleCodeMiddle.Manager,TitleCode.IT,TitleCode.Manager,TitleCodeTop.Business,TitleCodeMiddle.Technical","Manager,Engineering & Technical",https://go.zoominfo.com/#/apps/search/person/results?personProfileId=2417031424,0a13f2704322fc8157096ad4bca522ba,truck-lite.com
2107842578,Schroder,Chas,,,,"Service Delivery Manager, Information Technology",719,Information Technology,Manager,,(907) 677-5229,chas.schroder@uicalaska.com,6700 Arctic Spur Rd.,Anchorage,Alaska,99518,United States,25,3/21/2019,39338081,Ukpeavik Iñupiat Corporation,UIC,www.bowheadsupport.com,(703) 578-5566,4900 Seminary Rd.,Alexandria,Virginia,22311,United States,"Energy, Utilities & Waste Treatment General",Industry.energy.general,"Energy, Utilities & Waste Treatment",Industry.energy,426300,Sales.250Mto500M,2816,Employees.1000to4999,372,37,221,22,"TitleCode.IT,TitleCodeTop.Business,TitleCodeMiddle.Manager,TitleCodeMiddle.Technical,TitleCode.Manager","Manager,Engineering & Technical",https://go.zoominfo.com/#/apps/search/person/results?personProfileId=2107842578,9d876b0b6d135e499b3209e8a8714f72,uicalaska.com
1831365877,Winowski,Brian,,,,"Manager, IT Infrastructure & Security",719,Information Technology,Manager,,(248) 754-7000 ext. 1263,bwinowski@usfarathane.com,2700 High Meadow Circle,Auburn Hills,Michigan,48326,United States,20,6/25/2019,125255773,US Farathane Corporation,US Farathane,www.usfarathane.com,(248) 754-7000,2700 High Meadow Circle,Auburn Hills,Michigan,48326,United States,"Miscellaneous Building Materials (Flooring, Cabinets, etc.)",Industry.mfg.building.other,Building Materials,Industry.mfg.building,450000,Sales.250Mto500M,4200,Employees.1000to4999,30,308,3261,32,"TitleCode.IT,TitleCodeTop.Business,TitleCodeMiddle.Manager,TitleCodeMiddle.Technical,TitleCode.Manager","Manager,Engineering & Technical",https://go.zoominfo.com/#/apps/search/person/results?personProfileId=1831365877,b36a6d7257c6c64590ff07e13ea3328e,usfarathane.com
1640831974,Lojewski,John,,,,"Director, Information Technology",759,Information Technology,Director,,(248) 754-7000 ext. 1153,jlojewski@usfarathane.com,2700 High Meadow Circle,Auburn Hills,Michigan,48326,United States,22,3/21/2019,125255773,US Farathane Corporation,US Farathane,www.usfarathane.com,(248) 754-7000,2700 High Meadow Circle,Auburn Hills,Michigan,48326,United States,"Miscellaneous Building Materials (Flooring, Cabinets, etc.)",Industry.mfg.building.other,Building Materials,Industry.mfg.building,450000,Sales.250Mto500M,4200,Employees.1000to4999,30,308,3261,32,"TitleCode.IT,TitleCodeTop.Business,TitleCodeMiddle.Technical,TitleCode.Director,TitleCodeMiddle.Director","Engineering & Technical,Director",https://go.zoominfo.com/#/apps/search/person/results?personProfileId=1640831974,821c2bf295c3847e8f3017d8d2ef40c8,usfarathane.com
2079844389,Hamilton,Mike,,,,"Director, IT Infrastructure",759,Information Technology,Director,,(978) 749-3254,mhamilton@vicorpower.com,25 Frontage Rd.,Andover,Massachusetts,1810,United States,28,7/26/2019,153518114,Vicor Corporation,Vicor Corporation,www.vicorpower.com,(978) 470-2900,25 Frontage Rd.,Andover,Massachusetts,1810,United States,Electronic Components,Industry.mfg.electronics.electronics,Electronics,Industry.mfg.electronics,227830,Sales.100MMto250M,970,Employees.500to999,36,367,33599,334419,"TitleCode.IT,TitleCodeTop.Business,TitleCodeMiddle.Technical,TitleCode.Director,TitleCodeMiddle.Director","Engineering & Technical,Director",https://go.zoominfo.com/#/apps/search/person/results?personProfileId=2079844389,b15e8a0a4d512ece7435e12476dd1e72,vicorpower.com
-1684525685,Christensen,Joseph,,,,"Program Project Manager, Information Technology",719,Information Technology,Manager,,,joey.christensen@vivintsolar.com,1800 WEST ASHTON Blvd.,Lehi,Utah,84043,United States,6,7/23/2019,346712529,Vivint Solar Inc,Vivint Solar,www.vivintsolar.com,(801) 377-9111,1800 WEST ASHTON Blvd.,Lehi,Utah,84043,United States,Commercial & Residential Construction,Industry.construction.construction,Construction,Industry.construction,268028,Sales.250Mto500M,4000,Employees.1000to4999,17,176,23816,56,"TitleCode.ProjectManagement,TitleCodeMiddle.Manager,TitleCodeTop.Business,TitleCode.IT,TitleCodeMiddle.Operations,TitleCodeMiddle.Technical,TitleCode.Manager","Operations,Manager",https://go.zoominfo.com/#/apps/search/person/results?personProfileId=-1684525685,161fdeedb3204595f5b454670885d01f,vivintsolar.com
1823353395,Berson,William,,,,"Global Director, Information Technology",759,Information Technology,Director,,(570) 595-7495 ext. 1270,wberson@weilercorp.com,One Weiler Dr.,Cresco,Pennsylvania,18326,United States,60,3/26/2019,41796171,Weiler Corporation,Weiler,www.weilercorp.com,(570) 595-7495,One Weiler Dr.,Cresco,Pennsylvania,18326,United States,Cleaning Products,Industry.mfg.consumer.cleaning,Consumer Goods,Industry.mfg.consumer,38400,Sales.25Mto50M,192,Employees.100to249,32,329,339994,339,"TitleCode.IT,TitleCodeTop.Business,TitleCodeMiddle.Technical,TitleCode.Director,TitleCodeMiddle.Director","Engineering & Technical,Director",https://go.zoominfo.com/#/apps/search/person/results?personProfileId=1823353395,04419bd294b32543038f44ea8b0c577e,weilercorp.com
