﻿Zoom Individual ID,Last name,First name,Middle name,Salutation,Suffix,Job title,Job title hierarchy level,Job Function,Management Level,Company division name,Direct Phone Number,Email address,Person Street,Person City,Person State,Person Zip,Country,Source count,Last updated date,Zoom company ID,Company name,Marketing Friendly Name,Company domain name,Company phone number,Company Street address,Company City,Company State,Company ZIP/Postal code,Company Country,Industry label,Industry hierarchical category,Secondary industry label,Secondary industry hierarchical category,Revenue (in 000s),Revenue Range,Employees,Employees Range,SIC1,SIC2,NAICS1,NAICS2,TitleCode,Highest Level Job Function,Contact Zoom URL,Encrypted Email Address,Email Domain
3190519516,Stovall,Ian,,,,"Director, Information Technology",759,Information Technology,Director,,,istovall@adcoonline.com,201 Edward Curry Ave.,Staten Island,New York,10314,United States,7,9/10/2019,1034575,ADCO Electrical Corp,ADCO,www.adcoonline.com,(718) 494-4400,201 Edward Curry Ave.,Staten Island,New York,10314,United States,Commercial & Residential Construction,Industry.construction.construction,Construction,Industry.construction,157330,Sales.100MMto250M,700,Employees.500to999,17,173,221,23821,"TitleCode.IT,TitleCodeTop.Business,TitleCodeMiddle.Technical,TitleCode.Director,TitleCodeMiddle.Director","Engineering & Technical,Director",https://go.zoominfo.com/#/apps/search/person/results?personProfileId=3190519516,d6516198b7b5143190674b720ef65ff1,adcoonline.com
2385533569,Weiss,Steven,,,,"Director, Information Technology Services",759,Information Technology,Director,,,sweiss@advancedba.com,15726 Michigan Ave.,Dearborn,Michigan,48126,United States,6,9/4/2019,357324513,Advanced Business Analytics,Advanced Business Analytics,www.advancedba.com,(313) 766-1036,15726 Michigan Ave.,Dearborn,Michigan,48126,United States,Commercial & Residential Construction,Industry.construction.construction,Construction,Industry.construction,3400,Sales.1Mto5M,17,Employees.10to19,,,,,"TitleCode.IT,TitleCodeTop.Business,TitleCode.Technical,TitleCodeMiddle.Technical,TitleCode.Director,TitleCodeMiddle.Director","Engineering & Technical,Director",https://go.zoominfo.com/#/apps/search/person/results?personProfileId=2385533569,0c66199f7f89a8af3814dc89b2e2097e,advancedba.com
1338042018,Shelton,Christopher,,,,"Director, Information Technology",759,Information Technology,Director,,,cshelton@advancedcabling.com,4950 Northshore Ln.,North Little Rock,Arkansas,72118,United States,20,8/11/2019,558020,Advanced Cabling Systems LLC,Advaned Cabling Systems,www.advancedcabling.com,(501) 568-9599,4950 Northshore Ln.,North Little Rock,Arkansas,72118,United States,Commercial & Residential Construction,Industry.construction.construction,Construction,Industry.construction,26000,Sales.25Mto50M,170,Employees.100to249,17,173,221,23821,"TitleCode.IT,TitleCodeTop.Business,TitleCodeMiddle.Technical,TitleCode.Director,TitleCodeMiddle.Director","Engineering & Technical,Director",https://go.zoominfo.com/#/apps/search/person/results?personProfileId=1338042018,18ac0035136781cb9a8ba3e6ff9765e8,advancedcabling.com
57081005,Collins,Lionel,,,,"Director, Information Technology & Operations",759,Operations,Director,,,lionel@allenalarms.com,4853 W JEFFERSON Blvd.,Los Angeles,California,90016,United States,13,9/5/2019,3591345,"Allen Alarm Systems , Inc.",Allen Alarms,www.allenalarms.com,(323) 731-0200,4853 W JEFFERSON Blvd.,Los Angeles,California,90016,United States,Commercial & Residential Construction,Industry.construction.construction,"Electricity, Oil & Gas",Industry.energy.energy,1141,Sales.1Mto5M,5,Employees.5to9,17,173,221,23821,"TitleCode.Operations,TitleCodeMiddle.Director,TitleCodeTop.Business,TitleCode.IT,TitleCodeMiddle.Operations,TitleCodeMiddle.Technical,TitleCode.Director","Operations,Director",https://go.zoominfo.com/#/apps/search/person/results?personProfileId=57081005,02b306a0883e8f1fdf1afa2cc8ef9a52,allenalarms.com
178537604,LeNoach,Joseph,,,,"Director, Information Technology",759,Information Technology,Director,,(757) 819-6004,jlenoach@alutiiq.com,4114 Legatto Rd. Ste. 380,Fairfax,Virginia,22033,United States,28,8/28/2019,1442300,Alutiiq LLC,Alutiiq,www.alutiiq.com,(907) 222-9500,3909 Arctic Blvd. Ste. 400,Anchorage,Alaska,99503,United States,Business Services General,Industry.bizservice.general,Business Services,Industry.bizservice,500000,Sales.500Mto1G,4519,Employees.1000to4999,67,671,51711,517110,"TitleCode.IT,TitleCodeTop.Business,TitleCodeMiddle.Technical,TitleCode.Director,TitleCodeMiddle.Director","Engineering & Technical,Director",https://go.zoominfo.com/#/apps/search/person/results?personProfileId=178537604,476668504d61c53deb2e82ef6247d097,alutiiq.com
306024,Novelli,Anthony,G.,,,"Manager, IT Engineering Systems",719,Information Technology,Manager,ARCADIS U.S.,(914) 641-2702,anthony.novelli@arcadis.com,44 S Broadway Fl. 15,White Plains,New York,10601,United States,30,3/26/2019,2572508,ARCADIS NV,ARCADIS,www.arcadis.com,+31 20 201 1011,Gustav Mahlerplein 97-103,Amsterdam,North Holland,,Netherlands,"Architecture, Engineering & Design",Industry.construction.architecture,Construction,Industry.construction,3855778,Sales.1Gto5G,27327,Employees.10000plus,87,89,2379,5416,"TitleCode.IT,TitleCodeTop.Business,TitleCode.Engineer,TitleCodeMiddle.Manager,TitleCodeMiddle.Technical,TitleCode.Manager","Manager,Engineering & Technical",https://go.zoominfo.com/#/apps/search/person/results?personProfileId=306024,37c8e14296bcafca6c46370ddcbd4b68,arcadis.com
3236357810,Palmer,Dave,,,,"Manager, Information Technology",719,Information Technology,Manager,,,dpalmer@aspengroup.com,,,,,,5,9/11/2019,8277813,Aspen Group,Aspen Group,www.aspengroup.com,(815) 806-1705,9645 Lincoln-Way Ln. Ste. 201,Frankfort,Illinois,60423,United States,Construction,Industry.construction,Commercial & Residential Construction,Industry.construction.construction,35051,Sales.25Mto50M,184,Employees.100to249,87,871,541,5413,"TitleCode.IT,TitleCodeTop.Business,TitleCodeMiddle.Manager,TitleCodeMiddle.Technical,TitleCode.Manager","Manager,Engineering & Technical",https://go.zoominfo.com/#/apps/search/person/results?personProfileId=3236357810,6d04a1df7b810a18b15df2440a5ddf76,aspengroup.com
50168125,Forras,Robert,,,,"Director, Information Technology",759,Information Technology,Director,,(337) 262-7984,robert.forras@atcgs.com,221 Rue De Jean,Lafayette,Louisiana,70508,United States,59,9/10/2019,5637295,ATC Group Services LLC,ATC Group,www.atcgroupservices.com,(318) 868-4848,"9445 Stevens Rd., Ste. 110",Shreveport,Louisiana,71106,United States,Management Consulting,Industry.bizservice.consulting,Business Services,Industry.bizservice,455785,Sales.250Mto500M,1900,Employees.1000to4999,874,87,221,22,"TitleCode.IT,TitleCodeTop.Business,TitleCodeMiddle.Technical,TitleCode.Director,TitleCodeMiddle.Director","Engineering & Technical,Director",https://go.zoominfo.com/#/apps/search/person/results?personProfileId=50168125,911cc4c3950140d004b68481789900b0,atcgs.com
31885168,McCown,Charlie,,,,"Director, Information Technology",759,Information Technology,Director,,,cmccown@bakerbarrios.com,189 S. Orange Ave. Ste. 1700,Orlando,Florida,32801,United States,32,9/12/2019,9604621,Baker Barrios Architects Inc,Baker Barrios,www.bakerbarrios.com,(407) 926-3000,189 S. Orange Ave. Ste. 1700,Orlando,Florida,32801,United States,"Architecture, Engineering & Design",Industry.construction.architecture,Construction,Industry.construction,18000,Sales.10Mto25M,100,Employees.100to249,87,871,541,5413,"TitleCode.IT,TitleCodeTop.Business,TitleCodeMiddle.Technical,TitleCode.Director,TitleCodeMiddle.Director","Engineering & Technical,Director",https://go.zoominfo.com/#/apps/search/person/results?personProfileId=31885168,af6c3cb0a879150ff2d136905b0e58b2,bakerbarrios.com
2097266583,Bejtlich,Nancy,,,,"Manager, Information Technology",719,Information Technology,Manager,,,nb@balarch.com,4301 Connecticut Ave. Nw Ste. 149,"Washington, D.C.",District of Columbia,20008,United States,12,4/12/2019,344682879,Balodemas Architects,Balodemas Architects,www.balarch.com,(202) 363-4820,4301 Connecticut Ave. Nw Ste. 149,"Washington, D.C.",District of Columbia,20008,United States,"Architecture, Engineering & Design",Industry.construction.architecture,Construction,Industry.construction,4381,Sales.1Mto5M,23,Employees.20to49,8712,871,541,5413,"TitleCode.IT,TitleCodeTop.Business,TitleCodeMiddle.Manager,TitleCodeMiddle.Technical,TitleCode.Manager","Manager,Engineering & Technical",https://go.zoominfo.com/#/apps/search/person/results?personProfileId=2097266583,1b12c3cf369b29a980943099e9c06c17,balarch.com
-1515459396,Springer,Emily,,,,"Director, Get Information Technology",759,Information Technology,Director,,,es@barbourspangle.com,"1015 Hutton Ln,Ste 104",High Point,North Carolina,27262-7239,United States,13,9/10/2019,12111726,Barbour Spangle Design,Barbour Spangle,www.barbourspangle.com,(336) 889-3996,308 N. Lindsay St.,High Point,North Carolina,27262,United States,"Architecture, Engineering & Design",Industry.construction.architecture,Construction,Industry.construction,15239,Sales.10Mto25M,80,Employees.50to99,8712,871,541,5413,"TitleCode.IT,TitleCodeTop.Business,TitleCodeMiddle.Technical,TitleCode.Director,TitleCodeMiddle.Director","Engineering & Technical,Director",https://go.zoominfo.com/#/apps/search/person/results?personProfileId=-1515459396,1d94fa492caf47349c65ee9a4f8935b2,barbourspangle.com
1594622098,Karppi,Jared,,,,"Director, Information Technology & Marketing",759,General Marketing,Director,,(425) 656-1070,jkarppi@barghausen.com,18215 - 72ND Ave. SOUTH,Kent,Washington,98032,United States,38,9/9/2019,3981749,Barghausen Consulting Engineers Inc,Barghausen,www.barghausen.com,(425) 251-6222,18215 - 72ND Ave. SOUTH,Kent,Washington,98032,United States,Commercial & Residential Construction,Industry.construction.construction,Construction,Industry.construction,22829,Sales.10Mto25M,100,Employees.100to249,15,154,541,5413,"TitleCode.Marketing,TitleCodeMiddle.Director,TitleCodeTop.Business,TitleCode.IT,TitleCodeMiddle.Marketing,TitleCodeMiddle.Technical,TitleCode.Director","Marketing,Director",https://go.zoominfo.com/#/apps/search/person/results?personProfileId=1594622098,926ed7c143790c0672746deea4f3561d,barghausen.com
-947841535,Hansen,Dan,,,,"Director, Information Technology",759,Information Technology,Director,,(920) 406-4202,dhansen@baycompanies.com,2929 Walker Dr.,Green Bay,Wisconsin,54308,United States,11,8/30/2019,397879860,baycompanies.com,Bay Companies,www.baycompanies.com,(920) 406-4027,2929 Walker Dr.,Green Bay,Wisconsin,54308,United States,Construction General,Industry.construction.general,Home Improvement & Hardware Retail,Industry.retail.hardware,227800,Sales.100MMto250M,26,Employees.20to49,50,503,444,44419,"TitleCode.IT,TitleCodeTop.Business,TitleCodeMiddle.Technical,TitleCode.Director,TitleCodeMiddle.Director","Engineering & Technical,Director",https://go.zoominfo.com/#/apps/search/person/results?personProfileId=-947841535,e61c6edffc83aa9e98dc6cc8e3796d2f,baycompanies.com
2013960511,Schmidt,Jason,O.,,,"Director, Information Technology",759,Information Technology,Director,,(210) 860-9224 ext. 2007,jason.schmidt@bigreddog.com,"5710 W Hausman Rd,Ste 115",San Antonio,Texas,78249-1646,United States,42,7/11/2019,347203573,BIG RED DOG Inc,BIG RED DOG,www.bigreddog.com,(512) 669-5560,2021 East 5th St. Ste. 200,Austin,Texas,78702,United States,Construction,Industry.construction,Commercial & Residential Construction,Industry.construction.construction,13400,Sales.10Mto25M,105,Employees.100to249,87,871,541,5413,"TitleCode.IT,TitleCodeTop.Business,TitleCodeMiddle.Technical,TitleCode.Director,TitleCodeMiddle.Director","Engineering & Technical,Director",https://go.zoominfo.com/#/apps/search/person/results?personProfileId=2013960511,84f14a3b315ec915e09ccb2489a78177,bigreddog.com
2044951854,Chahine,Gebran,,,,"Director, IT Electrical",759,Information Technology,Director,,(205) 943-7029,gchahine@blharbert.com,820 Shades Creek Pkwy. Ste. 3000,Birmingham,Alabama,35209,United States,18,8/16/2019,15210236,BL Harbert International LLC,BL Harbert,www.blharbert.com,(205) 802-2800,820 Shades Creek Pkwy. Ste. 3000,Birmingham,Alabama,35209,United States,Construction General,Industry.construction.general,Construction,Industry.construction,1250000,Sales.1Gto5G,7000,Employees.5000to9999,16,162,23,2362,"TitleCodeTop.Professionals,TitleCode.Scientist,TitleCodeMiddle.Director,TitleCodeMiddle.Scientist,TitleCodeTop.Business,TitleCode.IT,TitleCodeMiddle.Technical,TitleCode.Director","Scientists,Director",https://go.zoominfo.com/#/apps/search/person/results?personProfileId=2044951854,5406006a971762cfa9826a6faf05dc98,blharbert.com
-1677634552,Oliver,Jamie,,,,"Manager, IT Finance Analyst Asset Management",720,Wealth Management,Manager,,(919) 431-1042,jamie.oliver@buildwithbmc.com,"8020 Arco Corporate Dr., Ste. 400",Raleigh,North Carolina,27617,United States,30,9/6/2019,19157614,"Bmc Stock Holdings, Inc.",BMC Stock,www.bmcstock.com,(678) 222-1219,"980 HAMMOND Dr. NE, Ste. 500",Atlanta,Georgia,30328,United States,Home Improvement & Hardware Retail,Industry.retail.hardware,Retail,Industry.retail,3682400,Sales.1Gto5G,9500,Employees.5000to9999,50,503,44419,55,"TitleCodeMiddle.Manager,TitleCode.WealthManage,TitleCodeTop.Business,TitleCode.IT,TitleCodeMiddle.Finance,TitleCode.Finance,TitleCodeMiddle.Technical,TitleCode.Manager","Finance,Manager",https://go.zoominfo.com/#/apps/search/person/results?personProfileId=-1677634552,a9d7ec9bde776860187ff75fb7a344d5,buildwithbmc.com
1635203700,Buck,Corey,,,,"Director, Information Technology",759,Information Technology,Director,,(504) 827-7691,cbuck@bohbros.com,730 South Tonti St.,New Orleans,Louisiana,70119,United States,9,8/7/2019,14388853,BOH BROS. CONSTRUCTION CO. L.L.C,BOH Bros.,www.bohbros.com,(504) 821-2400,730 South Tonti St.,New Orleans,Louisiana,70119,United States,Construction General,Industry.construction.general,Construction,Industry.construction,100000,Sales.100MMto250M,1500,Employees.1000to4999,16,161,237310,23,"TitleCode.IT,TitleCodeTop.Business,TitleCodeMiddle.Technical,TitleCode.Director,TitleCodeMiddle.Director","Engineering & Technical,Director",https://go.zoominfo.com/#/apps/search/person/results?personProfileId=1635203700,4215c53eecb2f4c1940c3211de0f0e26,bohbros.com
1942907395,Finnerty,Larry,,,,"Chief Information Officer, Information Technology Directors",899,Technical,C-Level,,(858) 514-8822,lfinnerty@brwncald.com,9665 Chesapeake Dr. Ste. 201,San Diego,California,92123-1383,United States,11,8/29/2019,18059333,Brown and Caldwell,Brown and Caldwell,www.brownandcaldwell.com,(925) 937-9010,201 N Civic Dr. Ste. 115,Walnut Creek,California,94596,United States,Construction,Industry.construction,Commercial & Residential Construction,Industry.construction.construction,,,1600,Employees.1000to4999,87,871,221,541,"TitleCode.Technical,TitleCode.Exec,TitleCodeTop.Business,TitleCode.IT,TitleCodeMiddle.Exec,TitleCodeMiddle.Technical,TitleCode.Director","C-Level,Engineering & Technical",https://go.zoominfo.com/#/apps/search/person/results?personProfileId=1942907395,193871308779ab00e707c948348734e7,brwncald.com
-2076818977,Kang,Andy,,,,"Director, Information Technology & Business Development",759,Information Technology,Director,,(213) 718-0783,andy@cal-city.com,16605 Norwalk Blvd.,Cerritos,California,90703,United States,72,8/1/2019,353987715,"Cal-City Construction, Inc.",Cal-City,www.cal-city.com,(562) 404-4820,16605 Norwalk Blvd.,Cerritos,California,90703,United States,Commercial & Residential Construction,Industry.construction.construction,Construction,Industry.construction,4600,Sales.1Mto5M,23,Employees.20to49,,,,,"TitleCodeMiddle.Director,TitleCodeMiddle.Sales,TitleCodeTop.Business,TitleCode.IT,TitleCode.BizDev,TitleCodeMiddle.Technical,TitleCode.Director","Sales,Director",https://go.zoominfo.com/#/apps/search/person/results?personProfileId=-2076818977,274dcadde66dcd2b4cfe6a591d801813,cal-city.com
-1678411099,Waters,Jessica,M.,,,"Director, Information Technology",759,Information Technology,Director,,(704) 409-2013,jwaters@choateco.com,"2907 Providence Rd., Ste. 400",Charlotte,North Carolina,28211,United States,18,8/21/2019,14453989,Choate Construction Company,Choate,www.choateco.com,(678) 892-1200,8200 Roberts Dr. Ste. 600,Atlanta,Georgia,30350,United States,Commercial & Residential Construction,Industry.construction.construction,Construction,Industry.construction,100000,Sales.100MMto250M,500,Employees.500to999,15,154,23611,236116,"TitleCode.IT,TitleCodeTop.Business,TitleCodeMiddle.Technical,TitleCode.Director,TitleCodeMiddle.Director","Engineering & Technical,Director",https://go.zoominfo.com/#/apps/search/person/results?personProfileId=-1678411099,beb73fd9574c6f2e473f4c30426aa9db,choateco.com
-2125827884,Marks,Graham,,,,"Director, IT, PMO & Compliance",759,Information Technology,Director,,(781) 270-1226,graham.marks@circor.com,30 Corporate Dr. Ste. 200,Burlington,Massachusetts,1803,United States,32,7/29/2019,14895078,CIRCOR International Inc,CIRCOR,www.circor.com,(781) 270-1200,30 Corporate Dr. Ste. 200,Burlington,Massachusetts,1803,United States,Plumbing & HVAC Equipment,Industry.mfg.building.plumbing,Building Materials,Industry.mfg.building,661710,Sales.500Mto1G,4400,Employees.1000to4999,34,349,23822,5413,"TitleCodeMiddle.Director,TitleCodeTop.Business,TitleCode.IT,TitleCode.Compliance,TitleCodeMiddle.Operations,TitleCodeMiddle.Technical,TitleCode.Director","Operations,Director",https://go.zoominfo.com/#/apps/search/person/results?personProfileId=-2125827884,1770652970346bce91ec95f1ebcb741a,circor.com
2087116557,Ritz,Scott,,,,"Contracts Manager, Information Technology & Director & Eeo Officer",759,Contracts,Director,,(913) 782-2980 ext. 209,sritz@comanche-kc.com,P.O. Box 14158,Shawnee Mission,Kansas,66285,United States,11,8/7/2019,28135887,Comanche Construction LLC,Comanche Construction,www.comanchecontractors.com,(713) 862-4545,10450 Westoffice Dr.,Houston,Texas,77042,United States,Commercial & Residential Construction,Industry.construction.construction,Construction,Industry.construction,58970,Sales.50Mto100M,100,Employees.100to249,15,152,237310,23,"TitleCodeMiddle.Manager,TitleCode.Contracts,TitleCodeMiddle.Director,TitleCode.IT,TitleCodeTop.Business,TitleCodeMiddle.Operations,TitleCodeMiddle.Technical,TitleCode.Director,TitleCode.Manager","Manager,Director",https://go.zoominfo.com/#/apps/search/person/results?personProfileId=2087116557,30b0b40776240c1d12df235319a843af,comanche-kc.com
2725038006,Montag,Jeff,,,,"Senior Director, Information Technology",763,Information Technology,Director,,(302) 521-4150,jmontag@comstar-usa.com,1155 Phoenixville Pike Ste. 114-115,West Chester,Pennsylvania,19380,United States,12,9/10/2019,354054945,"Comstar Technologies , LLC",Comstar Technologies,www.comstar-usa.com,(610) 692-4021,1155 Phoenixville Pike Ste. 114-115,West Chester,Pennsylvania,19380,United States,Content & Collaboration Software,Industry.software.mfg.content_col,Commercial & Residential Construction,Industry.construction.construction,34243,Sales.25Mto50M,150,Employees.100to249,17,173,221,541513,"TitleCode.IT,TitleCodeTop.Business,TitleCodeMiddle.Technical,TitleCode.Director,TitleCodeMiddle.Director","Engineering & Technical,Director",https://go.zoominfo.com/#/apps/search/person/results?personProfileId=2725038006,2f0d00d40d297b850ed8966b5df13628,comstar-usa.com
2192471681,Orlando,John,D.,,,"Director, Information Technology",759,Information Technology,Director,,(786) 437-5088,jorlando@crescentheights.com,2200 Biscayne Blvd.,Miami,Florida,33137,United States,54,9/6/2019,13386589,Crescent Heights,Crescent Heights,www.crescentheights.com,(305) 374-5700,2200 Biscayne Blvd.,Miami,Florida,33137,United States,Commercial & Residential Construction,Industry.construction.construction,Construction,Industry.construction,,,80,Employees.50to99,15,152,23,2362,"TitleCode.IT,TitleCodeTop.Business,TitleCodeMiddle.Technical,TitleCode.Director,TitleCodeMiddle.Director","Engineering & Technical,Director",https://go.zoominfo.com/#/apps/search/person/results?personProfileId=2192471681,1d933be820ac39b51a98d48a9d0a7813,crescentheights.com
2091970537,Shapiro,Gennadi,,,,"Director, Information Technology",759,Information Technology,Director,,(408) 437-7110,gennadi@cmihvac.com,1901 Jct. Ave.,San Jose,California,95131,United States,17,9/11/2019,344014849,Critchfield Mechanical Inc,Critchfield Mechanical,www.cmihvac.com,(408) 437-7000,1901 Jct. Ave.,San Jose,California,95131,United States,Commercial & Residential Construction,Industry.construction.construction,Construction,Industry.construction,76210,Sales.50Mto100M,530,Employees.500to999,17,171,23822,2382,"TitleCode.IT,TitleCodeTop.Business,TitleCodeMiddle.Technical,TitleCode.Director,TitleCodeMiddle.Director","Engineering & Technical,Director",https://go.zoominfo.com/#/apps/search/person/results?personProfileId=2091970537,caef0e09ce6081e397193bbfe9f89e1c,cmihvac.com
2542079131,Tayal,Abhishek,,,,"Director, Software & Information Technology",759,Information Technology,Director,,(570) 218-4535,at@deluxemodular.com,499 West Third St.,Berwick,Pennsylvania,18603,United States,48,9/10/2019,455234776,deluxemodular.com,Deluxe modular,deluxemodular.com,(570) 218-3700,499 West Third St.,Berwick,Pennsylvania,18603,United States,Commercial & Residential Construction,Industry.construction.construction,Construction,Industry.construction,9000,Sales.5Mto10M,45,Employees.20to49,,,,,"TitleCode.IT,TitleCodeTop.Business,TitleCode.SoftwareEng,TitleCodeMiddle.Technical,TitleCode.Director,TitleCodeMiddle.Director","Engineering & Technical,Director",https://go.zoominfo.com/#/apps/search/person/results?personProfileId=2542079131,9d6eb61e86dfed4c7d084f917a28f055,deluxemodular.com
1831890556,Cogswell,Daniel,,,,"Director, Information Technology",759,Information Technology,Director,,(802) 764-2343,dcogswell@dewconstruction.com,"277 Blair Park Rd., Ste. 130",Williston,Vermont,5495,United States,26,8/4/2019,34310882,DEW Construction Corp,DEW,dewconstruction.com,(802) 872-0505,"277 Blair Park Rd., Ste. 130",Williston,Vermont,5495,United States,Commercial & Residential Construction,Industry.construction.construction,Construction,Industry.construction,75000,Sales.50Mto100M,91,Employees.50to99,,,238990,23,"TitleCode.IT,TitleCodeTop.Business,TitleCodeMiddle.Technical,TitleCode.Director,TitleCodeMiddle.Director","Engineering & Technical,Director",https://go.zoominfo.com/#/apps/search/person/results?personProfileId=1831890556,cf8e929d4269d7e19ebd2d03d16d474e,dewconstruction.com
1484405514,Banken,Tyler,,,,"Director, Information Technology",759,Information Technology,Director,,(206) 548-2274,tylerb@dunnlumber.com,3801 Latona Ave. NE,Seattle,Washington,98105,United States,38,8/27/2019,35721592,Dunn Lumber Company,Dunn Lumber,www.dunnlumber.com,(425) 643-4400,2350 140th Ave. NE,Bellevue,Washington,98005,United States,Construction General,Industry.construction.general,Home Improvement & Hardware Retail,Industry.retail.hardware,37000,Sales.25Mto50M,185,Employees.100to249,50,503,444,44419,"TitleCode.IT,TitleCodeTop.Business,TitleCodeMiddle.Technical,TitleCode.Director,TitleCodeMiddle.Director","Engineering & Technical,Director",https://go.zoominfo.com/#/apps/search/person/results?personProfileId=1484405514,af98166305f29d878619f07659254c44,dunnlumber.com
1177268981,Tucker,Bryan,,,,"Director, Information Technology",759,Information Technology,Director,,(870) 336-6050,bryan.tucker@ecbarton.com,2929 Browns Ln.,Jonesboro,Arkansas,72401,United States,15,9/13/2019,34262025,E. C. Barton & Company,E.C. Barton,www.ecbarton.com,(870) 932-6673,2929 Browns Ln.,Jonesboro,Arkansas,72401,United States,Construction General,Industry.construction.general,Home Improvement & Hardware Retail,Industry.retail.hardware,664370,Sales.500Mto1G,126,Employees.100to249,50,503,444,423310,"TitleCode.IT,TitleCodeTop.Business,TitleCodeMiddle.Technical,TitleCode.Director,TitleCodeMiddle.Director","Engineering & Technical,Director",https://go.zoominfo.com/#/apps/search/person/results?personProfileId=1177268981,cb62bb3c2c9f5e09abbd477a51b5a64b,ecbarton.com
-1861571732,Galloway,Stephen,M.,,,"Director, Information Technology",759,Information Technology,Director,,(313) 429-2014,sgalloway@levynet.com,9600 Mercier,Dearborn,Michigan,48120,United States,51,9/4/2019,27839316,Edw. C. Levy Co.,Edw. C. Levy,www.edwclevy.com,(313) 429-2200,9300 Dix Ave.,Dearborn,Michigan,48120,United States,Metals & Mining,Industry.mm,Construction General,Industry.construction.general,74234,Sales.50Mto100M,1000,Employees.1000to4999,32,329,48,327,"TitleCode.IT,TitleCodeTop.Business,TitleCodeMiddle.Technical,TitleCode.Director,TitleCodeMiddle.Director","Engineering & Technical,Director",https://go.zoominfo.com/#/apps/search/person/results?personProfileId=-1861571732,d62b9eb2e9adc7593fde5b4630e76269,levynet.com
1692292489,Chowdhury,Manish,,,,"Manager, Information Technology",719,Information Technology,Manager,,+91 79 3932 0000,manish.chowdhury@einfochips.com,,Ahmedabad,Gujarat,,India,60,8/24/2019,22989066,eInfochips Inc,eInfochips,www.einfochips.com,(408) 496-1882,"2025 Gateway Pl., Ste. #270",San Jose,California,95110,United States,Software Development & Design,Industry.software.mfg,Software,Industry.software,3828969,Sales.1Gto5G,20100,Employees.10000plus,73,737,541511,541,"TitleCode.IT,TitleCodeTop.Business,TitleCodeMiddle.Manager,TitleCodeMiddle.Technical,TitleCode.Manager","Manager,Engineering & Technical",https://go.zoominfo.com/#/apps/search/person/results?personProfileId=1692292489,2d365313d5e0daac0549e53e62309b35,einfochips.com
-2039835610,Slager,Paul,,,,"Director, Information Technology",759,Information Technology,Director,,(224) 406-9840,paul.slager@envistaforensics.com,"111 Deer Lake Rd., Ste. 100",Deerfield,Illinois,60015,United States,48,8/2/2019,363461633,Envista Forensics LLC,Envista,www.envistaforensics.com,(404) 464-4997,5565 Glenridge Connector Ste. 900,Atlanta,Georgia,30342,United States,"Architecture, Engineering & Design",Industry.construction.architecture,Construction,Industry.construction,10000,Sales.10Mto25M,300,Employees.250to499,87,873,541,621,"TitleCode.IT,TitleCodeTop.Business,TitleCodeMiddle.Technical,TitleCode.Director,TitleCodeMiddle.Director","Engineering & Technical,Director",https://go.zoominfo.com/#/apps/search/person/results?personProfileId=-2039835610,b146fcd20ca1f3ab992dd6816db63287,envistaforensics.com
-1004477081,O'Brien,Paul,,,,"Chief Estimator & Director, Information Technology",763,Information Technology,C-Level,,,paul@epiccc.com,3810 FREMONT Ave.,Kansas City,Missouri,64129,United States,6,9/4/2019,371644828,EPIC Concrete Construction Inc,EPIC,www.epiccc.com,(816) 861-3300,3810 FREMONT Ave.,Kansas City,Missouri,64129,United States,Construction General,Industry.construction.general,Construction,Industry.construction,4800,Sales.1Mto5M,24,Employees.20to49,,,,,"TitleCodeMiddle.Construction,TitleCodeTop.Services,TitleCode.Exec,TitleCode.Construction,TitleCode.IT,TitleCodeTop.Business,TitleCodeMiddle.Exec,TitleCodeMiddle.Technical,TitleCode.Director","C-Level,Engineering & Technical",https://go.zoominfo.com/#/apps/search/person/results?personProfileId=-1004477081,73103c4fa20beb891f586d1f0dc13e64,epiccc.com
-1239943281,Lathrop,Kathryn,,,,"Director, Information Technology",759,Information Technology,Director,,,kathy@exotictoolwelding.com,2909 Seaway Blvd. Ste. B,Everett,Washington,98203,United States,12,9/13/2019,34475756,"Exotic Tool Welding, Inc.",Exotic Tool Welding,www.exotictoolwelding.com,(425) 353-3040,2909 Seaway Blvd. Ste. B,Everett,Washington,98203,United States,Commercial & Residential Construction,Industry.construction.construction,Construction,Industry.construction,5400,Sales.5Mto10M,27,Employees.20to49,15,152,23611,23,"TitleCode.IT,TitleCodeTop.Business,TitleCodeMiddle.Technical,TitleCode.Director,TitleCodeMiddle.Director","Engineering & Technical,Director",https://go.zoominfo.com/#/apps/search/person/results?personProfileId=-1239943281,5195a52012e2f53cdb58561bd3572c4b,exotictoolwelding.com
2079036297,Correa,Jose,L.,,,"Director, Information Technology",759,Information Technology,Director,,(908) 333-4181,jcorrea@ferreiraconstruction.com,31 Tannery Rd.,Somerville,New Jersey,8876,United States,33,8/1/2019,44453264,Ferreira Construction Co. Inc,Ferreira Construction,www.ferreiraconstruction.com,(908) 534-8655,31 Tannery Rd.,Somerville,New Jersey,8876,United States,Construction,Industry.construction,Commercial & Residential Construction,Industry.construction.construction,272550,Sales.250Mto500M,1050,Employees.1000to4999,16,161,237310,238990,"TitleCode.IT,TitleCodeTop.Business,TitleCodeMiddle.Technical,TitleCode.Director,TitleCodeMiddle.Director","Engineering & Technical,Director",https://go.zoominfo.com/#/apps/search/person/results?personProfileId=2079036297,d3df97fa9bae9cca60f0f94490ce8f65,ferreiraconstruction.com
2517110797,Raney,James,,,,"Director, Information Technology",759,Information Technology,Director,,(949) 349-4552,james.raney@fluor.com,"1 Fluor Daniel Dr., Aliso Viejo, California 926981000 United States",Aliso Viejo,California,92698,United States,4,8/27/2019,14713364,Fluor Corporation,Fluor,www.fluor.com,(469) 398-7000,6700 Las Colinas Blvd.,Irving,Texas,75039,United States,Commercial & Residential Construction,Industry.construction.construction,Construction,Industry.construction,19166600,Sales.5GPlus,53349,Employees.10000plus,15,87,23819,5416,"TitleCode.IT,TitleCodeTop.Business,TitleCodeMiddle.Technical,TitleCode.Director,TitleCodeMiddle.Director","Engineering & Technical,Director",https://go.zoominfo.com/#/apps/search/person/results?personProfileId=2517110797,e831026f367897be1449bbf843d42f68,fluor.com
2697545593,Crisp,Graham,,,,"Director, IT Operations & Infrastructure",759,Operations,Director,,(281) 249-4114,graham.crisp@technipfmc.com,11740 Katy Freeway Energy Tower 3,Houston,Texas,77079,United States,21,8/27/2019,45091598,FMC Technologies Inc,FMC,technipfmc.com,(281) 591-4000,11740 Katy Freeway Energy Tower 3,Houston,Texas,77079,United States,"Electricity, Oil & Gas",Industry.energy.energy,Industrial Machinery & Equipment,Industry.mfg.industrialmachinery,12600000,Sales.5GPlus,37000,Employees.10000plus,35,13,2379,211,"TitleCode.Operations,TitleCodeMiddle.Director,TitleCodeTop.Business,TitleCode.IT,TitleCodeMiddle.Operations,TitleCodeMiddle.Technical,TitleCode.Director","Operations,Director",https://go.zoominfo.com/#/apps/search/person/results?personProfileId=2697545593,93dd50dbd45149cfd881f6aadb8dd20c,technipfmc.com
1764830856,Monahan,Lise,A.,,CPA,"Director, IT Strategy & Planning",759,Information Technology,Director,,(281) 569-7432,lise.monahan@fmcti.com,1803 Gears Rd.,Houston,Texas,77067,United States,62,8/26/2019,45091598,FMC Technologies Inc,FMC,technipfmc.com,(281) 591-4000,11740 Katy Freeway Energy Tower 3,Houston,Texas,77079,United States,"Electricity, Oil & Gas",Industry.energy.energy,Industrial Machinery & Equipment,Industry.mfg.industrialmachinery,12600000,Sales.5GPlus,37000,Employees.10000plus,35,13,2379,211,"TitleCode.Services,TitleCodeTop.Services,TitleCodeMiddle.Director,TitleCodeTop.Business,TitleCode.IT,TitleCodeMiddle.Services,TitleCodeMiddle.Technical,TitleCode.Director","Engineering & Technical,Director",https://go.zoominfo.com/#/apps/search/person/results?personProfileId=1764830856,fb4299a23f5a9296bd9ab4474ec1e8c6,fmcti.com
-1916755056,Kotkar,Milind,S.,,,"Manager, Mumbai Information Technology Head Chief",774,Technical,C-Level,,+91 22 6700 2000,milind.kotkar@technipfmc.com,"B1-701 & 701A Boomerang, Chandivali Farm Rd.",,Maharashtra,,India,38,9/5/2019,45091598,FMC Technologies Inc,FMC,technipfmc.com,(281) 591-4000,11740 Katy Freeway Energy Tower 3,Houston,Texas,77079,United States,"Electricity, Oil & Gas",Industry.energy.energy,Industrial Machinery & Equipment,Industry.mfg.industrialmachinery,12600000,Sales.5GPlus,37000,Employees.10000plus,35,13,2379,211,"TitleCode.Technical,TitleCode.Exec,TitleCodeTop.Business,TitleCode.IT,TitleCodeMiddle.Exec,TitleCodeMiddle.Technical,TitleCode.Manager","C-Level,Engineering & Technical",https://go.zoominfo.com/#/apps/search/person/results?personProfileId=-1916755056,099a4389dfad4fafc1f1b488a3d90732,technipfmc.com
-1239769116,Seibt,Chad,,,,"Director, Information Technology (North America)",759,Information Technology,Director,,(513) 786-3178,chad.seibt@formica.com,10155 Reading Rd.,Cincinnati,Ohio,45241,United States,21,9/3/2019,14893889,Formica Corporation,Formica,www.formica.com,(513) 786-3400,10155 Reading Rd.,Cincinnati,Ohio,45241,United States,Construction General,Industry.construction.general,Home Improvement & Hardware Retail,Industry.retail.hardware,,,1000,Employees.1000to4999,50,503,444,423310,"TitleCode.IT,TitleCodeTop.Business,TitleCodeMiddle.Technical,TitleCode.Director,TitleCodeMiddle.Director","Engineering & Technical,Director",https://go.zoominfo.com/#/apps/search/person/results?personProfileId=-1239769116,82e311d69f3569492185dfaab9e41145,formica.com
168653989,Huff,Michael,,,,"Manager, Information Technology",719,Information Technology,Manager,,(713) 778-6412,m.huff@fugro.com,6100 Hillcroft St.,Houston,Texas,77081,United States,24,3/21/2019,24544572,Fugro,Fugro,www.fugro.com,+31 70 311 1422,Veurse Achterweg 10,Leidschendam,South Holland,2264,Netherlands,"Architecture, Engineering & Design",Industry.construction.architecture,Construction,Industry.construction,1793666,Sales.1Gto5G,10044,Employees.10000plus,87,871,211,212,"TitleCode.IT,TitleCodeTop.Business,TitleCodeMiddle.Manager,TitleCodeMiddle.Technical,TitleCode.Manager","Manager,Engineering & Technical",https://go.zoominfo.com/#/apps/search/person/results?personProfileId=168653989,5d85751cdc6a1af1459cc7dc56119005,fugro.com
1953700395,Baker,Rick,,,,"Director, Information Technology",759,Information Technology,Director,,(703) 854-6190,rwbaker@gannett.com,7950 Jones Branch Dr.,McLean,Virginia,22107,United States,36,8/25/2019,48649212,"Gannett Fleming, Inc.",Gannett Fleming,www.gannettfleming.com,(717) 763-7211,207 Senate Ave.,Camp Hill,Pennsylvania,17011,United States,Construction,Industry.construction,Commercial & Residential Construction,Industry.construction.construction,,,2500,Employees.1000to4999,87,871,5416,541,"TitleCode.IT,TitleCodeTop.Business,TitleCodeMiddle.Technical,TitleCode.Director,TitleCodeMiddle.Director","Engineering & Technical,Director",https://go.zoominfo.com/#/apps/search/person/results?personProfileId=1953700395,88c61450e489d4069bc1ccebbe83ce1b,gannett.com
-1648514129,Levesque,Daniel,,,,"Director, Information Technology",759,Information Technology,Director,,(207) 883-6307 ext. 215,dlevesque@gawronturgeon.com,29 Black Point Rd.,Scarborough,Maine,4074,United States,11,6/15/2019,111576535,Gawron Turgeon Architects P.C,Gawron Turgeon,www.gawronturgeon.com,(207) 883-6307,29 Black Point Rd.,Scarborough,Maine,4074,United States,"Architecture, Engineering & Design",Industry.construction.architecture,Construction,Industry.construction,7800,Sales.5Mto10M,39,Employees.20to49,8712,871,541,5413,"TitleCode.IT,TitleCodeTop.Business,TitleCodeMiddle.Technical,TitleCode.Director,TitleCodeMiddle.Director","Engineering & Technical,Director",https://go.zoominfo.com/#/apps/search/person/results?personProfileId=-1648514129,016ca2a561e62d474b60dc6388260362,gawronturgeon.com
-2126260702,Xu,James,,,,"Governance Director, Information Technology",759,Information Technology,Director,,+86 21 6105 3966,jxu@glprop.com,,Shanghai,Shanghai,,China,18,7/22/2019,347817679,GLP,GLP,www.glprop.com,(312) 940-5300,2 North Riverside Plz. Ste. 2350,Chicago,Illinois,60606,United States,Real Estate,Industry.realestate,Commercial & Residential Construction,Industry.construction.construction,880000,Sales.500Mto1G,1126,Employees.1000to4999,15,154,5311,5312,"TitleCode.IT,TitleCodeTop.Business,TitleCodeMiddle.Technical,TitleCode.Director,TitleCodeMiddle.Director","Engineering & Technical,Director",https://go.zoominfo.com/#/apps/search/person/results?personProfileId=-2126260702,99e9ed27d23550f166a89d102797d75a,glprop.com
1871288763,Huntsberger,Kenneth,P.,,,"Director, Information Technology",759,Information Technology,Director,,(610) 458-1077 ext. 108,khuntsberger@gesonline.com,440 Creamery Way Ste. 500,Exton,Pennsylvania,19341,United States,36,9/11/2019,66357061,"Groundwater & Environmental Services , Inc.",GES,www.gesonline.com,(800) 220-3068,1599 Rte. 34 Ste. 1,Farmingdale,New Jersey,7727,United States,Construction General,Industry.construction.general,Construction,Industry.construction,100000,Sales.100MMto250M,500,Employees.500to999,17,179,221,5416,"TitleCode.IT,TitleCodeTop.Business,TitleCodeMiddle.Technical,TitleCode.Director,TitleCodeMiddle.Director","Engineering & Technical,Director",https://go.zoominfo.com/#/apps/search/person/results?personProfileId=1871288763,95beae68f82e454c7ea9cdb4ef39b7fb,gesonline.com
2009218193,McDowell,Jim,,,,"Projectwise Administration Manager, Information Technology & Manager & Lighting Design Engineer",719,Information Technology,Manager,,(801) 713-5259,jmcdowell@hwlochner.com,3995 S. 700 E. Ste. 450,Salt Lake City,Utah,84107,United States,24,3/11/2019,5783613,H.W. Lochner Inc,H.W. Lochner,www.hwlochner.com,(312) 372-7346,225 W Washington St. # 1200,Chicago,Illinois,60606,United States,Construction,Industry.construction,Commercial & Residential Construction,Industry.construction.construction,111650,Sales.100MMto250M,600,Employees.500to999,8712,871,541,5413,"TitleCodeMiddle.Artists,TitleCodeMiddle.Administration,TitleCodeMiddle.Manager,TitleCodeTop.Arts,TitleCode.Administration,TitleCode.Arts,TitleCode.IT,TitleCodeTop.Business,TitleCode.Engineer,TitleCodeMiddle.Technical,TitleCode.Manager","Manager,Engineering & Technical",https://go.zoominfo.com/#/apps/search/person/results?personProfileId=2009218193,2075c639089806b238a13ea3038ed2a3,hwlochner.com
1379361017,Linhares,Alex,,,,"Director, Information Technology",759,Information Technology,Director,,(905) 662-0611 ext. 193,alinhares@harrisrebar.com,318 Arvin Ave.,Stoney Creek,Ontario,L8E 2M2,Canada,10,8/2/2019,53807044,Harris Rebar Company,Harris Rebar,www.harrisrebar.com,(253) 804-8884,3512 B St. Northwest,Auburn,Washington,98001,United States,Commercial & Residential Construction,Industry.construction.construction,Construction,Industry.construction,23000,Sales.10Mto25M,115,Employees.100to249,17,179,23812,2381,"TitleCode.IT,TitleCodeTop.Business,TitleCodeMiddle.Technical,TitleCode.Director,TitleCodeMiddle.Director","Engineering & Technical,Director",https://go.zoominfo.com/#/apps/search/person/results?personProfileId=1379361017,9bfd42b5136549ac08b90c0a3c0c3272,harrisrebar.com
2068623510,Sousa,Jason,H.,,,"BIM Manager, Information Technology & Director & Senior HVAC Designer & Project Coordinator",763,Information Technology,Director,,(770) 455-7707 ext. 116,jsousa@hpdengineers.com,3000 Clearview Ave.,Atlanta,Georgia,30340,United States,11,7/25/2019,354433656,"HPD, LLC - Consulting Engineers",HPD,www.hpdengineers.com,(770) 455-7707,3000 Clearview Ave.,Atlanta,Georgia,30340,United States,Commercial & Residential Construction,Industry.construction.construction,Construction,Industry.construction,2800,Sales.1Mto5M,14,Employees.10to19,,,,,"TitleCodeMiddle.Manager,TitleCode.ProjectManagement,TitleCodeMiddle.Director,TitleCode.IT,TitleCodeTop.Business,TitleCodeMiddle.Operations,TitleCodeMiddle.Technical,TitleCode.Director,TitleCode.Manager","Manager,Director",https://go.zoominfo.com/#/apps/search/person/results?personProfileId=2068623510,7c172fbded10792f43d4f8523988bf8a,hpdengineers.com
2057735080,Magistri,Lee,F.,,II,"Manager, IT Applications",719,Information Technology,Manager,,(321) 784-7387,lee.f.magistri@iapws.com,7315 N Atlantic Ave.,Cape Canaveral,Florida,32920,United States,24,8/1/2019,70141683,IAP Worldwide Services Inc,IAP,www.iapws.com,(321) 784-7100,7315 N Atlantic Ave.,Cape Canaveral,Florida,32920,United States,Freight & Logistics Services,Industry.transportation.freight,Business Services General,Industry.bizservice.general,750000,Sales.500Mto1G,2000,Employees.1000to4999,47,473,48,221,"TitleCode.IT,TitleCodeTop.Business,TitleCodeMiddle.Manager,TitleCodeMiddle.Technical,TitleCode.Manager","Manager,Engineering & Technical",https://go.zoominfo.com/#/apps/search/person/results?personProfileId=2057735080,6bc39bd180d6278e1e726eab78541504,iapws.com
1684526448,Pinilla,Mauricio,,,,"Director, Information Technology",759,Information Technology,Director,,(386) 236-4126,mpinilla@icihomes.com,2379 Beville Rd.,Daytona Beach,Florida,32119,United States,15,8/23/2019,55086415,ICI Homes,ICI Homes,www.icihomes.com,(855) 215-2974,Florida2660 Cypress Ridge Blvd. Ste. 104,Wesley Chapel,Florida,33544,United States,Commercial & Residential Construction,Industry.construction.construction,Construction,Industry.construction,13130,Sales.10Mto25M,159,Employees.100to249,15,152,23611,236116,"TitleCode.IT,TitleCodeTop.Business,TitleCodeMiddle.Technical,TitleCode.Director,TitleCodeMiddle.Director","Engineering & Technical,Director",https://go.zoominfo.com/#/apps/search/person/results?personProfileId=1684526448,69082cdb2a32d1d006d8e9a4e2b8b6de,icihomes.com
-1912891505,Sampat,Viral,,,,"Director, Corporate IT Compliance, Application & Data Solutions",760,Technical,Director,,(765) 828-2517,viral.sampat@iea.net,"8440 Woodfield Crossing Blvd,Ste 500",Indianapolis,Indiana,46240-7313,United States,13,9/10/2019,348777091,IEA Inc,IEA,www.iea.net,(765) 828-2580,6325 Digital Way Ste. 460,Indianapolis,Indiana,46278,United States,Construction General,Industry.construction.general,Construction,Industry.construction,958,Sales.500Kto1M,333,Employees.250to499,62,16,2379,5417,"TitleCode.Technical,TitleCodeMiddle.Director,TitleCodeTop.Business,TitleCode.IT,TitleCode.Compliance,TitleCodeMiddle.Operations,TitleCodeMiddle.Technical,TitleCode.Director","Operations,Director",https://go.zoominfo.com/#/apps/search/person/results?personProfileId=-1912891505,60cf4fc9fc1bab24ad88eea443667537,iea.net
78723298,Calvano,Charlie,,,,"Director, Information Technology",759,Information Technology,Director,,(206) 628-3137,ccalvano@integrusarch.com,,Seattle,Washington,98104,United States,34,4/12/2019,61032156,Integrus Architecture,Integrus,www.integrusarch.com,(509) 838-8681,10 S Cedar,Spokane,Washington,99204,United States,"Architecture, Engineering & Design",Industry.construction.architecture,Construction,Industry.construction,23210,Sales.10Mto25M,161,Employees.100to249,87,871,541199,541,"TitleCode.IT,TitleCodeTop.Business,TitleCodeMiddle.Technical,TitleCode.Director,TitleCodeMiddle.Director","Engineering & Technical,Director",https://go.zoominfo.com/#/apps/search/person/results?personProfileId=78723298,f5cffd6a2bc5ab5d1db0b6c13cc49ed1,integrusarch.com
1595851353,Nadeau,Matthew,,,,"Director, Operations Business & Information Technology",759,Operations,Director,,(916) 202-7009,matthew.n@issworld.com,,Sacramento,California,,United States,36,7/1/2019,128665098,ISS,ISS,www.issworld.com,+45 38 17 00 00,Buddingevej 197,Soborg,Capital Region,,Denmark,Construction General,Industry.construction.general,Construction,Industry.construction,11285240,Sales.5GPlus,485908,Employees.10000plus,78,783,56173,5416,"TitleCode.Operations,TitleCodeMiddle.Director,TitleCodeTop.Business,TitleCode.IT,TitleCodeMiddle.Operations,TitleCodeMiddle.Technical,TitleCode.Director","Operations,Director",https://go.zoominfo.com/#/apps/search/person/results?personProfileId=1595851353,8f8ed3a4666c7eb0efa165cc96845315,issworld.com
1780499805,Brinkley,Brian,,,,"Director, Information Technology",759,Information Technology,Director,,(270) 898-7392 ext. 230,bbrinkley@jamesmarine.com,4500 Clarks River Rd.,Paducah,Kentucky,42002,United States,12,8/26/2019,63999415,James Marine Inc,James Marine,www.jamesmarine.com,(270) 898-7392,4500 Clarks River Rd.,Paducah,Kentucky,42002,United States,Boats & Submarines,Industry.mfg.boat,Manufacturing,Industry.mfg,100000,Sales.100MMto250M,850,Employees.500to999,37,373,48,33661,"TitleCode.IT,TitleCodeTop.Business,TitleCodeMiddle.Technical,TitleCode.Director,TitleCodeMiddle.Director","Engineering & Technical,Director",https://go.zoominfo.com/#/apps/search/person/results?personProfileId=1780499805,37a801145171ec8d5016b6fca792e4b8,jamesmarine.com
353999940,Carlson,Matthew,C.,Mr.,,"Services Global Director, Information Technology",759,Information Technology,Director,,(303) 978-3127,matt.carlson@jm.com,717 17th St.,Denver,Colorado,80202,United States,105,8/15/2019,20840973,Johns Manville Corporation,Johns Manville,www.jm.com,(303) 978-2000,717 17th St.,Denver,Colorado,80202,United States,"Aggregates, Concrete & Cement",Industry.mfg.building.concrete,"Miscellaneous Building Materials (Flooring, Cabinets, etc.)",Industry.mfg.building.other,,,7000,Employees.5000to9999,17,176,327211,2379,"TitleCode.IT,TitleCodeTop.Business,TitleCodeMiddle.Technical,TitleCode.Director,TitleCodeMiddle.Director","Engineering & Technical,Director",https://go.zoominfo.com/#/apps/search/person/results?personProfileId=353999940,33ec4f357ea366adac002baad06df7db,jm.com
-799852274,Lowe,Mike,,,,"Manager, Safety & Manager, Information Technology Currently Information Technology & Manager & Director, Safety",759,Information Technology,Director,,,mlowe@jrjinc.com,,,,,,1,7/18/2019,76499674,JRJ Construction,JRJ,www.jrjinc.com,(817) 596-9600,1756 Ranger Hwy.,Weatherford,Texas,76088,United States,Commercial & Residential Construction,Industry.construction.construction,Construction,Industry.construction,5000,Sales.5Mto10M,25,Employees.20to49,,,,,"TitleCodeMiddle.Manager,TitleCodeMiddle.Director,TitleCode.IT,TitleCodeTop.Business,TitleCode.Compliance,TitleCodeMiddle.Operations,TitleCodeMiddle.Technical,TitleCode.Director,TitleCode.Manager","Manager,Director",https://go.zoominfo.com/#/apps/search/person/results?personProfileId=-799852274,6d6c6c6cd8fd4e7b7ef95ed3fa85b985,jrjinc.com
-1050568666,Deolikar,Sachin,,,,"Director, Information Technology Operations",759,Operations,Director,,+91 74100 76817,sachin.deolikar@katerra.com,,,,,India,5,6/26/2019,374066702,Katerra Inc,Katerra,www.katerra.com,(650) 422-3572,"2494 Sand Hill Rd. Bldg. 7, Ste. 100",Menlo Park,California,94025,United States,Software General,Industry.software.general,Software,Industry.software,353042,Sales.250Mto500M,3000,Employees.1000to4999,87,871,541,5182,"TitleCode.Operations,TitleCodeMiddle.Director,TitleCodeTop.Business,TitleCode.IT,TitleCodeMiddle.Operations,TitleCodeMiddle.Technical,TitleCode.Director","Operations,Director",https://go.zoominfo.com/#/apps/search/person/results?personProfileId=-1050568666,ad02c02072854ba6f30e6f5fbd706dd2,katerra.com
1960477412,Nigg,Adam,,,,"Director, Information Technology",759,Information Technology,Director,,(269) 381-2100 ext. 1022,adamn@knightwatch.net,3005 Business One Dr.,Kalamazoo,Michigan,49048,United States,18,9/8/2019,67733596,Knight Watch Inc,Knight Watch,www.knightwatch.net,(269) 381-2100,3005 Business One Dr.,Kalamazoo,Michigan,49048,United States,Commercial & Residential Construction,Industry.construction.construction,"Electricity, Oil & Gas",Industry.energy.energy,51558,Sales.50Mto100M,67,Employees.50to99,17,173,221,23821,"TitleCode.IT,TitleCodeTop.Business,TitleCodeMiddle.Technical,TitleCode.Director,TitleCodeMiddle.Director","Engineering & Technical,Director",https://go.zoominfo.com/#/apps/search/person/results?personProfileId=1960477412,06aaa4f0a674587c9b10994524e45407,knightwatch.net
2370794844,Conover,Glenn,R.,,,"Manager, Information Technology & Flight Crew",719,Information Technology,Manager,,(717) 285-7872 ext. 101,gconover@landgrantsurveyors.com,3904 Abel Dr.,Columbia,Pennsylvania,17512,United States,21,6/16/2019,346634301,Land Grant Surveyors LLC,Land Grant,www.landgrantsurveyors.com,(717) 285-7872,3904 Abel Dr.,Columbia,Pennsylvania,17512,United States,"Architecture, Engineering & Design",Industry.construction.architecture,Construction,Industry.construction,4000,Sales.1Mto5M,21,Employees.20to49,87,871,541,541370,"TitleCode.IT,TitleCodeTop.Business,TitleCodeMiddle.Manager,TitleCodeMiddle.Technical,TitleCode.Manager","Manager,Engineering & Technical",https://go.zoominfo.com/#/apps/search/person/results?personProfileId=2370794844,2551e3054c0bca403ff3d3ab6f7a6a06,landgrantsurveyors.com
1920902709,Brusse,James,,,,"Director, Information Technology",759,Information Technology,Director,,(918) 236-2732,bjames@latshawdrilling.com,"4500 South 129th East Ave., Ste. 150",Tulsa,Oklahoma,74134,United States,36,9/12/2019,162186375,Latshaw Drilling Company,Latshaw Drilling,www.latshawdrilling.com,(918) 355-4380,"4500 South 129th East Ave., Ste. 150",Tulsa,Oklahoma,74134,United States,"Electricity, Oil & Gas",Industry.energy.energy,"Energy, Utilities & Waste Treatment",Industry.energy,244100,Sales.100MMto250M,1300,Employees.1000to4999,13,138,21,211,"TitleCode.IT,TitleCodeTop.Business,TitleCodeMiddle.Technical,TitleCode.Director,TitleCodeMiddle.Director","Engineering & Technical,Director",https://go.zoominfo.com/#/apps/search/person/results?personProfileId=1920902709,3d30d68e033282e635096d2490f8fc32,latshawdrilling.com
2999692317,Zhiqiang,Guo,,,,Application Engineer & IT Manager,719,Information Technology,Manager,,,zhi-qiang.guo@leica-geosystems.com.cn,,,,,China,3,9/11/2019,70305033,Leica Geosystems AG,Leica,www.leica-geosystems.com,(770) 326-9500,5051 Peachtree Corners Circle,Norcross,Georgia,30092,United States,Test & Measurement Equipment,Industry.mfg.testequipment,Manufacturing,Industry.mfg,,,4500,Employees.1000to4999,38,382,5182,55,"TitleCode.IT,TitleCodeTop.Business,TitleCodeMiddle.Manager,TitleCode.SoftwareEng,TitleCodeMiddle.Technical,TitleCode.Manager","Manager,Engineering & Technical",https://go.zoominfo.com/#/apps/search/person/results?personProfileId=2999692317,cda4b63667b7db0bcdd7c12f74033d5d,leica-geosystems.com.cn
3174944338,Littlewood,Kris,,,,"Manager, Information Technology (Canada)",719,Information Technology,Manager,,(403) 539-9540,kris.littlewood@leica-geosystems.com,,,Alberta,,Canada,2,5/26/2019,70305033,Leica Geosystems AG,Leica,www.leica-geosystems.com,(770) 326-9500,5051 Peachtree Corners Circle,Norcross,Georgia,30092,United States,Test & Measurement Equipment,Industry.mfg.testequipment,Manufacturing,Industry.mfg,,,4500,Employees.1000to4999,38,382,5182,55,"TitleCode.IT,TitleCodeTop.Business,TitleCodeMiddle.Manager,TitleCodeMiddle.Technical,TitleCode.Manager","Manager,Engineering & Technical",https://go.zoominfo.com/#/apps/search/person/results?personProfileId=3174944338,e1780819cc1a17012dfde655d564b1cf,leica-geosystems.com
2842239887,Abubakirov,Mikhail,,,,"Manager, Information Technology",719,Information Technology,Manager,,,mikhail.abubakirov@leica-geosystems.com,,,,,,5,4/23/2019,70305033,Leica Geosystems AG,Leica,www.leica-geosystems.com,(770) 326-9500,5051 Peachtree Corners Circle,Norcross,Georgia,30092,United States,Test & Measurement Equipment,Industry.mfg.testequipment,Manufacturing,Industry.mfg,,,4500,Employees.1000to4999,38,382,5182,55,"TitleCode.IT,TitleCodeTop.Business,TitleCodeMiddle.Manager,TitleCodeMiddle.Technical,TitleCode.Manager","Manager,Engineering & Technical",https://go.zoominfo.com/#/apps/search/person/results?personProfileId=2842239887,029b418ab1ffe94b11404b6f03070272,leica-geosystems.com
-1959000748,Crowder,Chad,,,,"Director, IT",760,Information Technology,Director,,,chad.crowder@leicaus.com,5051 Peachtree Corners Circle,Norcross,Georgia,30092,United States,7,3/12/2019,70305033,Leica Geosystems AG,Leica,www.leica-geosystems.com,(770) 326-9500,5051 Peachtree Corners Circle,Norcross,Georgia,30092,United States,Test & Measurement Equipment,Industry.mfg.testequipment,Manufacturing,Industry.mfg,,,4500,Employees.1000to4999,38,382,5182,55,"TitleCode.IT,TitleCodeTop.Business,TitleCodeMiddle.Technical,TitleCode.Director,TitleCodeMiddle.Director","Engineering & Technical,Director",https://go.zoominfo.com/#/apps/search/person/results?personProfileId=-1959000748,b0bf191bb761a069e9b200955df15214,leicaus.com
2304546694,Kong,Nikke,,,,"Regional Manager, Information Technology",719,Information Technology,Manager,,+852 2161 3872,nikke.kong@leica-geosystems.com,"Lai Chi Kok Road,Cheung Sha Wan",Hong Kong,Central and Western,,China,8,3/11/2019,70305033,Leica Geosystems AG,Leica,www.leica-geosystems.com,(770) 326-9500,5051 Peachtree Corners Circle,Norcross,Georgia,30092,United States,Test & Measurement Equipment,Industry.mfg.testequipment,Manufacturing,Industry.mfg,,,4500,Employees.1000to4999,38,382,5182,55,"TitleCode.IT,TitleCodeTop.Business,TitleCodeMiddle.Manager,TitleCodeMiddle.Technical,TitleCode.Manager","Manager,Engineering & Technical",https://go.zoominfo.com/#/apps/search/person/results?personProfileId=2304546694,b6781531b7149d633322763d88ba61ac,leica-geosystems.com
1553808470,Milano,Dan,,,,"Director, Information Technology",759,Information Technology,Director,,(302) 993-3364,dan.milano@mdavisinc.com,19 Germay Dr.,Wilmington,Delaware,19804,United States,34,8/26/2019,75941720,MDavis Inc,Mdavis,www.mdavisinc.com,(302) 998-3385,19 Germay Dr.,Wilmington,Delaware,19804,United States,Commercial & Residential Construction,Industry.construction.construction,Construction,Industry.construction,53000,Sales.50Mto100M,265,Employees.250to499,,,23822,23,"TitleCode.IT,TitleCodeTop.Business,TitleCodeMiddle.Technical,TitleCode.Director,TitleCodeMiddle.Director","Engineering & Technical,Director",https://go.zoominfo.com/#/apps/search/person/results?personProfileId=1553808470,b6781c4a2c237a5cc32f7aa42a45876d,mdavisinc.com
-1676370705,Lynch,Michael,,Mr.,,"Director, Information Technology",759,Information Technology,Director,,(215) 717-3638,mlynch@o-n.com,701 Market St. Ste. 6000,Philadelphia,Pennsylvania,19106,United States,37,8/29/2019,87049040,O'Donnell & Naccarato Inc,O'Donnell & Naccarato,www.o-n.com,(215) 925-3788,701 Market St. Ste. 6000,Philadelphia,Pennsylvania,19106,United States,Construction General,Industry.construction.general,Construction,Industry.construction,23240,Sales.10Mto25M,122,Employees.100to249,87,871,561110,541,"TitleCode.IT,TitleCodeTop.Business,TitleCodeMiddle.Technical,TitleCode.Director,TitleCodeMiddle.Director","Engineering & Technical,Director",https://go.zoominfo.com/#/apps/search/person/results?personProfileId=-1676370705,9e33a676bdf202ef68a1d7a753bb6b61,o-n.com
2089282536,Herrman,Richard,,,,"Manager, Information Technology",719,Information Technology,Manager,,(425) 451-4009 ext. 10,richard@osbornconsulting.com,1800 112th Ave. NE Ste. 220-E,Bellevue,Washington,98004,United States,24,9/9/2019,346794378,Osborn Consulting Inc,Osborn Consulting,www.osbornconsulting.com,(425) 451-4009,1800 112th Ave. NE Ste. 220-E,Bellevue,Washington,98004,United States,"Architecture, Engineering & Design",Industry.construction.architecture,Construction,Industry.construction,9360,Sales.5Mto10M,41,Employees.20to49,8712,871,541,5413,"TitleCode.IT,TitleCodeTop.Business,TitleCodeMiddle.Manager,TitleCodeMiddle.Technical,TitleCode.Manager","Manager,Engineering & Technical",https://go.zoominfo.com/#/apps/search/person/results?personProfileId=2089282536,43714e00701c6e60d0df41e05710c623,osbornconsulting.com
583485996,Ho,Alan,,,,"Co-Director, Information Technology",759,Information Technology,Director,,(212) 353-7388,a.ho@perkinseastman.com,115 Fifth Ave.,New York City,New York,10003,United States,36,8/1/2019,82936364,Perkins Eastman company,Perkins Eastman,www.perkinseastman.com,(212) 353-7200,115 Fifth Ave.,New York City,New York,10003,United States,"Architecture, Engineering & Design",Industry.construction.architecture,Construction,Industry.construction,,,820,Employees.500to999,87,871,541,5413,"TitleCode.IT,TitleCodeTop.Business,TitleCodeMiddle.Technical,TitleCode.Director,TitleCodeMiddle.Director","Engineering & Technical,Director",https://go.zoominfo.com/#/apps/search/person/results?personProfileId=583485996,70599d6191e6c9425ec2070f39c2c8e3,perkinseastman.com
1756548143,Robertson,Brian,,,,"Director, Information Technology",759,Information Technology,Director,,,brobertson@pettushvac.com,12647 Hwy. 72,Rogersville,Alabama,35652,United States,20,9/8/2019,109708800,"PETTUS PLUMBING AND PIPING, INC.",Pettus,www.pettushvac.com,(256) 389-8181,12647 Hwy. 72,Rogersville,Alabama,35652,United States,Commercial & Residential Construction,Industry.construction.construction,Construction,Industry.construction,7077,Sales.5Mto10M,31,Employees.20to49,,,23822,23,"TitleCode.IT,TitleCodeTop.Business,TitleCodeMiddle.Technical,TitleCode.Director,TitleCodeMiddle.Director","Engineering & Technical,Director",https://go.zoominfo.com/#/apps/search/person/results?personProfileId=1756548143,48c4c00b4fc7a536613cd618ada204e7,pettushvac.com
1104095425,Peter,Jeff,M.,,,"Director, Information Technology & Senior Associate",760,Information Technology,Director,,(414) 410-2962,jpeter@prarch.com,11000 West Park Pl.,Milwaukee,Wisconsin,53224,United States,43,3/21/2019,30720909,Plunkett Raysich Architects LLP,Plunkett Raysich,www.prarch.com,(414) 359-3060,209 South Water St.,Milwaukee,Wisconsin,53204,United States,"Architecture, Engineering & Design",Industry.construction.architecture,Construction,Industry.construction,19242,Sales.10Mto25M,236,Employees.100to249,73,738,541,5414,"TitleCodeMiddle.Construction,TitleCodeTop.Services,TitleCodeMiddle.Director,TitleCodeTop.Business,TitleCode.Construction,TitleCode.IT,TitleCodeMiddle.Technical,TitleCode.Director","Engineering & Technical,Director",https://go.zoominfo.com/#/apps/search/person/results?personProfileId=1104095425,a5b673219e9b396d4a64edf53e2b3a48,prarch.com
1273323631,Roper,Mark,K.,,,"Director, Information Technology",759,Information Technology,Director,,(847) 214-6770,mroper@powerconstruction.net,8750 W. Bryn Mawr Ave. Ste. 500,Chicago,Illinois,60631,United States,82,8/23/2019,30982468,Power Construction Company LLC,Power Construction,www.powerconstruction.net,(312) 596-6960,8750 W. Bryn Mawr Ave. Ste. 500,Chicago,Illinois,60631,United States,Construction General,Industry.construction.general,Construction,Industry.construction,945000,Sales.500Mto1G,348,Employees.250to499,87,871,541,238990,"TitleCode.IT,TitleCodeTop.Business,TitleCodeMiddle.Technical,TitleCode.Director,TitleCodeMiddle.Director","Engineering & Technical,Director",https://go.zoominfo.com/#/apps/search/person/results?personProfileId=1273323631,8aacb916a9d07210149687bade7abe38,powerconstruction.net
3055597959,Thein,Donald,,,,"Operations Director, Information Technology",759,Operations,Director,,(704) 800-6307,dthein@powerhome.com,919 N. Main St.,Mooresville,North Carolina,28115,United States,10,8/5/2019,369455195,POWERHOME LLC,POWERHOME,www.powerhome.com,(704) 761-7566,919 N. Main St.,Mooresville,North Carolina,28115,United States,Commercial & Residential Construction,Industry.construction.construction,Construction,Industry.construction,102900,Sales.100MMto250M,585,Employees.500to999,17,176,23816,2381,"TitleCode.Operations,TitleCodeMiddle.Director,TitleCodeTop.Business,TitleCode.IT,TitleCodeMiddle.Operations,TitleCodeMiddle.Technical,TitleCode.Director","Operations,Director",https://go.zoominfo.com/#/apps/search/person/results?personProfileId=3055597959,da9f9d69a61813c5d093512513364a06,powerhome.com
-1344533722,Ortiz,David,,,,"Director, Information Technology",759,Information Technology,Director,,(954) 379-5855,dortiz@puroclean.com,6001 Hiatus Rd. Ste. 13,Tamarac,Florida,33321,United States,16,8/30/2019,31687370,PuroClean Inc,PuroClean,www.puroclean.com,(904) 573-3566,4737 Dellwood Ave.,Jacksonville,Florida,32205,United States,Construction General,Industry.construction.general,Construction,Industry.construction,,,5779,Employees.5000to9999,17,179,56,5629,"TitleCode.IT,TitleCodeTop.Business,TitleCodeMiddle.Technical,TitleCode.Director,TitleCodeMiddle.Director","Engineering & Technical,Director",https://go.zoominfo.com/#/apps/search/person/results?personProfileId=-1344533722,41619a00a1c3aa5f056122e34e6da727,puroclean.com
2023271459,Becker,Josiah,,,,"Director, Information Technology",759,Information Technology,Director,,(616) 735-2221,jbecker@quality-edge.com,2712 Walkent Dr. NW,Grand Rapids,Michigan,49544,United States,45,8/21/2019,353853878,Quality Edge Inc,Quality Edge,www.qualityedge.com,(616) 735-3833,2712 Walkent Dr. NW,Grand Rapids,Michigan,49544,United States,Commercial & Residential Construction,Industry.construction.construction,Construction,Industry.construction,101840,Sales.100MMto250M,103,Employees.100to249,15,154,23,236210,"TitleCode.IT,TitleCodeTop.Business,TitleCodeMiddle.Technical,TitleCode.Director,TitleCodeMiddle.Director","Engineering & Technical,Director",https://go.zoominfo.com/#/apps/search/person/results?personProfileId=2023271459,2df6b903a61fa398d20f4eddb985dd54,quality-edge.com
3186538795,Lamb,Bert,,,,"Director, Information Technology",759,Information Technology,Director,,,blamb@rediservicesllc.com,,,,,,2,8/30/2019,136020279,Redi Services LLC,Redi Services,www.rediservicesllc.com,(307) 787-6333,225 W. Owen St.,Lyman,Wyoming,82937,United States,Commercial & Residential Construction,Industry.construction.construction,Construction,Industry.construction,28080,Sales.25Mto50M,123,Employees.100to249,73,738,2379,5419,"TitleCode.IT,TitleCodeTop.Business,TitleCodeMiddle.Technical,TitleCode.Director,TitleCodeMiddle.Director","Engineering & Technical,Director",https://go.zoominfo.com/#/apps/search/person/results?personProfileId=3186538795,4a27afee877984482a9de01f382b46e4,rediservicesllc.com
1477512562,Meilstrup,Mitchell,,,,"Applications Director, Information Technology",759,Information Technology,Director,,(612) 492-4871,mitch.meilstrup@ryancompanies.com,"533 South Third St., Ste. 100",Minneapolis,Minnesota,55415,United States,33,7/15/2019,104251913,"Ryan Companies US , Inc.",Ryan Companies,www.ryancompanies.com,(612) 492-4000,"533 South Third St., Ste. 100",Minneapolis,Minnesota,55415,United States,Commercial & Residential Construction,Industry.construction.construction,Construction,Industry.construction,,,1300,Employees.1000to4999,15,154,5416,5413,"TitleCode.IT,TitleCodeTop.Business,TitleCodeMiddle.Technical,TitleCode.Director,TitleCodeMiddle.Director","Engineering & Technical,Director",https://go.zoominfo.com/#/apps/search/person/results?personProfileId=1477512562,f9a50980d9a0ef1935e15cda5241ef5c,ryancompanies.com
194275170,LaRocco,James,,,,"Director, Information Technology",759,Information Technology,Director,,(919) 872-2660 ext. 10350,jlarocco@smeinc.com,3201 Spring Forest Rd.,Raleigh,North Carolina,27616,United States,39,8/31/2019,261849314,S&ME Inc,S&ME,www.smeinc.com,(843) 884-0005,621 WANDO PARK Blvd.,Mount Pleasant,South Carolina,29464,United States,Commercial & Residential Construction,Industry.construction.construction,Construction,Industry.construction,,,1100,Employees.1000to4999,87,871,541,5413,"TitleCode.IT,TitleCodeTop.Business,TitleCodeMiddle.Technical,TitleCode.Director,TitleCodeMiddle.Director","Engineering & Technical,Director",https://go.zoominfo.com/#/apps/search/person/results?personProfileId=194275170,84fe4899ed40a9a4019342b0ac7e322a,smeinc.com
1558624194,McCann,William,,,,"Director, Information Technology",759,Information Technology,Director,,(330) 754-4913,wmccann@schumacherhomes.com,2715 Wise Ave. NW,Canton,Ohio,44708-1641,United States,38,9/12/2019,100385175,Schumacher Homes Inc,Schumacher Homes,www.schumacherhomes.com,(330) 478-4500,779 White Pond Dr.,Akron,Ohio,44320,United States,Commercial & Residential Construction,Industry.construction.construction,Construction,Industry.construction,209480,Sales.100MMto250M,288,Employees.250to499,15,152,23611,236115,"TitleCode.IT,TitleCodeTop.Business,TitleCodeMiddle.Technical,TitleCode.Director,TitleCodeMiddle.Director","Engineering & Technical,Director",https://go.zoominfo.com/#/apps/search/person/results?personProfileId=1558624194,e483c9dc5148622bbecc1e1b07d71242,schumacherhomes.com
35404936,Durant,April,,,,"Controller & Manager, Information Technology",819,Information Technology,Manager,,(781) 749-6802 ext. 227,april.durant@indusinc.com,825 Granite St.,Braintree,Massachusetts,2184,United States,44,9/9/2019,34291861,Sealcoating Inc,Sealcoating,indusinc.com,(781) 428-3400,825 Granite St.,Braintree,Massachusetts,2184,United States,Commercial & Residential Construction,Industry.construction.construction,Construction,Industry.construction,9400,Sales.5Mto10M,47,Employees.20to49,,,,,"TitleCodeMiddle.Manager,TitleCodeTop.Business,TitleCode.IT,TitleCodeMiddle.Finance,TitleCodeMiddle.Technical,TitleCode.Manager,TitleCode.Accounting","Finance,Manager",https://go.zoominfo.com/#/apps/search/person/results?personProfileId=35404936,beeff460a71436f6a4e8585d0b4b43fe,indusinc.com
-2039090953,Sacharow,Aaron,,,,"Project Manager, Information Technology",719,Information Technology,Manager,,(954) 797-2404,aaron.sacharow@stofgaming.com,6300 Stirling Rd.,Hollywood,Florida,33024,United States,12,12/14/2018,105710328,SGA Companies Inc,SGA,www.sgacos.com,(301) 652-6263,7508 Wisconsin Ave. 4Th Fl.,Bethesda,Maryland,20814,United States,"Architecture, Engineering & Design",Industry.construction.architecture,Construction,Industry.construction,20573,Sales.10Mto25M,108,Employees.100to249,8712,871,541,5413,"TitleCode.ProjectManagement,TitleCodeMiddle.Manager,TitleCodeTop.Business,TitleCode.IT,TitleCodeMiddle.Operations,TitleCodeMiddle.Technical,TitleCode.Manager","Operations,Manager",https://go.zoominfo.com/#/apps/search/person/results?personProfileId=-2039090953,47eb5991b5b116df53292d7e569c4a6a,stofgaming.com
2376970412,Sheppard,Jace,,,,"Director, Information Technology",759,Information Technology,Director,,,jacesheppard@sheppardcustomhomes.com,41 Gauthier Dr.,Essex Junction,Vermont,5452,United States,1,9/5/2019,347135725,Sheppard Custom Homes,Sheppard,www.sheppardcustomhomes.com,(802) 658-5664,41 Gauthier Dr.,Essex Junction,Vermont,5452,United States,Commercial & Residential Construction,Industry.construction.construction,Construction,Industry.construction,6400,Sales.5Mto10M,32,Employees.20to49,6531,653,531,5312,"TitleCode.IT,TitleCodeTop.Business,TitleCodeMiddle.Technical,TitleCode.Director,TitleCodeMiddle.Director","Engineering & Technical,Director",https://go.zoominfo.com/#/apps/search/person/results?personProfileId=2376970412,1bfaf1220261c6fc7a9101f74204c452,sheppardcustomhomes.com
350627565,Edwards,Steven,,Mr.,,"Director, Information Technology",759,Information Technology,Director,,(312) 896-1147,steven.edwards@scb.com,625 N. Michigan Ave. Ste. 800,Chicago,Illinois,60611,United States,51,7/1/2019,34029969,Solomon Cordwell Buenz,SCB,www.scb.com,(312) 896-1100,625 N. Michigan Ave. Ste. 800,Chicago,Illinois,60611,United States,"Architecture, Engineering & Design",Industry.construction.architecture,Construction,Industry.construction,43623,Sales.25Mto50M,229,Employees.100to249,87,871,541,5413,"TitleCode.IT,TitleCodeTop.Business,TitleCodeMiddle.Technical,TitleCode.Director,TitleCodeMiddle.Director","Engineering & Technical,Director",https://go.zoominfo.com/#/apps/search/person/results?personProfileId=350627565,bac8b58cbf7ee270ecbc3de1b18f9f0b,scb.com
3172262307,Young,Sharon,,,,"Director, Information Technology",759,Information Technology,Director,,,syoung@swcarpenters.org,,,,,,4,9/3/2019,351178550,Southwest Regional Council of Carpenters,Southwest Carpenters,www.swcarpenters.org,(213) 385-1457,533 S Fremont Ave.,Los Angeles,California,90071,United States,Commercial & Residential Construction,Industry.construction.construction,Construction,Industry.construction,,,825,Employees.500to999,,,,,"TitleCode.IT,TitleCodeTop.Business,TitleCodeMiddle.Technical,TitleCode.Director,TitleCodeMiddle.Director","Engineering & Technical,Director",https://go.zoominfo.com/#/apps/search/person/results?personProfileId=3172262307,a57db858bda56a49dbc1bd136397e6be,swcarpenters.org
2350528587,Okudi,Simone,,,,"Chief Information Officer & Director, Information Technology (Brazil)",899,Information Technology,C-Level,,+55 11 3149-7463,simone.okudi@sbdinc.com,,,,,Brazil,34,9/9/2019,113754503,"Stanley Black & Decker, Inc.",Stanley Black & Decker,www.stanleyblackanddecker.com,(860) 225-5111,1000 Stanley Dr.,New Britain,Connecticut,6053,United States,Building Materials,Industry.mfg.building,Manufacturing,Industry.mfg,13982400,Sales.5GPlus,60767,Employees.10000plus,34,342,3219,332212,"TitleCode.IT,TitleCodeTop.Business,TitleCodeMiddle.Exec,TitleCodeMiddle.Technical,TitleCode.Director,TitleCode.Exec","C-Level,Engineering & Technical",https://go.zoominfo.com/#/apps/search/person/results?personProfileId=2350528587,dfc3ea98ebc39edd557e508f03660464,sbdinc.com
2453006913,Pemberton,Kathleen,,,,"Director, Bus Relationship Management Information Technology",759,Information Technology,Director,,(847) 897-0553,kathleen.pemberton@stericycle.com,,Chicago,Illinois,,United States,9,7/31/2019,164807080,Stericycle,Stericycle,www.stericycle.com,(847) 367-5910,28161 NORTH KEITH Dr. -,Lake Forest,Illinois,60045,United States,"Waste Treatment, Environmental Services & Recycling",Industry.energy.environment,"Energy, Utilities & Waste Treatment",Industry.energy,3485900,Sales.1Gto5G,22500,Employees.10000plus,49,495,562119,5416,"TitleCodeMiddle.Manager,TitleCodeMiddle.Director,TitleCodeTop.Business,TitleCode.IT,TitleCodeMiddle.Technical,TitleCode.Manager,TitleCode.Director","Manager,Director",https://go.zoominfo.com/#/apps/search/person/results?personProfileId=2453006913,abcce049b10c2972283ce4f168fcfd0b,stericycle.com
1659649557,Burns,Mike,,,,"Director, IT Project Management & Business Anslysis",759,Information Technology,Director,,(919) 431-1077,mike.burns@stocksupply.com,8020 Arco Corporate Dr. Ste. 400,Raleigh,North Carolina,27617,United States,25,9/10/2019,114524483,Stock Building Supply Inc,Stock Building Supply,www.stocksupply.com,(919) 431-1000,8020 Arco Corporate Dr. Ste. 400,Raleigh,North Carolina,27617,United States,Construction General,Industry.construction.general,Construction,Industry.construction,3093743,Sales.1Gto5G,3000,Employees.1000to4999,52,521,44419,44,"TitleCodeMiddle.Manager,TitleCode.ProjectManagement,TitleCodeMiddle.Director,TitleCode.IT,TitleCodeTop.Business,TitleCodeMiddle.Operations,TitleCodeMiddle.Technical,TitleCode.Director,TitleCode.Manager","Manager,Director",https://go.zoominfo.com/#/apps/search/person/results?personProfileId=1659649557,48e3ba139fbd9b089ad8d637211a3282,stocksupply.com
1729649226,Lashmet,John,,,,"Director, Information Technology Solutions",759,Information Technology,Director,,(303) 656-4646,jlashmet@structures.com,5613 DTC Pkwy. Ste. 700,Greenwood Village,Colorado,80111,United States,41,8/22/2019,267714807,Structures Inc,Structures,www.structures.com,(844) 689-3020,"3060 Peachtree Rd., Ste. 1150",Atlanta,Georgia,30305,United States,Commercial & Residential Construction,Industry.construction.construction,Construction,Industry.construction,22000,Sales.10Mto25M,110,Employees.100to249,,,523,52393,"TitleCode.IT,TitleCodeTop.Business,TitleCode.Technical,TitleCodeMiddle.Technical,TitleCode.Director,TitleCodeMiddle.Director","Engineering & Technical,Director",https://go.zoominfo.com/#/apps/search/person/results?personProfileId=1729649226,68589cb18cf59947ae5eb120015455d9,structures.com
1675487341,Goss,Brian,,,,"Project Manager, Information Technology",719,Information Technology,Manager,,(603) 218-5427,bgoss@louisberger.com,"1001 Elm St., Ste. 203",Manchester,New Hampshire,3101,United States,20,10/12/2018,61589858,The Louis Berger Group,Louis Berger,www.louisberger.com,(973) 407-1000,412 Mount Kemble Ave.,Morristown,New Jersey,7962,United States,Construction,Industry.construction,Commercial & Residential Construction,Industry.construction.construction,,,7000,Employees.5000to9999,8712,871,488999,48,"TitleCode.ProjectManagement,TitleCodeMiddle.Manager,TitleCodeTop.Business,TitleCode.IT,TitleCodeMiddle.Operations,TitleCodeMiddle.Technical,TitleCode.Manager","Operations,Manager",https://go.zoominfo.com/#/apps/search/person/results?personProfileId=1675487341,d915d689f33ef87579e5131d5846e109,louisberger.com
-1264987345,Smith,Leon,,,,"Director, Information Technology",759,Information Technology,Director,,(301) 837-1262,lsmith@thematworks.com,11900 Old Baltimore Pike,Beltsville,Maryland,20705,United States,9,8/4/2019,60409008,The Matworks Company LLC,Matworks,www.thematworks.com,(301) 595-0740,11900 Old Baltimore Pike,Beltsville,Maryland,20705,United States,Manufacturing General,Industry.mfg.general,Construction General,Industry.construction.general,57000,Sales.50Mto100M,81,Employees.50to99,17,179,238290,2382,"TitleCode.IT,TitleCodeTop.Business,TitleCodeMiddle.Technical,TitleCode.Director,TitleCodeMiddle.Director","Engineering & Technical,Director",https://go.zoominfo.com/#/apps/search/person/results?personProfileId=-1264987345,30821708cabaa96dcd079ad6645c2bf4,thematworks.com
447640125,Bressie,Catherine,M.,,,"Director, Information Technology",759,Information Technology,Director,,(847) 692-8955,cbressie@mcshane.com,"9550 W. Higgins Rd., Ste. 200",Rosemont,Illinois,60018,United States,61,9/12/2019,102254197,The McShane Companies,McShane,www.mcshane.com,(847) 292-4300,9500 W Bryn Mawr Ave. Ste. 200,Rosemont,Illinois,60018,United States,Real Estate,Industry.realestate,Commercial & Residential Construction,Industry.construction.construction,85669,Sales.50Mto100M,328,Employees.250to499,15,154,531,5312,"TitleCode.IT,TitleCodeTop.Business,TitleCodeMiddle.Technical,TitleCode.Director,TitleCodeMiddle.Director","Engineering & Technical,Director",https://go.zoominfo.com/#/apps/search/person/results?personProfileId=447640125,a2afe5c5e7b98801197e48ee0c5a7641,mcshane.com
1996111780,Menon,Nisha,,,,"Director, Information Technology",759,Information Technology,Director,,(732) 447-1351,nmenon@trccompanies.com,317 George St. Ste. 520,New Brunswick,New Jersey,8901,United States,20,8/28/2019,53822163,TRC Companies Inc,TRC,www.trcsolutions.com,(978) 970-5600,650 Suffolk St.,Lowell,Massachusetts,1854,United States,Software,Industry.software,Software Development & Design,Industry.software.mfg,621000,Sales.500Mto1G,4800,Employees.1000to4999,87,871,221,5416,"TitleCode.IT,TitleCodeTop.Business,TitleCodeMiddle.Technical,TitleCode.Director,TitleCodeMiddle.Director","Engineering & Technical,Director",https://go.zoominfo.com/#/apps/search/person/results?personProfileId=1996111780,0e33162089a5e6fbffb02bb1d19ec3ae,trccompanies.com
-1961353905,Cummins,Joshua,,,,"Director, Information Technology",759,Information Technology,Director,,(612) 440-2357,jcummins@turbinepros.com,14510 Northdale Blvd.,Rogers,Minnesota,55374,United States,19,9/12/2019,347815902,TurbinePROs,TurbinePROs,www.turbinepros.com,(763) 428-1147,14510 Northdale Blvd.,Rogers,Minnesota,55374,United States,Commercial & Residential Construction,Industry.construction.construction,Construction,Industry.construction,9816,Sales.5Mto10M,43,Employees.20to49,15,152,23611,23,"TitleCode.IT,TitleCodeTop.Business,TitleCodeMiddle.Technical,TitleCode.Director,TitleCodeMiddle.Director","Engineering & Technical,Director",https://go.zoominfo.com/#/apps/search/person/results?personProfileId=-1961353905,18be85354d430e046217e883925bf0ff,turbinepros.com
1474934803,Augspurger,Kevin,,,,"Director, Information Technology At Unite Private Networks",759,Information Technology,Director,,(816) 410-1150,kevin.augspurger@upnllc.com,120 S. Stewart Rd.,Liberty,Missouri,64068,United States,65,9/11/2019,353618990,Unite Private Networks LLC,Unite Private Networks,www.uniteprivatenetworks.com,(505) 510-4955,"3830 Singer Blvd. NE, Ste. 2000",Albuquerque,New Mexico,87109,United States,Commercial & Residential Construction,Industry.construction.construction,"Electricity, Oil & Gas",Industry.energy.energy,318261,Sales.250Mto500M,235,Employees.100to249,17,173,51711,221,"TitleCode.IT,TitleCodeTop.Business,TitleCodeMiddle.Technical,TitleCode.Director,TitleCodeMiddle.Director","Engineering & Technical,Director",https://go.zoominfo.com/#/apps/search/person/results?personProfileId=1474934803,c5f7c8cc9dac301856cddae6099182dd,upnllc.com
1361497126,Hedberg,Andy,,,,"Risk Management Director, Information Technology",759,Information Technology,C-Level,,,ahedberg@walshconstruction.com,2905 SW 1st Ave.,Portland,Oregon,97201,United States,44,8/25/2019,91078717,Walsh Construction Co.,Walsh Construction,walshconstruction.com,(503) 222-4375,2905 SW 1st Ave.,Portland,Oregon,97201,United States,Commercial & Residential Construction,Industry.construction.construction,Construction,Industry.construction,250000,Sales.250Mto500M,300,Employees.250to499,15,152,23611,236116,"TitleCode.Exec,TitleCode.IT,TitleCode.TopExec,TitleCodeTop.Business,TitleCodeMiddle.Finance,TitleCode.Finance,TitleCodeMiddle.Exec,TitleCodeMiddle.Technical,TitleCodeMiddle.TopExec,TitleCode.Director","Finance,Engineering & Technical",https://go.zoominfo.com/#/apps/search/person/results?personProfileId=1361497126,8032bfe093a4c38c95dddc30ff1ef1d9,walshconstruction.com
1708695779,Toups,Buddy,,,,"Director, Information Technology",759,Information Technology,Director,,(985) 475-1001,btoups@whpacific.com,188838 Hwy. 3235,Galliano,Louisiana,70354,United States,32,8/1/2019,115458215,WHPacific Inc,WHPacific,www.whpacific.com,(505) 247-0294,6501 AMERICAS Pkwy. NE Ste. 400,Albuquerque,New Mexico,87110,United States,"Architecture, Engineering & Design",Industry.construction.architecture,Construction,Industry.construction,62000,Sales.50Mto100M,190,Employees.100to249,78,781,56,5413,"TitleCode.IT,TitleCodeTop.Business,TitleCodeMiddle.Technical,TitleCode.Director,TitleCodeMiddle.Director","Engineering & Technical,Director",https://go.zoominfo.com/#/apps/search/person/results?personProfileId=1708695779,83f231a6c62cfb024d1ef5f5b49291a1,whpacific.com
2617737316,Fadiran,Oluseye,,,,"Director, Information Technology",759,Information Technology,Director,,(301) 264-5549,ofadiran@windownation.com,,,Maryland,,United States,7,8/15/2019,202768543,Window Nation Company,Window Nation,www.windownation.com,(410) 766-8488,8110 Maple Lawn Blvd.,Fulton,Maryland,20759,United States,Construction General,Industry.construction.general,Construction,Industry.construction,132400,Sales.100MMto250M,351,Employees.250to499,17,179,423310,42331,"TitleCode.IT,TitleCodeTop.Business,TitleCodeMiddle.Technical,TitleCode.Director,TitleCodeMiddle.Director","Engineering & Technical,Director",https://go.zoominfo.com/#/apps/search/person/results?personProfileId=2617737316,c741ca3b213359f91ac9ddf5f2373c51,windownation.com
1658559475,McCauley,Ed,,,,"Director, Information Technology",759,Information Technology,Director,,(717) 299-2500 ext. 1405,emccauley@wohlsen.com,548 Steel Way,Lancaster,Pennsylvania,17601,United States,67,8/28/2019,42500206,Wohlsen Construction Company,Wohlsen Construction,www.wohlsenconstruction.com,(717) 299-2500,1295 Manheim Pike,Lancaster,Pennsylvania,17601,United States,"Architecture, Engineering & Design",Industry.construction.architecture,Commercial & Residential Construction,Industry.construction.construction,70000,Sales.50Mto100M,241,Employees.100to249,15,154,541,5413,"TitleCode.IT,TitleCodeTop.Business,TitleCodeMiddle.Technical,TitleCode.Director,TitleCodeMiddle.Director","Engineering & Technical,Director",https://go.zoominfo.com/#/apps/search/person/results?personProfileId=1658559475,7742be16dba9f3377a998181de8cbce1,wohlsen.com
-2053158560,Moyer,Michael,,,,"Manager, IT Technical Support & Networks",719,Technical,Manager,,(570) 374-2711 ext. 385,mikem@woodmode.com,1 Second St.,Kreamer,Pennsylvania,17833,United States,15,3/21/2019,116932630,"Wood-Mode , Inc.",Wood-Mode,www.wood-mode.com,(570) 374-2711,1 Second St.,Kreamer,Pennsylvania,17833,United States,"Lumber, Wood Production & Timber Operations",Industry.mfg.building.lumber,"Miscellaneous Building Materials (Flooring, Cabinets, etc.)",Industry.mfg.building.other,1500000,Sales.1Gto5G,10000,Employees.10000plus,24,243,444,541,"TitleCode.Technical,TitleCodeMiddle.Manager,TitleCodeTop.Business,TitleCode.IT,TitleCodeMiddle.Operations,TitleCode.CustomerRel,TitleCodeMiddle.Technical,TitleCode.Manager","Operations,Manager",https://go.zoominfo.com/#/apps/search/person/results?personProfileId=-2053158560,7c7ab9eef28827b4aefef1f92c95d9bb,woodmode.com
