﻿Zoom Individual ID,Last name,First name,Middle name,Salutation,Suffix,Job title,Job title hierarchy level,Job Function,Management Level,Company division name,Direct Phone Number,Email address,Person Street,Person City,Person State,Person Zip,Country,Source count,Last updated date,Zoom company ID,Company name,Marketing Friendly Name,Company domain name,Company phone number,Company Street address,Company City,Company State,Company ZIP/Postal code,Company Country,Industry label,Industry hierarchical category,Secondary industry label,Secondary industry hierarchical category,Revenue (in 000s),Revenue Range,Employees,Employees Range,SIC1,SIC2,NAICS1,NAICS2,TitleCode,Highest Level Job Function,Contact Zoom URL,Encrypted Email Address,Email Domain
3152473905,Purkayastha,Matt,,,,"Director, Information Technology",759,Information Technology,Director,,(864) 527-6419,matt.hirsch@aeengr.com,805 Suburban Park Dr.,Greer,South Carolina,29651,United States,63,7/24/2019,4459705,A&E Engineering Inc,A&E Engineering,www.aeengineer.com,(864) 527-6400,805 Suburban Park Dr.,Greer,South Carolina,29651,United States,Industrial Machinery & Equipment,Industry.mfg.industrialmachinery,Manufacturing,Industry.mfg,8740,Sales.5Mto10M,71,Employees.50to99,87,871,541511,541,"TitleCode.IT,TitleCodeTop.Business,TitleCodeMiddle.Technical,TitleCode.Director,TitleCodeMiddle.Director","Engineering & Technical,Director",https://go.zoominfo.com/#/apps/search/person/results?personProfileId=510428,cb9d2f343b99b98d6f20469f2c95546b,aeengr.com
1444316802,Recob,Tim,,,,"Technical Services Manager, Information Technology",719,Information Technology,Manager,,(815) 544-7501,tcarlson@acument.com,5110 Falcon Rd.,Rockford,Illinois,61109,United States,25,3/21/2019,2445917,Acument Global Technologies Inc,Acument,www.acument.com,(586) 997-5600,6125 Eighteen Mile Rd.,Sterling Heights,Michigan,48314,United States,"Miscellaneous Building Materials (Flooring, Cabinets, etc.)",Industry.mfg.building.other,Building Materials,Industry.mfg.building,300000,Sales.250Mto500M,2300,Employees.1000to4999,34,345,44,332,"TitleCode.IT,TitleCodeTop.Business,TitleCodeMiddle.Manager,TitleCode.Technical,TitleCodeMiddle.Technical,TitleCode.Manager","Manager,Engineering & Technical",https://go.zoominfo.com/#/apps/search/person/results?personProfileId=1588139061,631691d0e7f16ad4f4aaa166a90dec2c,acument.com
1917536091,Malone,Richard,,,,"Manager, Information Technology",719,Information Technology,Manager,,(586) 749-5525 ext. 5120,richard.tracy@aint.com,29700 Commerce Blvd.,New Baltimore,Michigan,48051,United States,10,5/17/2019,1198580,Advanced Integration Technology LP,AINT,www.aint.com,(972) 423-8354,"2805 E. Plano Pkwy., Ste. 300",Plano,Texas,75074,United States,Aerospace & Defense,Industry.mfg.aerospace,Manufacturing,Industry.mfg,75000,Sales.50Mto100M,900,Employees.500to999,37,372,511,336413,"TitleCode.IT,TitleCodeTop.Business,TitleCodeMiddle.Manager,TitleCodeMiddle.Technical,TitleCode.Manager","Manager,Engineering & Technical",https://go.zoominfo.com/#/apps/search/person/results?personProfileId=2585892008,fa8852a3cd90fc63b3fe3fcf0bbe329c,aint.com
1893146389,Shedd,Tim,,,,"Manager, Information Technology",719,Information Technology,Manager,,,tim@aeng.com,5933 W. Century Blvd. Ste. 1100,Los Angeles,California,90045,United States,17,4/12/2019,1935809,AEi Systems LLC,AEi Systems,www.aeng.com,(310) 216-1144,5933 W. Century Blvd. Ste. 1100,Los Angeles,California,90045,United States,Aerospace & Defense,Industry.mfg.aerospace,Manufacturing,Industry.mfg,4000,Sales.1Mto5M,20,Employees.20to49,372,37,33,336,"TitleCode.IT,TitleCodeTop.Business,TitleCodeMiddle.Manager,TitleCodeMiddle.Technical,TitleCode.Manager","Manager,Engineering & Technical",https://go.zoominfo.com/#/apps/search/person/results?personProfileId=-2049038264,c878042c6a0fe26a3e5f5946ade3ef33,aeng.com
1668796954,McBride,Ginny,,,,"Manager, Information Technology",719,Information Technology,Manager,,(414) 760-4086,ginny.mcgrath@alphasource.com,6619 W. Calumet Rd.,Milwaukee,Wisconsin,53223,United States,31,7/10/2019,3622613,Alpha Source Inc,Alpha Source,www.alphasource.com,(414) 760-2222,6619 W. Calumet Rd.,Milwaukee,Wisconsin,53223,United States,Medical Devices & Equipment,Industry.mfg.medical,Manufacturing,Industry.mfg,27900,Sales.25Mto50M,166,Employees.100to249,50,504,33,3345,"TitleCode.IT,TitleCodeTop.Business,TitleCodeMiddle.Manager,TitleCodeMiddle.Technical,TitleCode.Manager","Manager,Engineering & Technical",https://go.zoominfo.com/#/apps/search/person/results?personProfileId=-2051311068,f05e8dd9cad6b5bd9112c8ddafad48f4,alphasource.com
607253299,Byas,Paul,,,,"Director, Information Technology",759,Information Technology,Director,,(419) 996-4860,ppellegrini@amtrim.com,1005 W Grand Ave.,Lima,Ohio,45801,United States,62,5/29/2019,5953649,American Trim LLC,American Trim,www.amtrim.com,(419) 228-1145,1005 W Grand Ave.,Lima,Ohio,45801,United States,Metals & Minerals,Industry.mm.metals,Metals & Mining,Industry.mm,250000,Sales.250Mto500M,1000,Employees.1000to4999,34,346,332119,3321,"TitleCode.IT,TitleCodeTop.Business,TitleCodeMiddle.Technical,TitleCode.Director,TitleCodeMiddle.Director","Engineering & Technical,Director",https://go.zoominfo.com/#/apps/search/person/results?personProfileId=1692342940,6dc25032790ce79ae44111c6964e3845,amtrim.com
-1852066378,Sinclair,Levi,,,,"Manager, Information Technology",719,Information Technology,Manager,,(704) 251-9950,lgwyn@amesburytruth.com,2061 Sherrill Dr.,Statesville,North Carolina,28625,United States,9,3/21/2019,369444613,AmesburyTruth,AmesburyTruth,www.amesburytruth.com,(800) 866-7884,700 West Bridge St.,Owatonna,Minnesota,55060,United States,"Miscellaneous Building Materials (Flooring, Cabinets, etc.)",Industry.mfg.building.other,Building Materials,Industry.mfg.building,378783,Sales.250Mto500M,3000,Employees.1000to4999,24,243,3219,321911,"TitleCode.IT,TitleCodeTop.Business,TitleCodeMiddle.Manager,TitleCodeMiddle.Technical,TitleCode.Manager","Manager,Engineering & Technical",https://go.zoominfo.com/#/apps/search/person/results?personProfileId=-1704850581,dbf7224e49e41238347ee79320ef41ff,amesburytruth.com
-1171999688,Lombardi,Adriaan,,,,"Manager, Information Technology",719,Information Technology,Manager,,(256) 508-7094,aostrander@apt-research.com,4950 Research Dr.,Huntsville,Alabama,35805,United States,17,3/21/2019,7622475,A-P-T Research Inc,A-P-T Research,www.apt-research.com,(256) 327-3373,4950 Research Dr.,Huntsville,Alabama,35805,United States,Aerospace & Defense,Industry.mfg.aerospace,Manufacturing,Industry.mfg,27000,Sales.25Mto50M,179,Employees.100to249,87,871,541511,541,"TitleCode.IT,TitleCodeTop.Business,TitleCodeMiddle.Manager,TitleCodeMiddle.Technical,TitleCode.Manager","Manager,Engineering & Technical",https://go.zoominfo.com/#/apps/search/person/results?personProfileId=1463452264,67a5ebc11c8861a7ba25e27cfb9db823,apt-research.com
1863486054,Schleuning,Jeffrey,,,,"Manager, Information Technology",719,Information Technology,Manager,,(480) 598-5700 ext. 1515,jcollins@armorworks.com,7071 W. Frye Rd.,Chandler,Arizona,85226,United States,8,3/21/2019,18634339,ArmorWorks LLC,ArmorWorks,www.armorworks.com,(480) 598-5700,33 S 56Th St.,Chandler,Arizona,85226,United States,Aerospace & Defense,Industry.mfg.aerospace,Manufacturing,Industry.mfg,62560,Sales.50Mto100M,200,Employees.100to249,34,344,332,3323,"TitleCode.IT,TitleCodeTop.Business,TitleCodeMiddle.Manager,TitleCodeMiddle.Technical,TitleCode.Manager","Manager,Engineering & Technical",https://go.zoominfo.com/#/apps/search/person/results?personProfileId=1811819040,0259e71ded5a8b1b98aaf6d636ab7001,armorworks.com
423441591,Weeks,Leo,,,,"Operations Manager, Information Technology",719,Operations,Manager,,(949) 727-7187,leog@asicsamerica.com,29 Parker Ste. 100,Irvine,California,92618,United States,68,7/4/2019,17044227,ASICS America Corporation,ASICS,www.asicsamerica.com,(949) 453-8888,80 Technology Dr.,Irvine,California,92618,United States,Consumer Goods,Industry.mfg.consumer,Manufacturing,Industry.mfg,48800,Sales.25Mto50M,244,Employees.100to249,3949,394,33992,339,"TitleCodeMiddle.Manager,TitleCode.Operations,TitleCodeTop.Business,TitleCode.IT,TitleCodeMiddle.Operations,TitleCodeMiddle.Technical,TitleCode.Manager","Operations,Manager",https://go.zoominfo.com/#/apps/search/person/results?personProfileId=537938426,36e4167a0adaf9a26b47215c173438d8,asicsamerica.com
1606076258,Meeks,John,,,,"Manager, Information Technology",719,Information Technology,Manager,,(941) 379-0300 ext. 1172,jmarino@asocorp.com,300 Sarasota Center Blvd.,Sarasota,Florida,34240,United States,29,7/10/2019,5474741,ASO Corporation,ASO,www.asocorp.com,(941) 379-0300,300 Sarasota Center Blvd.,Sarasota,Florida,34240,United States,Medical Devices & Equipment,Industry.mfg.medical,Manufacturing,Industry.mfg,36400,Sales.25Mto50M,182,Employees.100to249,38,384,339,33,"TitleCode.IT,TitleCodeTop.Business,TitleCodeMiddle.Manager,TitleCodeMiddle.Technical,TitleCode.Manager","Manager,Engineering & Technical",https://go.zoominfo.com/#/apps/search/person/results?personProfileId=1788059053,90466e186047998a7ac011d746a83d45,asocorp.com
-2098314035,Ryan,Michelle,J.,,,"Manager, Information Technology",719,Information Technology,Manager,,(281) 276-2610,mfenley@atec.com,12600 Executive Dr.,Stafford,Texas,77477,United States,22,7/2/2019,8145472,Atec Inc,Atec,www.atec.com,(281) 276-2700,12600 Executive Dr.,Stafford,Texas,77477,United States,Industrial Machinery & Equipment,Industry.mfg.industrialmachinery,Manufacturing,Industry.mfg,18140,Sales.10Mto25M,233,Employees.100to249,35,359,33271,332,"TitleCode.IT,TitleCodeTop.Business,TitleCodeMiddle.Manager,TitleCodeMiddle.Technical,TitleCode.Manager","Manager,Engineering & Technical",https://go.zoominfo.com/#/apps/search/person/results?personProfileId=-1656960514,8f50b04c676814432eccf605b70b7964,atec.com
-1487038802,Blackham,Brad,,,,"Manager, Information Technology",719,Information Technology,Manager,,(931) 528-5417 ext. 34518,brado@automationtool.com,101 Mill Dr.,Cookeville,Tennessee,38501,United States,14,3/21/2019,8866824,Automation Tool Company,Automation Tool,atcautomation.com,(931) 528-5417,101 Mill Dr.,Cookeville,Tennessee,38501,United States,Test & Measurement Equipment,Industry.mfg.testequipment,Manufacturing,Industry.mfg,15600,Sales.10Mto25M,78,Employees.50to99,382,38,33399,333999,"TitleCode.IT,TitleCodeTop.Business,TitleCodeMiddle.Manager,TitleCodeMiddle.Technical,TitleCode.Manager","Manager,Engineering & Technical",https://go.zoominfo.com/#/apps/search/person/results?personProfileId=-2075878230,d8d2aa4675f854802bcc8be19ada2310,automationtool.com
55910819,Mozes,Perry,,,,"Manager, Information Technology & Services & Development Professional",720,Information Technology,Manager,,(480) 515-6361,aperry@axon.com,17800 N 85th St.,Scottsdale,Arizona,85255,United States,32,7/23/2019,10096018,"Axon Enterprise , Inc.",Axon,www.axon.com,(480) 991-0797,17800 N 85th St.,Scottsdale,Arizona,85255,United States,Manufacturing,Industry.mfg,Metals & Minerals,Industry.mm.metals,343798,Sales.250Mto500M,949,Employees.500to999,34,348,339,332,"TitleCode.IT,TitleCodeTop.Business,TitleCodeMiddle.Manager,TitleCode.SoftwareEng,TitleCodeMiddle.Technical,TitleCode.Manager","Manager,Engineering & Technical",https://go.zoominfo.com/#/apps/search/person/results?personProfileId=1920872146,108335ed9903974705273a907eeccb1f,axon.com
2227611984,Gillis,Michael,,,,"Manager, Information Technology",719,Information Technology,Manager,,,michael.meeks@barrios.com,16441 Space Center Blvd.,Houston,Texas,77058,United States,7,4/11/2019,11916367,Barrios Technology Ltd,Barrios,www.barrios.com,(281) 280-1900,16441 Space Center Blvd.,Houston,Texas,77058,United States,Aerospace & Defense,Industry.mfg.aerospace,Manufacturing,Industry.mfg,74000,Sales.50Mto100M,370,Employees.250to499,87,871,5417,541,"TitleCode.IT,TitleCodeTop.Business,TitleCodeMiddle.Manager,TitleCodeMiddle.Technical,TitleCode.Manager","Manager,Engineering & Technical",https://go.zoominfo.com/#/apps/search/person/results?personProfileId=1606076258,8bb8d776a603b59c39a3d28819bb6f36,barrios.com
-1676620882,Schmuhl,Richard,,,,"Manager, Information Systems",719,Information Technology,Manager,,(281) 280-1951,richard.morphis@barrios.com,16441 Space Center Blvd.,Houston,Texas,77058,United States,29,3/21/2019,11916367,Barrios Technology Ltd,Barrios,www.barrios.com,(281) 280-1900,16441 Space Center Blvd.,Houston,Texas,77058,United States,Aerospace & Defense,Industry.mfg.aerospace,Manufacturing,Industry.mfg,74000,Sales.50Mto100M,370,Employees.250to499,87,871,5417,541,"TitleCode.IT,TitleCodeTop.Business,TitleCodeMiddle.Manager,TitleCodeMiddle.Technical,TitleCode.Manager","Manager,Engineering & Technical",https://go.zoominfo.com/#/apps/search/person/results?personProfileId=1802356196,ef36846c8893b3bd22e9b89ceb8b6bed,barrios.com
2811668526,Beneke,Brian,,,,"Architecture & Engineering Director, Information Technology",759,Information Technology,Director,,(919) 474-6803,brian.poole@bioventusglobal.com,4721 Emperor Blvd. #100,Durham,North Carolina,27703,United States,43,7/26/2019,348137330,Bioventus LLC,Bioventus,www.bioventusglobal.com,(919) 474-6700,4721 Emperor Blvd. #100,Durham,North Carolina,27703,United States,Medical Devices & Equipment,Industry.mfg.medical,Manufacturing,Industry.mfg,300000,Sales.250Mto500M,700,Employees.500to999,38,384,339,3254,"TitleCodeMiddle.Director,TitleCodeTop.Business,TitleCode.IT,TitleCode.Engineer,TitleCode.SoftwareEng,TitleCodeMiddle.Technical,TitleCode.Director","Engineering & Technical,Director",https://go.zoominfo.com/#/apps/search/person/results?personProfileId=869671992,093f0aae7b28640b7c0ff68cc95d4a3c,bioventusglobal.com
2008251513,Palmer,Lisa,,,,"Manager, Information Systems",719,Information Technology,Manager,,(631) 737-1234 ext. 316,lmartin@bjgelectronics.com,,New York City,New York,,United States,15,12/5/2016,15210173,BJG Electronics Inc,BJG Electronics,www.bjgelectronics.com,(631) 737-1234,141 Remington Blvd.,Ronkonkoma,New York,11779,United States,Aerospace & Defense,Industry.mfg.aerospace,Manufacturing,Industry.mfg,75000,Sales.50Mto100M,197,Employees.100to249,35,359,33271,33441,"TitleCode.IT,TitleCodeTop.Business,TitleCodeMiddle.Manager,TitleCodeMiddle.Technical,TitleCode.Manager","Manager,Engineering & Technical",https://go.zoominfo.com/#/apps/search/person/results?personProfileId=-2037674554,2f7844df32582335ad31e13c7db1f47a,bjgelectronics.com
-2076814018,Leung,Duane,A.,,,"Director, Information Technology",759,Information Technology,Director,,(708) 780-4826,duane.mcbride@bwen.com,3240 S. CENTRAL Ave.,Cicero,Illinois,60804,United States,51,6/14/2019,343767250,"BROADWIND ENERGY, INC.",Broadwind Energy,www.bwen.com,(708) 780-4800,3240 S. CENTRAL Ave.,Cicero,Illinois,60804,United States,Metals & Minerals,Industry.mm.metals,Manufacturing,Industry.mfg,146785,Sales.100MMto250M,399,Employees.250to499,34,344,5413,332,"TitleCode.IT,TitleCodeTop.Business,TitleCodeMiddle.Technical,TitleCode.Director,TitleCodeMiddle.Director","Engineering & Technical,Director",https://go.zoominfo.com/#/apps/search/person/results?personProfileId=1668796954,0d572af88e9fd39e2c645a8a1e842bd2,bwen.com
1802356196,Morphis,Thomas,,,,"Manager, Information Technology",719,Information Technology,Manager,,(610) 495-4296,tom.shultz@carlisleit.com,206 Jones Blvd.,Pottstown,Pennsylvania,19464,United States,7,3/4/2019,351312929,Carlisle Interconnect Technologies Inc,Carlisle,www.carlisleit.com,(904) 829-5600,100 Tensolite Dr.,Saint Augustine,Florida,32092,United States,Wire & Cable,Industry.mfg.wire,Manufacturing,Industry.mfg,300000,Sales.250Mto500M,6000,Employees.5000to9999,33,339,3332,333,"TitleCode.IT,TitleCodeTop.Business,TitleCodeMiddle.Manager,TitleCodeMiddle.Technical,TitleCode.Manager","Manager,Engineering & Technical",https://go.zoominfo.com/#/apps/search/person/results?personProfileId=-1031717407,14739009aad555bd5e673cc8f8badfd2,carlisleit.com
1811819040,Collins,Boyd,,,,"Director, Information Technology",759,Information Technology,Director,,(727) 524-7192 ext. 50880,boyd.cartwright@ccsmed.com,14255 49Th St. N Ste. 301,Clearwater,Florida,33762,United States,3,4/26/2019,19960731,CCS Medical Inc,CCS Medical,www.ccsmed.com,(727) 531-9161,14255 49Th St. N Ste. 301,Clearwater,Florida,33762,United States,Medical Devices & Equipment,Industry.mfg.medical,Manufacturing,Industry.mfg,300000,Sales.250Mto500M,1000,Employees.1000to4999,38,384,339,44,"TitleCode.IT,TitleCodeTop.Business,TitleCodeMiddle.Technical,TitleCode.Director,TitleCodeMiddle.Director","Engineering & Technical,Director",https://go.zoominfo.com/#/apps/search/person/results?personProfileId=3018112825,d3cdde16e5df342e85d0a6692167cde2,ccsmed.com
1267725852,Mirza,Kenneth,M.,,,"Manager, Information Systems",719,Information Technology,Manager,,(770) 993-4424 ext. 239,kloomis@cives.com,"3700 Mansell Rd,Ste 500",Alpharetta,Georgia,30022-1505,United States,14,3/21/2019,25628471,Cives Steel Company,Cives,www.cives.com,(315) 287-2200,8 Church St. 103 Lipman Rd. [PO Box 1077],Gouverneur,New York,13642,United States,Construction General,Industry.construction.general,Construction,Industry.construction,300000,Sales.250Mto500M,1200,Employees.1000to4999,34,344,332,3323,"TitleCode.IT,TitleCodeTop.Business,TitleCodeMiddle.Manager,TitleCodeMiddle.Technical,TitleCode.Manager","Manager,Engineering & Technical",https://go.zoominfo.com/#/apps/search/person/results?personProfileId=2023437803,b4e395346feae9bd65348fb5433bfaa5,cives.com
-2045725150,Heffley,Travis,,,,"Cloud & Emerging Services Manager, Information Technology",719,Information Technology,Manager,,(858) 848-8090,travis.fox@cohu.com,12367 Crosthwaite Circle,Poway,California,92064,United States,10,5/10/2019,8732691,Cohu Inc,Cohu,www.cohu.com,(858) 848-8100,12367 Crosthwaite Circle,Poway,California,92064,United States,Electronic Components,Industry.mfg.electronics.electronics,Electronics,Industry.mfg.electronics,352704,Sales.250Mto500M,1800,Employees.1000to4999,38,382,339,334419,"TitleCode.IT,TitleCodeTop.Business,TitleCodeMiddle.Manager,TitleCodeMiddle.Technical,TitleCode.Manager","Manager,Engineering & Technical",https://go.zoominfo.com/#/apps/search/person/results?personProfileId=2334357487,75c6012215e1805b025044b72b3d1ab0,cohu.com
1452418835,Vasily,Christopher,,,,"Director, Information Technology",759,Information Technology,Director,,(727) 578-6277,cwojtasik@compulink.com,,,Florida,,United States,7,7/22/2019,28234339,"CompuLink , Inc.",CompuLink,www.compulink.com,(727) 579-1500,1205 Gandy Blvd. N,St. Petersburg,Florida,33702,United States,Electronic Components,Industry.mfg.electronics.electronics,Electronics,Industry.mfg.electronics,44000,Sales.25Mto50M,110,Employees.100to249,36,367,335921,334419,"TitleCode.IT,TitleCodeTop.Business,TitleCodeMiddle.Technical,TitleCode.Director,TitleCodeMiddle.Director","Engineering & Technical,Director",https://go.zoominfo.com/#/apps/search/person/results?personProfileId=2833131203,ce6ea307f2738d330bea585714381bad,compulink.com
-2075878230,Overstreet,Jeff,,,,"Manager, Information Technology",719,Information Technology,Manager,,(651) 638-5448,jgarritsen@crowniron.com,2500 County Rd. C,Roseville,Minnesota,55113,United States,30,3/21/2019,25463361,Crown Iron Works Company,Crown,www.crowniron.com,(651) 639-8900,2500 County Rd. C,Roseville,Minnesota,55113,United States,Food & Beverages,Industry.mfg.food.food,"Food, Beverages & Tobacco",Industry.mfg.food,100200,Sales.100MMto250M,501,Employees.500to999,35,355,333249,333241,"TitleCode.IT,TitleCodeTop.Business,TitleCodeMiddle.Manager,TitleCodeMiddle.Technical,TitleCode.Manager","Manager,Engineering & Technical",https://go.zoominfo.com/#/apps/search/person/results?personProfileId=1728205215,8c00fc5d6287e59f58ede5d73e0009de,crowniron.com
-1855662876,Hilliker,Sam,,,,"Manager, Information Technology",719,Information Technology,Manager,,,smart@custommicrowave.com,24 Boston Ct.,Longmont,Colorado,80501,United States,13,4/12/2019,345667731,Custom Microwave Inc,Custom Microwave,www.custommicrowave.com,(303) 651-0707,24 Boston Ct.,Longmont,Colorado,80501,United States,Aerospace & Defense,Industry.mfg.aerospace,Manufacturing,Industry.mfg,7200,Sales.5Mto10M,36,Employees.20to49,372,37,33,336,"TitleCode.IT,TitleCodeTop.Business,TitleCodeMiddle.Manager,TitleCodeMiddle.Technical,TitleCode.Manager","Manager,Engineering & Technical",https://go.zoominfo.com/#/apps/search/person/results?personProfileId=-2120489469,c853aec93b6cbce1c886e9a6648cc2db,custommicrowave.com
2686652194,Klich,Shaune,,,,"Manager, Information Technology",719,Information Technology,Manager,,(360) 243-4224,swalsh@damaraerosystems.com,14767 172Nd Dr. Se,Monroe,Washington,98272,United States,16,3/21/2019,14074365,Damar AeroSystems,Damar AeroSystems,www.damaraerosystems.com,(360) 794-4448,14767 172nd Dr. SE,Monroe,Washington,98272,United States,Aerospace & Defense,Industry.mfg.aerospace,Manufacturing,Industry.mfg,32000,Sales.25Mto50M,160,Employees.100to249,37,376,336419,336415,"TitleCode.IT,TitleCodeTop.Business,TitleCodeMiddle.Manager,TitleCodeMiddle.Technical,TitleCode.Manager","Manager,Engineering & Technical",https://go.zoominfo.com/#/apps/search/person/results?personProfileId=1649051167,b27ec245256eebd46b820cb737849519,damaraerosystems.com
510428,Hirsch,Raymond,,,,"Operations Manager, Information Technology",719,Operations,Manager,,(865) 362-1197,rsanders@deroyal.com,200 DeBusk Ln.,Powell,Tennessee,37849,United States,5,5/19/2019,33966949,DeRoyal Industries Inc,DeRoyal,www.deroyal.com,(865) 938-7828,200 DeBusk Ln.,Powell,Tennessee,37849,United States,Medical Devices & Equipment,Industry.mfg.medical,Manufacturing,Industry.mfg,460281,Sales.250Mto500M,1900,Employees.1000to4999,38,384,339,33,"TitleCodeMiddle.Manager,TitleCode.Operations,TitleCodeTop.Business,TitleCode.IT,TitleCodeMiddle.Operations,TitleCodeMiddle.Technical,TitleCode.Manager","Operations,Manager",https://go.zoominfo.com/#/apps/search/person/results?personProfileId=2404837992,db3b716874cc603366925b414b56d010,deroyal.com
2833131203,Wojtasik,Heather,,,,"Senior Manager, Information Systems",723,Information Technology,Manager,,,heatherryder@desktopmetal.com,63 Third Ave.,Burlington,Massachusetts,1803,United States,24,3/21/2019,374846639,Desktop Metal Inc,Desktop Metal,www.desktopmetal.com,(978) 224-1244,63 Third Ave.,Burlington,Massachusetts,1803,United States,"Hand, Power and Lawn-care Tools",Industry.mfg.consumer.tools,Consumer Goods,Industry.mfg.consumer,107200,Sales.100MMto250M,225,Employees.100to249,35,354,333,33,"TitleCode.IT,TitleCodeTop.Business,TitleCodeMiddle.Manager,TitleCodeMiddle.Technical,TitleCode.Manager","Manager,Engineering & Technical",https://go.zoominfo.com/#/apps/search/person/results?personProfileId=1677982728,243249d19feffaa9def1e767b919a42b,desktopmetal.com
1594584268,Geiger,Girish,,,,"Senior Project Manager, Information Technology",723,Information Technology,Manager,,(320) 259-2360,girish.babu@dezurik.com,250 RIVERSIDE Ave. N,Sartell,Minnesota,56377,United States,3,6/30/2017,31133716,DeZURIK Inc,DeZURIK,www.dezurik.com,(320) 259-2000,250 RIVERSIDE Ave. N,Sartell,Minnesota,56377,United States,Industrial Machinery & Equipment,Industry.mfg.industrialmachinery,Manufacturing,Industry.mfg,146903,Sales.100MMto250M,500,Employees.500to999,34,342,33291,332,"TitleCode.ProjectManagement,TitleCodeMiddle.Manager,TitleCodeTop.Business,TitleCode.IT,TitleCodeMiddle.Operations,TitleCodeMiddle.Technical,TitleCode.Manager","Operations,Manager",https://go.zoominfo.com/#/apps/search/person/results?personProfileId=2057475250,38faff7aa44ff90a62efaf065fc079fd,dezurik.com
1937600159,Yackel,Tim,,,,"Manager, Information Technology",719,Information Technology,Manager,,(847) 462-2611,tmrazek@durexindustries.com,190 Detroit St.,Cary,Illinois,60013,United States,19,5/3/2019,30331106,Durex Industries Inc,Durex,www.durexindustries.com,(847) 639-5600,190 Detroit St.,Cary,Illinois,60013,United States,Semiconductor & Semiconductor Equipment,Industry.mfg.electronics.semiconductors,Electronics,Industry.mfg.electronics,34920,Sales.25Mto50M,265,Employees.250to499,3674,367,33441,33,"TitleCode.IT,TitleCodeTop.Business,TitleCodeMiddle.Manager,TitleCodeMiddle.Technical,TitleCode.Manager","Manager,Engineering & Technical",https://go.zoominfo.com/#/apps/search/person/results?personProfileId=-1340833791,a64a0e19b4a93f8086c5fc563e206970,durexindustries.com
2075394610,Nernberger,Ryan,,,,"Manager, Information Technology",719,Information Technology,Manager,,(615) 896-1652 ext. 413,ryan.sinclair@enovatemedical.com,1152 Park Ave.,Murfreesboro,Tennessee,37128,United States,32,6/12/2019,17433862,Enovate Medical,Enovate Medical,www.enovatemedical.com,(615) 896-1652,1152 Park Ave.,Murfreesboro,Tennessee,37128,United States,Medical Devices & Equipment,Industry.mfg.medical,Manufacturing,Industry.mfg,45600,Sales.25Mto50M,228,Employees.100to249,38,384,339,33599,"TitleCode.IT,TitleCodeTop.Business,TitleCodeMiddle.Manager,TitleCodeMiddle.Technical,TitleCode.Manager","Manager,Engineering & Technical",https://go.zoominfo.com/#/apps/search/person/results?personProfileId=-1852066378,52cfa751f5226afb10633adbb3acff2f,enovatemedical.com
1210305234,Gebar,Subhajit,,,,"Director, Information Technology",759,Information Technology,Director,,(650) 867-4748,spurkayastha@enphaseenergy.com,,,California,,United States,6,7/25/2019,344971152,Enphase Energy Inc,Enphase,www.enphase.com,(707) 763-4784,1420 N MCDOWELL Blvd.,Petaluma,California,94954,United States,Semiconductor & Semiconductor Equipment,Industry.mfg.electronics.semiconductors,Electronics,Industry.mfg.electronics,286166,Sales.250Mto500M,427,Employees.250to499,36,367,237130,23713,"TitleCode.IT,TitleCodeTop.Business,TitleCodeMiddle.Technical,TitleCode.Director,TitleCodeMiddle.Director","Engineering & Technical,Director",https://go.zoominfo.com/#/apps/search/person/results?personProfileId=3152473905,608a645d212536b37f523319767ca489,enphaseenergy.com
-2040993269,Zuiderveen,Emanuel,,Mr.,,"Manager, Information Technology",719,Information Technology,Manager,,(856) 829-5522 ext. 345,emanuel.mozes@enser.com,,Philadelphia,Pennsylvania,,United States,34,4/7/2019,13009345,ENSER Corp,ENSER Corp,www.enser.com,(856) 829-5522,1902 Taylor's Ln.,Riverton,New Jersey,8077,United States,"Batteries, Power Storage Equipment & Generators",Industry.mfg.electronics.batteries,Electronics,Industry.mfg.electronics,19800,Sales.10Mto25M,99,Employees.50to99,36,369,335912,335911,"TitleCode.IT,TitleCodeTop.Business,TitleCodeMiddle.Manager,TitleCodeMiddle.Technical,TitleCode.Manager","Manager,Engineering & Technical",https://go.zoominfo.com/#/apps/search/person/results?personProfileId=55910819,4a570c039348d4ab5dea83c93767087b,enser.com
-1818003221,So,Shane,,,,"Manager, Information Technology",719,Information Technology,Manager,,(315) 298-7105,shane.peabody@fulton.com,972 Centerville Rd.,Pulaski,New York,13142,United States,14,3/21/2019,91342581,Fulton Ltd,Fulton,www.fulton.com,(315) 298-5121,972 Centerville Rd.,Pulaski,New York,13142,United States,Plumbing & HVAC Equipment,Industry.mfg.building.plumbing,Building Materials,Industry.mfg.building,175000,Sales.100MMto250M,875,Employees.500to999,34,343,33341,333414,"TitleCode.IT,TitleCodeTop.Business,TitleCodeMiddle.Manager,TitleCodeMiddle.Technical,TitleCode.Manager","Manager,Engineering & Technical",https://go.zoominfo.com/#/apps/search/person/results?personProfileId=1731778012,f1ddc53027f8da35973fd4f520b099ed,fulton.com
-1894422516,Eshaghi,Gregory,,,,"Manager, Information Technology",719,Information Technology,Manager,,(815) 444-3533,gmanglaris@generalkinematics.com,5050 Rickert Rd.,Crystal Lake,Illinois,60014,United States,25,6/29/2017,39686781,General Kinematics Corporation,General Kinematics,www.generalkinematics.com,(815) 455-3222,5050 Rickert Rd.,Crystal Lake,Illinois,60014,United States,Industrial Machinery & Equipment,Industry.mfg.industrialmachinery,Manufacturing,Industry.mfg,40000,Sales.25Mto50M,200,Employees.100to249,35,353,333249,3332,"TitleCode.IT,TitleCodeTop.Business,TitleCodeMiddle.Manager,TitleCodeMiddle.Technical,TitleCode.Manager","Manager,Engineering & Technical",https://go.zoominfo.com/#/apps/search/person/results?personProfileId=2021054556,d065bb510aace3167c1928f0c4edbd9c,generalkinematics.com
3018112825,Cartwright,Jennifer,,,,"Support Supervisor, Information Technology",649,Information Technology,Manager,,(336) 239-8595,jennifer.collins@haeco.aero,623 Radar Rd.,Greensboro,North Carolina,27410,United States,14,3/21/2019,371659595,HAECO Americas,HAECO,www.haeco.aero,(336) 668-4410,623 Radar Rd.,Greensboro,North Carolina,27410,United States,Aerospace & Defense,Industry.mfg.aerospace,Manufacturing,Industry.mfg,334569,Sales.250Mto500M,2331,Employees.1000to4999,372,37,33,336,"TitleCode.IT,TitleCodeTop.Business,TitleCodeMiddle.Manager,TitleCodeMiddle.Technical,TitleCode.Manager","Manager,Engineering & Technical",https://go.zoominfo.com/#/apps/search/person/results?personProfileId=-1386849466,50d6a666aa9fdd847d2474256ef69d8a,haeco.aero
-2120489469,Smart,Keaton,,,,"Project Manager, Information Technology",719,Information Technology,Manager,,(408) 490-6004,keaton.avila@harmonicinc.com,4300 N First St.,San Jose,California,95134,United States,11,3/21/2019,17219625,Harmonic Inc,Harmonic,www.harmonicinc.com,(408) 490-6242,4300 North First St.,San Jose,California,95134,United States,Film/Video Production & Services,Industry.media.broadcasting.film,Broadcasting,Industry.media.broadcasting,358246,Sales.250Mto500M,1244,Employees.1000to4999,36,78,5415,5182,"TitleCode.ProjectManagement,TitleCodeMiddle.Manager,TitleCodeTop.Business,TitleCode.IT,TitleCodeMiddle.Operations,TitleCodeMiddle.Technical,TitleCode.Manager","Operations,Manager",https://go.zoominfo.com/#/apps/search/person/results?personProfileId=-1516749833,da541670b7512c0d585a601bfa158600,harmonicinc.com
1776186351,Wilhelm,Michael,,,,"Director, Information Technology",759,Information Technology,Director,,(972) 406-6284,mvasily@hensleyind.com,2108 Joe Field Rd.,Dallas,Texas,75229,United States,36,3/21/2019,17596721,Hensley Industries Inc,Hensley,www.hensleyind.com,(972) 241-2321,2108 Joe Field Rd.,Dallas,Texas,75229,United States,"Miscellaneous Building Materials (Flooring, Cabinets, etc.)",Industry.mfg.building.other,Building Materials,Industry.mfg.building,350000,Sales.250Mto500M,72,Employees.50to99,33,332,33151,33,"TitleCode.IT,TitleCodeTop.Business,TitleCodeMiddle.Technical,TitleCode.Director,TitleCodeMiddle.Director","Engineering & Technical,Director",https://go.zoominfo.com/#/apps/search/person/results?personProfileId=1452418835,af1f1696d5acb033f23bba720d8661bb,hensleyind.com
-2049038264,Guzman,Sandy,,,,"Project Manager, Information Technology",719,Information Technology,Manager,,(847) 680-5612,sandy.schleuning@hollister.com,2000 Hollister Dr.,Libertyville,Illinois,60048,United States,19,5/12/2019,32556641,Hollister Incorporated,Hollister,www.hollister.com,(847) 680-1000,2000 Hollister Dr.,Libertyville,Illinois,60048,United States,Medical Devices & Equipment,Industry.mfg.medical,Manufacturing,Industry.mfg,250000,Sales.250Mto500M,2000,Employees.1000to4999,38,384,339,5322,"TitleCode.ProjectManagement,TitleCodeMiddle.Manager,TitleCodeTop.Business,TitleCode.IT,TitleCodeMiddle.Operations,TitleCodeMiddle.Technical,TitleCode.Manager","Operations,Manager",https://go.zoominfo.com/#/apps/search/person/results?personProfileId=1863486054,3733f9680871273185fedde45f65ed4c,hollister.com
2333743301,Low,Lester,D.,,,"Senior Manager, Information Technology",723,Information Technology,Manager,,(540) 337-5677,lester.herman@hollister.com,366 DRAFT Ave.,Stuarts Draft,Virginia,24477,United States,28,7/9/2019,32556641,Hollister Incorporated,Hollister,www.hollister.com,(847) 680-1000,2000 Hollister Dr.,Libertyville,Illinois,60048,United States,Medical Devices & Equipment,Industry.mfg.medical,Manufacturing,Industry.mfg,250000,Sales.250Mto500M,2000,Employees.1000to4999,38,384,339,5322,"TitleCode.IT,TitleCodeTop.Business,TitleCodeMiddle.Manager,TitleCodeMiddle.Technical,TitleCode.Manager","Manager,Engineering & Technical",https://go.zoominfo.com/#/apps/search/person/results?personProfileId=1172306047,d76ce98c821de116a3f02df05bc073c3,hollister.com
655236,Yeutter,Bill,T.,,,"Senior Project Manager, Information Technology",723,Information Technology,Manager,,(847) 680-5613,bill.fairbanks@hollister.com,2000 Hollister Dr.,Libertyville,Illinois,60048,United States,43,6/6/2019,32556641,Hollister Incorporated,Hollister,www.hollister.com,(847) 680-1000,2000 Hollister Dr.,Libertyville,Illinois,60048,United States,Medical Devices & Equipment,Industry.mfg.medical,Manufacturing,Industry.mfg,250000,Sales.250Mto500M,2000,Employees.1000to4999,38,384,339,5322,"TitleCode.ProjectManagement,TitleCodeMiddle.Manager,TitleCodeTop.Business,TitleCode.IT,TitleCodeMiddle.Operations,TitleCodeMiddle.Technical,TitleCode.Manager","Operations,Manager",https://go.zoominfo.com/#/apps/search/person/results?personProfileId=1632662522,5c6c5d61a03aaacf5f49c07c6339a036,hollister.com
-2041216126,Smith,Tony,,,,"Manager, Information Technology",719,Information Technology,Manager,,,tonyb@hydraforce.com,500 Barclay Blvd.,Lincolnshire,Illinois,60069,United States,5,4/11/2019,118359165,HYDRAFORCE INC,Hydraforce,www.hydraforce.com,(847) 793-2300,500 Barclay Blvd.,Lincolnshire,Illinois,60069,United States,Plumbing & HVAC Equipment,Industry.mfg.building.plumbing,Building Materials,Industry.mfg.building,296160,Sales.250Mto500M,775,Employees.500to999,34,349,33291,332912,"TitleCode.IT,TitleCodeTop.Business,TitleCodeMiddle.Manager,TitleCodeMiddle.Technical,TitleCode.Manager","Manager,Engineering & Technical",https://go.zoominfo.com/#/apps/search/person/results?personProfileId=-1487038802,4706da61379ff9b6daed33772d73a291,hydraforce.com
-1675080614,Earl,Jenni,,,,"Support Project Manager, Information Technology",719,Information Technology,Manager,,(847) 229-3125,jennis@hydraforce.com,500 Barclay Blvd.,Lincolnshire,Illinois,60069,United States,3,3/26/2019,118359165,HYDRAFORCE INC,Hydraforce,www.hydraforce.com,(847) 793-2300,500 Barclay Blvd.,Lincolnshire,Illinois,60069,United States,Plumbing & HVAC Equipment,Industry.mfg.building.plumbing,Building Materials,Industry.mfg.building,296160,Sales.250Mto500M,775,Employees.500to999,34,349,33291,332912,"TitleCode.ProjectManagement,TitleCodeMiddle.Manager,TitleCodeTop.Business,TitleCode.IT,TitleCodeMiddle.Operations,TitleCodeMiddle.Technical,TitleCode.Manager","Operations,Manager",https://go.zoominfo.com/#/apps/search/person/results?personProfileId=-1676620882,23ca959a0c4e32d8b8b2ebdf8ea0525d,hydraforce.com
1463452264,Ostrander,Todd,E.,,,"Manager, Information Technology",719,Information Technology,Manager,,(847) 229-3269,tfolkes@hydraforce.com,500 Barclay Blvd.,Lincolnshire,Illinois,60069,United States,46,7/16/2019,118359165,HYDRAFORCE INC,Hydraforce,www.hydraforce.com,(847) 793-2300,500 Barclay Blvd.,Lincolnshire,Illinois,60069,United States,Plumbing & HVAC Equipment,Industry.mfg.building.plumbing,Building Materials,Industry.mfg.building,296160,Sales.250Mto500M,775,Employees.500to999,34,349,33291,332912,"TitleCode.IT,TitleCodeTop.Business,TitleCodeMiddle.Manager,TitleCodeMiddle.Technical,TitleCode.Manager","Manager,Engineering & Technical",https://go.zoominfo.com/#/apps/search/person/results?personProfileId=-2053309987,04f407ed9b02af481cea2de83f5d30b9,hydraforce.com
-1645645122,Elser,Asif,,,,"Operations Director, Information Technology",759,Operations,Director,,(408) 457-3702,asif@incubelabs.com,2051 Ringwood Ave.,San Jose,California,95131,United States,14,3/21/2019,141345643,InCube Labs LLC,InCube Labs,www.incubelabs.com,(408) 457-3700,2051 Ringwood Ave.,San Jose,California,95131,United States,Medical Devices & Equipment,Industry.mfg.medical,Manufacturing,Industry.mfg,35000,Sales.25Mto50M,72,Employees.50to99,38,384,5416,541,"TitleCode.Operations,TitleCodeMiddle.Director,TitleCodeTop.Business,TitleCode.IT,TitleCodeMiddle.Operations,TitleCodeMiddle.Technical,TitleCode.Director","Operations,Director",https://go.zoominfo.com/#/apps/search/person/results?personProfileId=1267725852,30ad6471c8763fe5be8cf31024222e6d,incubelabs.com
1728205215,Garritsen,Dennis,,,,"Manager, Information Technology",719,Information Technology,Manager,,,dennis.wilhelm@industrialsmokeandmirrors.com,3024 Shader Rd.,Orlando,Florida,32808,United States,5,4/12/2019,28592070,Industrial Smoke and Mirrors Inc,Industrial Smoke and Mirrors,www.industrialsmokeandmirrors.com,(407) 299-9400,3024 Shader Rd.,Orlando,Florida,32808,United States,Aerospace & Defense,Industry.mfg.aerospace,Manufacturing,Industry.mfg,7400,Sales.5Mto10M,37,Employees.20to49,372,37,332994,332,"TitleCode.IT,TitleCodeTop.Business,TitleCodeMiddle.Manager,TitleCodeMiddle.Technical,TitleCode.Manager","Manager,Engineering & Technical",https://go.zoominfo.com/#/apps/search/person/results?personProfileId=1776186351,0702b192e54c865bd910fa9afeb473e7,industrialsmokeandmirrors.com
-1878888838,Peterson,Adam,,,,"Manager, Information Technology",719,Information Technology,Manager,,(435) 613-4808,adam.hilliker@ie-corp.com,1511 S Hwy. 6,Price,Utah,84501,United States,29,7/26/2019,40667852,INTERMOUNTAIN ELECTRONICS INC,Intermountain Electronics,www.intermountainelectronics.com,(435) 637-7160,1511 S Hwy. 6,Price,Utah,84501,United States,Electronics,Industry.mfg.electronics,Manufacturing,Industry.mfg,68700,Sales.50Mto100M,164,Employees.100to249,36,369,335999,3359,"TitleCode.IT,TitleCodeTop.Business,TitleCodeMiddle.Manager,TitleCodeMiddle.Technical,TitleCode.Manager","Manager,Engineering & Technical",https://go.zoominfo.com/#/apps/search/person/results?personProfileId=-1855662876,f24cce63713342d9fb4655e1bfcfebd7,ie-corp.com
-2045271928,Nazareth,Travis,R.,,,"Business Manager, Information Technology",719,Information Technology,Manager,,(814) 448-3010,tmellott@jlg.com,1 JLG Dr.,Mc Connellsburg,Pennsylvania,17233,United States,6,3/21/2019,20759848,JLG Industries Inc,JLG Industries,www.jlg.com,(717) 485-5161,1 JLG Dr.,Mc Connellsburg,Pennsylvania,17233,United States,Industrial Machinery & Equipment,Industry.mfg.industrialmachinery,Manufacturing,Industry.mfg,402600,Sales.250Mto500M,4889,Employees.1000to4999,35,353,532412,3339,"TitleCode.IT,TitleCodeTop.Business,TitleCodeMiddle.Manager,TitleCodeMiddle.Technical,TitleCode.Manager","Manager,Engineering & Technical",https://go.zoominfo.com/#/apps/search/person/results?personProfileId=-1241011464,f90e2e077a425e506355021f608f6db6,jlg.com
-1303250125,Nelson,Amber,,,,"Senior Project Manager, Information Technology",723,Information Technology,Manager,,(571) 919-2005,agillis@k2m.com,"751 Miller Dr. SE,Ste F1",Leesburg,Virginia,20175-8993,United States,11,3/26/2019,56250998,"K2M Group Holdings , Inc.",K2M,www.k2m.com,(703) 777-3155,600 HOPE Pkwy. SE,Leesburg,Virginia,20175,United States,Medical Devices & Equipment,Industry.mfg.medical,Manufacturing,Industry.mfg,258000,Sales.250Mto500M,484,Employees.250to499,38,67,45399,339,"TitleCode.ProjectManagement,TitleCodeMiddle.Manager,TitleCodeTop.Business,TitleCode.IT,TitleCodeMiddle.Operations,TitleCodeMiddle.Technical,TitleCode.Manager","Operations,Manager",https://go.zoominfo.com/#/apps/search/person/results?personProfileId=2227611984,f6c34bdc0a156b4ab6ca836cb6d6be81,k2m.com
2208261590,DePuma,Amber,,,,"Project Manager, Information Technology",719,Information Technology,Manager,,(571) 919-2005,asmith@k2m.com,"751 Miller Dr., SE",Leesburg,Virginia,20175,United States,24,3/28/2019,56250998,"K2M Group Holdings , Inc.",K2M,www.k2m.com,(703) 777-3155,600 HOPE Pkwy. SE,Leesburg,Virginia,20175,United States,Medical Devices & Equipment,Industry.mfg.medical,Manufacturing,Industry.mfg,258000,Sales.250Mto500M,484,Employees.250to499,38,67,45399,339,"TitleCode.ProjectManagement,TitleCodeMiddle.Manager,TitleCodeTop.Business,TitleCode.IT,TitleCodeMiddle.Operations,TitleCodeMiddle.Technical,TitleCode.Manager","Operations,Manager",https://go.zoominfo.com/#/apps/search/person/results?personProfileId=-2041216126,aadab0f434eb59d4d5f41322b8785f0c,k2m.com
1635173861,Gaikwad,Harry,,,,"Manager, Information Technology",719,Information Technology,Manager,,(215) 824-4009,hjg@kingsbury.com,10385 Drummond Rd.,Philadelphia,Pennsylvania,19154,United States,26,7/17/2019,21529216,Kingsbury Inc,Kingsbury,www.kingsbury.com,(215) 824-4000,10385 Drummond Rd.,Philadelphia,Pennsylvania,19154,United States,Industrial Machinery & Equipment,Industry.mfg.industrialmachinery,Manufacturing,Industry.mfg,28790,Sales.25Mto50M,250,Employees.250to499,35,356,339,3332,"TitleCode.IT,TitleCodeTop.Business,TitleCodeMiddle.Manager,TitleCodeMiddle.Technical,TitleCode.Manager","Manager,Engineering & Technical",https://go.zoominfo.com/#/apps/search/person/results?personProfileId=1594584268,2e9b941654e26d394eaa13984e49df64,kingsbury.com
1788059053,Marino,Ken,,,,"Manager, Information Technology",719,Information Technology,Manager,,,klow@thegillcorp.com,4056 Easy St.,El Monte,California,91731,United States,2,4/11/2019,66766664,M.C. Gill Corporation,M.C. Gill,www.thegillcorp.com,(626) 443-4022,4056 Easy St.,El Monte,California,91731,United States,"Miscellaneous Building Materials (Flooring, Cabinets, etc.)",Industry.mfg.building.other,Building Materials,Industry.mfg.building,130377,Sales.100MMto250M,501,Employees.500to999,34,344,332,3323,"TitleCode.IT,TitleCodeTop.Business,TitleCodeMiddle.Manager,TitleCodeMiddle.Technical,TitleCode.Manager","Manager,Engineering & Technical",https://go.zoominfo.com/#/apps/search/person/results?personProfileId=2333743301,e2063e3cc3cc889c3bfb80a7bfe2c3e3,thegillcorp.com
-2051311068,McGrath,Michael,J.,,,"Director, Information Technology",759,Information Technology,Director,,(847) 301-3393,mklich@mercprod.com,1201 South Mercury Dr.,Schaumburg,Illinois,60193,United States,18,7/25/2019,76942589,Mercury Products Corp,Mercury Products,www.mercprod.com,(847) 524-4400,1201 South Mercury Dr.,Schaumburg,Illinois,60193,United States,Building Materials,Industry.mfg.building,Manufacturing,Industry.mfg,29872,Sales.25Mto50M,118,Employees.100to249,34,342,332999,541,"TitleCode.IT,TitleCodeTop.Business,TitleCodeMiddle.Technical,TitleCode.Director,TitleCodeMiddle.Director","Engineering & Technical,Director",https://go.zoominfo.com/#/apps/search/person/results?personProfileId=2686652194,fb48a9f2190460d45140ee12f7470129,mercprod.com
1172306047,Herman,Kenneth,,,,"Manager, Information Technology",719,Information Technology,Manager,,(832) 667-7130,kdepuma@millar.com,6001 A Gulf Freeway,Houston,Texas,77023,United States,15,7/26/2019,25035614,Millar Inc,Millar,www.millar.com,(832) 667-7000,6001 A Gulf Freeway,Houston,Texas,77023,United States,Medical Devices & Equipment,Industry.mfg.medical,Manufacturing,Industry.mfg,30000,Sales.25Mto50M,120,Employees.100to249,38,384,339,33,"TitleCode.IT,TitleCodeTop.Business,TitleCodeMiddle.Manager,TitleCodeMiddle.Technical,TitleCode.Manager","Manager,Engineering & Technical",https://go.zoominfo.com/#/apps/search/person/results?personProfileId=2208261590,5bce4f318e6c65bf30d0dcac425e7985,millar.com
537938426,Ghazarian,Scott,,,,"Director, Information Technology",759,Information Technology,Director,,(847) 737-0672,sgebar@mjcelco.com,3900 Wesley Terrace,Schiller Park,Illinois,60176,United States,42,7/8/2019,77317324,Mj Celco inc,MJ Celco,www.mjcelco.com,(847) 671-1900,3900 Wesley Terrace,Schiller Park,Illinois,60176,United States,"Miscellaneous Building Materials (Flooring, Cabinets, etc.)",Industry.mfg.building.other,Building Materials,Industry.mfg.building,45352,Sales.25Mto50M,36,Employees.20to49,34,344,56191,5619,"TitleCode.IT,TitleCodeTop.Business,TitleCodeMiddle.Technical,TitleCode.Director,TitleCodeMiddle.Director","Engineering & Technical,Director",https://go.zoominfo.com/#/apps/search/person/results?personProfileId=1210305234,235b2c5c0455588d6a13a2048ec4a122,mjcelco.com
1632662522,Fairbanks,Bobby,,,,"Manager, Information Technology",719,Information Technology,Manager,,(702) 369-8920 ext. 29,bobby.earl@mtsi-va.com,7181 Amigo St. Ste. 140,Las Vegas,Nevada,89119,United States,13,3/26/2019,44549519,"Modern Technology Solutions , Inc.",MTSI,www.mtsi-va.com,(703) 564-3800,5285 Shawnee Rd. Ste. 400,Alexandria,Virginia,22312,United States,Aerospace & Defense,Industry.mfg.aerospace,Manufacturing,Industry.mfg,157000,Sales.100MMto250M,746,Employees.500to999,87,871,541,5413,"TitleCode.IT,TitleCodeTop.Business,TitleCodeMiddle.Manager,TitleCodeMiddle.Technical,TitleCode.Manager","Manager,Engineering & Technical",https://go.zoominfo.com/#/apps/search/person/results?personProfileId=-1675080614,8236c08ee3d1745e3ff0deff622e240a,mtsi-va.com
1692342940,Pellegrini,Scott,J.,,,"Manager, Information Technology",719,Information Technology,Manager,,(703) 564-0511,scott.woodford@mtsi-va.com,5285 Shawnee Rd. Ste. 400,Alexandria,Virginia,22312,United States,24,7/16/2019,44549519,"Modern Technology Solutions , Inc.",MTSI,www.mtsi-va.com,(703) 564-3800,5285 Shawnee Rd. Ste. 400,Alexandria,Virginia,22312,United States,Aerospace & Defense,Industry.mfg.aerospace,Manufacturing,Industry.mfg,157000,Sales.100MMto250M,746,Employees.500to999,87,871,541,5413,"TitleCode.IT,TitleCodeTop.Business,TitleCodeMiddle.Manager,TitleCodeMiddle.Technical,TitleCode.Manager","Manager,Engineering & Technical",https://go.zoominfo.com/#/apps/search/person/results?personProfileId=1758592216,1d4b3884f49d9b558465c57e85351231,mtsi-va.com
2585892008,Tracy,Mike,,,,"Senior Manager, Information Technology",723,Information Technology,Manager,,(616) 422-7557 ext. 101,mzuiderveen@motusintegrated.com,88 E 48Th St.,Holland,Michigan,49423,United States,22,6/21/2019,359431247,Motus Integrated Technologies,Motus,www.motusintegrated.com,(616) 422-7557,88 E 48Th St.,Holland,Michigan,49423,United States,Textiles & Apparel,Industry.mfg.consumer.clothes,Consumer Goods,Industry.mfg.consumer,444150,Sales.250Mto500M,4000,Employees.1000to4999,23,239,33636,336360,"TitleCode.IT,TitleCodeTop.Business,TitleCodeMiddle.Manager,TitleCodeMiddle.Technical,TitleCode.Manager","Manager,Engineering & Technical",https://go.zoominfo.com/#/apps/search/person/results?personProfileId=-2040993269,3bb800648af796a971ee462ae7406cdd,motusintegrated.com
-1679200106,Myers,Ullas,,,,"Senior Manager, Information Technology",723,Information Technology,Manager,Nelson Global Products India,(608) 877-3003,ullas.vinod@nelsonglobalproducts.com,1560 Williams Dr.,Stoughton,Wisconsin,53589,United States,19,4/11/2019,347622132,Nelson Global Products Inc,Nelson GP,nelsongp.com,(608) 719-1800,1560 Williams Dr.,Stoughton,Wisconsin,53589,United States,Plumbing & HVAC Equipment,Industry.mfg.building.plumbing,Building Materials,Industry.mfg.building,20240,Sales.10Mto25M,179,Employees.100to249,34,349,332996,332,"TitleCode.IT,TitleCodeTop.Business,TitleCodeMiddle.Manager,TitleCodeMiddle.Technical,TitleCode.Manager","Manager,Engineering & Technical",https://go.zoominfo.com/#/apps/search/person/results?personProfileId=-1705318658,2c2b36506fe744d42439152f80c3b07d,nelsonglobalproducts.com
-1340833791,Mrazek,Clayton,Keith,Hon.,,"Director, Information Technology",759,Information Technology,Director,,,cyeutter@neogen.com,620 Lesher Pl.,Lansing,Michigan,48912,United States,1073,4/11/2019,27115528,Neogen Corporation,Neogen,www.neogen.com,(517) 372-9200,620 LESHER Pl.,Lansing,Michigan,48912,United States,Biotechnology,Industry.healthcare.pharmaceuticals.biotech,Pharmaceuticals,Industry.healthcare.pharmaceuticals,402252,Sales.250Mto500M,1546,Employees.1000to4999,28,283,32541,339,"TitleCode.IT,TitleCodeTop.Business,TitleCodeMiddle.Technical,TitleCode.Director,TitleCodeMiddle.Director","Engineering & Technical,Director",https://go.zoominfo.com/#/apps/search/person/results?personProfileId=655236,3e7ddb04751574e21bdd0c8d3697b213,neogen.com
1933406084,Yang,Shayne,,,,"Senior Manager, Information Technology",723,Information Technology,Manager,,(978) 291-6801,slombardi@neurologica.com,14 Electronics Ave.,Danvers,Massachusetts,1923,United States,10,6/11/2019,49481210,NeuroLogica Corp,Neurologica,www.neurologica.com,(978) 564-8500,14 Electronics Ave.,Danvers,Massachusetts,1923,United States,Medical Devices & Equipment,Industry.mfg.medical,Manufacturing,Industry.mfg,19000,Sales.10Mto25M,95,Employees.50to99,38,384,339,33451,"TitleCode.IT,TitleCodeTop.Business,TitleCodeMiddle.Manager,TitleCodeMiddle.Technical,TitleCode.Manager","Manager,Engineering & Technical",https://go.zoominfo.com/#/apps/search/person/results?personProfileId=-1171999688,d93acf6da8c1a5b2e5c6dd831862cdfb,neurologica.com
-1704850581,Gwyn,Derek,,,,"Manager, Information Technology",719,Information Technology,Manager,,(650) 433-3974,so@nevro.com,1800 BRIDGE Pkwy.,Redwood City,California,94065,United States,16,6/20/2019,353745120,Nevro Corp,Nevro,www.nevro.com,(650) 251-0005,1800 BRIDGE Pkwy.,Redwood City,California,94065,United States,Medical Devices & Equipment,Industry.mfg.medical,Manufacturing,Industry.mfg,387289,Sales.250Mto500M,804,Employees.500to999,38,384,42345,339,"TitleCode.IT,TitleCodeTop.Business,TitleCodeMiddle.Manager,TitleCodeMiddle.Technical,TitleCode.Manager","Manager,Engineering & Technical",https://go.zoominfo.com/#/apps/search/person/results?personProfileId=-1818003221,ab9c956c2a9df1030636b0ca06443d60,nevro.com
-1042590987,Smith,Bill,,,,"Director, Information Technology",759,Information Technology,Director,,(818) 341-0820,bgoudreau@nhbb.com,,,California,,United States,1,6/27/2018,76104983,New Hampshire Ball Bearings Inc,NHBB,www.nhbb.com,(603) 924-4100,175 Jaffrey Rd.,Peterborough,New Hampshire,3458,United States,Manufacturing,Industry.mfg,Industrial Machinery & Equipment,Industry.mfg.industrialmachinery,264000,Sales.250Mto500M,1500,Employees.1000to4999,35,356,332991,3332,"TitleCode.IT,TitleCodeTop.Business,TitleCodeMiddle.Technical,TitleCode.Director,TitleCodeMiddle.Director","Engineering & Technical,Director",https://go.zoominfo.com/#/apps/search/person/results?personProfileId=3116932495,5d0141e76559f3681110ec628bf5f022,nhbb.com
1731778012,Peabody,John,,,,"Director, Information Technology",759,Information Technology,Director,,(510) 995-4482,jnelson@penumbrainc.com,1321 Harbor Bay Pkwy.,Alameda,California,94502,United States,27,3/21/2019,213369203,Penumbra Inc,Penumbra,www.penumbrainc.com,(510) 748-3200,ONE PENUMBRA Pl.,Alameda,California,94502,United States,Medical Devices & Equipment,Industry.mfg.medical,Manufacturing,Industry.mfg,333764,Sales.250Mto500M,1700,Employees.1000to4999,38,384,339,33,"TitleCode.IT,TitleCodeTop.Business,TitleCodeMiddle.Technical,TitleCode.Director,TitleCodeMiddle.Director","Engineering & Technical,Director",https://go.zoominfo.com/#/apps/search/person/results?personProfileId=-1303250125,9721e222f6736fa95e601331e5bd0d78,penumbrainc.com
-2041800058,Rotary,Mike,,,,"Operations Senior Manager, Information Technology",723,Operations,Manager,,(858) 795-0177,mmalone@psemi.com,9380 Carroll Park Dr.,San Diego,California,92121,United States,20,7/19/2019,62063956,Peregrine Semiconductor Corporation,Peregrine Semiconductor,www.psemi.com,(858) 731-9400,9380 Carroll Park Dr.,San Diego,California,92121,United States,Semiconductor & Semiconductor Equipment,Industry.mfg.electronics.semiconductors,Electronics,Industry.mfg.electronics,202316,Sales.100MMto250M,525,Employees.500to999,36,367,33441,33,"TitleCodeMiddle.Manager,TitleCode.Operations,TitleCodeTop.Business,TitleCode.IT,TitleCodeMiddle.Operations,TitleCodeMiddle.Technical,TitleCode.Manager","Operations,Manager",https://go.zoominfo.com/#/apps/search/person/results?personProfileId=1917536091,479a38b90783065e0cf5e44099196296,psemi.com
-1631937878,Stephenson,Lloyd,,,,"Project Manager, Information Technology",719,Information Technology,Manager,,(801) 732-2000 ext. 1861,lloyd.peterson@peterseninc.com,1527 North 2000 West,Ogden,Utah,84404,United States,7,3/21/2019,104939991,Petersen Inc,Petersen,www.peterseninc.com,(801) 732-2000,1527 North 2000 West,Ogden,Utah,84404,United States,Industrial Machinery & Equipment,Industry.mfg.industrialmachinery,Manufacturing,Industry.mfg,116775,Sales.100MMto250M,217,Employees.100to249,35,359,541199,332999,"TitleCode.ProjectManagement,TitleCodeMiddle.Manager,TitleCodeTop.Business,TitleCode.IT,TitleCodeMiddle.Operations,TitleCodeMiddle.Technical,TitleCode.Manager","Operations,Manager",https://go.zoominfo.com/#/apps/search/person/results?personProfileId=-1878888838,c3e0eeeb2abcba96d77c9a0a5bc1e785,peterseninc.com
1778333975,Abney,Philippe,,,,"Manager, Information Technology",719,Information Technology,Manager,,(616) 559-0032 ext. 3006,philippe@plasan-na.com,3236 Wilson Dr. NW,Walker,Michigan,49534,United States,28,3/21/2019,40452646,Plasan Sasa Ltd,Plasan Sasa,www.plasan.com,(616) 559-0032,3236 Wilson Dr. NW,Grand Rapids,Michigan,49534,United States,Aerospace & Defense,Industry.mfg.aerospace,Manufacturing,Industry.mfg,38400,Sales.25Mto50M,192,Employees.100to249,372,37,33,336,"TitleCode.IT,TitleCodeTop.Business,TitleCodeMiddle.Manager,TitleCodeMiddle.Technical,TitleCode.Manager","Manager,Engineering & Technical",https://go.zoominfo.com/#/apps/search/person/results?personProfileId=-2045725150,8d21f7353db5f8dfbde78f6625c10a54,plasan-na.com
-1374548349,Hashemloo,Lee,,,,"Manager, Information Technology",719,Information Technology,Manager,,,lee.stephenson@powellind.com,8550 Mosley Dr. 8550 Mosley Dr.,Houston,Texas,77075,United States,16,3/21/2019,96421528,"Powell Industries , Inc.",Powell Industries,www.powellind.com,(713) 944-6900,8550 Mosley Dr. 8550 Mosley Dr.,Houston,Texas,77075,United States,Power Conversion & Protection Equipment,Industry.mfg.electronics.powerequip,Electronics,Industry.mfg.electronics,448716,Sales.250Mto500M,1985,Employees.1000to4999,49,36,221,335929,"TitleCode.IT,TitleCodeTop.Business,TitleCodeMiddle.Manager,TitleCodeMiddle.Technical,TitleCode.Manager","Manager,Engineering & Technical",https://go.zoominfo.com/#/apps/search/person/results?personProfileId=-1631937878,012901a5db60f35347e40a06a3abf82b,powellind.com
-2016243337,Borso,Sunil,,,,"Manager, Information Technology (SAP & BI)",719,Information Technology,Manager,,(503) 615-1466,sunil.nazareth@radisys.com,5435 Ne Dawson Creek Dr.,Hillsboro,Oregon,97124,United States,20,3/21/2019,32014693,RadiSys Corporation,RadiSys,www.radisys.com,(503) 615-1100,5435 Ne Dawson Creek Dr.,Hillsboro,Oregon,97124,United States,Business Services General,Industry.bizservice.general,Business Services,Industry.bizservice,133699,Sales.100MMto250M,647,Employees.500to999,35,357,541512,5415,"TitleCode.IT,TitleCodeTop.Business,TitleCodeMiddle.Manager,TitleCodeMiddle.Technical,TitleCode.Manager","Manager,Engineering & Technical",https://go.zoominfo.com/#/apps/search/person/results?personProfileId=-2045271928,562e8af062e2290c4577951a1a26240b,radisys.com
1677982728,Ryder,Stachia,,,,"Project Manager, Information Technology",719,Information Technology,Manager,,(973) 448-4313,stachia.burke@rudolphtech.com,1 Rudolph Rd.,Flanders,New Jersey,7836,United States,17,3/21/2019,103973131,Rudolph Technologies Inc,Rudolph Technologies,www.rudolphtech.com,(978) 253-6200,16 JONSPIN Rd.,Wilmington,Massachusetts,1887,United States,Industrial Machinery & Equipment,Industry.mfg.industrialmachinery,Manufacturing,Industry.mfg,273784,Sales.250Mto500M,651,Employees.500to999,38,382,33251,333242,"TitleCode.ProjectManagement,TitleCodeMiddle.Manager,TitleCodeTop.Business,TitleCode.IT,TitleCodeMiddle.Operations,TitleCodeMiddle.Technical,TitleCode.Manager","Operations,Manager",https://go.zoominfo.com/#/apps/search/person/results?personProfileId=-2046797646,0048a993890a4b358440577ac256c37d,rudolphtech.com
1485365946,Gruenwald,Limin,,,,"Manager I, Information Technology Applications",719,Information Technology,Manager,,+65 6304 3395,limin.yang@absciex.com,500 Old Connecticut Path,Framingham,Massachusetts,1701,United States,15,4/11/2019,346877049,SCIEX Pte. Ltd,SCIEX,www.sciex.com,(508) 688-7958,500 Old Connecticut Path,Framingham,Massachusetts,1701,United States,Medical Devices & Equipment,Industry.mfg.medical,Manufacturing,Industry.mfg,25000,Sales.25Mto50M,2200,Employees.1000to4999,38,384,5417,3254,"TitleCode.IT,TitleCodeTop.Business,TitleCodeMiddle.Manager,TitleCodeMiddle.Technical,TitleCode.Manager","Manager,Engineering & Technical",https://go.zoominfo.com/#/apps/search/person/results?personProfileId=1933406084,cc9b89ecd4a8b71d81a0a23609044441,absciex.com
2057475250,Babu,David,,,,IT Infrastructure Manager,719,Information Technology,Manager,,(972) 621-0252 ext. 2256,dmyers@smartstartinc.com,500 E Dallas Rd. Ste. 100,Grapevine,Texas,76051,United States,31,5/17/2019,97141111,Smart Start Inc,Smart Start,www.smartstartinc.com,(972) 621-0252,500 E Dallas Rd. Ste. 100,Grapevine,Texas,76051,United States,Test & Measurement Equipment,Industry.mfg.testequipment,Manufacturing,Industry.mfg,120000,Sales.100MMto250M,600,Employees.500to999,38,382,44,441,"TitleCode.IT,TitleCodeTop.Business,TitleCodeMiddle.Manager,TitleCodeMiddle.Technical,TitleCode.Manager","Manager,Engineering & Technical",https://go.zoominfo.com/#/apps/search/person/results?personProfileId=-1679200106,9d1b486848a82224b6e17fbc63b15f47,smartstartinc.com
2021054556,Manglaris,Smita,,,,"Manager, Information Systems",719,Information Technology,Manager,,(858) 373-4868,smita.gaikwad@soterawireless.com,10020 HUENNEKENS St.,San Diego,California,92121,United States,27,7/24/2019,353909306,"Sotera Wireless , Inc.",Sotera,www.soterawireless.com,(858) 427-4620,10020 HUENNEKENS St.,San Diego,California,92121,United States,Medical Devices & Equipment,Industry.mfg.medical,Manufacturing,Industry.mfg,26800,Sales.25Mto50M,134,Employees.100to249,38,384,339,33451,"TitleCode.IT,TitleCodeTop.Business,TitleCodeMiddle.Manager,TitleCodeMiddle.Technical,TitleCode.Manager","Manager,Engineering & Technical",https://go.zoominfo.com/#/apps/search/person/results?personProfileId=1635173861,4928a27bac8cc7aa5a79e610238ad341,soterawireless.com
-2037674554,Martin,Lane,,,,"Manager, Information Technology",719,Information Technology,Manager,,,lane.beneke@spcmechanical.com,1908 Baldree Rd.,Wilson,North Carolina,27895,United States,9,3/21/2019,35815482,SPC Mechanical,SPC Mechanical,www.spcmechanical.com,(252) 291-1561,1908 Baldree Rd.,Wilson,North Carolina,27895,United States,Plumbing & HVAC Equipment,Industry.mfg.building.plumbing,Building Materials,Industry.mfg.building,14800,Sales.10Mto25M,74,Employees.50to99,34,349,33291,332,"TitleCode.IT,TitleCodeTop.Business,TitleCodeMiddle.Manager,TitleCodeMiddle.Technical,TitleCode.Manager","Manager,Engineering & Technical",https://go.zoominfo.com/#/apps/search/person/results?personProfileId=2811668526,e62b4cc0164f411506ae74d7f54d8e50,spcmechanical.com
869671992,Poole,Eric,,,,"Manager, Information Technology",719,Information Technology,Manager,,(608) 373-9292,eje@ssitech.com,2643 West Ct. St.,Janesville,Wisconsin,53548,United States,4,3/21/2019,74809887,SSI Technologies Inc,SSI,www.ssitechnologies.com,(608) 758-1500,3330 Palmer Dr.,Janesville,Wisconsin,53546,United States,Metals & Minerals,Industry.mm.metals,Manufacturing,Industry.mfg,140000,Sales.100MMto250M,700,Employees.500to999,33,339,33122,331221,"TitleCode.IT,TitleCodeTop.Business,TitleCodeMiddle.Manager,TitleCodeMiddle.Technical,TitleCode.Manager","Manager,Engineering & Technical",https://go.zoominfo.com/#/apps/search/person/results?personProfileId=-1645645122,e3bfbaafa7d438721b6787edd494f2d5,ssitech.com
2079844389,Hamilton,Mark,,,,"Manager, Information Technology",719,Information Technology,Manager,,(408) 331-3134,mrecob@stellartec.com,560 Cottonwood Dr.,Milpitas,California,95035,United States,23,7/24/2019,36635599,Stellartech Research Corporation,Stellartech,www.stellartec.com,(408) 331-3000,560 Cottonwood Dr.,Milpitas,California,95035,United States,Business Services General,Industry.bizservice.general,Business Services,Industry.bizservice,8640,Sales.5Mto10M,65,Employees.50to99,87,873,5417,541,"TitleCode.IT,TitleCodeTop.Business,TitleCodeMiddle.Manager,TitleCodeMiddle.Technical,TitleCode.Manager","Manager,Engineering & Technical",https://go.zoominfo.com/#/apps/search/person/results?personProfileId=1444316802,33810938e438e94a2c763a3db18bcf21,stellartec.com
1920872146,Asa,Brett,,,,"Director, Information Technology",759,Information Technology,Director,,(314) 678-6294,babney@stereotaxis.com,4320 Forest Park Ave. Ste. 100,St. Louis,Missouri,63108,United States,18,3/21/2019,66240849,"Stereotaxis , Inc.",Stereotaxis,www.stereotaxis.com,(314) 678-6100,4320 Forest Park Ave. Ste. 100,St. Louis,Missouri,63108,United States,Medical Devices & Equipment,Industry.mfg.medical,Manufacturing,Industry.mfg,31144,Sales.25Mto50M,117,Employees.100to249,38,384,339,33451,"TitleCode.IT,TitleCodeTop.Business,TitleCodeMiddle.Technical,TitleCode.Director,TitleCodeMiddle.Director","Engineering & Technical,Director",https://go.zoominfo.com/#/apps/search/person/results?personProfileId=1778333975,bf029fabd043f6db3311e329d2788068,stereotaxis.com
1758592216,Woodford,Dawn,,,,"Business Process Manager, Information Technology",719,Information Technology,Manager,,(763) 574-8701,dkreuz@stylmark.com,,,Minnesota,,United States,3,6/18/2019,92111107,Stylmark Inc,Stylmark,www.stylmark.com,(763) 574-7474,6536 Main St. NE,Minneapolis,Minnesota,55432,United States,Household Goods,Industry.mfg.consumer.household,Consumer Goods,Industry.mfg.consumer,37500,Sales.25Mto50M,102,Employees.100to249,25,254,337215,48,"TitleCode.IT,TitleCodeTop.Business,TitleCodeMiddle.Manager,TitleCodeMiddle.Technical,TitleCode.Manager","Manager,Engineering & Technical",https://go.zoominfo.com/#/apps/search/person/results?personProfileId=3097052820,a23bb80595257393f1bf767140ba4cb8,stylmark.com
-2053309987,Folkes,Igor,,,,"Manager, Information Technology",719,Information Technology,Manager,,(941) 362-1352,igor.borso@sunhydraulics.com,1500 WEST UNIVERSITY Pkwy.,Sarasota,Florida,34243,United States,8,3/21/2019,101695698,Sun Hydraulics Corporation,Sun Hydraulics,www.sunhydraulics.com,(941) 362-1200,1500 West University Pkwy.,Sarasota,Florida,34243,United States,Industrial Machinery & Equipment,Industry.mfg.industrialmachinery,Manufacturing,Industry.mfg,342839,Sales.250Mto500M,1150,Employees.1000to4999,34,344,339,33211,"TitleCode.IT,TitleCodeTop.Business,TitleCodeMiddle.Manager,TitleCodeMiddle.Technical,TitleCode.Manager","Manager,Engineering & Technical",https://go.zoominfo.com/#/apps/search/person/results?personProfileId=-2016243337,53aa30f4df8472649067fbcfb1918858,sunhydraulics.com
-1656960514,Fenley,Chi,,,,IT Infrastructure Manager,719,Information Technology,Manager,,(858) 754-2987,cleung@syntheticgenomics.com,11149 North Torrey Pines Rd.,La Jolla,California,92037,United States,9,3/21/2019,116588858,Synthetic Genomics Inc,Synthetic Genomics,www.syntheticgenomics.com,(858) 754-2900,11149 North Torrey Pines Rd.,La Jolla,California,92037,United States,Test & Measurement Equipment,Industry.mfg.testequipment,Manufacturing,Industry.mfg,17000,Sales.10Mto25M,85,Employees.50to99,38,382,541,5417,"TitleCode.IT,TitleCodeTop.Business,TitleCodeMiddle.Manager,TitleCodeMiddle.Technical,TitleCode.Manager","Manager,Engineering & Technical",https://go.zoominfo.com/#/apps/search/person/results?personProfileId=-2076814018,290df2e912c651f9eac47b1c15d79f61,syntheticgenomics.com
3097052820,Kreuz,Josh,,,,"Manager, Information Technology",719,Information Technology,Manager,,(316) 529-5000 ext. 7114,jgruenwald@tectcorp.com,2019 Southwest Blvd.,Wichita,Kansas,67213-1439,United States,18,3/21/2019,344700594,TECT Corporation,TECT Corporation,www.tectaero.com,(859) 426-0090,334 Beechwood Rd. Ste. 304,Ft Mitchell,Kentucky,41017,United States,Aerospace & Defense,Industry.mfg.aerospace,Manufacturing,Industry.mfg,300000,Sales.250Mto500M,3000,Employees.1000to4999,372,37,33,336,"TitleCode.IT,TitleCodeTop.Business,TitleCodeMiddle.Manager,TitleCodeMiddle.Technical,TitleCode.Manager","Manager,Engineering & Technical",https://go.zoominfo.com/#/apps/search/person/results?personProfileId=1485365946,c04f52a3b2bce8e01b49665d03b009d6,tectcorp.com
-1883458890,Peters,Alan,C.,,,"Director, Information Technology",759,Information Technology,Director,,(918) 832-5319,alan.doughty@thecrosbygroup.com,2801 Dawson Rd.,Tulsa,Oklahoma,74110,United States,17,8/12/2018,25381390,The Crosby Group LLC,The Crosby Group,www.thecrosbygroup.com,(918) 834-4611,2801 Dawson Rd.,Tulsa,Oklahoma,74110,United States,Building Materials,Industry.mfg.building,Manufacturing,Industry.mfg,69000,Sales.50Mto100M,800,Employees.500to999,34,342,33251,332510,"TitleCode.IT,TitleCodeTop.Business,TitleCodeMiddle.Technical,TitleCode.Director,TitleCodeMiddle.Director","Engineering & Technical,Director",https://go.zoominfo.com/#/apps/search/person/results?personProfileId=278337968,7e7263a6eae1482fee00c61678662681,thecrosbygroup.com
2404837992,Sanders,Christopher,N.,,,IT Infrastructure Manager,719,Information Technology,Manager,,(419) 755-1474,crisner@gormanrupp.com,600 S Airport Rd.,Mansfield,Ohio,44903,United States,56,3/21/2019,38423095,The Gorman-Rupp Company,Gorman-Rupp,www.gormanrupp.com,(419) 755-1011,600 South Airport Rd.,Mansfield,Ohio,44903,United States,Industrial Machinery & Equipment,Industry.mfg.industrialmachinery,Manufacturing,Industry.mfg,379389,Sales.250Mto500M,1165,Employees.1000to4999,35,358,335911,333996,"TitleCode.IT,TitleCodeTop.Business,TitleCodeMiddle.Manager,TitleCodeMiddle.Technical,TitleCode.Manager","Manager,Engineering & Technical",https://go.zoominfo.com/#/apps/search/person/results?personProfileId=1412591068,7cf2f3e5b5555057b8726389c9ae92b6,gormanrupp.com
2334357487,Fox,Matt,,,,"Cfso Manager, Information Technology",719,Information Technology,Manager,,(989) 921-4005 ext. 4021,myackel@merrilltg.com,400 Florence St.,Saginaw,Michigan,48602,United States,28,7/10/2019,61850655,The Merrill Technologies Group companies,Merrill Technologies Group,www.merrilltg.com,(989) 921-4005,400 Florence St.,Saginaw,Michigan,48602,United States,Industrial Machinery & Equipment,Industry.mfg.industrialmachinery,Manufacturing,Industry.mfg,70000,Sales.50Mto100M,120,Employees.100to249,87,871,541,5413,"TitleCode.IT,TitleCodeTop.Business,TitleCodeMiddle.Manager,TitleCodeMiddle.Technical,TitleCode.Manager","Manager,Engineering & Technical",https://go.zoominfo.com/#/apps/search/person/results?personProfileId=1937600159,b4efb333dadfb18462f46bc19f55af24,merrilltg.com
1161825058,Schoen,Joe,,,,"Manager, Information Technology",719,Information Technology,Manager,,(720) 931-8181,jschoen@mhlighting.com,1044 SPEER Blvd.,Denver,Colorado,80204,United States,22,4/28/2019,68536058,The MH Companies,The MH Companies,www.themhcompanies.com,(303) 573-0222,1044 Speer Blvd.,Denver,Colorado,80204,United States,Furniture,Industry.mfg.furniture,Manufacturing,Industry.mfg,5450,Sales.5Mto10M,64,Employees.50to99,36,364,3351,335122,"TitleCode.IT,TitleCodeTop.Business,TitleCodeMiddle.Manager,TitleCodeMiddle.Technical,TitleCode.Manager","Manager,Engineering & Technical",https://go.zoominfo.com/#/apps/search/person/results?personProfileId=1161825058,98e658d7ba0cb0be90e1d03d6e9b0de3,mhlighting.com
-1705318658,Vinod,Noel,,,,"Director, Information Technology",759,Information Technology,Director,,(231) 944-7149,npeters@oilgear.com,1424 International Dr.,Traverse City,Michigan,49686,United States,19,6/12/2019,28704859,The Oilgear Company,Oilgear,www.oilgear.com,(231) 929-1660,1424 International Dr.,Traverse City,Michigan,49686,United States,Industrial Machinery & Equipment,Industry.mfg.industrialmachinery,Manufacturing,Industry.mfg,150000,Sales.100MMto250M,350,Employees.250to499,35,359,333995,333996,"TitleCode.IT,TitleCodeTop.Business,TitleCodeMiddle.Technical,TitleCode.Director,TitleCodeMiddle.Director","Engineering & Technical,Director",https://go.zoominfo.com/#/apps/search/person/results?personProfileId=-1883458890,797ddcbc975b6a3ee0e66f363af0024e,oilgear.com
1649051167,Walsh,Joshua,,,,Project Manager & IT Administrator,719,Information Technology,Manager,,(978) 552-0944,jshedd@transmedics.com,200 MINUTEMAN Rd.,Andover,Massachusetts,1810,United States,27,6/25/2019,163446948,"TransMedics , Inc.",TransMedics,www.transmedics.com,(978) 552-0900,200 MINUTEMAN Rd.,Andover,Massachusetts,1810,United States,Medical Devices & Equipment,Industry.mfg.medical,Manufacturing,Industry.mfg,13000,Sales.10Mto25M,92,Employees.50to99,38,384,33451,334510,"TitleCodeMiddle.Administration,TitleCodeMiddle.Manager,TitleCode.ProjectManagement,TitleCode.Administration,TitleCode.IT,TitleCodeTop.Business,TitleCodeMiddle.Operations,TitleCodeMiddle.Technical,TitleCode.Manager","Operations,Manager",https://go.zoominfo.com/#/apps/search/person/results?personProfileId=1893146389,95de5b919835054747ecf7540caa7e70,transmedics.com
1588139061,Carlson,Peter,,,,"Manager, Information Technology",719,Information Technology,Manager,,(909) 348-1736,phashemloo@unical.com,680 South Lemon Ave.,Industry,California,91789,United States,7,3/21/2019,120717411,Unical Aviation Inc,Unical Aviation,www.unical.com,(909) 348-1700,680 South Lemon Ave.,Industry,California,91789,United States,Aerospace & Defense,Industry.mfg.aerospace,Manufacturing,Industry.mfg,70000,Sales.50Mto100M,350,Employees.250to499,50,508,336111,423860,"TitleCode.IT,TitleCodeTop.Business,TitleCodeMiddle.Manager,TitleCodeMiddle.Technical,TitleCode.Manager","Manager,Engineering & Technical",https://go.zoominfo.com/#/apps/search/person/results?personProfileId=-1374548349,c53f94467fb45b37f3118e6b92ecd40e,unical.com
-2046797646,Burke,Neil,,,,"Manager, Information Technology",719,Information Technology,Manager,,,nryan@unifrax.com,"600 Riverwalk Pkwy., Ste. 120",Tonawanda,New York,14150,United States,3,4/11/2019,39452963,Unifrax Corporation,Unifrax,www.unifrax.com,(716) 768-6500,"600 Riverwalk Pkwy., Ste. 120",Tonawanda,New York,14150,United States,Glass & Clay,Industry.mfg.chemicals.glass,"Chemicals, Petrochemicals, Glass & Gases",Industry.mfg.chemicals,230000,Sales.100MMto250M,2300,Employees.1000to4999,32,329,327,23815,"TitleCode.IT,TitleCodeTop.Business,TitleCodeMiddle.Manager,TitleCodeMiddle.Technical,TitleCode.Manager","Manager,Engineering & Technical",https://go.zoominfo.com/#/apps/search/person/results?personProfileId=-2098314035,3a73350f9a2b9629487424fd1a76b918,unifrax.com
1412591068,Risner,Majid,,,,"Manager, Information Technology",719,Information Technology,Manager,,(626) 258-6806,meshaghi@vacco.com,10350 Vacco St.,South El Monte,California,91733,United States,20,6/5/2019,123469933,VACCO Industries Inc,VACCO,www.vacco.com,(626) 443-7121,10350 Vacco St.,South El Monte,California,91733,United States,Plumbing & HVAC Equipment,Industry.mfg.building.plumbing,Building Materials,Industry.mfg.building,46920,Sales.25Mto50M,465,Employees.250to499,34,349,33291,332,"TitleCode.IT,TitleCodeTop.Business,TitleCodeMiddle.Manager,TitleCodeMiddle.Technical,TitleCode.Manager","Manager,Engineering & Technical",https://go.zoominfo.com/#/apps/search/person/results?personProfileId=-1894422516,3abb82525fe8965259eea83c716bb71e,vacco.com
1744691810,Keller,Mike,,,,"Director, IT Infrastructure",759,Information Technology,Director,,(978) 749-3254,mhamilton@vicorpower.com,25 Frontage Rd.,Andover,Massachusetts,1810,United States,28,7/25/2019,153518114,Vicor Corporation,Vicor,www.vicorpower.com,(978) 470-2900,25 Frontage Rd.,Andover,Massachusetts,1810,United States,Electronic Components,Industry.mfg.electronics.electronics,Electronics,Industry.mfg.electronics,227830,Sales.100MMto250M,970,Employees.500to999,36,367,33599,334419,"TitleCode.IT,TitleCodeTop.Business,TitleCodeMiddle.Technical,TitleCode.Director,TitleCodeMiddle.Director","Engineering & Technical,Director",https://go.zoominfo.com/#/apps/search/person/results?personProfileId=2079844389,b15e8a0a4d512ece7435e12476dd1e72,vicorpower.com
-1516749833,Avila,Brad,,,,"Manager, Information Technology",719,Information Technology,Manager,,(918) 382-4889,bpalmer@victoryenergy.com,10701 E. 126th St. North,Collinsville,Oklahoma,74021,United States,9,3/21/2019,124567742,Victory Energy Operations LLC,Victory Energy,www.victoryenergy.com,(918) 274-0023,10701 E 126Th St. N,Collinsville,Oklahoma,74021,United States,Test & Measurement Equipment,Industry.mfg.testequipment,Manufacturing,Industry.mfg,40000,Sales.25Mto50M,200,Employees.100to249,38,382,48,488510,"TitleCode.IT,TitleCodeTop.Business,TitleCodeMiddle.Manager,TitleCodeMiddle.Technical,TitleCode.Manager","Manager,Engineering & Technical",https://go.zoominfo.com/#/apps/search/person/results?personProfileId=2008251513,6cc301e7d4462e3adac565d3be1149fc,victoryenergy.com
-1386849466,Cottingham-Collins,Jacob,,,,"Director, Information Technology",759,Information Technology,Director,,(248) 622-5624,jrotary@vistool.com,2055 Taylor Rd.,Auburn Hills,Michigan,48326,United States,6,3/21/2019,120881177,Visioneering Ltd,Visioneering,www.vistool.com,(248) 622-5600,2055 Taylor Rd.,Auburn Hills,Michigan,48326,United States,Aerospace & Defense,Industry.mfg.aerospace,Manufacturing,Industry.mfg,59010,Sales.50Mto100M,114,Employees.100to249,37,376,336419,336415,"TitleCode.IT,TitleCodeTop.Business,TitleCodeMiddle.Technical,TitleCode.Director,TitleCodeMiddle.Director","Engineering & Technical,Director",https://go.zoominfo.com/#/apps/search/person/results?personProfileId=-2041800058,519683f3729e5fe69a2c690adf75a5ec,vistool.com
-1241011464,Mellott,Shanna,,,,"Manager, Information Technology",719,Information Technology,Manager,,(715) 748-2100 ext. 3518,snernberger@weathershield.com,One Weather Shield Plz.,Medford,Wisconsin,54451,United States,26,7/8/2019,109969598,Weather Shield,Weather Shield,www.weathershield.com,(715) 748-2100,P.O. Box 309,Medford,Wisconsin,54451,United States,"Miscellaneous Building Materials (Flooring, Cabinets, etc.)",Industry.mfg.building.other,Building Materials,Industry.mfg.building,493829,Sales.250Mto500M,1900,Employees.1000to4999,24,243,3219,321911,"TitleCode.IT,TitleCodeTop.Business,TitleCodeMiddle.Manager,TitleCodeMiddle.Technical,TitleCode.Manager","Manager,Engineering & Technical",https://go.zoominfo.com/#/apps/search/person/results?personProfileId=2075394610,97e4ad69380dc7a5d93559687553b4ad,weathershield.com
2023437803,Loomis,Joshua,,,,"Manager, Information Technology (Enterprise Reporting)",719,Information Technology,Manager,,(770) 626-3719,joshua.smith@wencor.com,416 Dividend Dr.,Peachtree City,Georgia,30269,United States,7,3/21/2019,41845170,Wencor Group LLC,Wencor,www.wencor.com,(678) 490-0140,416 Dividend Dr.,Peachtree City,Georgia,30269,United States,Aerospace & Defense,Industry.mfg.aerospace,Manufacturing,Industry.mfg,237010,Sales.100MMto250M,300,Employees.250to499,50,508,423860,5511,"TitleCode.Writer,TitleCodeMiddle.Manager,TitleCodeTop.Arts,TitleCodeTop.Business,TitleCode.IT,TitleCodeMiddle.Writers,TitleCodeMiddle.Technical,TitleCode.Manager","Manager,Engineering & Technical",https://go.zoominfo.com/#/apps/search/person/results?personProfileId=-1042590987,cf6403abd12bad968adea65c403dc75e,wencor.com
1745225620,Rhoad,Ray,,,,"Manager, Information Technology",719,Information Technology,Manager,,(520) 294-7987 ext. 1293,rbyas@westmedinc.com,5580 S Nogales Hwy.,Tucson,Arizona,85706,United States,29,6/14/2019,127992012,Westmed Inc,Westmed,www.westmedinc.com,(520) 294-7987,5580 S Nogales Hwy.,Tucson,Arizona,85706,United States,Medical Devices & Equipment,Industry.mfg.medical,Manufacturing,Industry.mfg,19200,Sales.10Mto25M,96,Employees.50to99,38,384,339,33,"TitleCode.IT,TitleCodeTop.Business,TitleCodeMiddle.Manager,TitleCodeMiddle.Technical,TitleCode.Manager","Manager,Engineering & Technical",https://go.zoominfo.com/#/apps/search/person/results?personProfileId=607253299,950526568901a96059496a601c8d4e16,westmedinc.com
-1031717407,Shultz,Kevin,,,,"Manager, Information Technology",719,Information Technology,Manager,,(413) 569-9444 ext. 110,kevin@wgi.us,34 Hudson Dr.,Southwick,Massachusetts,1077,United States,9,4/16/2019,343603544,WGI Inc,WGI,www.wgi.us,(413) 569-9444,34 Hudson Dr.,Southwick,Massachusetts,1077,United States,Aerospace & Defense,Industry.mfg.aerospace,Manufacturing,Industry.mfg,9600,Sales.5Mto10M,48,Employees.20to49,372,37,33,336,"TitleCode.IT,TitleCodeTop.Business,TitleCodeMiddle.Manager,TitleCodeMiddle.Technical,TitleCode.Manager","Manager,Engineering & Technical",https://go.zoominfo.com/#/apps/search/person/results?personProfileId=423441591,fcb6280e909c93e5c00ab6828491e36a,wgi.us
278337968,Doughty,Andrew,,,,"Manager, Information Technology",719,Information Technology,Manager,,(972) 417-2772,andrew.keller@us.yokogawa.com,"2155 Chenault Dr., Ste. # 401",Carrollton,Texas,75006,United States,12,3/21/2019,229867542,Yokogawa Corporation of America,Yokogawa,www.yokogawa.com,(281) 340-3800,12530 West Airport Rd.,Sugar Land,Texas,77478,United States,Industrial Machinery & Equipment,Industry.mfg.industrialmachinery,Test & Measurement Equipment,Industry.mfg.testequipment,160000,Sales.100MMto250M,800,Employees.500to999,38,382,42,33451,"TitleCode.IT,TitleCodeTop.Business,TitleCodeMiddle.Manager,TitleCodeMiddle.Technical,TitleCode.Manager","Manager,Engineering & Technical",https://go.zoominfo.com/#/apps/search/person/results?personProfileId=1744691810,5ecd1ecf266e4a54e467ff3a1d33c6d1,us.yokogawa.com
3116932495,Goudreau,Faith,,,,"Manager, Information Technology",719,Information Technology,Manager,,(678) 423-2426,faith.rhoad@us.yokogawa.com,2 Dart Rd.,Newnan,Georgia,30265,United States,13,3/21/2019,229867542,Yokogawa Corporation of America,Yokogawa,www.yokogawa.com,(281) 340-3800,12530 West Airport Rd.,Sugar Land,Texas,77478,United States,Industrial Machinery & Equipment,Industry.mfg.industrialmachinery,Test & Measurement Equipment,Industry.mfg.testequipment,160000,Sales.100MMto250M,800,Employees.500to999,38,382,42,33451,"TitleCode.IT,TitleCodeTop.Business,TitleCodeMiddle.Manager,TitleCodeMiddle.Technical,TitleCode.Manager","Manager,Engineering & Technical",https://go.zoominfo.com/#/apps/search/person/results?personProfileId=1745225620,bc7cbccd3c686e24027cf2326e40c49f,us.yokogawa.com
