Zoom Individual ID,Last name,First name,Middle name,Salutation,Suffix,Job title,Job title hierarchy level,Job Function,Management Level,Company division name,Direct Phone Number,Email address,Person Street,Person City,Person State,Person Zip,Country,Source count,Last updated date,Zoom company ID,Company name,Column1,Company domain name,Company phone number,Company Street address,Company City,Company State,Company ZIP/Postal code,Company Country,Industry label,Industry hierarchical category,Secondary industry label,Secondary industry hierarchical category,Revenue (in 000s),Revenue Range,Employees,Employees Range,SIC1,SIC2,NAICS1,NAICS2,TitleCode,Highest Level Job Function,Contact Zoom URL,Encrypted Email Address,Email Domain,Query Name
1678617616,Pantle,Christian,,,,"Manager, Information Technology",719,Information Technology,Manager,,(480) 446-8000 ext. 109,cpantle@abbiegregg.com,1130 East University Dr. Ste. 105,Tempe,Arizona,85281,United States,23,6/16/2019,165100,Abbie Gregg Inc,Abbie Gregg,www.abbiegregg.com,(480) 446-8000,1130 East University Dr. Ste. 105,Tempe,Arizona,85281,United States,"Architecture, Engineering & Design",Industry.construction.architecture,Construction,Industry.construction,4800,Sales.1Mto5M,24,Employees.20to49,8712,871,541,5413,"TitleCode.IT,TitleCodeTop.Business,TitleCodeMiddle.Manager,TitleCodeMiddle.Technical,TitleCode.Manager","Manager,Engineering & Technical",https://go.zoominfo.com/#/apps/search/person/results?personProfileId=1678617616,177de85588c3d42a45533c0bd46a9ebb,abbiegregg.com,orbitalitleads6-24
-2027205006,Salamone,Frank,,,,"Manager, Information Technology",719,Information Technology,Manager,,,fsalamone@accoes.com,6265 San Fernando Rd.,Glendale,California,91201,United States,9,6/17/2019,723708,ACCO Engineered Systems,ACCO,www.accoes.com,(818) 244-6571,6265 San Fernando Rd.,Glendale,California,91201,United States,"Architecture, Engineering & Design",Industry.construction.architecture,Construction,Industry.construction,1010000,Sales.1Gto5G,3000,Employees.1000to4999,17,179,541,5413,"TitleCode.IT,TitleCodeTop.Business,TitleCodeMiddle.Manager,TitleCodeMiddle.Technical,TitleCode.Manager","Manager,Engineering & Technical",https://go.zoominfo.com/#/apps/search/person/results?personProfileId=-2027205006,d995cb4b79c084979e61b9c87566849e,accoes.com,orbitalitleads6-24
1934241599,Battisha,Mohammed,,,,"Manager, Information Technology",719,Information Technology,Manager,,(412) 932-2044 ext. 457,mohammed.battisha@ae-7.com,2840 Liberty Ave. Ste. 403,Pittsburgh,Pennsylvania,15222,United States,27,6/15/2019,348053742,AE7,AE7,www.ae7.com,(412) 932-2044,2840 Liberty Ave. Ste. 403,Pittsburgh,Pennsylvania,15222,United States,"Architecture, Engineering & Design",Industry.construction.architecture,Construction,Industry.construction,110000,Sales.100MMto250M,550,Employees.500to999,8712,871,541,5413,"TitleCode.IT,TitleCodeTop.Business,TitleCodeMiddle.Manager,TitleCodeMiddle.Technical,TitleCode.Manager","Manager,Engineering & Technical",https://go.zoominfo.com/#/apps/search/person/results?personProfileId=1934241599,472ed81e68394c3cca6e76e2e7a502ea,ae-7.com,orbitalitleads6-24
1683855520,Normansell,Laura,,,,"Applications 1 Manager, Information Technology",719,Information Technology,Manager,,(678) 857-8436,laura.normansell@aecom.com,677 Rock House Rd.,Senoia,Georgia,30276,United States,25,6/5/2019,1756285,AECOM Limited,AECOM,www.aecom.com,(213) 593-8000,1999 Ave. Of The Stars Ste. 2600,Los Angeles,California,90067,United States,"Architecture, Engineering & Design",Industry.construction.architecture,Construction,Industry.construction,20155512,Sales.5GPlus,87000,Employees.10000plus,87,871,2379,541511,"TitleCode.IT,TitleCodeTop.Business,TitleCodeMiddle.Manager,TitleCodeMiddle.Technical,TitleCode.Manager","Manager,Engineering & Technical",https://go.zoominfo.com/#/apps/search/person/results?personProfileId=1683855520,b23f199e7efde5648c907ae9862becef,aecom.com,orbitalitleads6-24
1445475505,Davis,Linda,,,,"Manager, Information Technology & Project Manager, Information Technology",719,Information Technology,Manager,,(813) 675-6707,linda.davis@aecom.com,7650 W Courtney Campbell Cswy,Tampa,Florida,33607-1462,United States,24,4/15/2019,1756285,AECOM Limited,AECOM,www.aecom.com,(213) 593-8000,1999 Ave. Of The Stars Ste. 2600,Los Angeles,California,90067,United States,"Architecture, Engineering & Design",Industry.construction.architecture,Construction,Industry.construction,20155512,Sales.5GPlus,87000,Employees.10000plus,87,871,2379,541511,"TitleCode.ProjectManagement,TitleCodeMiddle.Manager,TitleCodeTop.Business,TitleCode.IT,TitleCodeMiddle.Operations,TitleCodeMiddle.Technical,TitleCode.Manager","Operations,Manager",https://go.zoominfo.com/#/apps/search/person/results?personProfileId=1445475505,eb07d2337fe4ed3224eb1079cc2ca1f3,aecom.com,orbitalitleads6-24
1683907027,Humphrey,Jason,,,,"Facilities Senior Project Manager, Information Technology",723,Facilities,Manager,,(513) 652-9018,jason.humphrey@aecom.com,525 Vine St.,Cincinnati,Ohio,45202-3121,United States,66,6/4/2019,1756285,AECOM Limited,AECOM,www.aecom.com,(213) 593-8000,1999 Ave. Of The Stars Ste. 2600,Los Angeles,California,90067,United States,"Architecture, Engineering & Design",Industry.construction.architecture,Construction,Industry.construction,20155512,Sales.5GPlus,87000,Employees.10000plus,87,871,2379,541511,"TitleCode.Facilities,TitleCode.ProjectManagement,TitleCodeMiddle.Manager,TitleCodeTop.Business,TitleCode.IT,TitleCodeMiddle.Operations,TitleCodeMiddle.Technical,TitleCode.Manager","Operations,Manager",https://go.zoominfo.com/#/apps/search/person/results?personProfileId=1683907027,06eb62caeb6afd03e0d39dab164f6d51,aecom.com,orbitalitleads6-24
1676506617,Buchalla,Keith,B.,,,"Project Manager, Information Technology",719,Information Technology,Manager,,(301) 820-3140,keith.buchalla@aecom.com,"12420 Milestone Center Dr., Ste. 150",Germantown,Maryland,20876,United States,38,6/17/2019,1756285,AECOM Limited,AECOM,www.aecom.com,(213) 593-8000,1999 Ave. Of The Stars Ste. 2600,Los Angeles,California,90067,United States,"Architecture, Engineering & Design",Industry.construction.architecture,Construction,Industry.construction,20155512,Sales.5GPlus,87000,Employees.10000plus,87,871,2379,541511,"TitleCode.ProjectManagement,TitleCodeMiddle.Manager,TitleCodeTop.Business,TitleCode.IT,TitleCodeMiddle.Operations,TitleCodeMiddle.Technical,TitleCode.Manager","Operations,Manager",https://go.zoominfo.com/#/apps/search/person/results?personProfileId=1676506617,b380a517626bdb34a8a0e054110f8aff,aecom.com,orbitalitleads6-24
1856290784,Platts,Don,,,,"Support Manager, Information Technology (Canada)",719,Information Technology,Manager,,(403) 254-3411,don.platts@aecom.com,200 - 6807 Railway St. SE,Calgary,Alberta,T2H 2V6,Canada,53,6/10/2019,1756285,AECOM Limited,AECOM,www.aecom.com,(213) 593-8000,1999 Ave. Of The Stars Ste. 2600,Los Angeles,California,90067,United States,"Architecture, Engineering & Design",Industry.construction.architecture,Construction,Industry.construction,20155512,Sales.5GPlus,87000,Employees.10000plus,87,871,2379,541511,"TitleCode.IT,TitleCodeTop.Business,TitleCodeMiddle.Manager,TitleCodeMiddle.Technical,TitleCode.Manager","Manager,Engineering & Technical",https://go.zoominfo.com/#/apps/search/person/results?personProfileId=1856290784,fb097d966de56528004194428a0e298b,aecom.com,orbitalitleads6-24
1540490293,Katz,Steven,,,,"Manager, Information Technology",719,Information Technology,Manager,,(925) 476-2300,skatz@aliquot.com,1390 S Main St. Ste. 310,Walnut Creek,California,94596,United States,14,6/11/2019,3772731,ALIQUOT ASSOCIATES INC,Aliquot,www.aliquot.com,(925) 476-2300,1390 S Main St. Ste. 310,Walnut Creek,California,94596,United States,Construction,Industry.construction,"Architecture, Engineering & Design",Industry.construction.architecture,2400,Sales.1Mto5M,12,Employees.10to19,8712,871,541,5413,"TitleCode.IT,TitleCodeTop.Business,TitleCodeMiddle.Manager,TitleCodeMiddle.Technical,TitleCode.Manager","Manager,Engineering & Technical",https://go.zoominfo.com/#/apps/search/person/results?personProfileId=1540490293,80633299a42f10d48f64ea42fdb88a4a,aliquot.com,orbitalitleads6-24
1188208917,Whitham,Rick,,,,"Project Manager & Manager, Information Technology",719,Information Technology,Manager,,(515) 265-4441 ext. 112,rickw@architecturalarts.com,2200 E Ovid Ave.,Des Moines,Iowa,50313-4747,United States,25,5/17/2019,345463715,"Architectural Arts , Inc.",Architectural Arts,www.architecturalarts.com,(515) 265-4441,2200 East,Des Moines,Iowa,50313,United States,"Architecture, Engineering & Design",Industry.construction.architecture,Commercial & Residential Construction,Industry.construction.construction,20600,Sales.10Mto25M,103,Employees.100to249,8712,871,541,5413,"TitleCode.ProjectManagement,TitleCodeMiddle.Manager,TitleCodeTop.Business,TitleCode.IT,TitleCodeMiddle.Operations,TitleCodeMiddle.Technical,TitleCode.Manager","Operations,Manager",https://go.zoominfo.com/#/apps/search/person/results?personProfileId=1188208917,4369607460141cbb66dc5c145e8282f5,architecturalarts.com,orbitalitleads6-24
-1952928805,Podleski,Brian,M.,,,Designer and Information Technology Manager,719,Information Technology,Manager,,(716) 270-4019,bpodleski@archres.com,505 Franklin St.,Buffalo,New York,14202,United States,22,6/6/2019,358597206,ARCHITECTURAL RESOURCES PC,Architectural Resources,www.archres.com,(716) 883-5566,505 Franklin St.,Buffalo,New York,14202,United States,"Architecture, Engineering & Design",Industry.construction.architecture,Construction,Industry.construction,4900,Sales.1Mto5M,28,Employees.20to49,8712,871,541,5413,"TitleCode.IT,TitleCodeTop.Business,TitleCodeMiddle.Manager,TitleCode.Technical,TitleCodeMiddle.Technical,TitleCode.Manager","Manager,Engineering & Technical",https://go.zoominfo.com/#/apps/search/person/results?personProfileId=-1952928805,9f3199926668137357e1974eba7f179d,archres.com,orbitalitleads6-24
1941082956,Borrow,John,Lee-Anne,Mr.,,"Operations Manager, Information Technology",719,Operations,Manager,,+61 2 9320 9456,john.borrow@arup.com,Level 10 201 Kent St.,Sydney,New South Wales,2000,Australia,27,5/28/2019,2867538,Arup bv,Arup,www.arup.com,(415) 957-9445,"560 Mission St., Ste. 700",San Francisco,California,94105,United States,Construction,Industry.construction,"Architecture, Engineering & Design",Industry.construction.architecture,1640000,Sales.1Gto5G,12806,Employees.10000plus,8712,871,5419,541,"TitleCodeMiddle.Manager,TitleCode.Operations,TitleCodeTop.Business,TitleCode.IT,TitleCodeMiddle.Operations,TitleCodeMiddle.Technical,TitleCode.Manager","Operations,Manager",https://go.zoominfo.com/#/apps/search/person/results?personProfileId=1941082956,f234741a732047844f1408f186151a1e,arup.com,orbitalitleads6-24
1869693971,Inserra,Michael,R.,,,Project Manager & IT Administrator,719,Information Technology,Manager,,(631) 475-0349 ext. 119,inserra@bbsarch.com,244 E Main St.,Patchogue,New York,11772,United States,17,5/29/2019,35572983,BBS Architecture,BBS,www.bbsarch.com,(631) 475-0349,244 E Main St.,Patchogue,New York,11772,United States,"Architecture, Engineering & Design",Industry.construction.architecture,Construction,Industry.construction,8000,Sales.5Mto10M,40,Employees.20to49,8712,871,541,5413,"TitleCodeMiddle.Administration,TitleCodeMiddle.Manager,TitleCode.ProjectManagement,TitleCode.Administration,TitleCode.IT,TitleCodeTop.Business,TitleCodeMiddle.Operations,TitleCodeMiddle.Technical,TitleCode.Manager","Operations,Manager",https://go.zoominfo.com/#/apps/search/person/results?personProfileId=1869693971,ca1eb5ba10b53fc56cb3faf192fdcf0f,bbsarch.com,orbitalitleads6-24
461702833,Swinney,Steve,,,,"Manager, Information Technology",719,Information Technology,Manager,,(918) 581-5800,steve.swinney@bfpna.com,401 South Boston Ave.,Tulsa,Oklahoma,74103,United States,28,6/19/2019,7113552,"Berendsen Fluid Power , Inc.",Berendsen ,www.berendsen.com.au,+61 1800 681 927,31 Powers Rd.,Seven Hills,New South Wales,2147,Australia,"Architecture, Engineering & Design",Industry.construction.architecture,Construction,Industry.construction,25000,Sales.25Mto50M,125,Employees.100to249,35,8712,541,5413,"TitleCode.IT,TitleCodeTop.Business,TitleCodeMiddle.Manager,TitleCodeMiddle.Technical,TitleCode.Manager","Manager,Engineering & Technical",https://go.zoominfo.com/#/apps/search/person/results?personProfileId=461702833,b1cc8f4f74a471c399fd87f0b83ff9ef,bfpna.com,orbitalitleads6-24
-1257000436,Stevens,Brian,,,,"Operations Manager, Information Technology",719,Operations,Manager,,(202) 266-3423,bstevens@programmanagers.com,1140 Connecticut Ave. Nw #400,"Washington, D.C.",District of Columbia,20036,United States,17,6/11/2019,5390961,Brailsford & Dunlavey Inc,Brailsford & Dunlavey,www.programmanagers.com,(202) 289-4455,1140 Connecticut Ave. Nw #400,"Washington, D.C.",District of Columbia,20036,United States,"Architecture, Engineering & Design",Industry.construction.architecture,Construction,Industry.construction,20100,Sales.10Mto25M,104,Employees.100to249,8712,871,5419,541,"TitleCodeMiddle.Manager,TitleCode.Operations,TitleCodeTop.Business,TitleCode.IT,TitleCodeMiddle.Operations,TitleCodeMiddle.Technical,TitleCode.Manager","Operations,Manager",https://go.zoominfo.com/#/apps/search/person/results?personProfileId=-1257000436,9a83fac189dcfca36ae32bb226eafc04,programmanagers.com,orbitalitleads6-24
2379124630,Opp,Ron,,,,"Manager, Information Technology",719,Information Technology,Manager,,,ron.opp@bric-arch.com,"1233 NW Northrup St., Ste. 100",Portland,Oregon,97209,United States,3,6/15/2019,434554606,BRIC Architecture Inc,BRIC,www.bric-arch.com,(503) 595-4900,"1233 NW Northrup St., Ste. 100",Portland,Oregon,97209,United States,"Architecture, Engineering & Design",Industry.construction.architecture,Construction,Industry.construction,5400,Sales.5Mto10M,27,Employees.20to49,8712,871,541,5413,"TitleCode.IT,TitleCodeTop.Business,TitleCodeMiddle.Manager,TitleCodeMiddle.Technical,TitleCode.Manager","Manager,Engineering & Technical",https://go.zoominfo.com/#/apps/search/person/results?personProfileId=2379124630,b97986e4664aca00fc5e479e7a451dc3,bric-arch.com,orbitalitleads6-24
2660130987,Morrisette,Jason,,,,"Manager, Information Technology",719,Information Technology,Manager,,(425) 455-2144 ext. 109,jasonm@ckcps.com,10500 NE 8th St. Ste. 800,Bellevue,Washington,98004,United States,12,6/17/2019,18746290,Cary Kopczynski & Company Inc,CKC,www.ckcps.com,(425) 455-2144,10500 NE 8th St. Ste. 800,Bellevue,Washington,98004,United States,"Architecture, Engineering & Design",Industry.construction.architecture,Construction,Industry.construction,6400,Sales.5Mto10M,32,Employees.20to49,8712,871,541,5413,"TitleCode.IT,TitleCodeTop.Business,TitleCodeMiddle.Manager,TitleCodeMiddle.Technical,TitleCode.Manager","Manager,Engineering & Technical",https://go.zoominfo.com/#/apps/search/person/results?personProfileId=2660130987,9f911b7a2d6197b82e20d5f3c07b5b38,ckcps.com,orbitalitleads6-24
395723482,Heinack,Brian,M.,,,"Manager, Information Technology",719,Information Technology,Manager,,(412) 249-3141,bheinack@cecinc.com,333 Baldwin Rd.,Pittsburgh,Pennsylvania,15205,United States,30,6/3/2019,8323135,"Civil & Environmental Consultants , Inc.",CEC,www.cecinc.com,(412) 429-2324,333 Baldwin Rd.,Pittsburgh,Pennsylvania,15205,United States,Construction,Industry.construction,Commercial & Residential Construction,Industry.construction.construction,,,866,Employees.500to999,8712,871,5416,541,"TitleCode.IT,TitleCodeTop.Business,TitleCodeMiddle.Manager,TitleCodeMiddle.Technical,TitleCode.Manager","Manager,Engineering & Technical",https://go.zoominfo.com/#/apps/search/person/results?personProfileId=395723482,9740dcd87db5ccb89892ec5f067dec52,cecinc.com,orbitalitleads6-24
848767110,Pritchard,Stephen,M.,,,"Principal, Information Technology Manager",719,Information Technology,Manager,,(919) 833-6413 ext. 4132,stevep@clinedesignassoc.com,125 N. Harrington St.,Raleigh,North Carolina,27603,United States,35,5/20/2019,12846934,Cline Design Associates,Cline,www.clinedesignassoc.com,(919) 833-6413,125 N. Harrington St.,Raleigh,North Carolina,27603,United States,"Architecture, Engineering & Design",Industry.construction.architecture,Construction,Industry.construction,12800,Sales.10Mto25M,64,Employees.50to99,8712,871,541,5413,"TitleCode.IT,TitleCodeTop.Business,TitleCodeMiddle.Manager,TitleCode.Technical,TitleCodeMiddle.Technical,TitleCode.Manager","Manager,Engineering & Technical",https://go.zoominfo.com/#/apps/search/person/results?personProfileId=848767110,8bc2aba2d0f95689ad1132bc657131f8,clinedesignassoc.com,orbitalitleads6-24
-1822110930,Martone,Michael,,,,"Manager, Information Technology & BIM Coordinator",719,Information Technology,Manager,,(410) 752-3720 ext. 25,mmartone@colimore.com,1240 Key Hwy.,Baltimore,Maryland,21230,United States,22,6/6/2019,8750184,Colimore Architects Inc,Colimore,www.colimore.com,(410) 752-3720,1240 Key Hwy.,Baltimore,Maryland,21230,United States,"Architecture, Engineering & Design",Industry.construction.architecture,Construction,Industry.construction,4600,Sales.1Mto5M,23,Employees.20to49,8712,871,541,5413,"TitleCode.IT,TitleCodeTop.Business,TitleCodeMiddle.Manager,TitleCodeMiddle.Technical,TitleCode.Manager","Manager,Engineering & Technical",https://go.zoominfo.com/#/apps/search/person/results?personProfileId=-1822110930,fc541b32888e1644069ab5b80fb2c411,colimore.com,orbitalitleads6-24
-2084435245,Alvord,Matthew,,,,"Manager, Information Technology",719,Information Technology,Manager,,(513) 645-7180,malvord@conteches.com,9025 Centre Pointe Dr. Ste. 400,West Chester,Ohio,45069,United States,24,6/5/2019,25381520,CONTECH Construction Products Inc,CONTECH,www.conteches.com,(513) 645-7000,9025 Centre Pointe Dr. Ste. 400,West Chester,Ohio,45069,United States,"Architecture, Engineering & Design",Industry.construction.architecture,Construction,Industry.construction,750000,Sales.500Mto1G,1400,Employees.1000to4999,8712,871,221,541,"TitleCode.IT,TitleCodeTop.Business,TitleCodeMiddle.Manager,TitleCodeMiddle.Technical,TitleCode.Manager","Manager,Engineering & Technical",https://go.zoominfo.com/#/apps/search/person/results?personProfileId=-2084435245,dabd181a36a45427225cafea64ff3c47,conteches.com,orbitalitleads6-24
-1357618398,Janezic,John,,,,"IT Manager, Business Systems",719,Information Technology,Manager,,(781) 753-6666 ext. 431,jjanezic@coronaenv.com,"1001 Hingham St., Ste. 102",Rockland,Massachusetts,2370,United States,7,6/5/2019,359782781,Corona Environmental Consulting LLC,Corona,www.coronaenv.com,(781) 753-6666,1001 Hingham St. Ste. 102,Rockland,Massachusetts,2370,United States,"Architecture, Engineering & Design",Industry.construction.architecture,Construction,Industry.construction,5600,Sales.5Mto10M,28,Employees.20to49,8712,871,541511,5416,"TitleCode.IT,TitleCodeTop.Business,TitleCodeMiddle.Manager,TitleCodeMiddle.Technical,TitleCode.Manager","Manager,Engineering & Technical",https://go.zoominfo.com/#/apps/search/person/results?personProfileId=-1357618398,65413e8a12891b773d4716d70e9a4bad,coronaenv.com,orbitalitleads6-24
1930433841,Ghantous,Dennise,,,,"Manager, Information Technology",719,Information Technology,Manager,,(713) 914-4372,dghantous@dbrinc.com,9990 Richmond Ave. #300,Houston,Texas,77042,United States,21,5/28/2019,33756081,DBR Engineering Consultants Inc,DBR,www.dbrinc.com,(713) 914-0888,"9990 Richmond Ave. Ste. 300, South Bldg.",Houston,Texas,77042,United States,"Architecture, Engineering & Design",Industry.construction.architecture,Construction,Industry.construction,,,120,Employees.100to249,8712,871,541,5413,"TitleCode.IT,TitleCodeTop.Business,TitleCodeMiddle.Manager,TitleCodeMiddle.Technical,TitleCode.Manager","Manager,Engineering & Technical",https://go.zoominfo.com/#/apps/search/person/results?personProfileId=1930433841,919124f38b5d16438c490467458a4661,dbrinc.com,orbitalitleads6-24
1826812236,Delaney,Brian,,,,"Project Manager, Information Technology",719,Information Technology,Manager,,(701) 476-4268,brian.delaney@doosan.com,1854 NDSU Research Circle,Fargo,North Dakota,58102,United States,22,5/27/2019,11666326,Doosan Corporation,Doosan,www.doosan.com,+82 2-510-3114,"Doosan Bldg., Eonjuro 726, Gangnam-Gu",Seoul,Seoul,,South Korea,Industrial Machinery & Equipment,Industry.mfg.industrialmachinery,Manufacturing,Industry.mfg,15530000,Sales.5GPlus,10502,Employees.10000plus,15,152,221,55,"TitleCode.ProjectManagement,TitleCodeMiddle.Manager,TitleCodeTop.Business,TitleCode.IT,TitleCodeMiddle.Operations,TitleCodeMiddle.Technical,TitleCode.Manager","Operations,Manager",https://go.zoominfo.com/#/apps/search/person/results?personProfileId=1826812236,27eb99545ab0d165fa4f20a0a9c140c2,doosan.com,orbitalitleads6-24
1708015340,Tinklepaugh,Raun,W.,,,"Director, Information Technology & Manager, Facilities",760,Facilities,Director,,,tinklepaugh@dwlarchitects.com,2333 N. Central Ave.,Phoenix,Arizona,85004,United States,30,6/17/2019,37014939,DWL Architects,DWL,www.dwlarchitects.com,(602) 264-9731,2333 N. Central Ave.,Phoenix,Arizona,85004,United States,"Architecture, Engineering & Design",Industry.construction.architecture,Construction,Industry.construction,9525,Sales.5Mto10M,50,Employees.50to99,8712,871,541,5413,"TitleCode.Facilities,TitleCodeMiddle.Manager,TitleCodeMiddle.Director,TitleCode.IT,TitleCodeTop.Business,TitleCodeMiddle.Operations,TitleCodeMiddle.Technical,TitleCode.Director,TitleCode.Manager","Manager,Director",https://go.zoominfo.com/#/apps/search/person/results?personProfileId=1708015340,80135a799a79236d32dca79928545637,dwlarchitects.com,orbitalitleads6-24
-896051631,Watkins,Jennifer,,,,"Manager, Information Technology",719,Information Technology,Manager,,,jwatkins@e4harchitecture.com,1250 E Copeland Rd.,Arlington,Texas,76011-1345,United States,6,6/14/2019,378745180,E4H,E4H,www.e4harchitecture.com,(617) 772-0260,21 drydock Ave. Ste. 630w,Boston,Massachusetts,2210,United States,"Architecture, Engineering & Design",Industry.construction.architecture,Construction,Industry.construction,31200,Sales.25Mto50M,156,Employees.100to249,8712,871,541,5413,"TitleCode.IT,TitleCodeTop.Business,TitleCodeMiddle.Manager,TitleCodeMiddle.Technical,TitleCode.Manager","Manager,Engineering & Technical",https://go.zoominfo.com/#/apps/search/person/results?personProfileId=-896051631,74ce0906ead29524fa2c91a112c6fc86,e4harchitecture.com,orbitalitleads6-24
1817165132,Grob,Ken,,,,"Manager, Information Technology",719,Information Technology,Manager,,,kgrob@e4harchitecture.com,185 Talcott Rd.,Williston,Vermont,5495,United States,28,6/20/2019,378745180,E4H,E4H,www.e4harchitecture.com,(617) 772-0260,21 drydock Ave. Ste. 630w,Boston,Massachusetts,2210,United States,"Architecture, Engineering & Design",Industry.construction.architecture,Construction,Industry.construction,31200,Sales.25Mto50M,156,Employees.100to249,8712,871,541,5413,"TitleCode.IT,TitleCodeTop.Business,TitleCodeMiddle.Manager,TitleCodeMiddle.Technical,TitleCode.Manager","Manager,Engineering & Technical",https://go.zoominfo.com/#/apps/search/person/results?personProfileId=1817165132,fc8197374a983c5566c0dc1ea6e72c25,e4harchitecture.com,orbitalitleads6-24
3606878,Petro,Joseph,T.,,,"CAD Departments Manager, Information Technology",719,Information Technology,Manager,,(973) 775-7777 ext. 225,joe_petro@eiassociates.com,8 Ridgedale Ave.,Cedar Knolls,New Jersey,7927,United States,12,6/18/2019,39554533,EI Associates,EI Associates,www.eiassoc.com,(973) 775-7777,8 Ridgedale Ave.,Cedar Knolls,New Jersey,7927,United States,"Architecture, Engineering & Design",Industry.construction.architecture,Construction,Industry.construction,20400,Sales.10Mto25M,102,Employees.100to249,8712,871,541,5413,"TitleCode.IT,TitleCodeTop.Business,TitleCodeMiddle.Manager,TitleCodeMiddle.Technical,TitleCode.Manager","Manager,Engineering & Technical",https://go.zoominfo.com/#/apps/search/person/results?personProfileId=3606878,3e76815b835f5790a84547ecb3abc6f3,eiassociates.com,orbitalitleads6-24
-2024154832,Lapcewich,Joseph,M.,,,"Manager, Information Technology",719,Information Technology,Manager,,(952) 540-4018,jlapcewich@epinc.com,10401 Bren Rd. East,Minnetonka,Minnesota,55343,United States,12,5/27/2019,357394702,Emanuelson-Podas Inc,Emanuelson-Podas,www.epinc.com,(952) 930-0050,7705 Bush Lake Rd.,Edina,Minnesota,55439,United States,"Architecture, Engineering & Design",Industry.construction.architecture,Construction,Industry.construction,1840,Sales.1Mto5M,28,Employees.20to49,8712,871,541,5413,"TitleCode.IT,TitleCodeTop.Business,TitleCodeMiddle.Manager,TitleCodeMiddle.Technical,TitleCode.Manager","Manager,Engineering & Technical",https://go.zoominfo.com/#/apps/search/person/results?personProfileId=-2024154832,c8ff8fe266b1a5d09ac8b8bb7d4270c9,epinc.com,orbitalitleads6-24
1762621912,Caine,Josh,,,,"Manager, Information Technology",719,Information Technology,Manager,,(630) 786-4242,jcaine@220221.com,9018 Heritage Pkwy.,Woodridge,Illinois,60517,United States,25,5/30/2019,353694306,Engineering Plus LLC,Engineering Plus,www.220221.com,(630) 786-4200,9018 Heritage Pkwy.,Woodridge,Illinois,60517,United States,"Architecture, Engineering & Design",Industry.construction.architecture,Construction,Industry.construction,5200,Sales.5Mto10M,26,Employees.20to49,8712,871,541,5413,"TitleCode.IT,TitleCodeTop.Business,TitleCodeMiddle.Manager,TitleCodeMiddle.Technical,TitleCode.Manager","Manager,Engineering & Technical",https://go.zoominfo.com/#/apps/search/person/results?personProfileId=1762621912,7491d0e99c9b6dbf31fcc78fc35cd5ba,220221.com,orbitalitleads6-24
1575451037,Duncan,Brian,,,,"Manager, Information Technology",719,Information Technology,Manager,,(864) 672-3434,bduncan@fk-inc.com,323 W Stone Ave.,Greenville,South Carolina,29609,United States,9,6/14/2019,108414799,Freeland & Associates Inc,Freeland & Associates,www.freeland-associates.com,(864) 271-4924,323 W Stone Ave.,Greenville,South Carolina,29609,United States,"Architecture, Engineering & Design",Industry.construction.architecture,Construction,Industry.construction,4200,Sales.1Mto5M,21,Employees.20to49,8712,871,541,5413,"TitleCode.IT,TitleCodeTop.Business,TitleCodeMiddle.Manager,TitleCodeMiddle.Technical,TitleCode.Manager","Manager,Engineering & Technical",https://go.zoominfo.com/#/apps/search/person/results?personProfileId=1575451037,8da7874c78e53c951ebdbed65892694e,fk-inc.com,orbitalitleads6-24
-1741469770,Zeitz,Chaim,,,,"Manager, Information Technology",719,Information Technology,Manager,,(646) 292-8218,czeitz@fxcollaborative.com,22 West 19 St.,New York City,New York,10011,United States,27,6/5/2019,407615206,FXCollaborative Architects LLP,FXCollaborative,www.fxcollaborative.com,,22 West 19 St.,New York City,New York,10011,United States,"Architecture, Engineering & Design",Industry.construction.architecture,Construction,Industry.construction,23000,Sales.10Mto25M,115,Employees.100to249,8712,871,541,5413,"TitleCode.IT,TitleCodeTop.Business,TitleCodeMiddle.Manager,TitleCodeMiddle.Technical,TitleCode.Manager","Manager,Engineering & Technical",https://go.zoominfo.com/#/apps/search/person/results?personProfileId=-1741469770,faa9d06cac1fa2b2b7ff10fd05a76a8a,fxcollaborative.com,orbitalitleads6-24
1955760897,Foley,Christopher,M.,,,"Manager, Information Technology",719,Information Technology,Manager,,(781) 335-6467,cmf@gainc.com,163 Libbey Pkwy.,Weymouth,Massachusetts,2189,United States,28,6/17/2019,45762658,Gale Associates Inc,Gale Associates,www.galeassociates.org,(781) 335-6465,163 Libbey Pkwy.,Weymouth,Massachusetts,2189,United States,"Architecture, Engineering & Design",Industry.construction.architecture,Construction,Industry.construction,,,157,Employees.100to249,8712,871,5416,541,"TitleCode.IT,TitleCodeTop.Business,TitleCodeMiddle.Manager,TitleCodeMiddle.Technical,TitleCode.Manager","Manager,Engineering & Technical",https://go.zoominfo.com/#/apps/search/person/results?personProfileId=1955760897,28e98aa96b63ed8ac99d7a3fa5500a75,gainc.com,orbitalitleads6-24
-1455447355,Morris,Michael,,,,"Manager, Information Technology",719,Information Technology,Manager,,(214) 723-7385,mmorris@gha-architects.com,14901 Quorum Dr. Ste. 300,Dallas,Texas,75254,United States,26,6/11/2019,371684186,gha-architects.com,GHA,www.gha-architects.com,(972) 239-8884,14901 Quorum Dr. Ste. 300,Dallas,Texas,75254,United States,"Architecture, Engineering & Design",Industry.construction.architecture,Construction,Industry.construction,22800,Sales.10Mto25M,114,Employees.100to249,8712,871,541,5413,"TitleCode.IT,TitleCodeTop.Business,TitleCodeMiddle.Manager,TitleCodeMiddle.Technical,TitleCode.Manager","Manager,Engineering & Technical",https://go.zoominfo.com/#/apps/search/person/results?personProfileId=-1455447355,8dbdec5f6d15ca01471b9092dfd9cf1c,gha-architects.com,orbitalitleads6-24
1911107839,Khitrik,Lana,,,,"Program Manager, Information Technology",719,Information Technology,Manager,,(716) 250-4960,lkhitrik@gomezandsullivan.com,"1961 Wehrle Dr., Ste. 12",Williamsville,New York,14221,United States,17,6/11/2019,33851839,"Gomez & Sullivan Engineers, P.C.",Gomez & Sullivan,www.gomezandsullivan.com,(315) 724-4860,288 Genesee St.,Utica,New York,13502,United States,Construction,Industry.construction,Commercial & Residential Construction,Industry.construction.construction,8600,Sales.5Mto10M,43,Employees.20to49,8712,871,541,5411,"TitleCode.ProgramManagement,TitleCodeMiddle.Manager,TitleCodeTop.Business,TitleCode.IT,TitleCodeMiddle.Operations,TitleCodeMiddle.Technical,TitleCode.Manager","Operations,Manager",https://go.zoominfo.com/#/apps/search/person/results?personProfileId=1911107839,89c43b4c5579d5c4b009afed8c833ac9,gomezandsullivan.com,orbitalitleads6-24
1833625920,Wilson,Matt,,,,"Manager, Information Technology",719,Information Technology,Manager,,(816) 701-5555,matt.wilson@gouldevans.com,4200 Pennsylvania Ave.,Kansas City,Missouri,64111,United States,37,5/9/2019,50171513,Gould Evans,Gould Evans,www.gouldevans.com,(816) 931-6655,4041 Mill St.,Kansas City,Missouri,64111,United States,"Architecture, Engineering & Design",Industry.construction.architecture,Construction,Industry.construction,29000,Sales.25Mto50M,145,Employees.100to249,8712,871,541,5413,"TitleCode.IT,TitleCodeTop.Business,TitleCodeMiddle.Manager,TitleCodeMiddle.Technical,TitleCode.Manager","Manager,Engineering & Technical",https://go.zoominfo.com/#/apps/search/person/results?personProfileId=1833625920,7be916b59375dda6a96d5c79f2a4cf64,gouldevans.com,orbitalitleads6-24
-1983500183,Harris,Zopon,,,,"Manager, Information Technology",719,Information Technology,Manager,,(401) 434-1909,zharris@heainc.com,865 Waterman Ave.,East Providence,Rhode Island,2914,United States,18,6/6/2019,33214529,Halliwell Engineering Associates Inc,Halliwell,www.heainc.com,(401) 438-5020,865 Waterman Ave.,East Providence,Rhode Island,2914,United States,"Architecture, Engineering & Design",Industry.construction.architecture,Construction,Industry.construction,36200,Sales.25Mto50M,181,Employees.100to249,8712,871,541,5413,"TitleCode.IT,TitleCodeTop.Business,TitleCodeMiddle.Manager,TitleCodeMiddle.Technical,TitleCode.Manager","Manager,Engineering & Technical",https://go.zoominfo.com/#/apps/search/person/results?personProfileId=-1983500183,318188da0c5f1f6c8eebae9014c58981,heainc.com,orbitalitleads6-24
1621089184,Franzen,Mark,E.,,,"Chief Information Officer, Information Technology Management",899,Technical,C-Level,,,mfranzen@hammontree-engineers.com,5233 Stoneham Rd.,Canton,Ohio,44720,United States,51,4/12/2019,17105272,Hammontree & Associates Limited,Hammontree,www.hammontree-engineers.com,(330) 499-8817,5233 Stoneham Rd.,Canton,Ohio,44720,United States,"Architecture, Engineering & Design",Industry.construction.architecture,Construction,Industry.construction,12800,Sales.10Mto25M,64,Employees.50to99,8712,871,5416,541,"TitleCode.Technical,TitleCode.Exec,TitleCodeTop.Business,TitleCode.IT,TitleCodeMiddle.Exec,TitleCodeMiddle.Technical,TitleCode.Manager","C-Level,Engineering & Technical",https://go.zoominfo.com/#/apps/search/person/results?personProfileId=1621089184,55d602ffaf3822aeb0b07287d0a6289b,hammontree-engineers.com,orbitalitleads6-24
1955385863,Pudlowski,Garrett,,,,"Manager, Information Technology",719,Information Technology,Manager,,(415) 439-2278,garrettpudlowski@harthowerton.com,"One Union St., Ste. 300",San Francisco,California,94111,United States,28,6/3/2019,38227550,Hart Howerton,Hart Howerton,www.harthowerton.com,(212) 683-5631,10 East 40th St.,New York City,New York,10016,United States,"Architecture, Engineering & Design",Industry.construction.architecture,Construction,Industry.construction,11260,Sales.10Mto25M,172,Employees.100to249,8712,871,541,5414,"TitleCode.IT,TitleCodeTop.Business,TitleCodeMiddle.Manager,TitleCodeMiddle.Technical,TitleCode.Manager","Manager,Engineering & Technical",https://go.zoominfo.com/#/apps/search/person/results?personProfileId=1955385863,14390cfe56e048c4a87abe9469f4da70,harthowerton.com,orbitalitleads6-24
1944410065,Hooper,Christine,,,,"Manager, Information Technology",719,Information Technology,Manager,,(330) 434-4464 ext. 1120,cmh@hasenstabinc.com,"190 NORTH UNION St., Ste. 400",Akron,Ohio,44304,United States,13,5/29/2019,33622407,Hasenstab Architects Inc,Hasenstab,www.hasenstabinc.com,(330) 434-4464,"190 NORTH UNION St., Ste. 400",Akron,Ohio,44304,United States,"Architecture, Engineering & Design",Industry.construction.architecture,Construction,Industry.construction,9800,Sales.5Mto10M,49,Employees.20to49,8712,871,541,5413,"TitleCode.IT,TitleCodeTop.Business,TitleCodeMiddle.Manager,TitleCodeMiddle.Technical,TitleCode.Manager","Manager,Engineering & Technical",https://go.zoominfo.com/#/apps/search/person/results?personProfileId=1944410065,4550e038c24b31852b21dbc728f232f8,hasenstabinc.com,orbitalitleads6-24
1836582574,Deich,Adam,,,,"Manager, Information Technology",719,Information Technology,Manager,,(619) 668-7423,adamd@helixepi.com,7578 El Cajon Blvd. Ste. 200,La Mesa,California,91942,United States,12,6/6/2019,53514754,HELIX Environmental Planning Inc,HELIX,www.helixepi.com,(619) 462-1515,7578 El Cajon Blvd. Ste. 200,La Mesa,California,91942,United States,"Architecture, Engineering & Design",Industry.construction.architecture,Construction,Industry.construction,14000,Sales.10Mto25M,150,Employees.100to249,8712,871,5416,541,"TitleCode.IT,TitleCodeTop.Business,TitleCodeMiddle.Manager,TitleCodeMiddle.Technical,TitleCode.Manager","Manager,Engineering & Technical",https://go.zoominfo.com/#/apps/search/person/results?personProfileId=1836582574,067ecf251cbfedba77c4b6ddac8d0a8e,helixepi.com,orbitalitleads6-24
1946517334,Serna,Timothy,,,,"Manager, Information Technology",719,Information Technology,Manager,,(408) 487-2200 ext. 5649,tserna@hmhca.com,1570 Oakland Rd.,San Jose,California,95131,United States,31,6/16/2019,23692713,HMH Engineers,HMH,www.hmhca.com,(408) 487-2200,1570 Oakland Rd.,San Jose,California,95131,United States,"Architecture, Engineering & Design",Industry.construction.architecture,Construction,Industry.construction,9800,Sales.5Mto10M,49,Employees.20to49,8712,871,541,5413,"TitleCode.IT,TitleCodeTop.Business,TitleCodeMiddle.Manager,TitleCodeMiddle.Technical,TitleCode.Manager","Manager,Engineering & Technical",https://go.zoominfo.com/#/apps/search/person/results?personProfileId=1946517334,6b5de43d600768e4b3c24ea444cf18d9,hmhca.com,orbitalitleads6-24
2027520582,Blackadar,James,,,,"Manager, Information Technology ( Offices, , Canada)",719,Information Technology,Manager,,(416) 342-7112,james.blackadar@hok.com,720 King St. W Ste. 505,Toronto,Ontario,M5V 2T3,Canada,27,5/23/2019,17891854,"HOK , Inc.",HOK,www.hok.com,(314) 421-2000,"10 South Broadway, Ste. 200",St. Louis,Missouri,63102,United States,Construction,Industry.construction,"Architecture, Engineering & Design",Industry.construction.architecture,,,1700,Employees.1000to4999,87,871,541,5413,"TitleCode.IT,TitleCodeTop.Business,TitleCodeMiddle.Manager,TitleCodeMiddle.Technical,TitleCode.Manager","Manager,Engineering & Technical",https://go.zoominfo.com/#/apps/search/person/results?personProfileId=2027520582,492566765159eecf7312fbce12993788,hok.com,orbitalitleads6-24
2011792141,Ruiz,Phillip,,,,"Senior Manager, Information Technology",723,Information Technology,Manager,,(202) 944-1525,phillip.ruiz@hok.com,3223 Grace St. NW,"Washington, D.C.",District of Columbia,20007,United States,41,6/19/2019,17891854,"HOK , Inc.",HOK,www.hok.com,(314) 421-2000,"10 South Broadway, Ste. 200",St. Louis,Missouri,63102,United States,Construction,Industry.construction,"Architecture, Engineering & Design",Industry.construction.architecture,,,1700,Employees.1000to4999,87,871,541,5413,"TitleCode.IT,TitleCodeTop.Business,TitleCodeMiddle.Manager,TitleCodeMiddle.Technical,TitleCode.Manager","Manager,Engineering & Technical",https://go.zoominfo.com/#/apps/search/person/results?personProfileId=2011792141,a77d606be0a4536e2cfc731f3623cd06,hok.com,orbitalitleads6-24
-1662487387,Tham,Christopher,,,,"Manager, Information Technology",719,Information Technology,Manager,,(416) 342-7115,christopher.tham@hok.com,"400 University Ave., Ste. 2200",Toronto,Ontario,M5G 1S5,Canada,31,6/17/2019,17891854,"HOK , Inc.",HOK,www.hok.com,(314) 421-2000,"10 South Broadway, Ste. 200",St. Louis,Missouri,63102,United States,Construction,Industry.construction,"Architecture, Engineering & Design",Industry.construction.architecture,,,1700,Employees.1000to4999,87,871,541,5413,"TitleCode.IT,TitleCodeTop.Business,TitleCodeMiddle.Manager,TitleCodeMiddle.Technical,TitleCode.Manager","Manager,Engineering & Technical",https://go.zoominfo.com/#/apps/search/person/results?personProfileId=-1662487387,8e7f21f6a6f21dec984932dda83e3850,hok.com,orbitalitleads6-24
-1974778997,Schildmeier,Christopher,,,,"Manager, Information Technology",719,Information Technology,Manager,,(858) 558-1414,cschildmeier@hunsakersd.com,9707 Waples St.,San Diego,California,92121,United States,13,6/13/2019,18448456,Hunsaker & Associates Irvine Inc,Hunsaker & Associates,www.hunsakersd.com,(858) 558-4500,9707 Waples St.,San Diego,California,92121,United States,"Architecture, Engineering & Design",Industry.construction.architecture,Construction,Industry.construction,69000,Sales.50Mto100M,345,Employees.250to499,8712,871,541,5413,"TitleCode.IT,TitleCodeTop.Business,TitleCodeMiddle.Manager,TitleCodeMiddle.Technical,TitleCode.Manager","Manager,Engineering & Technical",https://go.zoominfo.com/#/apps/search/person/results?personProfileId=-1974778997,e3f6cb4ed7daba99fbb6fa2047d7af05,hunsakersd.com,orbitalitleads6-24
1607103472,Condon,Bill,,,,"Manager, Information Technology",719,Information Technology,Manager,,(321) 201-8910,bcondon@huntonbrady.com,800 North Magnolia Ave. Ste. 600,Orlando,Florida,32803,United States,33,5/22/2019,73106967,HuntonBrady Architects,HuntonBrady,www.huntonbrady.com,(407) 839-0886,800 North Magnolia Ave. Ste. 600,Orlando,Florida,32803,United States,"Architecture, Engineering & Design",Industry.construction.architecture,Construction,Industry.construction,18800,Sales.10Mto25M,94,Employees.50to99,8712,871,541,5413,"TitleCode.IT,TitleCodeTop.Business,TitleCodeMiddle.Manager,TitleCodeMiddle.Technical,TitleCode.Manager","Manager,Engineering & Technical",https://go.zoominfo.com/#/apps/search/person/results?personProfileId=1607103472,ad16c119e4f416c089513370292a84b9,huntonbrady.com,orbitalitleads6-24
1751669209,Chancey,Mark,A.,,,"IT & National Security Programs Segment Manager, Business Development & Capture",719,Information Technology,Manager,,(321) 784-7220,mark.chancey@iapws.com,7315 N Atlantic Ave.,Cape Canaveral,Florida,32920,United States,38,6/17/2019,70141683,IAP Worldwide Services Inc,IAP,www.iapws.com,(321) 784-7100,7315 N Atlantic Ave.,Cape Canaveral,Florida,32920,United States,"Energy, Utilities & Waste Treatment General",Industry.energy.general,"Energy, Utilities & Waste Treatment",Industry.energy,750000,Sales.500Mto1G,2000,Employees.1000to4999,737,73,48,221,"TitleCodeMiddle.Manager,TitleCodeMiddle.Sales,TitleCodeTop.Business,TitleCode.IT,TitleCode.BizDev,TitleCodeMiddle.Technical,TitleCode.Manager","Sales,Manager",https://go.zoominfo.com/#/apps/search/person/results?personProfileId=1751669209,5464b8d60b733923ddfa5f87eab082de,iapws.com,orbitalitleads6-24
-2127043311,Rehbein,Eric,,,,"Operations & Solutions Manager, Information Technology",719,Operations,Manager,,(540) 370-9077,eric.rehbein@idxcorporation.com,,,Virginia,,United States,16,6/9/2019,58657653,idX Corporation,idX,www.idxcorporation.com,(314) 739-4120,3451 Rider Trail South,Earth City,Missouri,63045,United States,"Architecture, Engineering & Design",Industry.construction.architecture,Construction,Industry.construction,300000,Sales.250Mto500M,1400,Employees.1000to4999,8712,871,337215,51711,"TitleCodeMiddle.Manager,TitleCode.Operations,TitleCodeTop.Business,TitleCode.IT,TitleCodeMiddle.Operations,TitleCodeMiddle.Technical,TitleCode.Manager","Operations,Manager",https://go.zoominfo.com/#/apps/search/person/results?personProfileId=-2127043311,c97316b04270068443e086328fc74cb0,idxcorporation.com,orbitalitleads6-24
-1967160941,Turner,Rick,,,,"Manager, Information Technology",719,Information Technology,Manager,,(563) 556-2464 ext. 134,r.turner@iiwengr.com,4155 Pennsylvania Ave.,Dubuque,Iowa,52002,United States,21,5/29/2019,47204575,IIW P.C,IIW,www.iiwengr.com,(563) 556-2464,4155 Pennsylvania Ave.,Dubuque,Iowa,52002,United States,"Architecture, Engineering & Design",Industry.construction.architecture,Construction,Industry.construction,15000,Sales.10Mto25M,75,Employees.50to99,8712,871,541,5413,"TitleCode.IT,TitleCodeTop.Business,TitleCodeMiddle.Manager,TitleCodeMiddle.Technical,TitleCode.Manager","Manager,Engineering & Technical",https://go.zoominfo.com/#/apps/search/person/results?personProfileId=-1967160941,d6ba21d4de799e9712fa41fd6ddffe74,iiwengr.com,orbitalitleads6-24
1763126302,Tabor,Marcel,,,,"Manager, Information Technology",719,Information Technology,Manager,,,mtabor@integralgroup.com,,North Port,Florida,34287,United States,42,6/12/2019,353764450,Integral Group Inc,Integral Group,www.integralgroup.com,(416) 488-4425,380 Wellington St. West,Toronto,Ontario,M5V 1E3,Canada,"Architecture, Engineering & Design",Industry.construction.architecture,Construction,Industry.construction,84000,Sales.50Mto100M,420,Employees.250to499,8712,871,541,5413,"TitleCode.IT,TitleCodeTop.Business,TitleCodeMiddle.Manager,TitleCodeMiddle.Technical,TitleCode.Manager","Manager,Engineering & Technical",https://go.zoominfo.com/#/apps/search/person/results?personProfileId=1763126302,ebf725ee3c411540f1674420ab853b13,integralgroup.com,orbitalitleads6-24
-2052898519,Crookston,Zach,,,,"Manager, Information Technology",719,Information Technology,Manager,,(801) 349-3043,zcrookston@interiorsolutions.net,522 S 400 W,Salt Lake City,Utah,84101-2203,United States,17,5/30/2019,61310812,Interior Solutions Inc,Interior Solutions,www.interiorsolutions.net,(801) 531-7538,522 S 400 W,Salt Lake City,Utah,84101,United States,"Architecture, Engineering & Design",Industry.construction.architecture,Construction,Industry.construction,22800,Sales.10Mto25M,114,Employees.100to249,8712,871,48,488510,"TitleCode.IT,TitleCodeTop.Business,TitleCodeMiddle.Manager,TitleCodeMiddle.Technical,TitleCode.Manager","Manager,Engineering & Technical",https://go.zoominfo.com/#/apps/search/person/results?personProfileId=-2052898519,f7c9292c94dc96d9b06f48cddf56e129,interiorsolutions.net,orbitalitleads6-24
1899683210,Lowry,Mark,,,,"Manager, Information Technology",719,Information Technology,Manager,,(662) 844-1822 ext. 1121,mlowry@jbhm.com,105 Ct. St.,Tupelo,Mississippi,38804,United States,30,6/6/2019,99320746,JBHM Architecture,JBHM,www.jbhm.com,(601) 352-2699,308 E Pearl St. Ste. 300,Jackson,Mississippi,39201,United States,"Architecture, Engineering & Design",Industry.construction.architecture,Construction,Industry.construction,4762,Sales.1Mto5M,170,Employees.100to249,8712,871,541,5413,"TitleCode.IT,TitleCodeTop.Business,TitleCodeMiddle.Manager,TitleCodeMiddle.Technical,TitleCode.Manager","Manager,Engineering & Technical",https://go.zoominfo.com/#/apps/search/person/results?personProfileId=1899683210,1df34321841e6b1a4366203a05c93a15,jbhm.com,orbitalitleads6-24
-1054674835,Nieves-Martínez,Omar,,,,"Manager, Information Technology",719,Information Technology,Manager,,(202) 464-7421,onieves@kcct.com,1120 Connecticut Ave. NW Ste. 1250,"Washington, D.C.",District of Columbia,20036,United States,14,6/16/2019,352322529,Karn Charuhas Chapman & Twohey,KCCT,www.kcct.com,(202) 659-5600,1120 Connecticut Ave. NW Ste. 1250,"Washington, D.C.",District of Columbia,20036,United States,"Architecture, Engineering & Design",Industry.construction.architecture,Construction,Industry.construction,10400,Sales.10Mto25M,52,Employees.50to99,8712,871,541,5413,"TitleCode.IT,TitleCodeTop.Business,TitleCodeMiddle.Manager,TitleCodeMiddle.Technical,TitleCode.Manager","Manager,Engineering & Technical",https://go.zoominfo.com/#/apps/search/person/results?personProfileId=-1054674835,82ad13575ca3adbe43689bc27cb0c549,kcct.com,orbitalitleads6-24
1838017456,Achuta,Pavan,,,,"Senior Manager, Information Technology",723,Information Technology,Manager,,(713) 753-4973,pavan.achuta@kbr.com,601 Jefferson St. Ste. 3400,Houston,Texas,77002,United States,19,6/13/2019,135545775,KBR,KBR,www.kbr.com,(713) 753-2000,601 Jefferson St. Ste. 3400,Houston,Texas,77002,United States,Construction,Industry.construction,"Architecture, Engineering & Design",Industry.construction.architecture,4171000,Sales.1Gto5G,20000,Employees.10000plus,16,15,2379,237310,"TitleCode.IT,TitleCodeTop.Business,TitleCodeMiddle.Manager,TitleCodeMiddle.Technical,TitleCode.Manager","Manager,Engineering & Technical",https://go.zoominfo.com/#/apps/search/person/results?personProfileId=1838017456,6f362bc31f6946bc09620a6697c74a40,kbr.com,orbitalitleads6-24
-1266578361,Goltz,John,R.,,,"Senior Manager, Information Technology",723,Information Technology,Manager,,(608) 663-1218 ext. 818,jgoltz@klengineering.com,"5950 Seminole Centre Ct., Ste. 200",Madison,Wisconsin,53711,United States,41,6/11/2019,21594484,KL Engineering Inc,KL Engineering,www.klengineering.com,(715) 231-1600,"393 Red Cedar St., Ste. 2",Menomonie,Wisconsin,54751,United States,Construction,Industry.construction,Commercial & Residential Construction,Industry.construction.construction,3220,Sales.1Mto5M,73,Employees.50to99,8712,871,541,5413,"TitleCode.IT,TitleCodeTop.Business,TitleCodeMiddle.Manager,TitleCodeMiddle.Technical,TitleCode.Manager","Manager,Engineering & Technical",https://go.zoominfo.com/#/apps/search/person/results?personProfileId=-1266578361,f4fae68f49fabf6babcbf9d7a70faa0a,klengineering.com,orbitalitleads6-24
1786587112,Stevens,Rebekah,,,,"Manager, Information Technology",719,Information Technology,Manager,,(978) 733-1858,rstevens@kleinfelder.com,"4 Technology Dr., 1st Fl.",Westborough,Massachusetts,1581,United States,25,6/11/2019,21595188,Kleinfelder Inc,Kleinfelder,www.kleinfelder.com,(619) 831-4600,550 W C St. Ste. 1200,San Diego,California,92101,United States,Construction,Industry.construction,Commercial & Residential Construction,Industry.construction.construction,,,1535,Employees.1000to4999,8712,871,541,5413,"TitleCode.IT,TitleCodeTop.Business,TitleCodeMiddle.Manager,TitleCodeMiddle.Technical,TitleCode.Manager","Manager,Engineering & Technical",https://go.zoominfo.com/#/apps/search/person/results?personProfileId=1786587112,795ae5110fa734b2bc3c0b3cf5ce5898,kleinfelder.com,orbitalitleads6-24
-2024138898,Buttice,Gerald,J.,,,"Controller & Manager, Information Technology",819,Information Technology,Manager,,(815) 484-0739 ext. 108,gbuttice@larsondarby.com,4949 Harrison Ave. Ste. 100,Rockford,Illinois,61108,United States,34,6/19/2019,67815712,Larson & Darby Group,Larson & Darby,www.larsondarby.com,(815) 484-0739,4949 Harrison Ave. Ste. 100,Rockford,Illinois,61108,United States,"Architecture, Engineering & Design",Industry.construction.architecture,Construction,Industry.construction,13400,Sales.10Mto25M,67,Employees.50to99,8712,871,541,5413,"TitleCodeMiddle.Manager,TitleCodeTop.Business,TitleCode.IT,TitleCodeMiddle.Finance,TitleCodeMiddle.Technical,TitleCode.Manager,TitleCode.Accounting","Finance,Manager",https://go.zoominfo.com/#/apps/search/person/results?personProfileId=-2024138898,7d7cac80ab031aeadce9a1d3b8f55d36,larsondarby.com,orbitalitleads6-24
1797531129,Morales,Ramon,,,,"Associate, Information Technology Manager",719,Information Technology,Manager,,(206) 812-6552,rmorales@lmnarchitects.com,"801 Second Ave., Ste. 501",Seattle,Washington,98104,United States,21,5/29/2019,22872853,LMN Architects,LMN,www.lmnarchitects.com,(206) 682-3460,"801 Second Ave., Ste. 501",Seattle,Washington,98104,United States,"Architecture, Engineering & Design",Industry.construction.architecture,Construction,Industry.construction,23600,Sales.10Mto25M,118,Employees.100to249,8712,871,541,5413,"TitleCode.IT,TitleCodeTop.Business,TitleCodeMiddle.Manager,TitleCode.Technical,TitleCodeMiddle.Technical,TitleCode.Manager","Manager,Engineering & Technical",https://go.zoominfo.com/#/apps/search/person/results?personProfileId=1797531129,64001eb1227facbcaaac8fb441d119d4,lmnarchitects.com,orbitalitleads6-24
2424669129,Ewing,Justin,,,,"Asset & Desktop Services Manager, Information Technology",719,Information Technology,Manager,,(305) 406-1959,justin.ewing@mastec.com,800 S. Douglas Rd. 10th Fl.,Coral Gables,Florida,33134,United States,47,6/17/2019,24003054,MasTec Inc,MasTec,www.mastec.com,(305) 599-1800,"800 S. Douglas Rd., 10th Fl.",Coral Gables,Florida,33134,United States,"Architecture, Engineering & Design",Industry.construction.architecture,Construction,Industry.construction,6606978,Sales.5GPlus,17300,Employees.10000plus,16,162,2379,237130,"TitleCode.IT,TitleCodeTop.Business,TitleCodeMiddle.Manager,TitleCodeMiddle.Technical,TitleCode.Manager","Manager,Engineering & Technical",https://go.zoominfo.com/#/apps/search/person/results?personProfileId=2424669129,98671bfbce2306b274a8e22691a5f923,mastec.com,orbitalitleads6-24
1670447847,Walcott,Adrian,E.,,,"BI Senior Manager, Information Technology",723,Information Technology,Manager,,(305) 406-1881,awalcott@mastec.com,800 S. Douglas Rd. 10th Fl.,Coral Gables,Florida,33134,United States,25,6/4/2019,24003054,MasTec Inc,MasTec,www.mastec.com,(305) 599-1800,"800 S. Douglas Rd., 10th Fl.",Coral Gables,Florida,33134,United States,"Architecture, Engineering & Design",Industry.construction.architecture,Construction,Industry.construction,6606978,Sales.5GPlus,17300,Employees.10000plus,16,162,2379,237130,"TitleCode.IT,TitleCodeTop.Business,TitleCodeMiddle.Manager,TitleCodeMiddle.Technical,TitleCode.Manager","Manager,Engineering & Technical",https://go.zoominfo.com/#/apps/search/person/results?personProfileId=1670447847,01f5854f1a5a11548a16683ca533e034,mastec.com,orbitalitleads6-24
-1593941819,Hale,Stewart,,,,"Manager, Information Technology",719,Information Technology,Manager,,(949) 809-3416,shale@mve-architects.com,"1900 Main St., Ste. 800",Irvine,California,92614,United States,11,6/14/2019,66980548,McLarand Vasquez Emsiek & Partners Inc.,MVE,www.mve-architects.com,(949) 809-3388,"1900 Main St., Ste. 800",Irvine,California,92614,United States,"Architecture, Engineering & Design",Industry.construction.architecture,Construction,Industry.construction,20000,Sales.10Mto25M,100,Employees.100to249,8712,871,541,5413,"TitleCode.IT,TitleCodeTop.Business,TitleCodeMiddle.Manager,TitleCodeMiddle.Technical,TitleCode.Manager","Manager,Engineering & Technical",https://go.zoominfo.com/#/apps/search/person/results?personProfileId=-1593941819,b1286035d834a2825d974956c1133627,mve-architects.com,orbitalitleads6-24
-1085642344,Snider,David,,,,"Manager, Information Technology",719,Information Technology,Manager,,(864) 398-5204,dsnider@mcmillanpazdansmith.com,127 Dunbar St.,Spartanburg,South Carolina,29304,United States,16,6/3/2019,347920764,McMillan Pazdan Smith LLC,McMillan Pazdan Smith,www.mcmillanpazdansmith.com,(864) 242-2033,127 Dunbar St.,Spartanburg,South Carolina,29304,United States,"Architecture, Engineering & Design",Industry.construction.architecture,Construction,Industry.construction,,,175,Employees.100to249,8712,871,541199,541,"TitleCode.IT,TitleCodeTop.Business,TitleCodeMiddle.Manager,TitleCodeMiddle.Technical,TitleCode.Manager","Manager,Engineering & Technical",https://go.zoominfo.com/#/apps/search/person/results?personProfileId=-1085642344,c63dfc9fe15b956a157a02124a6349a7,mcmillanpazdansmith.com,orbitalitleads6-24
1176586714,Morrissey,Greg,,,,"Manager, Information Technology",719,Information Technology,Manager,,(303) 353-3512,greg.morrissey@merrick.com,5970 Greenwood Plz. Blvd.,Greenwood Village,Colorado,80111,United States,46,6/5/2019,24625351,Merrick & Company,Merrick,www.merrick.com,(303) 751-0741,5970 Greenwood Plz. Blvd.,Englewood,Colorado,80111,United States,Construction,Industry.construction,Commercial & Residential Construction,Industry.construction.construction,,,484,Employees.250to499,8712,871,541,5413,"TitleCode.IT,TitleCodeTop.Business,TitleCodeMiddle.Manager,TitleCodeMiddle.Technical,TitleCode.Manager","Manager,Engineering & Technical",https://go.zoominfo.com/#/apps/search/person/results?personProfileId=1176586714,3524812d338ffb342c45b4333f0fa2fe,merrick.com,orbitalitleads6-24
1896765615,Blair,Thomas,G.,,,"Senior Manager, Information Technology",723,Information Technology,Manager,,(216) 367-6157,blairtg@middough.com,1901 East 13th St. Ste. 400,Cleveland,Ohio,44114,United States,31,5/24/2019,62669773,Middough Inc.,Middough,www.middough.com,(216) 367-6000,1901 East 13th St. Ste. 400,Cleveland,Ohio,44114,United States,"Architecture, Engineering & Design",Industry.construction.architecture,Construction,Industry.construction,300000,Sales.250Mto500M,850,Employees.500to999,8712,871,541,5413,"TitleCode.IT,TitleCodeTop.Business,TitleCodeMiddle.Manager,TitleCodeMiddle.Technical,TitleCode.Manager","Manager,Engineering & Technical",https://go.zoominfo.com/#/apps/search/person/results?personProfileId=1896765615,1802d435c52733258c8946f7dc151493,middough.com,orbitalitleads6-24
2103439052,Kaiser,Steve,,,,"Manager, Information Technology",719,Information Technology,Manager,,(847) 468-2030,skaiser@midwestgroundcovers.com,P.O. Box 748,Saint Charles,Illinois,60174,United States,19,5/29/2019,24986362,Midwest Groundcovers LLC,Midwest Groundcovers,www.midwestgroundcovers.com,(847) 742-1790,P.O. Box 748,Saint Charles,Illinois,60174,United States,"Architecture, Engineering & Design",Industry.construction.architecture,Construction,Industry.construction,43400,Sales.25Mto50M,217,Employees.100to249,8712,871,541,5413,"TitleCode.IT,TitleCodeTop.Business,TitleCodeMiddle.Manager,TitleCodeMiddle.Technical,TitleCode.Manager","Manager,Engineering & Technical",https://go.zoominfo.com/#/apps/search/person/results?personProfileId=2103439052,00ad4fa4999df1cc477ab265c7d53954,midwestgroundcovers.com,orbitalitleads6-24
-2041021286,Neuhart,Logan,,,,"Manager, Information Technology",719,Information Technology,Manager,,(614) 686-0160,logan@mkskstudios.com,462 South Ludlow Alley,Columbus,Ohio,43215,United States,38,6/4/2019,348438602,MKSK,MKSK,www.mkskstudios.com,(614) 621-2796,462 South Ludlow Alley,Columbus,Ohio,43215,United States,"Architecture, Engineering & Design",Industry.construction.architecture,Construction,Industry.construction,22200,Sales.10Mto25M,111,Employees.100to249,8712,871,541,5413,"TitleCode.IT,TitleCodeTop.Business,TitleCodeMiddle.Manager,TitleCodeMiddle.Technical,TitleCode.Manager","Manager,Engineering & Technical",https://go.zoominfo.com/#/apps/search/person/results?personProfileId=-2041021286,aa0b1b68a6dc1b815eb1effe88b3bc92,mkskstudios.com,orbitalitleads6-24
1741107106,Schwinger,Brandon,,,,IT Infrastructure Manager,719,Information Technology,Manager,,(281) 529-8147,brandon.schwinger@modec.com,"15011 Katy Freeway, Ste. 500",Houston,Texas,77094,United States,12,5/14/2019,25346393,MODEC Inc,MODEC,www.modec.com,+81 3-5290-1200,Nihonbashi Maruzen Tokyu Bldg. 4th & 5th Floors,Nihonbashi,Tokyo,103-0027,Japan,"Architecture, Engineering & Design",Industry.construction.architecture,Construction,Industry.construction,1697696,Sales.1Gto5G,4065,Employees.1000to4999,15,153,2379,33661,"TitleCode.IT,TitleCodeTop.Business,TitleCodeMiddle.Manager,TitleCodeMiddle.Technical,TitleCode.Manager","Manager,Engineering & Technical",https://go.zoominfo.com/#/apps/search/person/results?personProfileId=1741107106,632b9fd384356d540ed94299d26b46c7,modec.com,orbitalitleads6-24
1898423747,Dau,Joann,B.,,,"Senior Project Manager, Information Technology",723,Information Technology,Manager,,(281) 529-8187,joann.dau@modec.com,"15011 Katy Freeway, Ste. 500",Houston,Texas,77094,United States,16,5/29/2019,25346393,MODEC Inc,MODEC,www.modec.com,+81 3-5290-1200,Nihonbashi Maruzen Tokyu Bldg. 4th & 5th Floors,Nihonbashi,Tokyo,103-0027,Japan,"Architecture, Engineering & Design",Industry.construction.architecture,Construction,Industry.construction,1697696,Sales.1Gto5G,4065,Employees.1000to4999,15,153,2379,33661,"TitleCode.ProjectManagement,TitleCodeMiddle.Manager,TitleCodeTop.Business,TitleCode.IT,TitleCodeMiddle.Operations,TitleCodeMiddle.Technical,TitleCode.Manager","Operations,Manager",https://go.zoominfo.com/#/apps/search/person/results?personProfileId=1898423747,719d1828f9a5a27290bb3296be981f46,modec.com,orbitalitleads6-24
1741115195,Robertson,Howard,S.,,,"Operations & Services Manager, Information Technology",719,Operations,Manager,,(281) 529-8349,howard.robertson@modec.com,15011 Katy Freeway Ste. 500,Houston,Texas,77094,United States,30,5/14/2019,25346393,MODEC Inc,MODEC,www.modec.com,+81 3-5290-1200,Nihonbashi Maruzen Tokyu Bldg. 4th & 5th Floors,Nihonbashi,Tokyo,103-0027,Japan,"Architecture, Engineering & Design",Industry.construction.architecture,Construction,Industry.construction,1697696,Sales.1Gto5G,4065,Employees.1000to4999,15,153,2379,33661,"TitleCodeMiddle.Manager,TitleCode.Operations,TitleCodeTop.Business,TitleCode.IT,TitleCodeMiddle.Operations,TitleCodeMiddle.Technical,TitleCode.Manager","Operations,Manager",https://go.zoominfo.com/#/apps/search/person/results?personProfileId=1741115195,ff975af4d3fcaf7f59b04f18352416a0,modec.com,orbitalitleads6-24
14685642,Frausto-Robledo,Anthony,M.,Mr.,,"Manager, Information Technology",719,Information Technology,Manager,,(617) 312-3305,anthony@morehousemacdonald.com,3 Bow St.,Lexington,Massachusetts,2420,United States,452,5/30/2019,49728030,Morehouse MacDonald and Associates Inc,Morehouse Macdonald,www.morehousemacdonald.com,(781) 861-9500,3 Bow St.,Lexington,Massachusetts,2420,United States,"Architecture, Engineering & Design",Industry.construction.architecture,Construction,Industry.construction,1400,Sales.1Mto5M,7,Employees.5to9,8712,871,541,5413,"TitleCode.IT,TitleCodeTop.Business,TitleCodeMiddle.Manager,TitleCodeMiddle.Technical,TitleCode.Manager","Manager,Engineering & Technical",https://go.zoominfo.com/#/apps/search/person/results?personProfileId=14685642,31a52cca98fa7bfa812eea0cc34b1f86,morehousemacdonald.com,orbitalitleads6-24
2556049056,Duenas,Michael,,,,"Manager, Information Technology",719,Information Technology,Manager,,(424) 258-6200 ext. 222,m.duenas@morphosis.net,3440 Wesley St.,Culver City,California,90232,United States,6,6/21/2019,25591861,Morphosis,Morphosis,www.morphosis.com,(424) 258-6200,3440 Wesley St.,Culver City,California,90232,United States,"Architecture, Engineering & Design",Industry.construction.architecture,Construction,Industry.construction,19600,Sales.10Mto25M,98,Employees.50to99,8712,871,541,5413,"TitleCode.IT,TitleCodeTop.Business,TitleCodeMiddle.Manager,TitleCodeMiddle.Technical,TitleCode.Manager","Manager,Engineering & Technical",https://go.zoominfo.com/#/apps/search/person/results?personProfileId=2556049056,131100865ffb04ad84a9bdca2d8557c8,morphosis.net,orbitalitleads6-24
2087145870,Straub,David,R.,,,"Manager, Information Technology",719,Information Technology,Manager,,(717) 419-5286,dstraub@navarrowright.com,151 Reno Ave.,New Cumberland,Pennsylvania,17070,United States,19,6/7/2019,62752026,"Navarro & Wright , Inc.",Navarro & Wright,www.navarrowright.com,(717) 441-2216,151 Reno Ave.,New Cumberland,Pennsylvania,17070,United States,Construction,Industry.construction,Commercial & Residential Construction,Industry.construction.construction,26600,Sales.25Mto50M,133,Employees.100to249,8712,871,541,5413,"TitleCode.IT,TitleCodeTop.Business,TitleCodeMiddle.Manager,TitleCodeMiddle.Technical,TitleCode.Manager","Manager,Engineering & Technical",https://go.zoominfo.com/#/apps/search/person/results?personProfileId=2087145870,fcd422633eeb315582d8cffd1f744ced,navarrowright.com,orbitalitleads6-24
2541752946,Karnavat,Nitin,,,,"Senior Manager, Information Technology & Systems",719,Information Technology,Manager,,+91 20 6706 2308 ext. 2382,nitin.karnavat@neilsoft.com,1315 Butterfield Rd. Ste. 204,Downers Grove,Illinois,60515,United States,24,6/16/2019,59818855,Neilsoft Inc.,Neilsoft,www.neilsoft.com,+91 20 6706 2200,"8th Fl. 10-10 + A, Sadhu Vaswani Chowk",Pune,Maharashtra,411001,India,"Architecture, Engineering & Design",Industry.construction.architecture,Construction,Industry.construction,,,500,Employees.500to999,8712,871,541,5413,"TitleCode.IT,TitleCodeTop.Business,TitleCodeMiddle.Manager,TitleCodeMiddle.Technical,TitleCode.Manager","Manager,Engineering & Technical",https://go.zoominfo.com/#/apps/search/person/results?personProfileId=2541752946,ba226e76b3aee99881e12ff7751b1cca,neilsoft.com,orbitalitleads6-24
1528304283,Basu,Sanjay,,,,"Deputy Manager, Information Technology",717,Information Technology,Manager,,+91 20 2605 3303 ext. 2545,sanjay.basu@neilsoft.com,1315 Butterfield Rd. Ste. 204,Downers Grove,Illinois,60515,United States,43,6/18/2019,59818855,Neilsoft Inc.,Neilsoft,www.neilsoft.com,+91 20 6706 2200,"8th Fl. 10-10 + A, Sadhu Vaswani Chowk",Pune,Maharashtra,411001,India,"Architecture, Engineering & Design",Industry.construction.architecture,Construction,Industry.construction,,,500,Employees.500to999,8712,871,541,5413,"TitleCode.IT,TitleCodeTop.Business,TitleCodeMiddle.Manager,TitleCodeMiddle.Technical,TitleCode.Manager","Manager,Engineering & Technical",https://go.zoominfo.com/#/apps/search/person/results?personProfileId=1528304283,41b4135aa44355ec19f6e318e7494552,neilsoft.com,orbitalitleads6-24
2815726406,Edwards,Mitch,,,,"Manager, Information Technology (Akron)",719,Information Technology,Manager,,,mitch.edwards@nv5.com,"3550 W. Market St., Ste. 200",Akron,Ohio,44333,United States,14,6/17/2019,347218263,"NV5 Global , Inc.",NV5,www.nv5.com,(954) 495-2112,"200 South Park Rd., Ste. 350",Hollywood,Florida,33021,United States,Business Services General,Industry.bizservice.general,Business Services,Industry.bizservice,333034,Sales.250Mto500M,1653,Employees.1000to4999,73,738,221,5416,"TitleCode.IT,TitleCodeTop.Business,TitleCodeMiddle.Manager,TitleCodeMiddle.Technical,TitleCode.Manager","Manager,Engineering & Technical",https://go.zoominfo.com/#/apps/search/person/results?personProfileId=2815726406,98b9caa277173299e6ee828e41fcb8fc,nv5.com,orbitalitleads6-24
1289286537,Poelzl,Joe,,,,"Manager, Information Technology",719,Information Technology,Manager,,,joe.poelzl@pgav.com,200 N. Broadway,St. Louis,Missouri,63102,United States,34,6/12/2019,91242968,PGAV Destinations,PGAV,www.pgavdestinations.com,(314) 231-7318,200 N. Broadway,St. Louis,Missouri,63102,United States,"Architecture, Engineering & Design",Industry.construction.architecture,Construction,Industry.construction,21800,Sales.10Mto25M,109,Employees.100to249,87,871,541,5413,"TitleCode.IT,TitleCodeTop.Business,TitleCodeMiddle.Manager,TitleCodeMiddle.Technical,TitleCode.Manager","Manager,Engineering & Technical",https://go.zoominfo.com/#/apps/search/person/results?personProfileId=1289286537,f6e307af1e0d16efd6e0fd6fd784e320,pgav.com,orbitalitleads6-24
1804830728,Kowalske,Karl,,,,"Manager, Information Technology",719,Information Technology,Manager,,(616) 447-3349,kowalskek@progressiveae.com,4 Mile Rd. NE,Grand Rapids,Michigan,49505,United States,84,5/30/2019,97780444,Progressive AE,Progressive,www.progressiveae.com,(616) 361-2664,4 Mile Rd. NE,Grand Rapids,Michigan,49505,United States,"Architecture, Engineering & Design",Industry.construction.architecture,Construction,Industry.construction,40000,Sales.25Mto50M,200,Employees.100to249,8712,871,541,5413,"TitleCode.IT,TitleCodeTop.Business,TitleCodeMiddle.Manager,TitleCodeMiddle.Technical,TitleCode.Manager","Manager,Engineering & Technical",https://go.zoominfo.com/#/apps/search/person/results?personProfileId=1804830728,b1b2b47fc4c83f03d5559c3dbaf1ea83,progressiveae.com,orbitalitleads6-24
-2034120470,Milke,Walter,,,,"IT Program Manager, Information Technology",719,Information Technology,Manager,,(713) 335-7751,wmilke@quantaservices.com,2800 POST OAK Blvd. Ste. 2600,Houston,Texas,77056,United States,19,5/23/2019,31802379,Quanta Services Inc,Quanta,www.quantaservices.com,(713) 629-7600,2800 POST OAK Blvd. Ste. 2600,Houston,Texas,77056,United States,"Energy, Utilities & Waste Treatment",Industry.energy,Oil & Gas Exploration & Services,Industry.energy.services,9466478,Sales.5GPlus,32800,Employees.10000plus,17,173,2379,211,"TitleCodeMiddle.Administration,TitleCodeMiddle.Manager,TitleCode.Administration,TitleCodeTop.Business,TitleCode.IT,TitleCodeMiddle.Technical,TitleCode.Manager","Manager,Engineering & Technical",https://go.zoominfo.com/#/apps/search/person/results?personProfileId=-2034120470,ec2e0ce2a6982487c16d1cd1e8ac4ea5,quantaservices.com,orbitalitleads6-24
-2039521075,Huff,Craig,,,,"Graphics Services Program Manager, Information Technology",719,Information Technology,Manager,,(805) 547-0900 ext. 115,chuff@rinconconsultants.com,"1530 Monterey St,Ste D",San Luis Obispo,California,93401-2969,United States,16,6/14/2019,82068115,Rincon Consultants Inc,Rincon,www.rinconconsultants.com,(805) 644-4455,180 N Ashwood Ave.,Ventura,California,93003,United States,"Architecture, Engineering & Design",Industry.construction.architecture,Construction,Industry.construction,29500,Sales.25Mto50M,196,Employees.100to249,8712,871,5416,541,"TitleCode.ProgramManagement,TitleCodeMiddle.Manager,TitleCodeTop.Business,TitleCode.IT,TitleCodeMiddle.Operations,TitleCodeMiddle.Technical,TitleCode.Manager","Operations,Manager",https://go.zoominfo.com/#/apps/search/person/results?personProfileId=-2039521075,8563abe58f2f74071cb4ae272ec41973,rinconconsultants.com,orbitalitleads6-24
1181139845,Dial,Brian,,,,IT Infrastructure Manager,719,Information Technology,Manager,,(410) 462-9329,bdial@rkk.com,81 Mosher St.,Baltimore,Maryland,21217,United States,30,6/5/2019,32981581,RK&K,RK&K,www.rkk.com,(410) 728-2900,700 East Pratt St. Ste. 500,Baltimore,Maryland,21202,United States,"Architecture, Engineering & Design",Industry.construction.architecture,Construction,Industry.construction,100000,Sales.100MMto250M,1001,Employees.1000to4999,874,87,541,5413,"TitleCode.IT,TitleCodeTop.Business,TitleCodeMiddle.Manager,TitleCodeMiddle.Technical,TitleCode.Manager","Manager,Engineering & Technical",https://go.zoominfo.com/#/apps/search/person/results?personProfileId=1181139845,aeb0afa81eb40ba398666bd06016315e,rkk.com,orbitalitleads6-24
-1939158770,Pettis,Robert,J.,,,"Manager, Cadd, Sharepoint & Information Technology",719,Information Technology,Manager,,(410) 462-9367,rpettis@rkk.com,700 East Pratt St. Ste. 500,Baltimore,Maryland,21202,United States,17,5/29/2019,32981581,RK&K,RK&K,www.rkk.com,(410) 728-2900,700 East Pratt St. Ste. 500,Baltimore,Maryland,21202,United States,"Architecture, Engineering & Design",Industry.construction.architecture,Construction,Industry.construction,100000,Sales.100MMto250M,1001,Employees.1000to4999,874,87,541,5413,"TitleCode.IT,TitleCodeTop.Business,TitleCodeMiddle.Manager,TitleCodeMiddle.Technical,TitleCode.Manager","Manager,Engineering & Technical",https://go.zoominfo.com/#/apps/search/person/results?personProfileId=-1939158770,9de9c5cff18850eff7c72327b3319da5,rkk.com,orbitalitleads6-24
2062910621,Burbine,Scott,,,,"Help Desk Manager, Information Technology",719,Information Technology,Manager,,,s.burbine@ramsa.com,460 West 34th St.,New York City,New York,10001,United States,19,6/12/2019,33014485,Robert A.M. Stern Architects LLP,RAMSA,www.ramsa.com,(212) 967-5100,460 West 34th St.,New York City,New York,10001,United States,"Architecture, Engineering & Design",Industry.construction.architecture,Construction,Industry.construction,56200,Sales.50Mto100M,281,Employees.250to499,8712,871,541,5413,"TitleCodeMiddle.Manager,TitleCodeTop.Business,TitleCode.IT,TitleCodeMiddle.Operations,TitleCode.CustomerRel,TitleCodeMiddle.Technical,TitleCode.Manager","Operations,Manager",https://go.zoominfo.com/#/apps/search/person/results?personProfileId=2062910621,3e804db87af65deab6fe245da54c5024,ramsa.com,orbitalitleads6-24
-2106063958,Johnson,Raymond,,,,"Manager, Information Technology",719,Information Technology,Manager,,(678) 348-7956,rjohnson@rjtrdesign.com,"300 GALLERIA Pkwy., Ste. 740",Atlanta,Georgia,30339,United States,11,6/13/2019,237666569,RULE JOY TRAMMELL RUBIO LLC,RJTR Design,www.rjtrdesign.com,(770) 661-1492,"300 GALLERIA Pkwy., Ste. 740",Atlanta,Georgia,30339,United States,"Architecture, Engineering & Design",Industry.construction.architecture,Construction,Industry.construction,18670,Sales.10Mto25M,29,Employees.20to49,8712,871,541,5414,"TitleCode.IT,TitleCodeTop.Business,TitleCodeMiddle.Manager,TitleCodeMiddle.Technical,TitleCode.Manager","Manager,Engineering & Technical",https://go.zoominfo.com/#/apps/search/person/results?personProfileId=-2106063958,42b4450de15dbaf4092865d2f8d093ef,rjtrdesign.com,orbitalitleads6-24
2938757083,Vo,Tim,,,,"It01 Manager, Information Technology",719,Information Technology,Manager,,,tvo@ruppertcompanies.com,23601 Laytonsville Rd.,Laytonsville,Maryland,20882,United States,4,6/20/2019,98372295,Ruppert Landscape Company,Ruppert,www.ruppertcompanies.com,(301) 482-0300,23601 Laytonsville Rd.,Laytonsville,Maryland,20882,United States,"Architecture, Engineering & Design",Industry.construction.architecture,Construction,Industry.construction,39270,Sales.25Mto50M,557,Employees.500to999,8712,871,541,5413,"TitleCode.IT,TitleCodeTop.Business,TitleCodeMiddle.Manager,TitleCodeMiddle.Technical,TitleCode.Manager","Manager,Engineering & Technical",https://go.zoominfo.com/#/apps/search/person/results?personProfileId=2938757083,ba5b5cd7f9d2179b454e9f812922ba10,ruppertcompanies.com,orbitalitleads6-24
90891309,Berzon,Jamie,,,,"Manager, Information Technology",719,Information Technology,Manager,,(314) 330-7316,jamie.berzon@smwilson.com,2185 Hampton Ave.,St. Louis,Missouri,63139,United States,38,6/10/2019,107676830,S. M. Wilson & Co,S.M. Wilson,www.smwilson.com,(314) 645-9595,2185 Hampton Ave.,St. Louis,Missouri,63139,United States,"Architecture, Engineering & Design",Industry.construction.architecture,Commercial & Residential Construction,Industry.construction.construction,230000,Sales.100MMto250M,171,Employees.100to249,8712,871,541,5413,"TitleCode.IT,TitleCodeTop.Business,TitleCodeMiddle.Manager,TitleCodeMiddle.Technical,TitleCode.Manager","Manager,Engineering & Technical",https://go.zoominfo.com/#/apps/search/person/results?personProfileId=90891309,81e867931c34311ebe9130e9a7628bbc,smwilson.com,orbitalitleads6-24
403465369,Goscha,Kevin,,,,"Manager, Information Technology",719,Information Technology,Manager,,,keving@sgm-inc.com,"118 W. Sixth St., Ste. 200",Glenwood Springs,Colorado,81601,United States,37,6/5/2019,34062582,Schmueser Gordon Meyer,SGM,www.sgm-inc.com,(970) 945-1004,118 W. Sixth St. Ste. 200,Glenwood Springs,Colorado,81601,United States,Construction,Industry.construction,"Architecture, Engineering & Design",Industry.construction.architecture,20000,Sales.10Mto25M,100,Employees.100to249,8712,871,541,5413,"TitleCode.IT,TitleCodeTop.Business,TitleCodeMiddle.Manager,TitleCodeMiddle.Technical,TitleCode.Manager","Manager,Engineering & Technical",https://go.zoominfo.com/#/apps/search/person/results?personProfileId=403465369,d691f6995ed62b572cc606f991b61031,sgm-inc.com,orbitalitleads6-24
1660568073,Streuber,Mark,S.,,,"Manager, Information Technology",719,Information Technology,Manager,,(319) 362-0313 ext. 163686,mstreuber@shive-hattery.com,222 Third Ave. SE | Ste. 300,Cedar Rapids,Iowa,52406,United States,25,6/5/2019,34800091,"Shive-Hattery , Inc.",Shive-Hattery,www.shive-hattery.com,(515) 223-8104,"4125 Westown Pkwy., Ste. 100",West Des Moines,Iowa,50266,United States,"Architecture, Engineering & Design",Industry.construction.architecture,Construction,Industry.construction,44590,Sales.25Mto50M,348,Employees.250to499,8712,871,541,5413,"TitleCode.IT,TitleCodeTop.Business,TitleCodeMiddle.Manager,TitleCodeMiddle.Technical,TitleCode.Manager","Manager,Engineering & Technical",https://go.zoominfo.com/#/apps/search/person/results?personProfileId=1660568073,2e28cf092abf4ae3d49228818e38c3d6,shive-hattery.com,orbitalitleads6-24
1770653864,Mackowiak,Kate,,,,"Manager, Information Technology",719,Information Technology,Manager,,(301) 881-1441 ext. 311,katem@skaengineers.com,12505 PARK POTOMAC Ave. Ste. 200,Potomac,Maryland,20854,United States,25,6/18/2019,107889128,Smislova Kehnemui & Associates P.A,SKA Engineers ,www.skaengineers.com,(301) 881-1441,12505 PARK POTOMAC Ave. Ste. 200,Potomac,Maryland,20854,United States,"Architecture, Engineering & Design",Industry.construction.architecture,Construction,Industry.construction,,,130,Employees.100to249,8712,871,541,5413,"TitleCode.IT,TitleCodeTop.Business,TitleCodeMiddle.Manager,TitleCodeMiddle.Technical,TitleCode.Manager","Manager,Engineering & Technical",https://go.zoominfo.com/#/apps/search/person/results?personProfileId=1770653864,d268c6cc845e2ef07d04e8a98caf7d1b,skaengineers.com,orbitalitleads6-24
1790663131,Benavides,Andres,,,MCSE,"Manager, Information Technology",719,Information Technology,Manager,,(202) 974-4618,andres.benavides@smithgroup.com,"1700 New York Ave., N.W., Ste. 100","Washington, D.C.",District of Columbia,20006,United States,46,5/31/2019,35340436,SmithGroup Inc,SmithGroup,www.smithgroup.com,(734) 662-4457,"201 Depot St., Second Fl.",Ann Arbor,Michigan,48104,United States,Construction,Industry.construction,"Architecture, Engineering & Design",Industry.construction.architecture,256000,Sales.250Mto500M,1300,Employees.1000to4999,67,671,5416,55,"TitleCode.IT,TitleCodeTop.Business,TitleCodeMiddle.Manager,TitleCodeMiddle.Technical,TitleCode.Manager","Manager,Engineering & Technical",https://go.zoominfo.com/#/apps/search/person/results?personProfileId=1790663131,4dda3c1f45989cab0f9e2f5c8a370c22,smithgroup.com,orbitalitleads6-24
1444129601,Lanz,Jim,,,,"Manager, Information Technology",719,Information Technology,Manager,,(585) 210-3218,jim.lanz@stantec.com,"61 Commercial St., Ste. 100",Rochester,New York,14614-1009,United States,36,6/13/2019,48152918,Stantec Inc.,Stantec,www.stantec.com,(403) 716-8000,25 25 St. SE,Calgary,Alberta,T2A 7H8,Canada,Multimedia & Graphic Design,Industry.bizservice.design,Business Services,Industry.bizservice,4094552,Sales.1Gto5G,22000,Employees.10000plus,73,738,5416,5414,"TitleCode.IT,TitleCodeTop.Business,TitleCodeMiddle.Manager,TitleCodeMiddle.Technical,TitleCode.Manager","Manager,Engineering & Technical",https://go.zoominfo.com/#/apps/search/person/results?personProfileId=1444129601,0c8baeaa48d2f2c6905ddea09adcc39f,stantec.com,orbitalitleads6-24
1202181296,Gilliland,Kevin,,,,Associate and Information Technology Manager,719,Information Technology,Manager,,(720) 214-7795,kevin@theabogroup.com,12600 west colfax Ave. Ste. C-210,Lakewood,Colorado,80215,United States,25,6/17/2019,396339,The Abo Group Inc,The Abo Group,www.theabogroup.com,(303) 531-4998,12600 west colfax Ave. Ste. C-210,Lakewood,Colorado,80215,United States,"Architecture, Engineering & Design",Industry.construction.architecture,Construction,Industry.construction,3130,Sales.1Mto5M,48,Employees.20to49,8712,871,541,5413,"TitleCode.IT,TitleCodeTop.Business,TitleCodeMiddle.Manager,TitleCode.Technical,TitleCodeMiddle.Technical,TitleCode.Manager","Manager,Engineering & Technical",https://go.zoominfo.com/#/apps/search/person/results?personProfileId=1202181296,6fac01c524b9d3a19b3d5a51219abe5d,theabogroup.com,orbitalitleads6-24
123456,Arfaras,Melissa,,,,Associate and Information Technology Manager,719,Information Technology,Manager,,(360) 949-1414,melissa.arfaras@iniquita.com,12600 west colfax Ave. Ste. C-210,Lakewood,Colorado,80215,United States,25,6/17/2019,396339,The Abo Group Inc,The Abo Group,www.theabogroup.com,(303) 531-4998,12600 west colfax Ave. Ste. C-210,Lakewood,Colorado,80215,United States,"Architecture, Engineering & Design",Industry.construction.architecture,Construction,Industry.construction,3130,Sales.1Mto5M,48,Employees.20to49,8712,871,541,5413,"TitleCode.IT,TitleCodeTop.Business,TitleCodeMiddle.Manager,TitleCode.Technical,TitleCodeMiddle.Technical,TitleCode.Manager","Manager,Engineering & Technical",https://go.zoominfo.com/#/apps/search/person/results?personProfileId=1202181296,6fac01c524b9d3a19b3d5a51219abe5d,theabogroup.com,orbitalitleads6-24
1825340769,Cates,Benjamin,,,,"Manager, Information Technology",719,Information Technology,Manager,,(813) 224-8862 ext. 1286,bcates@tindaleoliver.com,1000 N. Ashley Dr. Ste. 400,Tampa,Florida,33602,United States,19,6/10/2019,38339644,Tindale-Oliver & Associates Inc,Tindale-Oliver,www.tindaleoliver.com,(813) 224-8862,1000 N. Ashley Dr. Ste. 400,Tampa,Florida,33602,United States,"Architecture, Engineering & Design",Industry.construction.architecture,Construction,Industry.construction,15880,Sales.10Mto25M,144,Employees.100to249,8712,871,541,5413,"TitleCode.IT,TitleCodeTop.Business,TitleCodeMiddle.Manager,TitleCodeMiddle.Technical,TitleCode.Manager","Manager,Engineering & Technical",https://go.zoominfo.com/#/apps/search/person/results?personProfileId=1825340769,477c95cf3b51c758efa91c14c303d66f,tindaleoliver.com,orbitalitleads6-24
-1389658049,Jordan,George,,,,"Manager, Information Technology",719,Information Technology,Manager,,(631) 392-1400 ext. 107,gjordan@tctcost.com,"150 W. 30th St., Ste. 701",New York City,New York,10001,United States,17,6/16/2019,348572330,Toscano Clements Taylor LLC,TCT,www.tctcost.com,(917) 388-3535,"150 W. 30th St., Ste. 701",New York City,New York,10001,United States,"Architecture, Engineering & Design",Industry.construction.architecture,Construction,Industry.construction,2270,Sales.1Mto5M,38,Employees.20to49,8712,871,5416,541,"TitleCode.IT,TitleCodeTop.Business,TitleCodeMiddle.Manager,TitleCodeMiddle.Technical,TitleCode.Manager","Manager,Engineering & Technical",https://go.zoominfo.com/#/apps/search/person/results?personProfileId=-1389658049,43f372416b40a16076ae055a117cc0bd,tctcost.com,orbitalitleads6-24
-1110127078,Goldstein,Gary,,,,"Project Manager, Information Technology",719,Information Technology,Manager,,(617) 607-2686,ggoldstein@vhb.com,101 Walnut St.,Watertown,Massachusetts,2471,United States,4,6/4/2019,40616091,"Vanasse Hangen Brustlin , Inc.",VHB,www.vhb.com,(617) 924-1770,101 Walnut St.,Watertown,Massachusetts,2471,United States,Construction,Industry.construction,Commercial & Residential Construction,Industry.construction.construction,,,1400,Employees.1000to4999,73,738,5419,5416,"TitleCode.ProjectManagement,TitleCodeMiddle.Manager,TitleCodeTop.Business,TitleCode.IT,TitleCodeMiddle.Operations,TitleCodeMiddle.Technical,TitleCode.Manager","Operations,Manager",https://go.zoominfo.com/#/apps/search/person/results?personProfileId=-1110127078,e9c8a7e6ff26c9f92967568fb73d4860,vhb.com,orbitalitleads6-24
-2059350125,Bursell,Brian,,,,"Manager, Information Technology",719,Information Technology,Manager,,(206) 812-1590,bbursell@via-architecture.com,"1809 Seventh Ave., Ste. 800",Seattle,Washington,98101,United States,24,6/20/2019,127041794,VIA Architecture Inc,VIA Architecture,www.via-architecture.com,(888) 683-1024,270-601 West Cordova St.,Vancouver,British Columbia,V6B 1G1,Canada,"Architecture, Engineering & Design",Industry.construction.architecture,Construction,Industry.construction,22600,Sales.10Mto25M,113,Employees.100to249,8712,871,541,5413,"TitleCode.IT,TitleCodeTop.Business,TitleCodeMiddle.Manager,TitleCodeMiddle.Technical,TitleCode.Manager","Manager,Engineering & Technical",https://go.zoominfo.com/#/apps/search/person/results?personProfileId=-2059350125,61d73b9419b686c5b084f256a0996b84,via-architecture.com,orbitalitleads6-24
2868642424,Osorio,Arthur,,,,"Manager, Information Technology",719,Information Technology,Manager,,(949) 660-9128 ext. 1012,aosorio@waremalcomb.com,10 Edelman,Irvine,California,92618,United States,8,6/10/2019,103186559,Ware Malcomb Company,Ware Malcomb,www.waremalcomb.com,(858) 638-7277,6363 Greenwich Dr. Ste. 175.,San Diego,California,92122,United States,"Architecture, Engineering & Design",Industry.construction.architecture,Construction,Industry.construction,90300,Sales.50Mto100M,414,Employees.250to499,87,871,541,5413,"TitleCode.IT,TitleCodeTop.Business,TitleCodeMiddle.Manager,TitleCodeMiddle.Technical,TitleCode.Manager","Manager,Engineering & Technical",https://go.zoominfo.com/#/apps/search/person/results?personProfileId=2868642424,a5f36fcc017774e2e1ad1b6a190c6b5e,waremalcomb.com,orbitalitleads6-24
-2139720888,Dittmer,Anthony,,,,"Manager, Information Technology",719,Information Technology,Manager,,(989) 752-5000,adittmer@kibbe.com,1475 S. Washington Ave.,Saginaw,Michigan,48601,United States,26,6/11/2019,116015323,William A. Kibbe & Associates Inc,Kibbe,www.kibbe.com,(989) 752-5000,1475 S. Washington Ave.,Saginaw,Michigan,48601,United States,"Architecture, Engineering & Design",Industry.construction.architecture,Construction,Industry.construction,6200,Sales.5Mto10M,31,Employees.20to49,8712,871,541,541513,"TitleCode.IT,TitleCodeTop.Business,TitleCodeMiddle.Manager,TitleCodeMiddle.Technical,TitleCode.Manager","Manager,Engineering & Technical",https://go.zoominfo.com/#/apps/search/person/results?personProfileId=-2139720888,e6c5c986b469b4e7e1e4d61ccbd54093,kibbe.com,orbitalitleads6-24
-1540271339,Kheng Kwang,Yo,,,,"Manager, Information Technology",719,Information Technology,Manager,,+65 6327 5787,kkyo@wilsonassoc.com,,,,,Singapore,19,6/17/2019,116080681,Wilson & Associates LLC,Wilson & Associates,www.wilsonassociates.com,(214) 521-6753,3811 Turtle Creek Blvd. Ste. 1600,Dallas,Texas,75219,United States,"Architecture, Engineering & Design",Industry.construction.architecture,Construction,Industry.construction,62400,Sales.50Mto100M,312,Employees.250to499,8712,871,541,5413,"TitleCode.IT,TitleCodeTop.Business,TitleCodeMiddle.Manager,TitleCodeMiddle.Technical,TitleCode.Manager","Manager,Engineering & Technical",https://go.zoominfo.com/#/apps/search/person/results?personProfileId=-1540271339,e51d596b53bfc03099c527375e09eae1,wilsonassoc.com,orbitalitleads6-24
450440505,Cestnick,John,A.,Mr.,,"Project Manager, Information Technology",719,Information Technology,Manager,,(305) 351-2936,john.cestnick@woolpert.com,"6100 Blue Lagoon Dr., Ste. 440",Miami,Florida,33126,United States,29,5/28/2019,42582612,Woolpert Inc,Woolpert,www.woolpert.com,(937) 531-1258,4454 Idea Center Blvd. Ste. 400,Dayton,Ohio,45430,United States,"Architecture, Engineering & Design",Industry.construction.architecture,Construction,Industry.construction,,,650,Employees.500to999,8712,871,541,5413,"TitleCode.ProjectManagement,TitleCodeMiddle.Manager,TitleCodeTop.Business,TitleCode.IT,TitleCodeMiddle.Operations,TitleCodeMiddle.Technical,TitleCode.Manager","Operations,Manager",https://go.zoominfo.com/#/apps/search/person/results?personProfileId=450440505,f23d9bd432e90795d67797278ca16cae,woolpert.com,orbitalitleads6-24
