﻿Zoom Individual ID,Last name,First name,Middle name,Salutation,Suffix,Job title,Job title hierarchy level,Job Function,Management Level,Company division name,Direct Phone Number,Email address,Person Street,Person City,Person State,Person Zip,Country,Source count,Last updated date,Zoom company ID,Company name,Marketing Friendly Name,Company domain name,Company phone number,Company Street address,Company City,Company State,Company ZIP/Postal code,Company Country,Industry label,Industry hierarchical category,Secondary industry label,Secondary industry hierarchical category,Revenue (in 000s),Revenue Range,Employees,Employees Range,SIC1,SIC2,NAICS1,NAICS2,TitleCode,Highest Level Job Function,Contact Zoom URL,Encrypted Email Address,Email Domain
228318172,Huels,Ed,,,,"Director, Information Technology",759,Information Technology,Director,,(816) 423-8301,ehuels@azahner.com,1400 E 9Th St.,Kansas City,Missouri,64106,United States,28,10/24/2019,10144255,A. Zahner Co.,A. Zahner,www.azahner.com,(816) 474-8882,1400 E 9Th St.,Kansas City,Missouri,64106,United States,Construction General,Industry.construction.general,Construction,Industry.construction,43200,Sales.25Mto50M,216,Employees.100to249,17,179,238990,332,"TitleCode.IT,TitleCodeTop.Business,TitleCodeMiddle.Technical,TitleCode.Director,TitleCodeMiddle.Director","Engineering & Technical,Director",https://go.zoominfo.com/#/apps/search/person/results?personProfileId=228318172,8d0dcf7448f506759a7f0008547d93e1,azahner.com
1105316286,Gilmore,Glen,,,,"Manager, Information Technology",719,Information Technology,Manager,,(907) 444-9128,ggilmore@ahtna.net,110 W 38th Ave. #100,Anchorage,Alaska,99503,United States,24,10/29/2019,1803558,Ahtna Inc,Ahtna,ahtna-inc.com,(907) 822-3476,115 Richardson Hwy.,Glennallen,Alaska,99588,United States,Commercial & Residential Construction,Industry.construction.construction,Construction,Industry.construction,200000,Sales.100MMto250M,2000,Employees.1000to4999,87,874,541511,5415,"TitleCode.IT,TitleCodeTop.Business,TitleCodeMiddle.Manager,TitleCodeMiddle.Technical,TitleCode.Manager","Manager,Engineering & Technical",https://go.zoominfo.com/#/apps/search/person/results?personProfileId=1105316286,275be6b6e9368f9c9a73e5a0dd628998,ahtna.net
1812848198,Shunmugavelu,Raj,N.,,,"Manager, Information Technology",719,Information Technology,Manager,,(647) 788-6056,rshunmugavelu@ameresco.com,90 Sheppard Ave. E 7th Fl.,North York,Ontario,M2N 6X3,Canada,36,10/10/2019,1524107,"Ameresco , Inc.",Ameresco,www.ameresco.com,(508) 661-2200,"111 Speen St., Ste. 410",Framingham,Massachusetts,1701,United States,Commercial & Residential Construction,Industry.construction.construction,Construction,Industry.construction,787138,Sales.500Mto1G,1100,Employees.1000to4999,17,87,221,56,"TitleCode.IT,TitleCodeTop.Business,TitleCodeMiddle.Manager,TitleCodeMiddle.Technical,TitleCode.Manager","Manager,Engineering & Technical",https://go.zoominfo.com/#/apps/search/person/results?personProfileId=1812848198,2d18a2a32ab3d90c63375ff71487b99a,ameresco.com
-2044611782,Duong,Vi,,,,"Manager, Information Technology",719,Information Technology,Manager,,(714) 283-9990 ext. 1188,vi.duong@atirestoration.com,9701 Topanga Canyon Pl.,Chatsworth,California,91311-4135,United States,20,10/8/2019,1999107,"American Technologies , Inc.",American Technologies,www.atirestoration.com,(714) 283-9990,210 Baywood Ave.,Orange,California,92865,United States,Construction,Industry.construction,Commercial & Residential Construction,Industry.construction.construction,285600,Sales.250Mto500M,1000,Employees.1000to4999,15,17,23611,238990,"TitleCode.IT,TitleCodeTop.Business,TitleCodeMiddle.Manager,TitleCodeMiddle.Technical,TitleCode.Manager","Manager,Engineering & Technical",https://go.zoominfo.com/#/apps/search/person/results?personProfileId=-2044611782,01e4ac8b29d6f4fd16023717d4a5fa08,atirestoration.com
-1434563432,Andrepont,Tara,M.,,,"Manager, Information Technology 1",719,Information Technology,Manager,,(225) 932-6528,tara.andrepont@aptim.com,4171 Essen Ln.,Baton Rouge,Louisiana,70809,United States,21,10/15/2019,407945030,Aptim Corp,Aptim,www.aptim.com,(833) 862-7846,1780 Hughes Landing Blvd. Ste. 1000,The Woodlands,Texas,77380,United States,Construction General,Industry.construction.general,Construction,Industry.construction,2000000,Sales.1Gto5G,10000,Employees.10000plus,17,179,238990,23,"TitleCode.IT,TitleCodeTop.Business,TitleCodeMiddle.Manager,TitleCodeMiddle.Technical,TitleCode.Manager","Manager,Engineering & Technical",https://go.zoominfo.com/#/apps/search/person/results?personProfileId=-1434563432,bc6ca26dc7554ebec8114b5bed5f38ee,aptim.com
2492107253,Knight,Jonella,,,,"Manager, Information Technology 2",719,Information Technology,Manager,,(225) 932-6520,jonella.knight@aptim.com,4171 Essen Ln.,Baton Rouge,Louisiana,70809,United States,22,10/11/2019,407945030,Aptim Corp,Aptim,www.aptim.com,(833) 862-7846,1780 Hughes Landing Blvd. Ste. 1000,The Woodlands,Texas,77380,United States,Construction General,Industry.construction.general,Construction,Industry.construction,2000000,Sales.1Gto5G,10000,Employees.10000plus,17,179,238990,23,"TitleCode.IT,TitleCodeTop.Business,TitleCodeMiddle.Manager,TitleCodeMiddle.Technical,TitleCode.Manager","Manager,Engineering & Technical",https://go.zoominfo.com/#/apps/search/person/results?personProfileId=2492107253,3bb58d2349185f256cf6d85acaef4ce7,aptim.com
1852341173,Maguire,Michael,J.,,,"Manager, Information Technology",719,Information Technology,Manager,,(630) 495-1900 ext. 784,mjmaguire@arconassoc.com,"2050 S. Finley Rd., Ste. 40",Lombard,Illinois,60148,United States,20,10/8/2019,7163317,ARCON Associates Inc,ARCON,www.arconassoc.com,(630) 495-1900,"2050 S. Finley Rd., Ste. 40",Lombard,Illinois,60148,United States,Commercial & Residential Construction,Industry.construction.construction,Construction,Industry.construction,6848,Sales.5Mto10M,30,Employees.20to49,,,,,"TitleCode.IT,TitleCodeTop.Business,TitleCodeMiddle.Manager,TitleCodeMiddle.Technical,TitleCode.Manager","Manager,Engineering & Technical",https://go.zoominfo.com/#/apps/search/person/results?personProfileId=1852341173,471648b119e007a1ad8bd289acab2226,arconassoc.com
2052632768,Braun,Engelbert,,,,"Manager, Information Technology",719,Information Technology,Manager,,(813) 880-8881 ext. 1796,ebraun@ardurra.com,4921 Memorial Hwy. Ste. 300,Tampa,Florida,33634,United States,21,10/28/2019,373893035,Ardurra Group LLC,Ardurra,ardurra.com,(516) 570-7285,1305 Franklin Ave. #210,Garden City,New York,11530,United States,Commercial & Residential Construction,Industry.construction.construction,Construction,Industry.construction,12784,Sales.10Mto25M,56,Employees.50to99,,,,,"TitleCode.IT,TitleCodeTop.Business,TitleCodeMiddle.Manager,TitleCodeMiddle.Technical,TitleCode.Manager","Manager,Engineering & Technical",https://go.zoominfo.com/#/apps/search/person/results?personProfileId=2052632768,90ce93d8744c142ac5792c9d742efc07,ardurra.com
1526566396,Beaver,Jerry,,,,"Director, Information Technology",759,Information Technology,Director,,(248) 447-2004,jbeaver@atwell-group.com,"2 Towne Sq., Ste. 700",Southfield,Michigan,48076,United States,68,10/25/2019,346696293,Atwell,Atwell,www.atwell-group.com,(248) 447-2000,"2 Towne Sq., Ste. 700",Southfield,Michigan,48076,United States,Commercial & Residential Construction,Industry.construction.construction,Construction,Industry.construction,86260,Sales.50Mto100M,1000,Employees.1000to4999,87,871,5416,541,"TitleCode.IT,TitleCodeTop.Business,TitleCodeMiddle.Technical,TitleCode.Director,TitleCodeMiddle.Director","Engineering & Technical,Director",https://go.zoominfo.com/#/apps/search/person/results?personProfileId=1526566396,0e909603f7ddcccb539eaabe669120e9,atwell-group.com
-1968975414,Pau,Jonathan,,,,"Manager, Information Technology",719,Information Technology,Manager,,(214) 443-5788,jpau@austin-ind.com,3535 Travis St. Ste. 300,Dallas,Texas,75204,United States,31,10/24/2019,24760267,Austin Industries Inc,Austin Industries,www.austin-ind.com,(214) 443-5700,3535 Travis St. Ste. 300,Dallas,Texas,75204,United States,Commercial & Residential Construction,Industry.construction.construction,Construction,Industry.construction,2323610,Sales.1Gto5G,6500,Employees.5000to9999,15,154,238990,23,"TitleCode.IT,TitleCodeTop.Business,TitleCodeMiddle.Manager,TitleCodeMiddle.Technical,TitleCode.Manager","Manager,Engineering & Technical",https://go.zoominfo.com/#/apps/search/person/results?personProfileId=-1968975414,8ed69e91b8680ce1a3529f99f57f319e,austin-ind.com
42047567,Crouse,Linda,,,,"Manager, Information Technology",719,Information Technology,Manager,,(415) 293-5775,lcrouse@bararch.com,901 Battery St. Ste. 300,San Francisco,California,94111,United States,109,10/7/2019,3948873,BAR Architects,BAR Architects,www.bararch.com,(415) 293-5700,901 Battery St. Ste. 300,San Francisco,California,94111,United States,"Architecture, Engineering & Design",Industry.construction.architecture,Construction,Industry.construction,,,85,Employees.50to99,87,871,541,5413,"TitleCode.IT,TitleCodeTop.Business,TitleCodeMiddle.Manager,TitleCodeMiddle.Technical,TitleCode.Manager","Manager,Engineering & Technical",https://go.zoominfo.com/#/apps/search/person/results?personProfileId=42047567,e317b22ed1d8dfea09843fd581ec37ed,bararch.com
2703431745,Manning,Paul,,,,"Director, Information Technology Operations",759,Operations,Director,,(470) 381-3942,paul.manning@baytreelandscape.com,5830 E Ponce de Leon Ave.,Stone Mountain,Georgia,30083,United States,26,10/30/2019,374416282,Baytree Landscape Contractors Inc,Baytree Landscape,www.baytreelandscape.com,(866) 620-8750,5830 E Ponce de Leon Ave.,Stone Mountain,Georgia,30083,United States,"Architecture, Engineering & Design",Industry.construction.architecture,Construction,Industry.construction,6668,Sales.5Mto10M,65,Employees.50to99,78,781,512,541,"TitleCode.Operations,TitleCodeMiddle.Director,TitleCodeTop.Business,TitleCode.IT,TitleCodeMiddle.Operations,TitleCodeMiddle.Technical,TitleCode.Director","Operations,Director",https://go.zoominfo.com/#/apps/search/person/results?personProfileId=2703431745,cf445356d297a9f96cbddbee7505295e,baytreelandscape.com
2013960511,Schmidt,Jason,O.,,,"Director, Information Technology",759,Information Technology,Director,,(210) 860-9224 ext. 2007,jason.schmidt@bigreddog.com,"5710 W Hausman Rd,Ste 115",San Antonio,Texas,78249-1646,United States,43,9/20/2019,347203573,BIG RED DOG Inc,BIG RED DOG,www.bigreddog.com,(512) 669-5560,2021 east 5th St. Ste. 200,Austin,Texas,78702,United States,Construction,Industry.construction,Commercial & Residential Construction,Industry.construction.construction,13400,Sales.10Mto25M,105,Employees.100to249,87,871,541,5413,"TitleCode.IT,TitleCodeTop.Business,TitleCodeMiddle.Technical,TitleCode.Director,TitleCodeMiddle.Director","Engineering & Technical,Director",https://go.zoominfo.com/#/apps/search/person/results?personProfileId=2013960511,84f14a3b315ec915e09ccb2489a78177,bigreddog.com
3081335830,Jimenez,Orville,,,,"Manager, Information Technology",719,Information Technology,Manager,,(408) 891-1020,orville.jimenez@blackdiamondlandscape.com,,,California,,United States,3,9/23/2019,23517054,Black Diamond Landscape Co,Black Diamond Landscape,www.blackdiamondlandscape.com,(800) 942-1955,1975 Hamilton Ave. #5,San Jose,California,95125,United States,"Architecture, Engineering & Design",Industry.construction.architecture,Construction,Industry.construction,26669,Sales.25Mto50M,140,Employees.100to249,8712,871,56173,541,"TitleCode.IT,TitleCodeTop.Business,TitleCodeMiddle.Manager,TitleCodeMiddle.Technical,TitleCode.Manager","Manager,Engineering & Technical",https://go.zoominfo.com/#/apps/search/person/results?personProfileId=3081335830,46206721f2abd2a7c5594c7de74e142e,blackdiamondlandscape.com
1911429282,Whittaker,Kevin,,,,"Director, Information Technology",759,Information Technology,Director,,(816) 587-9626,kwhitt@burnsmcd.com,9400 Ward Pkwy.,Kansas City,Missouri,64114,United States,14,43566,35458479,"Burns & McDonnell , Inc.",Burns & McDonnell,www.burnsmcd.com,(816) 333-9400,9400 Ward Pkwy.,Kansas City,Missouri,64114,United States,Construction,Industry.construction,"Architecture, Engineering & Design",Industry.construction.architecture,2586000,Sales.1Gto5G,7000,Employees.5000to9999,87,871,541,5413,"TitleCode.IT,TitleCodeTop.Business,TitleCodeMiddle.Technical,TitleCode.Director,TitleCodeMiddle.Director","Engineering & Technical,Director",https://go.zoominfo.com/#/apps/search/person/results?personProfileId=1911429282,11fec5091831571fb8a0a2b425b5bd67,burnsmcd.com
1972382722,Francis,Jeremy,,,,"Manager, Information Technology",719,Information Technology,Manager,,(661) 367-9040 ext. 144,jfrancis@carasmussen.com,28548 LIVINGSTON Ave.,Valencia,California,91355,United States,27,11/1/2019,19256321,C. A. Rasmussen Inc,C.A. Rasmussen,www.carasmussen.com,(661) 367-9040,28548 LIVINGSTON Ave.,Valencia,California,91355,United States,Construction General,Industry.construction.general,Construction,Industry.construction,87710,Sales.50Mto100M,85,Employees.50to99,16,161,237310,23,"TitleCode.IT,TitleCodeTop.Business,TitleCodeMiddle.Manager,TitleCodeMiddle.Technical,TitleCode.Manager","Manager,Engineering & Technical",https://go.zoominfo.com/#/apps/search/person/results?personProfileId=1972382722,ebce669ce139e42411ffa21d8fe8af46,carasmussen.com
-999843991,Dimitrova,Nevena,,,,"Manager, Information Technology",719,Information Technology,Manager,,(401) 739-8300 ext. 151,ndimitrova@cardi.com,400 Lincoln Ave.,Warwick,Rhode Island,2888,United States,14,11/1/2019,10831191,Cardi Corporation,Cardi,www.cardi.com,(401) 739-8300,400 Lincoln Ave.,Warwick,Rhode Island,2888,United States,Commercial & Residential Construction,Industry.construction.construction,Construction,Industry.construction,37980,Sales.25Mto50M,188,Employees.100to249,47,473,4421,48,"TitleCode.IT,TitleCodeTop.Business,TitleCodeMiddle.Manager,TitleCodeMiddle.Technical,TitleCode.Manager","Manager,Engineering & Technical",https://go.zoominfo.com/#/apps/search/person/results?personProfileId=-999843991,226b48dde1a93633650b32211d9ead4b,cardi.com
3117019554,Boudreau,Denis,,,,"Manager, Information Technology",719,Information Technology,Manager,,(330) 255-7807,boudreaud@chemstress.com,,,Ohio,,United States,6,43707,7750227,Chemstress Consultant Company,Chemstress,www.chemstress.com,(330) 253-3446,39 S. Main St.,Akron,Ohio,44308,United States,"Architecture, Engineering & Design",Industry.construction.architecture,Construction,Industry.construction,10096,Sales.10Mto25M,53,Employees.50to99,8712,871,541,5413,"TitleCode.IT,TitleCodeTop.Business,TitleCodeMiddle.Manager,TitleCodeMiddle.Technical,TitleCode.Manager","Manager,Engineering & Technical",https://go.zoominfo.com/#/apps/search/person/results?personProfileId=3117019554,0cffbd194eb41dbd3db088a2de5e9c1a,chemstress.com
3331906041,DeClerck,Tom,,,,"Director, IT Business Solutions (Americas)",759,Information Technology,Director,,(704) 289-6511 ext. 102430,thomas.declerck@circor.com,,,North Carolina,,United States,3,10/26/2019,14895078,CIRCOR International Inc,CIRCOR,www.circor.com,(781) 270-1200,30 Corporate Dr. Ste. 200,Burlington,Massachusetts,1803,United States,Plumbing & HVAC Equipment,Industry.mfg.building.plumbing,Building Materials,Industry.mfg.building,1175825,Sales.1Gto5G,4400,Employees.1000to4999,34,349,23822,5413,"TitleCode.IT,TitleCodeTop.Business,TitleCodeMiddle.Technical,TitleCode.Director,TitleCodeMiddle.Director","Engineering & Technical,Director",https://go.zoominfo.com/#/apps/search/person/results?personProfileId=3331906041,84ec1fa22b2bbe8d55eb41d5d02f985c,circor.com
-922378674,Ramsey,William,L.,,,"Manager, IT & Business Processes",719,Information Technology,Manager,,,bill@concoconstruction.com,3051 N. Ohio,Wichita,Kansas,67219,United States,76,10/30/2019,28512589,Conco Inc,Conco,www.concoconstruction.com,(316) 943-7111,3051 N. Ohio,Wichita,Kansas,67219,United States,Commercial & Residential Construction,Industry.construction.construction,Construction,Industry.construction,13697,Sales.10Mto25M,60,Employees.50to99,15,152,23816,5413,"TitleCode.IT,TitleCodeTop.Business,TitleCodeMiddle.Manager,TitleCodeMiddle.Technical,TitleCode.Manager","Manager,Engineering & Technical",https://go.zoominfo.com/#/apps/search/person/results?personProfileId=-922378674,121b17234931c61cbeed1dd56a5444ac,concoconstruction.com
1833571138,Blackford,Chuck,,,,"Vice President, Director, IT Operations & Practice Technology",850,Technical,VP-Level,,(214) 748-2000,chuck.blackford@corgan.com,401 N Houston St. Ste. 500,Dallas,Texas,75202,United States,59,9/24/2019,12878838,Corgan Associates Inc,Corgan,www.corgan.com,(214) 748-2000,401 N Houston St. Ste. 500,Dallas,Texas,75202,United States,"Architecture, Engineering & Design",Industry.construction.architecture,Construction,Industry.construction,,,500,Employees.500to999,87,871,541,5413,"TitleCode.Technical,TitleCode.VP,TitleCode.Operations,TitleCodeMiddle.VP,TitleCode.IT,TitleCodeTop.Business,TitleCodeMiddle.Operations,TitleCodeMiddle.Technical,TitleCode.Director","Operations,Engineering & Technical",https://go.zoominfo.com/#/apps/search/person/results?personProfileId=1833571138,bdf89e7a37a2574611efd6e53f12deb1,corgan.com
1959204448,Zengin,Diego,,,,"Executive Director, Information Technology (Americas)",764,Information Technology,Director,,(281) 471-0048,dzengin@cosentino.com,,Miami,Florida,,United States,26,8/30/2019,24483219,Cosentino S.A,Cosentino,www.cosentino.com,(281) 494-7277,"1315 W. Sam Houston Pkwy. N., Ste. 150",Houston,Texas,77043,United States,"Aggregates, Concrete & Cement",Industry.mfg.building.concrete,"Miscellaneous Building Materials (Flooring, Cabinets, etc.)",Industry.mfg.building.other,937000,Sales.500Mto1G,4300,Employees.1000to4999,32,328,44419,5416,"TitleCode.IT,TitleCodeTop.Business,TitleCodeMiddle.Technical,TitleCode.Director,TitleCodeMiddle.Director","Engineering & Technical,Director",https://go.zoominfo.com/#/apps/search/person/results?personProfileId=1959204448,0f107b8573d2c872ccf3da99c41e9894,cosentino.com
1551086764,Avguchenko,Anton,,,,"Senior Manager, Information Technology",723,Information Technology,Manager,,(501) 801-8484,aavguchenko@cteh.com,5120 Northshore Dr.,North Little Rock,Arkansas,72118,United States,49,10/31/2019,16599090,CTEH LLC,CTEH,www.cteh.com,(501) 801-8500,5120 Northshore Dr.,North Little Rock,Arkansas,72118,United States,Commercial & Residential Construction,Industry.construction.construction,Construction,Industry.construction,31961,Sales.25Mto50M,140,Employees.100to249,89,899,5416,541,"TitleCode.IT,TitleCodeTop.Business,TitleCodeMiddle.Manager,TitleCodeMiddle.Technical,TitleCode.Manager","Manager,Engineering & Technical",https://go.zoominfo.com/#/apps/search/person/results?personProfileId=1551086764,0933aa67b051046261c92a06d9f0b651,cteh.com
1969162231,Mangan,Brian,,,,"Manager, Information Technology",719,Information Technology,Manager,,(608) 268-7541,bmangan@davejonesinc.com,2225 Kilgust Rd.,Madison,Wisconsin,53713,United States,47,10/30/2019,29677765,Dave Jones Inc,Dave Jones,www.davejonesinc.com,(608) 222-8490,2225 Kilgust Rd.,Madison,Wisconsin,53713,United States,Commercial & Residential Construction,Industry.construction.construction,Construction,Industry.construction,26000,Sales.25Mto50M,130,Employees.100to249,,,,,"TitleCode.IT,TitleCodeTop.Business,TitleCodeMiddle.Manager,TitleCodeMiddle.Technical,TitleCode.Manager","Manager,Engineering & Technical",https://go.zoominfo.com/#/apps/search/person/results?personProfileId=1969162231,1f84e9213cd5c2435ef7b2d5e4df1b1a,davejonesinc.com
3223054594,Austin,Anna,,,,Information Technology Program Manager & Business System Analyst V,719,Information Technology,Manager,,(303) 842-6012,aaustin@dcpmidstream.com,370 17th St. Ste. 2500,Denver,Colorado,80202,United States,5,10/26/2019,48616172,DCP Midstream LLC,DCP Midstream,www.dcpmidstream.com,(303) 595-3331,370 17th St. Ste. 2500,Denver,Colorado,80202,United States,Construction General,Industry.construction.general,Construction,Industry.construction,9822000,Sales.5GPlus,2650,Employees.1000to4999,49,492,486210,221,"TitleCode.ProgramManagement,TitleCodeMiddle.Manager,TitleCodeTop.Business,TitleCode.IT,TitleCodeMiddle.Operations,TitleCode.SoftwareEng,TitleCodeMiddle.Technical,TitleCode.Manager","Operations,Manager",https://go.zoominfo.com/#/apps/search/person/results?personProfileId=3223054594,1bbedc6149e82b02c4da427acc33eebc,dcpmidstream.com
1751291198,Magyar,Jeffrey,M.,,,"Manager, Information Technology",719,Information Technology,Manager,,(703) 206-0842,jmagyar@dewberry.com,8401 Arlington Blvd.,Fairfax,Virginia,22031,United States,41,10/30/2019,11174272,Dewberry Company,Dewberry,www.dewberry.com,(703) 849-0100,8401 Arlington Blvd.,Fairfax,Virginia,22031,United States,"Architecture, Engineering & Design",Industry.construction.architecture,Construction,Industry.construction,406000,Sales.250Mto500M,2000,Employees.1000to4999,87,871,541,5413,"TitleCode.IT,TitleCodeTop.Business,TitleCodeMiddle.Manager,TitleCodeMiddle.Technical,TitleCode.Manager","Manager,Engineering & Technical",https://go.zoominfo.com/#/apps/search/person/results?personProfileId=1751291198,cd98d98fe47ec835ed3b93a7f781c4cc,dewberry.com
3118987428,Smith,David,,,,"Director, Information Technology",759,Information Technology,Director,,,dsmith@dimarcogroup.com,1950 Brighton Henrietta Town Line Rd.,Rochester,New York,14623,United States,6,9/27/2019,34869264,DiMarco Group,DiMarco Group,www.dimarcogroup.com,(585) 272-7760,1950 Brighton Henrietta Town Line Rd.,Rochester,New York,14623,United States,Real Estate,Industry.realestate,Construction General,Industry.construction.general,512340,Sales.500Mto1G,500,Employees.500to999,65,653,531110,5311,"TitleCode.IT,TitleCodeTop.Business,TitleCodeMiddle.Technical,TitleCode.Director,TitleCodeMiddle.Director","Engineering & Technical,Director",https://go.zoominfo.com/#/apps/search/person/results?personProfileId=3118987428,537c7e7ee0d2442034bf1fb6d03c314a,dimarcogroup.com
3020125602,Chan,Greg,,,,"Manager, Information Technology",719,Information Technology,Manager,,(512) 837-6700 ext. 179,gchan@dntconstruction.com,,,Texas,,United States,4,10/29/2019,348712699,"DNT Construction , LLC",DNT,www.dntconstruction.com,(512) 837-6700,2300 Picadilly Dr.,Round Rock,Texas,78664,United States,Construction General,Industry.construction.general,Construction,Industry.construction,100000,Sales.100MMto250M,500,Employees.500to999,16,162,2379,23891,"TitleCode.IT,TitleCodeTop.Business,TitleCodeMiddle.Manager,TitleCodeMiddle.Technical,TitleCode.Manager","Manager,Engineering & Technical",https://go.zoominfo.com/#/apps/search/person/results?personProfileId=3020125602,4c2293f808c44e1a3bc6cea77fcf14c9,dntconstruction.com
1692292489,Chowdhury,Manish,,,,"Manager, Information Technology",719,Information Technology,Manager,,+91 79 3932 0000,manish.chowdhury@einfochips.com,,Ahmedabad,Gujarat,,India,62,8/24/2019,22989066,eInfochips Inc,eInfochips,www.einfochips.com,(408) 496-1882,"2025 Gateway Pl., Ste. #270",San Jose,California,95110,United States,Software Development & Design,Industry.software.mfg,Software,Industry.software,3828969,Sales.1Gto5G,20100,Employees.10000plus,73,737,541511,541,"TitleCode.IT,TitleCodeTop.Business,TitleCodeMiddle.Manager,TitleCodeMiddle.Technical,TitleCode.Manager","Manager,Engineering & Technical",https://go.zoominfo.com/#/apps/search/person/results?personProfileId=1692292489,2d365313d5e0daac0549e53e62309b35,einfochips.com
560726891,Davis,Eric,L.,,,"Manager, Information Technology",719,Information Technology,Manager,,,ericd@eldengineering.com,,,,,,21,10/7/2019,60198482,"Eric L. Davis Engineering , Inc.",ELD Engineering,www.eldengineering.com,(972) 564-0592,120 E. Main St.,Forney,Texas,75087,United States,"Architecture, Engineering & Design",Industry.construction.architecture,Construction,Industry.construction,16289,Sales.10Mto25M,50,Employees.50to99,87,871,541,5413,"TitleCode.IT,TitleCodeTop.Business,TitleCodeMiddle.Manager,TitleCodeMiddle.Technical,TitleCode.Manager","Manager,Engineering & Technical",https://go.zoominfo.com/#/apps/search/person/results?personProfileId=560726891,ada3d681e1e108cf4011747152f6cfa6,eldengineering.com
1836231684,Rolfe,Arie,,,,"Manager, Accounting & Information Technology",719,Information Technology,Manager,,(541) 275-8030,arie.rolfe@essexgc.com,4284 W 7th Ave.,Eugene,Oregon,97402,United States,30,10/25/2019,41881395,Essex General Construction Inc,Essex,www.essexgc.com,(541) 342-4509,4284 W 7th Ave.,Eugene,Oregon,97402,United States,Commercial & Residential Construction,Industry.construction.construction,Construction,Industry.construction,22144,Sales.10Mto25M,97,Employees.50to99,,,23,2362,"TitleCodeMiddle.Manager,TitleCodeTop.Business,TitleCode.IT,TitleCodeMiddle.Finance,TitleCodeMiddle.Technical,TitleCode.Manager,TitleCode.Accounting","Finance,Manager",https://go.zoominfo.com/#/apps/search/person/results?personProfileId=1836231684,c313902508c5b42b71c111fec8fb87fc,essexgc.com
2670737703,Kopytko,Eugene,,,,"Associate, Information Technology Manager",719,Information Technology,Manager,,,ekopytko@fcarchitects.com,,,,,,2,43546,462605153,fcarchitects.com,FCA Architects,www.fcarchitects.com,,40 Worth St. Ste. 300,New York City,New York,10013,United States,"Architecture, Engineering & Design",Industry.construction.architecture,Construction,Industry.construction,4000,Sales.1Mto5M,20,Employees.20to49,8712,871,541,5413,"TitleCode.IT,TitleCodeTop.Business,TitleCodeMiddle.Manager,TitleCode.Technical,TitleCodeMiddle.Technical,TitleCode.Manager","Manager,Engineering & Technical",https://go.zoominfo.com/#/apps/search/person/results?personProfileId=2670737703,9f2e957b8c8a06e9e4f7edf17565ff07,fcarchitects.com
-1278181051,Tse,Kong,,,,"Associate, Regional CAD and Information Technology Manager",719,Information Technology,Manager,,(212) 641-9633,kongtse@fosterandpartners.com,300W 57th St.,New York City,New York,10019,United States,3,11/1/2019,31050872,Foster + Partners Ltd,Foster + Partners,www.fosterandpartners.com,+44 20 7738 0455,22 Hester Rd.,London,Greater London,SW11 4AN,United Kingdom,"Architecture, Engineering & Design",Industry.construction.architecture,Construction,Industry.construction,,,965,Employees.500to999,87,871,541,5413,"TitleCode.IT,TitleCodeTop.Business,TitleCodeMiddle.Manager,TitleCode.Technical,TitleCodeMiddle.Technical,TitleCode.Manager","Manager,Engineering & Technical",https://go.zoominfo.com/#/apps/search/person/results?personProfileId=-1278181051,5b274184c284172357ffb50ff6bd6ac0,fosterandpartners.com
955077262,Student,Bob,,,,"Manager, Management Information Systems & Information Technology",719,Information Technology,Manager,,(415) 424-0046,bob@frankandgrossman.com,,,California,,United States,4,10/30/2019,374929534,"Frank & Grossman Landscape Contractors , Inc.",Frank & Grossman,www.frankandgrossman.com,(415) 822-1900,3428 Arden Rd.,Hayward,California,94545,United States,"Architecture, Engineering & Design",Industry.construction.architecture,Construction,Industry.construction,9524,Sales.5Mto10M,50,Employees.50to99,8712,871,541,5413,"TitleCode.IT,TitleCodeTop.Business,TitleCodeMiddle.Manager,TitleCodeMiddle.Technical,TitleCode.Manager","Manager,Engineering & Technical",https://go.zoominfo.com/#/apps/search/person/results?personProfileId=955077262,96e6b4e0908799a1c4dbf4fa84119770,frankandgrossman.com
-1027290394,Kattookaren,Citzon,,,,"Project Manager, Information Technology",719,Information Technology,Manager,,+61 2 9491 7156,ckattookaren@freyssinet.com.au,"Level 3, 13 - 15 Lyonpark Rd.",Macquarie Park,New South Wales,2113,Australia,11,11/1/2019,15221246,Freyssinet Inc,Freyssinet,www.freyssinet.com,,"280, Ave. Napoléon Bonaparte CS 60002",Riverside,California,92506,United States,Construction General,Industry.construction.general,Construction,Industry.construction,853781,Sales.500Mto1G,10265,Employees.10000plus,,,23611,238990,"TitleCode.ProjectManagement,TitleCodeMiddle.Manager,TitleCodeTop.Business,TitleCode.IT,TitleCodeMiddle.Operations,TitleCodeMiddle.Technical,TitleCode.Manager","Operations,Manager",https://go.zoominfo.com/#/apps/search/person/results?personProfileId=-1027290394,a01ebe379f6bb99c485285d43395ee09,freyssinet.com.au
2358389910,Smith,David,C.,,,"Project Manager, IT Services Customer Services",719,Information Technology,Manager,,(717) 763-7212 ext. 2395,dsmith@gfnet.com,207 Senate Ave.,Camp Hill,Pennsylvania,17011,United States,30,10/22/2019,48649212,"Gannett Fleming, Inc.",Gannett Fleming,www.gannettfleming.com,(717) 763-7211,207 Senate Ave.,Camp Hill,Pennsylvania,17011,United States,Construction,Industry.construction,Commercial & Residential Construction,Industry.construction.construction,,,2500,Employees.1000to4999,87,871,5416,541,"TitleCode.ProjectManagement,TitleCodeMiddle.Manager,TitleCodeTop.Business,TitleCode.IT,TitleCodeMiddle.Operations,TitleCode.CustomerRel,TitleCodeMiddle.Technical,TitleCode.Manager","Operations,Manager",https://go.zoominfo.com/#/apps/search/person/results?personProfileId=2358389910,0a05d3433f87f64fea642b63bc7bda9b,gfnet.com
3171876277,Robison,Richard,W.,,,"Manager, CAD & Information Technology",719,Information Technology,Manager,,(760) 891-4189,rrobison@gfnet.com,,,California,,United States,20,10/18/2019,48649212,"Gannett Fleming, Inc.",Gannett Fleming,www.gannettfleming.com,(717) 763-7211,207 Senate Ave.,Camp Hill,Pennsylvania,17011,United States,Construction,Industry.construction,Commercial & Residential Construction,Industry.construction.construction,,,2500,Employees.1000to4999,87,871,5416,541,"TitleCode.IT,TitleCodeTop.Business,TitleCodeMiddle.Manager,TitleCodeMiddle.Technical,TitleCode.Manager","Manager,Engineering & Technical",https://go.zoominfo.com/#/apps/search/person/results?personProfileId=3171876277,bce7c1930f7e8a45c9955f2da6d3ef2f,gfnet.com
-1648514129,Levesque,Daniel,,,,"Director, Information Technology",759,Information Technology,Director,,(207) 883-6307 ext. 215,dlevesque@gawronturgeon.com,29 Black Point Rd.,Scarborough,Maine,4074,United States,11,6/15/2019,111576535,Gawron Turgeon Architects P.C,Gawron Turgeon,www.gawronturgeon.com,(207) 883-6307,29 Black Point Rd.,Scarborough,Maine,4074,United States,"Architecture, Engineering & Design",Industry.construction.architecture,Construction,Industry.construction,7238,Sales.5Mto10M,38,Employees.20to49,8712,871,541,5413,"TitleCode.IT,TitleCodeTop.Business,TitleCodeMiddle.Technical,TitleCode.Director,TitleCodeMiddle.Director","Engineering & Technical,Director",https://go.zoominfo.com/#/apps/search/person/results?personProfileId=-1648514129,016ca2a561e62d474b60dc6388260362,gawronturgeon.com
1684956412,Goel,Ambika,,Ms.,,"Director, Information Technology",759,Information Technology,Director,,+65 6643 6372,agoel@glprop.com,501 Orchard Rd. 08-01 Wheelock Pl.,Singapore,Central Singapore,,Singapore,150,8/12/2019,347817679,GLP,GLP,www.glprop.com,(312) 940-5300,2 North Riverside Plz. Ste. 2350,Chicago,Illinois,60606,United States,Real Estate,Industry.realestate,Commercial & Residential Construction,Industry.construction.construction,880000,Sales.500Mto1G,1126,Employees.1000to4999,15,154,5311,5312,"TitleCode.IT,TitleCodeTop.Business,TitleCodeMiddle.Technical,TitleCode.Director,TitleCodeMiddle.Director","Engineering & Technical,Director",https://go.zoominfo.com/#/apps/search/person/results?personProfileId=1684956412,b8f152e1a11186fc94e779078f19d39e,glprop.com
2998995858,Dondeti,Chaitanya,,,,"Director, Information Technology",759,Information Technology,Director,,(312) 953-5804,cdondeti@golars.com,15755 North Point Blvd.,Noblesville,Indiana,46060,United States,3,10/24/2019,354548478,GOLARS LLC,GOLARS,www.golars.com,(317) 500-0000,15755 North Point Blvd.,Noblesville,Indiana,46060,United States,Commercial & Residential Construction,Industry.construction.construction,Construction,Industry.construction,5600,Sales.5Mto10M,47,Employees.20to49,,,,,"TitleCode.IT,TitleCodeTop.Business,TitleCodeMiddle.Technical,TitleCode.Director,TitleCodeMiddle.Director","Engineering & Technical,Director",https://go.zoominfo.com/#/apps/search/person/results?personProfileId=2998995858,3d264fa995cfcc647a3d514a1754d074,golars.com
1101506276,Cotter,Joseph,,,,"Director, Information Technology",759,Information Technology,Director,,(615) 770-8398,joe.cotter@greshamsmith.com,222 Second Ave. South Ste. 1400,Nashville,Tennessee,37201,United States,87,10/31/2019,46467328,Gresham Smith and Partners,Gresham Smith,www.greshamsmith.com,(615) 770-8100,222 Second Ave. South Ste. 1400,Nashville,Tennessee,37201,United States,"Architecture, Engineering & Design",Industry.construction.architecture,Construction,Industry.construction,500000,Sales.500Mto1G,1000,Employees.1000to4999,87,871,5416,5417,"TitleCode.IT,TitleCodeTop.Business,TitleCodeMiddle.Technical,TitleCode.Director,TitleCodeMiddle.Director","Engineering & Technical,Director",https://go.zoominfo.com/#/apps/search/person/results?personProfileId=1101506276,3c37652ea8703ff6b8afdedbc936adf5,greshamsmith.com
1230398024,Snyder,Mike,,,,"Director, Safety (IT Landes)",759,Information Technology,Director,,(717) 214-3129,msnyder@hbmcclure.com,600 S 17th St.,Harrisburg,Pennsylvania,17104,United States,55,10/14/2019,48106616,H.B. McClure Company,H.B. McClure,www.hbmcclure.com,(717) 232-4328,600 S 17th St.,Harrisburg,Pennsylvania,17104,United States,Commercial & Residential Construction,Industry.construction.construction,Construction,Industry.construction,318261,Sales.250Mto500M,1000,Employees.1000to4999,17,171,23822,2382,"TitleCodeMiddle.Director,TitleCodeTop.Business,TitleCode.IT,TitleCode.Compliance,TitleCodeMiddle.Operations,TitleCodeMiddle.Technical,TitleCode.Director","Operations,Director",https://go.zoominfo.com/#/apps/search/person/results?personProfileId=1230398024,ce90e4b04e55dc60551e82feb03df5b9,hbmcclure.com
1431919720,West,Jonathan,H.,Mr.,,"Director, Information Technology",759,Information Technology,Director,,(214) 346-6305,jwest@halff.com,1201 North Bowser Rd.,Richardson,Texas,75081,United States,50,10/15/2019,17055763,Halff Associates Inc,Halff,www.halff.com,(214) 346-6200,1201 North Bowser Rd.,Richardson,Texas,75081,United States,"Architecture, Engineering & Design",Industry.construction.architecture,Construction,Industry.construction,,,1000,Employees.1000to4999,87,871,541,5413,"TitleCode.IT,TitleCodeTop.Business,TitleCodeMiddle.Technical,TitleCode.Director,TitleCodeMiddle.Director","Engineering & Technical,Director",https://go.zoominfo.com/#/apps/search/person/results?personProfileId=1431919720,d8e9a79e86064bbec2330b10ee04d8f1,halff.com
-2067473218,Jackson,Jason,,,,"Manager, Information Technology",719,Information Technology,Manager,,(614) 358-7839,jjackson@hamiltonparker.com,1865 Leonard Ave.,Columbus,Ohio,43219,United States,28,10/30/2019,47353567,Hamilton Parker Company,Hamilton Parker,www.hamiltonparker.com,(614) 358-7800,1865 Leonard Ave.,Columbus,Ohio,43219,United States,Construction General,Industry.construction.general,Home Improvement & Hardware Retail,Industry.retail.hardware,110257,Sales.100MMto250M,128,Employees.100to249,50,503,444,44419,"TitleCode.IT,TitleCodeTop.Business,TitleCodeMiddle.Manager,TitleCodeMiddle.Technical,TitleCode.Manager","Manager,Engineering & Technical",https://go.zoominfo.com/#/apps/search/person/results?personProfileId=-2067473218,36a3b6f9775f290e1cd49114e33f89ac,hamiltonparker.com
1852033092,Richman,Ira,,,,"Manager, Information Technology",719,Information Technology,Manager,,(612) 758-4544,irichman@hga.com,420 5th St. N Ste. 100,Minneapolis,Minnesota,55401,United States,23,10/22/2019,41915970,HGA incorporated,HGA,www.hga.com,(612) 758-4000,420 5th St. N Ste. 100,Minneapolis,Minnesota,55401,United States,"Architecture, Engineering & Design",Industry.construction.architecture,Construction,Industry.construction,,,850,Employees.500to999,87,871,541,5413,"TitleCode.IT,TitleCodeTop.Business,TitleCodeMiddle.Manager,TitleCodeMiddle.Technical,TitleCode.Manager","Manager,Engineering & Technical",https://go.zoominfo.com/#/apps/search/person/results?personProfileId=1852033092,a87ac7f02f94b612bf6893b84e21d8c1,hga.com
1520950215,White,John,,,,"Manager, Information Technology",719,Information Technology,Manager,,(405) 605-6805,jwhite@hunzicker.com,501 N. Virginia Ave.,Oklahoma City,Oklahoma,73125,United States,21,10/10/2019,56479413,Hunzicker Brothers Inc,Hunzicker,www.hunzicker.com,(405) 239-7771,1810 NW 4th Dr.,Oklahoma City,Oklahoma,73106,United States,Commercial & Residential Construction,Industry.construction.construction,Construction,Industry.construction,34015,Sales.25Mto50M,149,Employees.100to249,,,,,"TitleCode.IT,TitleCodeTop.Business,TitleCodeMiddle.Manager,TitleCodeMiddle.Technical,TitleCode.Manager","Manager,Engineering & Technical",https://go.zoominfo.com/#/apps/search/person/results?personProfileId=1520950215,324ff4809e1486a9f061efac0871d591,hunzicker.com
1976662566,Eby,Eric,,,,"Director, Information Technology",759,Information Technology,Director,,(507) 387-6651 ext. 1002,eric.eby@is-grp.com,115 E. Hickory St. Ste. 300,Mankato,Minnesota,56001,United States,47,8/30/2019,55937877,I&S Group Inc,I&S Group,www.is-grp.com,(515) 243-9143,"510 East Locust St., Ste. 104",Des Moines,Iowa,50309,United States,"Architecture, Engineering & Design",Industry.construction.architecture,Construction,Industry.construction,52300,Sales.50Mto100M,300,Employees.250to499,87,871,541,5413,"TitleCode.IT,TitleCodeTop.Business,TitleCodeMiddle.Technical,TitleCode.Director,TitleCodeMiddle.Director","Engineering & Technical,Director",https://go.zoominfo.com/#/apps/search/person/results?personProfileId=1976662566,64bddaeb312bbaa02671eaf47e872e94,is-grp.com
-1534074386,Kuhn,Brittany,Laine,,,"Director, Information Technology",759,Information Technology,Director,,(305) 460-6300 ext. 129,bkuhn@j-milton.com,3211 Ponce De Leon Blvd. Ste. 301,Coral Gables,Florida,33134,United States,10,10/28/2019,27150173,J. Milton & Associates,J. Milton,www.j-milton.com,(305) 460-6300,3211 Ponce De Leon Blvd. Ste. 301,Coral Gables,Florida,33134,United States,"Architecture, Engineering & Design",Industry.construction.architecture,Construction,Industry.construction,100000,Sales.100MMto250M,300,Employees.250to499,87,871,531,5312,"TitleCode.IT,TitleCodeTop.Business,TitleCodeMiddle.Technical,TitleCode.Director,TitleCodeMiddle.Director","Engineering & Technical,Director",https://go.zoominfo.com/#/apps/search/person/results?personProfileId=-1534074386,49a09d8231f121adddfa7a1997f70539,j-milton.com
1764892935,Messick,Martin,,,,"Manager, PMP Information Technology",719,Information Technology,Manager,,(336) 369-6010,martinm@jmpco.com,"4455 Morris Park Dr,Ste C",Mint Hill,North Carolina,28227-7066,United States,71,10/28/2019,63999397,James M. Pleasants Co.,James M. Pleasants,www.jmpco.com,(678) 507-1091,3560 Engineering Dr.,Norcross,Georgia,30092,United States,Construction General,Industry.construction.general,Construction,Industry.construction,30200,Sales.25Mto50M,151,Employees.100to249,,,,,"TitleCode.IT,TitleCodeTop.Business,TitleCodeMiddle.Manager,TitleCodeMiddle.Technical,TitleCode.Manager","Manager,Engineering & Technical",https://go.zoominfo.com/#/apps/search/person/results?personProfileId=1764892935,f896ce2fc046242bf6aad3481f4466e8,jmpco.com
1649907011,Schnell,Mike,,,,"Manager, Information Technology",719,Information Technology,Manager,,(513) 965-7240,mike.schnell@jedson.com,705 Central Ave.,Cincinnati,Ohio,45202,United States,32,10/30/2019,20643900,Jedson Engineering Inc,Jedson Engineering,www.jedson.com,(513) 965-5999,705 Central Ave.,Cincinnati,Ohio,45202,United States,Commercial & Residential Construction,Industry.construction.construction,Construction,Industry.construction,16420,Sales.10Mto25M,166,Employees.100to249,87,871,541,5413,"TitleCode.IT,TitleCodeTop.Business,TitleCodeMiddle.Manager,TitleCodeMiddle.Technical,TitleCode.Manager","Manager,Engineering & Technical",https://go.zoominfo.com/#/apps/search/person/results?personProfileId=1649907011,7409db38dfa4acc88074b609ff9b8836,jedson.com
1189039505,Clode,Aimee,,,,"Director, Information Technology",759,Information Technology,Director,,(720) 500-4221,aclode@jhlconstructors.com,7076 South Alton Way Bldg. H,Centennial,Colorado,80112,United States,34,10/30/2019,63211365,JHL Constructors Inc,JHL Constructors,www.jhlconstructors.com,(303) 741-6116,7076 South Alton Way Bldg. H,Centennial,Colorado,80112,United States,Commercial & Residential Construction,Industry.construction.construction,Construction,Industry.construction,8903,Sales.5Mto10M,39,Employees.20to49,15,152,541199,541,"TitleCode.IT,TitleCodeTop.Business,TitleCodeMiddle.Technical,TitleCode.Director,TitleCodeMiddle.Director","Engineering & Technical,Director",https://go.zoominfo.com/#/apps/search/person/results?personProfileId=1189039505,211792fb0f8641174163f4779aad2ff3,jhlconstructors.com
1498594896,Wall,Wesley,,,,"Manager, Information Technology",719,Information Technology,Manager,,,wwall@jlrdinc.com,1450 Centrepark Blvd. Ste. 350,West Palm Beach,Florida,33401,United States,17,10/28/2019,28917909,JLRD Inc,JLRD,www.jlrdinc.com,(561) 689-2303,1450 Centrepark Blvd. Ste. 350,West Palm Beach,Florida,33401,United States,Commercial & Residential Construction,Industry.construction.construction,Construction,Industry.construction,9600,Sales.5Mto10M,48,Employees.20to49,,,,,"TitleCode.IT,TitleCodeTop.Business,TitleCodeMiddle.Manager,TitleCodeMiddle.Technical,TitleCode.Manager","Manager,Engineering & Technical",https://go.zoominfo.com/#/apps/search/person/results?personProfileId=1498594896,95c4e23475eef5abb5aa4c14ffc97f01,jlrdinc.com
1444297058,Hausauer,Tiffany,,,,"Senior Program Manager, IT PMO",723,Information Technology,Manager,,(303) 978-2285,tiffany.hausauer@jm.com,717 17th St.,Denver,Colorado,80202,United States,15,10/30/2019,20840973,Johns Manville Corporation,Johns Manville,www.jm.com,(303) 978-2000,717 17th St.,Denver,Colorado,80202,United States,"Aggregates, Concrete & Cement",Industry.mfg.building.concrete,"Miscellaneous Building Materials (Flooring, Cabinets, etc.)",Industry.mfg.building.other,,,7000,Employees.5000to9999,17,176,327211,2379,"TitleCode.ProgramManagement,TitleCodeMiddle.Manager,TitleCodeTop.Business,TitleCode.IT,TitleCodeMiddle.Operations,TitleCodeMiddle.Technical,TitleCode.Manager","Operations,Manager",https://go.zoominfo.com/#/apps/search/person/results?personProfileId=1444297058,a03bd07fa804d01cb375acc8d75ef1cc,jm.com
-1459069665,Sanchez,Hector,,,,"Manager, Information Technology",719,Information Technology,Manager,,(513) 326-6706,hector.sanchez@jrjnet.com,11641 Mosteller Rd.,Cincinnati,Ohio,45241,United States,8,10/14/2019,55543965,Jurgensen Companies ,Jurgensen Companies,www.jrjnet.com,(513) 771-0820,11641 Mosteller Rd.,Cincinnati,Ohio,45241,United States,Construction General,Industry.construction.general,Construction,Industry.construction,18079,Sales.10Mto25M,200,Employees.100to249,16,161,237310,423390,"TitleCode.IT,TitleCodeTop.Business,TitleCodeMiddle.Manager,TitleCodeMiddle.Technical,TitleCode.Manager","Manager,Engineering & Technical",https://go.zoominfo.com/#/apps/search/person/results?personProfileId=-1459069665,97f41310408d0e2b778ddff7e15e1067,jrjnet.com
2674263478,Koppert,Jason,,,,"Manager, Information Technology Applications",719,Information Technology,Manager,,(602) 212-6621,jkoppert@kitchell.com,1707 E. Highland Ave.,Phoenix,Arizona,85016,United States,4,10/22/2019,21577776,Kitchell Corporation,Kitchell,www.kitchell.com,(602) 264-4411,1707 E. Highland Ave.,Phoenix,Arizona,85016,United States,Commercial & Residential Construction,Industry.construction.construction,Construction,Industry.construction,643690,Sales.500Mto1G,800,Employees.500to999,15,154,23,2362,"TitleCode.IT,TitleCodeTop.Business,TitleCodeMiddle.Manager,TitleCodeMiddle.Technical,TitleCode.Manager","Manager,Engineering & Technical",https://go.zoominfo.com/#/apps/search/person/results?personProfileId=2674263478,734275e407bde944da86d3e7ae8f026c,kitchell.com
-2047660367,Wren,David,,,,"Manager, Information Technology",719,Information Technology,Manager,,(207) 416-1244,david.wren@kleinschmidtgroup.com,141 Main St.,Pittsfield,Maine,4967,United States,26,10/8/2019,47844037,Kleinschmidt Group Inc,Kleinschmidt,www.kleinschmidtgroup.com,(207) 487-3328,141 Main St.,Pittsfield,Maine,4967,United States,Commercial & Residential Construction,Industry.construction.construction,Construction,Industry.construction,19000,Sales.10Mto25M,120,Employees.100to249,89,899,5416,541,"TitleCode.IT,TitleCodeTop.Business,TitleCodeMiddle.Manager,TitleCodeMiddle.Technical,TitleCode.Manager","Manager,Engineering & Technical",https://go.zoominfo.com/#/apps/search/person/results?personProfileId=-2047660367,9fdd5d22845223386007521a4011c829,kleinschmidtgroup.com
-2135420602,Chandra,Sunil,,,,"Manager, Information Technology",719,Information Technology,Manager,,,schandra@landauinc.com,130 2nd Ave. South,Edmonds,Washington,98020,United States,10,10/28/2019,22069989,Landau Associates Inc,Landau,www.landauinc.com,(425) 778-0907,130 2nd Ave. South,Edmonds,Washington,98020,United States,Commercial & Residential Construction,Industry.construction.construction,Construction,Industry.construction,13732,Sales.10Mto25M,147,Employees.100to249,87,871,541,5413,"TitleCode.IT,TitleCodeTop.Business,TitleCodeMiddle.Manager,TitleCodeMiddle.Technical,TitleCode.Manager","Manager,Engineering & Technical",https://go.zoominfo.com/#/apps/search/person/results?personProfileId=-2135420602,53059a7e02c88ca70d18a812a04791db,landauinc.com
-2047206304,Wood,Joel,,,,"Manager, Information Technology",719,Information Technology,Manager,,(254) 492-8118,jwood@lochridgepriest.com,2901 E. INDUSTRIAL Blvd.,Waco,Texas,76705,United States,12,10/30/2019,30393007,Lochridge Priest Inc,Lochbridge Priest,www.lochridgepriest.com,(254) 772-0670,2901 E. INDUSTRIAL Blvd.,Waco,Texas,76705,United States,Commercial & Residential Construction,Industry.construction.construction,Construction,Industry.construction,14200,Sales.10Mto25M,71,Employees.50to99,,,23822,23,"TitleCode.IT,TitleCodeTop.Business,TitleCodeMiddle.Manager,TitleCodeMiddle.Technical,TitleCode.Manager","Manager,Engineering & Technical",https://go.zoominfo.com/#/apps/search/person/results?personProfileId=-2047206304,c14d963a5ecd1fab81515c7b21801fc1,lochridgepriest.com
3339342434,Maddox,Ian,,,,"Director, Information Technology",759,Information Technology,Director,,(205) 380-6817,ianm@mjharris.com,,,Alabama,,United States,1,8/12/2019,69813686,"M.J. Harris , Inc.",M.J. Harris,www.mjharris.com,(205) 380-6800,1 Riverchase Ridge,Birmingham,Alabama,35244,United States,Commercial & Residential Construction,Industry.construction.construction,Construction,Industry.construction,124758,Sales.100MMto250M,82,Employees.50to99,15,152,23,2362,"TitleCode.IT,TitleCodeTop.Business,TitleCodeMiddle.Technical,TitleCode.Director,TitleCodeMiddle.Director","Engineering & Technical,Director",https://go.zoominfo.com/#/apps/search/person/results?personProfileId=3339342434,642d96ca10bad807b73c407ac55ffab0,mjharris.com
1484008434,Baswell,Chris,,,,"Director, Information Technology",759,Information Technology,Director,,(205) 380-6819,chrisb@mjharris.com,1 Riverchase Ridge,Birmingham,Alabama,35244,United States,27,10/30/2019,69813686,"M.J. Harris , Inc.",M.J. Harris,www.mjharris.com,(205) 380-6800,1 Riverchase Ridge,Birmingham,Alabama,35244,United States,Commercial & Residential Construction,Industry.construction.construction,Construction,Industry.construction,124758,Sales.100MMto250M,82,Employees.50to99,15,152,23,2362,"TitleCode.IT,TitleCodeTop.Business,TitleCodeMiddle.Technical,TitleCode.Director,TitleCodeMiddle.Director","Engineering & Technical,Director",https://go.zoominfo.com/#/apps/search/person/results?personProfileId=1484008434,35194c7a015534df5bc597e4641c4197,mjharris.com
3043957016,Hodina,Eric,,,,"Manager, Information Technology Operations",719,Operations,Manager,,(641) 522-9206 ext. 349,erich@manatts.com,,,Iowa,,United States,5,10/21/2019,121128274,Manatts Inc,Manatts,www.manatts.com,(641) 522-9206,1775 Old 6 Rd.,Brooklyn,Iowa,52211,United States,Construction General,Industry.construction.general,Construction,Industry.construction,386865,Sales.250Mto500M,700,Employees.500to999,16,161,237310,423390,"TitleCodeMiddle.Manager,TitleCode.Operations,TitleCodeTop.Business,TitleCode.IT,TitleCodeMiddle.Operations,TitleCodeMiddle.Technical,TitleCode.Manager","Operations,Manager",https://go.zoominfo.com/#/apps/search/person/results?personProfileId=3043957016,67c31c6f31bf075fe3676a187fd1d3b2,manatts.com
3009659761,Schooley,Mike,,,,"Director, IT Infrastructure",759,Information Technology,Director,,(651) 443-5701,mike.schooley@mastec.com,,,Minnesota,,United States,6,10/14/2019,24003054,MasTec Inc,MasTec,www.mastec.com,(305) 599-1800,800 S. Douglas Rd. 10th Fl.,Coral Gables,Florida,33134,United States,"Energy, Utilities & Waste Treatment General",Industry.energy.general,"Energy, Utilities & Waste Treatment",Industry.energy,6909417,Sales.5GPlus,19000,Employees.10000plus,16,162,2379,221,"TitleCode.IT,TitleCodeTop.Business,TitleCodeMiddle.Technical,TitleCode.Director,TitleCodeMiddle.Director","Engineering & Technical,Director",https://go.zoominfo.com/#/apps/search/person/results?personProfileId=3009659761,0b692671cf4a64485c0c5911056ea4d8,mastec.com
-1763031279,vanNatta,Sean,,,,"Manager, Information Technology",719,Information Technology,Manager,,(651) 634-4661,sean.vannatta@mcgough.com,2737 Fairview Ave. North,Roseville,Minnesota,55113,United States,25,11/1/2019,33702953,McGough Companies,McGough,www.mcgough.com,(651) 633-5050,2737 Fairview Ave. North,Saint Paul,Minnesota,55113,United States,Commercial & Residential Construction,Industry.construction.construction,Construction,Industry.construction,445566,Sales.250Mto500M,400,Employees.250to499,15,154,5411,238990,"TitleCode.IT,TitleCodeTop.Business,TitleCodeMiddle.Manager,TitleCodeMiddle.Technical,TitleCode.Manager","Manager,Engineering & Technical",https://go.zoominfo.com/#/apps/search/person/results?personProfileId=-1763031279,2dbaefd62681a4bbfa92f5a75c99fcdb,mcgough.com
2813010962,Saylor,Erik,,,,"Manager, Information Technology",719,Information Technology,Manager,,(757) 487-5858 ext. 1031,esaylor@mebgc.com,4016 Holland Blvd.,Chesapeake,Virginia,23323,United States,7,10/16/2019,24936619,MEB General Contractors Inc,MEB,www.mebgc.com,(757) 487-5858,4016 Holland Blvd.,Chesapeake,Virginia,23323,United States,Commercial & Residential Construction,Industry.construction.construction,Construction,Industry.construction,47530,Sales.25Mto50M,83,Employees.50to99,15,154,23,2362,"TitleCode.IT,TitleCodeTop.Business,TitleCodeMiddle.Manager,TitleCodeMiddle.Technical,TitleCode.Manager","Manager,Engineering & Technical",https://go.zoominfo.com/#/apps/search/person/results?personProfileId=2813010962,728dc3d460ff3b15d0bd61b05a01b581,mebgc.com
-1809587966,Petrik,Jennifer,,,,"Director, Information Technology",759,Information Technology,Director,,(586) 264-0950,jenniferp@mmidoor.com,6361 Sterling Dr. N,Sterling Heights,Michigan,48312,United States,7,10/24/2019,76645040,MMI DOOR Inc,MMI,www.mmidoor.com,(800) 686-9218,6361 Sterling Dr. N,Sterling Heights,Michigan,48312,United States,Construction General,Industry.construction.general,Home Improvement & Hardware Retail,Industry.retail.hardware,,,200,Employees.100to249,50,503,444,423310,"TitleCode.IT,TitleCodeTop.Business,TitleCodeMiddle.Technical,TitleCode.Director,TitleCodeMiddle.Director","Engineering & Technical,Director",https://go.zoominfo.com/#/apps/search/person/results?personProfileId=-1809587966,cf7b39899ceeeb497b8bb4da1e4a9674,mmidoor.com
-952066375,Natal,Frank,,,,"Manager, Information Technology",719,Information Technology,Manager,,(310) 668-1404,fnatal@murraycompany.com,18414 South Santa Fe Ave.,East Rancho Dominguez,California,90221,United States,19,10/14/2019,344551159,Murray LLP,Murray,www.murraycompany.com,(310) 637-1500,18414 South Santa Fe Ave.,East Rancho Dominguez,California,90221,United States,Commercial & Residential Construction,Industry.construction.construction,Construction,Industry.construction,300000,Sales.250Mto500M,280,Employees.250to499,87,871,56,5413,"TitleCode.IT,TitleCodeTop.Business,TitleCodeMiddle.Manager,TitleCodeMiddle.Technical,TitleCode.Manager","Manager,Engineering & Technical",https://go.zoominfo.com/#/apps/search/person/results?personProfileId=-952066375,1cd27015436547736b10b2a5c08bc952,murraycompany.com
1783054396,Schafer,David,J.,Mr.,,"Director, Information Technology",759,Information Technology,Director,,(573) 642-6087 ext. 1046,dschafer@occimofab.com,,Columbia,Missouri,,United States,31,10/18/2019,344083280,OCCI Inc,OCCI,www.occimofab.com,(573) 642-6087,3200 County Rd. 257,Fulton,Missouri,65251,United States,Commercial & Residential Construction,Industry.construction.construction,Construction,Industry.construction,34928,Sales.25Mto50M,153,Employees.100to249,,,332,3323,"TitleCode.IT,TitleCodeTop.Business,TitleCodeMiddle.Technical,TitleCode.Director,TitleCodeMiddle.Director","Engineering & Technical,Director",https://go.zoominfo.com/#/apps/search/person/results?personProfileId=1783054396,6955eb55efa44cea2ff41d159a745768,occimofab.com
1226761873,Dotson,Pam,,,,"Director, IT Services",759,Information Technology,Director,,(636) 561-9554,pjdotson@paric.com,77 Westport Plz. Ste. 250,St. Louis,Missouri,63146,United States,33,43517,87262289,PARIC Corporation,PARIC,www.paric.com,(636) 561-9500,77 Westport Plz. Ste. 250,St. Louis,Missouri,63146,United States,Commercial & Residential Construction,Industry.construction.construction,Construction,Industry.construction,110000,Sales.100MMto250M,300,Employees.250to499,15,154,541,5413,"TitleCode.IT,TitleCodeTop.Business,TitleCodeMiddle.Technical,TitleCode.Director,TitleCodeMiddle.Director","Engineering & Technical,Director",https://go.zoominfo.com/#/apps/search/person/results?personProfileId=1226761873,1e024c7ed0996dce4a6ba03a2c857e8f,paric.com
1738714119,Gallivan,Dan,,,,"Director, Information Technology",759,Information Technology,Director,,(617) 895-1324,dgallivan@payette.com,290 Congress St. Fifth Fl.,Boston,Massachusetts,2210,United States,35,10/24/2019,29803127,Payette,Payette,www.payette.com,(617) 895-1000,290 Congress St. Fifth Fl.,Boston,Massachusetts,2210,United States,"Architecture, Engineering & Design",Industry.construction.architecture,Construction,Industry.construction,44195,Sales.25Mto50M,232,Employees.100to249,87,871,561499,56149,"TitleCode.IT,TitleCodeTop.Business,TitleCodeMiddle.Technical,TitleCode.Director,TitleCodeMiddle.Director","Engineering & Technical,Director",https://go.zoominfo.com/#/apps/search/person/results?personProfileId=1738714119,44dea955635a2419b13703c7b8b584fd,payette.com
583485996,Ho,Alan,,,,"Co-Director, Information Technology",759,Information Technology,Director,,(212) 353-7388,a.ho@perkinseastman.com,115 Fifth Ave.,New York City,New York,10003,United States,36,8/1/2019,82936364,Perkins Eastman company,Perkins Eastman,www.perkinseastman.com,(212) 353-7200,115 Fifth Ave.,New York City,New York,10003,United States,"Architecture, Engineering & Design",Industry.construction.architecture,Construction,Industry.construction,,,1000,Employees.1000to4999,73,87,541420,541,"TitleCode.IT,TitleCodeTop.Business,TitleCodeMiddle.Technical,TitleCode.Director,TitleCodeMiddle.Director","Engineering & Technical,Director",https://go.zoominfo.com/#/apps/search/person/results?personProfileId=583485996,70599d6191e6c9425ec2070f39c2c8e3,perkinseastman.com
1104095425,Peter,Jeff,M.,,,"Director, Information Technology & Senior Associate",760,Information Technology,Director,,(414) 410-2962,jpeter@prarch.com,11000 West Park Pl.,Milwaukee,Wisconsin,53224,United States,43,43545,30720909,Plunkett Raysich Architects LLP,PRA,www.prarch.com,(414) 359-3060,209 South Water St.,Milwaukee,Wisconsin,53204,United States,"Architecture, Engineering & Design",Industry.construction.architecture,Construction,Industry.construction,19242,Sales.10Mto25M,236,Employees.100to249,73,738,541,5414,"TitleCodeMiddle.Construction,TitleCodeTop.Services,TitleCodeMiddle.Director,TitleCodeTop.Business,TitleCode.Construction,TitleCode.IT,TitleCodeMiddle.Technical,TitleCode.Director","Engineering & Technical,Director",https://go.zoominfo.com/#/apps/search/person/results?personProfileId=1104095425,a5b673219e9b396d4a64edf53e2b3a48,prarch.com
-1910739350,Hawkins,Nathifa,,,,"Manager, Information Technology",719,Information Technology,Manager,,(315) 748-7710,nhawkins@prudenteng.com,6390 Fly Rd.,East Syracuse,New York,13057,United States,23,10/29/2019,56935567,Prudent Engineering LLP,Prudent Engineering,www.prudenteng.com,(315) 748-7700,6390 Fly Rd.,East Syracuse,New York,13057,United States,Construction General,Industry.construction.general,Construction,Industry.construction,17350,Sales.10Mto25M,76,Employees.50to99,,,,,"TitleCode.IT,TitleCodeTop.Business,TitleCodeMiddle.Manager,TitleCodeMiddle.Technical,TitleCode.Manager","Manager,Engineering & Technical",https://go.zoominfo.com/#/apps/search/person/results?personProfileId=-1910739350,d1d7e4873e37e12a4a18fb3f435bd26a,prudenteng.com
1643316649,Tran,Dave,,,,"Director, Information Technology",759,Information Technology,Director,,(949) 222-3713,dtran@rdolson.com,400 Spectrum Center Dr. Ste. 1200,Irvine,California,92618,United States,18,10/27/2019,100139593,R.D. OLSON,R.D. Olson,www.rdolson.com,(949) 271-1100,"520 Newport Center Dr., Ste. 600",Newport Beach,California,92660,United States,Commercial & Residential Construction,Industry.construction.construction,Construction,Industry.construction,,,123,Employees.100to249,15,154,23,2362,"TitleCode.IT,TitleCodeTop.Business,TitleCodeMiddle.Technical,TitleCode.Director,TitleCodeMiddle.Director","Engineering & Technical,Director",https://go.zoominfo.com/#/apps/search/person/results?personProfileId=1643316649,ec7e46cfca3f4cd4f36d7f94c99888f0,rdolson.com
370933010,Fabrin,Jann,,,,"Director, Information Technology",759,Information Technology,Director,,(408) 294-8000 ext. 118,jfabrin@rmw.com,"40 South Market St., 4th Fl.",San Jose,California,95113,United States,25,11/1/2019,87491081,RMW incorporated,RMW,www.rmw.com,(415) 781-9800,160 PINE St.,San Francisco,California,94111,United States,"Architecture, Engineering & Design",Industry.construction.architecture,Construction,Industry.construction,16001,Sales.10Mto25M,84,Employees.50to99,73,738,541,5414,"TitleCode.IT,TitleCodeTop.Business,TitleCodeMiddle.Technical,TitleCode.Director,TitleCodeMiddle.Director","Engineering & Technical,Director",https://go.zoominfo.com/#/apps/search/person/results?personProfileId=370933010,06f64bb066fb09e9da7f127183d10903,rmw.com
-1312872687,Chan,James,T.,,,"Manager, Information Technology",719,Information Technology,Manager,,(650) 887-6613,jchan@rsecorp.com,,San Francisco,California,,United States,8,11/1/2019,236569023,RSE Inc,RSE,www.rsecorp.com,(650) 637-9500,1075 Old County Rod Ste. D,Belmont,California,94002,United States,Commercial & Residential Construction,Industry.construction.construction,Construction,Industry.construction,4565,Sales.1Mto5M,20,Employees.20to49,,,,,"TitleCode.IT,TitleCodeTop.Business,TitleCodeMiddle.Manager,TitleCodeMiddle.Technical,TitleCode.Manager","Manager,Engineering & Technical",https://go.zoominfo.com/#/apps/search/person/results?personProfileId=-1312872687,1ac3ced740c47a99cf999697910ce7f5,rsecorp.com
2351092391,Samuels,Oralando,,,,"Director, Information Technology",759,Information Technology,Director,,,ors@shoparc.com,,,,,,3,9/30/2019,108511688,SHoP Architects,SHoP Architects,www.shoparc.com,(212) 889-9005,233 Broadway 11th Fl.,New York City,New York,10279,United States,"Architecture, Engineering & Design",Industry.construction.architecture,Construction,Industry.construction,14096,Sales.10Mto25M,74,Employees.50to99,8712,871,541,5413,"TitleCode.IT,TitleCodeTop.Business,TitleCodeMiddle.Technical,TitleCode.Director,TitleCodeMiddle.Director","Engineering & Technical,Director",https://go.zoominfo.com/#/apps/search/person/results?personProfileId=2351092391,b5dff7469d018d7239b2012a90ea1230,shoparc.com
350627565,Edwards,Steven,,Mr.,,"Director, Information Technology",759,Information Technology,Director,,(312) 896-1147,steven.edwards@scb.com,625 N. Michigan Ave. Ste. 800,Chicago,Illinois,60611,United States,52,10/2/2019,34029969,Solomon Cordwell Buenz,SCB,www.scb.com,(312) 896-1100,625 N. Michigan Ave. Ste. 800,Chicago,Illinois,60611,United States,"Architecture, Engineering & Design",Industry.construction.architecture,Construction,Industry.construction,43623,Sales.25Mto50M,229,Employees.100to249,87,871,541,5413,"TitleCode.IT,TitleCodeTop.Business,TitleCodeMiddle.Technical,TitleCode.Director,TitleCodeMiddle.Director","Engineering & Technical,Director",https://go.zoominfo.com/#/apps/search/person/results?personProfileId=350627565,bac8b58cbf7ee270ecbc3de1b18f9f0b,scb.com
2111485484,Williams,Jerrod,,,,"Manager, Information Technology",719,Information Technology,Manager,,,jwilliams@radoscompanies.com,2002 East McFadden Ave. Ste. 200,Santa Ana,California,92705,United States,50,10/31/2019,100845076,"Steve P. Rados , Inc.",Steve P. Rados,www.radoscompanies.com,(714) 835-4612,2002 East McFadden Ave. Ste. 200,Santa Ana,California,92705,United States,"Energy, Utilities & Waste Treatment General",Industry.energy.general,Construction General,Industry.construction.general,76380,Sales.50Mto100M,75,Employees.50to99,16,162,237310,221,"TitleCode.IT,TitleCodeTop.Business,TitleCodeMiddle.Manager,TitleCodeMiddle.Technical,TitleCode.Manager","Manager,Engineering & Technical",https://go.zoominfo.com/#/apps/search/person/results?personProfileId=2111485484,2ec20503e56685e0500c99cb3332c4e7,radoscompanies.com
3589845,Chamberlain,Gary,L.,,,"Director, Information Technology",759,Information Technology,Director,,(407) 423-5355,gchamberlain@strolloarchitects.com,,Orlando,Florida,,United States,29,10/11/2019,60752831,Strollo Architects Inc,Strollo,www.strolloarchitects.com,(330) 743-1177,201 W Federal St.,Youngstown,Ohio,44503,United States,"Architecture, Engineering & Design",Industry.construction.architecture,Construction,Industry.construction,4762,Sales.1Mto5M,25,Employees.20to49,8712,871,541,5413,"TitleCode.IT,TitleCodeTop.Business,TitleCodeMiddle.Technical,TitleCode.Director,TitleCodeMiddle.Director","Engineering & Technical,Director",https://go.zoominfo.com/#/apps/search/person/results?personProfileId=3589845,21826998874e6ac95579b4c231428399,strolloarchitects.com
-1795404089,Au,Willard,,,,"Project Manager, Information Technology",719,Information Technology,Manager,,(917) 534-8781,willard.au@structuretone.com,330 West 34th St.,New York City,New York,10001,United States,17,10/17/2019,51184112,Structure Tone Inc,Structure Tone,www.structuretone.com,(212) 481-6100,330 West 34th St.,New York City,New York,10001,United States,Construction General,Industry.construction.general,Construction,Industry.construction,4000000,Sales.1Gto5G,2200,Employees.1000to4999,73,738,23611,541,"TitleCode.ProjectManagement,TitleCodeMiddle.Manager,TitleCodeTop.Business,TitleCode.IT,TitleCodeMiddle.Operations,TitleCodeMiddle.Technical,TitleCode.Manager","Operations,Manager",https://go.zoominfo.com/#/apps/search/person/results?personProfileId=-1795404089,b1758b2a36026914da3d592c4977b5dc,structuretone.com
411780793,Barber,Stephen,R.,,,"Senior Director, Information Technology",763,Information Technology,Director,,(212) 251-9475,sbarber@structuretone.com,330 West 34th St.,New York City,New York,10001,United States,43,10/21/2019,51184112,Structure Tone Inc,Structure Tone,www.structuretone.com,(212) 481-6100,330 West 34th St.,New York City,New York,10001,United States,Construction General,Industry.construction.general,Construction,Industry.construction,4000000,Sales.1Gto5G,2200,Employees.1000to4999,73,738,23611,541,"TitleCode.IT,TitleCodeTop.Business,TitleCodeMiddle.Technical,TitleCode.Director,TitleCodeMiddle.Director","Engineering & Technical,Director",https://go.zoominfo.com/#/apps/search/person/results?personProfileId=411780793,6370a3d0eb61319d8dcad2280697158e,structuretone.com
1825369486,Traut,Brian,,,,"Senior Manager, Information Technology",723,Information Technology,Manager,,(512) 895-5102,btraut@sam.biz,"4801 Southwest Pkwy., Bldg. Two, Ste. 100",Austin,Texas,78735,United States,51,10/28/2019,49086472,Surveying And Mapping LLC,SAM,www.sam.biz,(512) 447-0575,4801 Sw Pkwy. Ste. 100,Austin,Texas,78735,United States,"Architecture, Engineering & Design",Industry.construction.architecture,Construction,Industry.construction,67800,Sales.50Mto100M,900,Employees.500to999,87,871,541,541370,"TitleCode.IT,TitleCodeTop.Business,TitleCodeMiddle.Manager,TitleCodeMiddle.Technical,TitleCode.Manager","Manager,Engineering & Technical",https://go.zoominfo.com/#/apps/search/person/results?personProfileId=1825369486,92fb8af187038541312840a83a49b559,sam.biz
-1200831215,Bergeman,William,,,,"Manager, Information Technology Implementation",719,Information Technology,Manager,,(480) 214-7380,wbergeman@taylormorrison.com,"4900 N. SCOTTSDALE Rd., Ste. 2000",Scottsdale,Arizona,85251,United States,10,10/24/2019,343608825,Taylor Morrison Home Corporation,Taylor Morrison,www.taylormorrison.com,(480) 840-8100,"4900 N. SCOTTSDALE Rd., Ste. 2000",Scottsdale,Arizona,85251,United States,Commercial & Residential Construction,Industry.construction.construction,Construction,Industry.construction,4227393,Sales.1Gto5G,2300,Employees.1000to4999,15,153,55,238990,"TitleCode.IT,TitleCodeTop.Business,TitleCodeMiddle.Manager,TitleCodeMiddle.Technical,TitleCode.Manager","Manager,Engineering & Technical",https://go.zoominfo.com/#/apps/search/person/results?personProfileId=-1200831215,a6614165669461955adc7332d3d01a5a,taylormorrison.com
1926857669,Fendenheim,Jon,,,,"Director, Information Technology Operations",759,Operations,Director,,(480) 822-6686,jfendenheim@taylormorrison.com,"4900 N. SCOTTSDALE Rd., Ste. 2000",Scottsdale,Arizona,85251,United States,62,6/19/2019,343608825,Taylor Morrison Home Corporation,Taylor Morrison,www.taylormorrison.com,(480) 840-8100,"4900 N. SCOTTSDALE Rd., Ste. 2000",Scottsdale,Arizona,85251,United States,Commercial & Residential Construction,Industry.construction.construction,Construction,Industry.construction,4227393,Sales.1Gto5G,2300,Employees.1000to4999,15,153,55,238990,"TitleCode.Operations,TitleCodeMiddle.Director,TitleCodeTop.Business,TitleCode.IT,TitleCodeMiddle.Operations,TitleCodeMiddle.Technical,TitleCode.Director","Operations,Director",https://go.zoominfo.com/#/apps/search/person/results?personProfileId=1926857669,5f4ec2c78ab85023b3af2c34c87c9c75,taylormorrison.com
805615966,Iliev,Kirk,,,,"Senior Project Manager, Information Technology Implementation",723,Information Technology,Manager,,(510) 250-6698,kirk.iliev@teecom.com,1333 Broadway Ste. 601,Oakland,California,94612,United States,53,10/18/2019,37749401,TEECOM Inc,TEECOM,www.teecom.com,(510) 337-2800,1333 Broadway Ste. 601,Oakland,California,94612,United States,Commercial & Residential Construction,Industry.construction.construction,Construction,Industry.construction,,,117,Employees.100to249,87,871,541,5413,"TitleCode.ProjectManagement,TitleCodeMiddle.Manager,TitleCodeTop.Business,TitleCode.IT,TitleCodeMiddle.Operations,TitleCodeMiddle.Technical,TitleCode.Manager","Operations,Manager",https://go.zoominfo.com/#/apps/search/person/results?personProfileId=805615966,a0cd3a5d35eddb5f062846ed05bd850e,teecom.com
1753346064,Peterson,Mike,,,,"Manager, Information Technology",719,Information Technology,Manager,,(920) 225-6363,mike.peterson@boldt.com,,Greenville,Wisconsin,54942-8035,United States,65,9/30/2019,5145723,The Boldt Company,The Boldt Company,www.theboldtcompany.com,(920) 739-6321,2525 N. Roemer Rd.,Appleton,Wisconsin,54911,United States,Construction,Industry.construction,Commercial & Residential Construction,Industry.construction.construction,1500000,Sales.1Gto5G,2000,Employees.1000to4999,15,154,23,2362,"TitleCode.IT,TitleCodeTop.Business,TitleCodeMiddle.Manager,TitleCodeMiddle.Technical,TitleCode.Manager","Manager,Engineering & Technical",https://go.zoominfo.com/#/apps/search/person/results?personProfileId=1753346064,a53a9f4ddc5db2d2923443b1d1ab92f1,boldt.com
1773136799,Haines,Matt,,,,"Manager, Information Technology",719,Information Technology,Manager,,(859) 578-4315,mhaines@dreeshomes.com,211 Grandview Dr.,Ft Mitchell,Kentucky,41017,United States,25,10/28/2019,11829303,The Drees Company,Drees Homes,www.dreeshomes.com,(859) 578-4200,211 Grandview Dr.,Ft Mitchell,Kentucky,41017,United States,Commercial & Residential Construction,Industry.construction.construction,Construction,Industry.construction,,,807,Employees.500to999,15,153,23611,23,"TitleCode.IT,TitleCodeTop.Business,TitleCodeMiddle.Manager,TitleCodeMiddle.Technical,TitleCode.Manager","Manager,Engineering & Technical",https://go.zoominfo.com/#/apps/search/person/results?personProfileId=1773136799,ab51fcfa8772b3c69f9271374bcb91f5,dreeshomes.com
1233219340,Sinnwell,Ryan,,,,"Senior IT Manager, Infrastructure",723,Information Technology,Manager,,(515) 698-4281,ryan.sinnwell@weitz.com,"420 Watson Powell Jr. Way, Ste. 100",Des Moines,Iowa,50309,United States,79,11/1/2019,41812250,The Weitz Company,Weitz,www.weitz.com,(515) 698-4260,"420 Watson Powell Jr. Way, Ste. 100",Des Moines,Iowa,50309,United States,Commercial & Residential Construction,Industry.construction.construction,Construction,Industry.construction,,,1000,Employees.1000to4999,16,162,5259,23,"TitleCode.IT,TitleCodeTop.Business,TitleCodeMiddle.Manager,TitleCodeMiddle.Technical,TitleCode.Manager","Manager,Engineering & Technical",https://go.zoominfo.com/#/apps/search/person/results?personProfileId=1233219340,5bc8a869eddce41d2aec833db739c2ba,weitz.com
1965143865,Sellman,Mike,,,,"Manager, IT Operations",719,Operations,Manager,,(240) 297-3145,mike.sellman@whiting-turner.com,300 East Joppa Rd.,Towson,Maryland,21286,United States,32,10/28/2019,111378548,The Whiting-Turner Contracting Company,Whiting-Turner,www.whiting-turner.com,(410) 821-1100,300 East Joppa Rd.,Towson,Maryland,21286,United States,Construction General,Industry.construction.general,Construction,Industry.construction,5500000,Sales.5GPlus,2500,Employees.1000to4999,17,179,2379,238990,"TitleCodeMiddle.Manager,TitleCode.Operations,TitleCodeTop.Business,TitleCode.IT,TitleCodeMiddle.Operations,TitleCodeMiddle.Technical,TitleCode.Manager","Operations,Manager",https://go.zoominfo.com/#/apps/search/person/results?personProfileId=1965143865,471d5c4baf75356ffbd711101b5b6f06,whiting-turner.com
-1444309055,Corcoran,Bryan,,,,"Manager, Information Technology",719,Information Technology,Manager,,(804) 200-6407,bryan.corcoran@timmons.com,1001 Boulders Pkwy. Ste. 300,Richmond,Virginia,23225,United States,28,10/10/2019,84541582,Timmons Group Inc,Timmons Group,www.timmons.com,(804) 200-6500,1001 Boulders Pkwy. Ste. 300,Richmond,Virginia,23225,United States,Construction General,Industry.construction.general,Construction,Industry.construction,86400,Sales.50Mto100M,541,Employees.500to999,16,162,2379,541320,"TitleCode.IT,TitleCodeTop.Business,TitleCodeMiddle.Manager,TitleCodeMiddle.Technical,TitleCode.Manager","Manager,Engineering & Technical",https://go.zoominfo.com/#/apps/search/person/results?personProfileId=-1444309055,d06553d355c167972d7e75584d6dd614,timmons.com
-2115545345,Steckman,Jay,,,,"Manager, Information Technology",719,Information Technology,Manager,,(208) 985-7123,jsteckman@to-engineers.com,2471 S. Titanium Pl.,Meridian,Idaho,83642,United States,16,10/28/2019,353565432,T-O Engineers Inc,T-O Engineers,www.to-engineers.com,(208) 433-1900,2471 S. Titanium Pl.,Meridian,Idaho,83642,United States,Commercial & Residential Construction,Industry.construction.construction,Construction,Industry.construction,22478,Sales.10Mto25M,118,Employees.100to249,87,871,541,5413,"TitleCode.IT,TitleCodeTop.Business,TitleCodeMiddle.Manager,TitleCodeMiddle.Technical,TitleCode.Manager","Manager,Engineering & Technical",https://go.zoominfo.com/#/apps/search/person/results?personProfileId=-2115545345,004b30fa84c4e67f5e7c4c52707d2ccf,to-engineers.com
175678399,Blake,Ron,,,,"Manager, Information Technology",719,Information Technology,Manager,,(269) 492-6710,rblake@towerpinkster.com,242 E Kalamazoo Ave. Ste. 200,Kalamazoo,Michigan,49007,United States,47,11/3/2019,120537443,TowerPinkster incorporated,TowerPinkster,www.towerpinkster.com,(269) 343-6133,242 E Kalamazoo Ave. Ste. 200,Kalamazoo,Michigan,49007,United States,"Architecture, Engineering & Design",Industry.construction.architecture,Construction,Industry.construction,27244,Sales.25Mto50M,129,Employees.100to249,87,871,541,5413,"TitleCode.IT,TitleCodeTop.Business,TitleCodeMiddle.Manager,TitleCodeMiddle.Technical,TitleCode.Manager","Manager,Engineering & Technical",https://go.zoominfo.com/#/apps/search/person/results?personProfileId=175678399,6b0d8ead1048acd1b5f4256013293669,towerpinkster.com
-1336058909,Debelle,Etienne,,,,"Program Manager, Information Technology",719,Information Technology,Manager,,(925) 688-2478,edebelle@trccompanies.com,2300 Clayton Rd. Ste. 610,Concord,California,94520,United States,22,10/16/2019,53822163,TRC Companies Inc,TRC,www.trcsolutions.com,(978) 970-5600,650 Suffolk St.,Lowell,Massachusetts,1854,United States,Software,Industry.software,Software Development & Design,Industry.software.mfg,621000,Sales.500Mto1G,5000,Employees.5000to9999,87,871,221,5416,"TitleCode.ProgramManagement,TitleCodeMiddle.Manager,TitleCodeTop.Business,TitleCode.IT,TitleCodeMiddle.Operations,TitleCodeMiddle.Technical,TitleCode.Manager","Operations,Manager",https://go.zoominfo.com/#/apps/search/person/results?personProfileId=-1336058909,7b6f889cf0e817ec3fcee385ff99d4cc,trccompanies.com
1632695094,Amrhein,Tara,,,,"Project Manager, IT Portfolio",719,Information Technology,Manager,,(952) 470-3655,tara.amrhein@uslbm.com,,Chaska,Minnesota,55318,United States,35,10/28/2019,347674632,US LBM Holdings LLC,US LBM,www.uslbm.com,(847) 353-7800,1000 CORPORATE GROVE Dr.,Buffalo Grove,Illinois,60089,United States,Construction General,Industry.construction.general,Home Improvement & Hardware Retail,Industry.retail.hardware,2000000,Sales.1Gto5G,5000,Employees.5000to9999,50,503,423710,4237,"TitleCode.ProjectManagement,TitleCodeMiddle.Manager,TitleCodeTop.Business,TitleCode.IT,TitleCodeMiddle.Operations,TitleCodeMiddle.Technical,TitleCode.Manager","Operations,Manager",https://go.zoominfo.com/#/apps/search/person/results?personProfileId=1632695094,31c9717955a0a0ea4103daf02be03337,uslbm.com
2156901025,Grimmelikhuijsen,Mark,,,,"Director, IT Security, Governance & Administration",759,Information Technology,Director,,(609) 878-6159,mark.grimmelikhuijsen@uslbm.com,1000 CORPORATE GROVE Dr.,Buffalo Grove,Illinois,60089,United States,17,10/17/2019,347674632,US LBM Holdings LLC,US LBM,www.uslbm.com,(847) 353-7800,1000 CORPORATE GROVE Dr.,Buffalo Grove,Illinois,60089,United States,Construction General,Industry.construction.general,Home Improvement & Hardware Retail,Industry.retail.hardware,2000000,Sales.1Gto5G,5000,Employees.5000to9999,50,503,423710,4237,"TitleCodeMiddle.Administration,TitleCode.Administration,TitleCodeMiddle.Director,TitleCodeTop.Business,TitleCode.IT,TitleCodeMiddle.Technical,TitleCode.Director","Engineering & Technical,Director",https://go.zoominfo.com/#/apps/search/person/results?personProfileId=2156901025,b054a2dd981ecf5ab2c8aa7f32787114,uslbm.com
1818578179,Yearick,Karlton,J.,,,"Manager, Information Technology",719,Information Technology,Manager,,(336) 846-4243,karlton.yearick@jrvannoy.com,1608 us Hwy. 221 north,Jefferson,North Carolina,28640,United States,7,10/28/2019,344711071,Vannoy Construction,Vannoy Construction,www.jrvannoy.com,(336) 846-7191,1608 US Hwy. 221 North,Jefferson,North Carolina,28640,United States,Commercial & Residential Construction,Industry.construction.construction,Construction,Industry.construction,20600,Sales.10Mto25M,103,Employees.100to249,15,152,23611,236115,"TitleCode.IT,TitleCodeTop.Business,TitleCodeMiddle.Manager,TitleCodeMiddle.Technical,TitleCode.Manager","Manager,Engineering & Technical",https://go.zoominfo.com/#/apps/search/person/results?personProfileId=1818578179,a50f670730960c5c572ecba67ab64334,jrvannoy.com
18719245,Loveless,Chris,S.,,,"Director, Integrated Business Services (Information Technology",759,Information Technology,Director,,(864) 941-4830,chris.loveless@velux.com,1418 Evans Pond Rd.,Greenwood,South Carolina,29648-5001,United States,50,10/22/2019,40714556,VELUX Company Ltd,VELUX,www.velux.com,+45 45 16 40 00,Ådalsvej 99,Horsholm,Capital Region,,Denmark,Construction General,Industry.construction.general,Home Improvement & Hardware Retail,Industry.retail.hardware,,,9500,Employees.5000to9999,50,503,444,23816,"TitleCode.IT,TitleCodeTop.Business,TitleCodeMiddle.Technical,TitleCode.Director,TitleCodeMiddle.Director","Engineering & Technical,Director",https://go.zoominfo.com/#/apps/search/person/results?personProfileId=18719245,5f3ad6e4e6eb121fa2a882839520e84a,velux.com
1678729564,Hindle,Kenneth,E.,,,"Director, Information Technology",759,Information Technology,Director,,,khindle@wcpcorp.com,"27300 Haggerty Rd., Ste. F2",Farmington,Michigan,48331,United States,16,43567,354561504,WARNER CANTRELL & PADMOS INC,WCP,www.wcpcorp.com,(248) 848-1666,"27300 Haggerty Rd., Ste. F2",Farmington,Michigan,48331,United States,"Architecture, Engineering & Design",Industry.construction.architecture,Construction,Industry.construction,5333,Sales.5Mto10M,28,Employees.20to49,8712,871,541,5413,"TitleCode.IT,TitleCodeTop.Business,TitleCodeMiddle.Technical,TitleCode.Director,TitleCodeMiddle.Director","Engineering & Technical,Director",https://go.zoominfo.com/#/apps/search/person/results?personProfileId=1678729564,a4e80d9d3ef2d67abc85082385bea40b,wcpcorp.com
1708695779,Toups,Buddy,,,,"Director, Information Technology",759,Information Technology,Director,,(985) 475-1001,btoups@whpacific.com,188838 Hwy. 3235,Galliano,Louisiana,70354,United States,32,8/1/2019,115458215,WHPacific Inc,WHPacific,www.whpacific.com,(505) 247-0294,6501 AMERICAS Pkwy. NE Ste. 400,Albuquerque,New Mexico,87110,United States,"Architecture, Engineering & Design",Industry.construction.architecture,Construction,Industry.construction,62000,Sales.50Mto100M,190,Employees.100to249,78,781,56,5413,"TitleCode.IT,TitleCodeTop.Business,TitleCodeMiddle.Technical,TitleCode.Director,TitleCodeMiddle.Director","Engineering & Technical,Director",https://go.zoominfo.com/#/apps/search/person/results?personProfileId=1708695779,83f231a6c62cfb024d1ef5f5b49291a1,whpacific.com
-1375645311,Karnessis,Dennis,,,,"Manager, CAD & Information Technology Support",719,Technical,Manager,,(631) 434-7900 ext. 156,dk@wiedersum.com,140 Adams Ave. Ste. b14,Hauppauge,New York,11788-3618,United States,12,43524,42156245,Wiedersum Associates Architects PLLC,Wiedersum,www.wiedersum.com,(631) 756-8000,538 Broad Hollow Rd. 4th Fl.,Melville,New York,11747,United States,"Architecture, Engineering & Design",Industry.construction.architecture,Construction,Industry.construction,7048,Sales.5Mto10M,37,Employees.20to49,8712,871,541,5413,"TitleCode.Technical,TitleCodeMiddle.Manager,TitleCodeTop.Business,TitleCode.IT,TitleCodeMiddle.Operations,TitleCode.CustomerRel,TitleCodeMiddle.Technical,TitleCode.Manager","Operations,Manager",https://go.zoominfo.com/#/apps/search/person/results?personProfileId=-1375645311,58d34730091151a2bb0e9b526fa4ca03,wiedersum.com
