Zoom Individual ID,Last name,First name,Middle name,Salutation,Suffix,Job title,Job title hierarchy level,Job Function,Management Level,Company division name,Direct Phone Number,Email address,Person Street,Person City,Person State,Person Zip,Country,Source count,Last updated date,Zoom company ID,Company name,Marketing Friendly Name,Company domain name,Company phone number,Company Street address,Company City,Company State,Company ZIP/Postal code,Company Country,Industry label,Industry hierarchical category,Secondary industry label,Secondary industry hierarchical category,Revenue (in 000s),Revenue Range,Employees,Employees Range,SIC1,SIC2,NAICS1,NAICS2,TitleCode,Highest Level Job Function,Contact Zoom URL,Encrypted Email Address,Email Domain,Query Name
-1877973075,Andrus,Becky,,,,Chief Technology Officer,920,Information Technology,C-Level,,(806) 798-7663,b.andrus@andrusbrothersroofing.com,P.O. Box 64124,Lubbock,Texas,79464,United States,9,4/12/2019,4885045,Andrus Brothers Roofing,Andrus Brothers,www.andrusbrothersroofing.com,(806) 359-5409,7655 W 81ST St.,Amarillo,Texas,79119,United States,Commercial & Residential Construction,Industry.construction.construction,Construction,Industry.construction,7000,Sales.5Mto10M,35,Employees.20to49,,,,,"TitleCode.IT,TitleCodeTop.Business,TitleCodeMiddle.Exec,TitleCodeMiddle.Technical,TitleCode.Exec","C-Level,Engineering & Technical",https://go.zoominfo.com/#/apps/search/person/results?personProfileId=-1877973075,cb96578076bb62b652df48f5bae03cd5,andrusbrothersroofing.com,orbitalprospects4-15
1313485260,Bineham,Brian,,,,Chief Technology Officer,920,Information Technology,C-Level,,,brian@binehamconstruction.com,4171 W 1st Ave.,Eugene,Oregon,97402,United States,10,4/12/2019,14487463,Bineham Construction Inc,Bineham Construction,www.binehamconstruction.com,(541) 484-9405,4171 W 1st Ave.,Eugene,Oregon,97402,United States,Commercial & Residential Construction,Industry.construction.construction,Construction,Industry.construction,4600,Sales.1Mto5M,23,Employees.20to49,,,,,"TitleCode.IT,TitleCodeTop.Business,TitleCodeMiddle.Exec,TitleCodeMiddle.Technical,TitleCode.Exec","C-Level,Engineering & Technical",https://go.zoominfo.com/#/apps/search/person/results?personProfileId=1313485260,973aec31fd710e78f332c854d9c7459a,binehamconstruction.com,orbitalprospects4-15
1585470591,Bent,Brian,A.,,,Chief Technology Officer,920,Information Technology,C-Level,,(954) 583-7690,brian@bnbconstructioninc.com,6148 Nw 11th St.,Sunrise,Florida,33313,United States,9,4/12/2019,347829372,BNB Construction Inc,BNB Construction,www.bnbconstructioninc.com,(954) 583-7690,"5300 NW 12th Ave., Ste. 12",Fort Lauderdale,Florida,33309,United States,Commercial & Residential Construction,Industry.construction.construction,Construction,Industry.construction,600,Sales.500Kto1M,3,Employees.1to4,,,,,"TitleCode.IT,TitleCodeTop.Business,TitleCodeMiddle.Exec,TitleCodeMiddle.Technical,TitleCode.Exec","C-Level,Engineering & Technical",https://go.zoominfo.com/#/apps/search/person/results?personProfileId=1585470591,d9b41f2540ab0e77db26e3773fad9bc7,bnbconstructioninc.com,orbitalprospects4-15
868092170,Baldinger,Ilan,,,,Chief Technology Officer,920,Information Technology,C-Level,,(480) 777-7528,ilan@baldinger-studio.com,1524 E Caroline Ln.,Tempe,Arizona,85284,United States,32,4/12/2019,7440904,Baldinger Architectural Studio Inc,Baldinger Studio,www.baldinger-studio.com,(480) 777-7528,1524 E Caroline Ln.,Tempe,Arizona,85284,United States,"Architecture, Engineering & Design",Industry.construction.architecture,Construction,Industry.construction,400,Sales.under500K,2,Employees.1to4,8712,871,541,5413,"TitleCode.IT,TitleCodeTop.Business,TitleCodeMiddle.Exec,TitleCodeMiddle.Technical,TitleCode.Exec","C-Level,Engineering & Technical",https://go.zoominfo.com/#/apps/search/person/results?personProfileId=868092170,1dd08bfe11e420ffc7d714ca53dc0091,baldinger-studio.com,orbitalprospects4-15
-1979500683,Smith,Jim,,,,Chief Technology Officer,920,Information Technology,C-Level,,(609) 465-8787,jsmith@universalsupply.com,582 S Egg Harbor Rd.,Hammonton,New Jersey,8037,United States,4,4/11/2019,124682618,Universal Supply Co,Universal Supply,www.universalsupply.com,(609) 561-6300,582 S Egg Harbor Rd.,Hammonton,New Jersey,8037,United States,Construction General,Industry.construction.general,Home Improvement & Hardware Retail,Industry.retail.hardware,34400,Sales.25Mto50M,172,Employees.100to249,50,503,444,44,"TitleCode.IT,TitleCodeTop.Business,TitleCodeMiddle.Exec,TitleCodeMiddle.Technical,TitleCode.Exec","C-Level,Engineering & Technical",https://go.zoominfo.com/#/apps/search/person/results?personProfileId=-1979500683,dcc8d876d5996412d67853ccf9637bf1,universalsupply.com,orbitalprospects4-15
934884284,Beicker,Lacey,,,,Chief Technology Officer,920,Information Technology,C-Level,,(210) 829-4099,lacey@beicker.com,"2702 N Loop 1604 E, Ste. 201",San Antonio,Texas,78232,United States,19,4/12/2019,8440197,Beicker Consultants LLC,Biecker,www.beicker.com,(210) 824-2908,"2702 N Loop 1604 E, Ste. 201",San Antonio,Texas,78232,United States,Construction,Industry.construction,Commercial & Residential Construction,Industry.construction.construction,6200,Sales.5Mto10M,31,Employees.20to49,8712,871,541,5413,"TitleCode.IT,TitleCodeTop.Business,TitleCodeMiddle.Exec,TitleCodeMiddle.Technical,TitleCode.Exec","C-Level,Engineering & Technical",https://go.zoominfo.com/#/apps/search/person/results?personProfileId=934884284,667333b66da3133e4482f73dc71973b7,beicker.com,orbitalprospects4-15
1834207298,Hauck,Nicholas,,,,Chief Technology Officer,920,Information Technology,C-Level,,(605) 413-4257,nhauck@siouxfallstower.com,4300 N. Northview Ave.,Sioux Falls,South Dakota,57107,United States,11,4/12/2019,223150330,Sioux Falls Tower Company,Sioux Falls Tower,www.siouxfallstower.com,(605) 331-6972,4300 N. Northview Ave.,Sioux Falls,South Dakota,57107,United States,Commercial & Residential Construction,Industry.construction.construction,Construction,Industry.construction,21600,Sales.10Mto25M,90,Employees.50to99,,,,,"TitleCode.IT,TitleCodeTop.Business,TitleCodeMiddle.Exec,TitleCodeMiddle.Technical,TitleCode.Exec","C-Level,Engineering & Technical",https://go.zoominfo.com/#/apps/search/person/results?personProfileId=1834207298,5cd928aa453404970459aabd8cb9c32f,siouxfallstower.com,orbitalprospects4-15
-1390639783,Bass,Patrick,D.,,,Chief Technology Officer,920,Information Technology,C-Level,,(318) 219-1814,pbass@newmaninc.com,2800 Youree Dr. Ste. 310,Shreveport,Louisiana,71104,United States,11,4/12/2019,83805337,Newman Marchive Carlisle Incorporated,NMC,www.newmaninc.com,(318) 219-1814,"2800 Youree Dr., Ste. 310",Shreveport,Louisiana,71104,United States,"Architecture, Engineering & Design",Industry.construction.architecture,Construction,Industry.construction,4200,Sales.1Mto5M,21,Employees.20to49,8712,871,541,5413,"TitleCode.IT,TitleCodeTop.Business,TitleCodeMiddle.Exec,TitleCodeMiddle.Technical,TitleCode.Exec","C-Level,Engineering & Technical",https://go.zoominfo.com/#/apps/search/person/results?personProfileId=-1390639783,f8b4fc6265f3c9e2e6df549c14fbe6a1,newmaninc.com,orbitalprospects4-15
1707494934,Beagles,Tom,,,,Chief Technology Officer,920,Information Technology,C-Level,,,tbeagles@jamesacummings.com,15901 OLDEN St.,Sylmar,California,91342,United States,25,4/11/2019,353953399,Tutor Perini Corporation,Tutor Perini,www.tutorperini.com,(818) 362-8391,15901 OLDEN St.,Sylmar,California,91342,United States,Commercial & Residential Construction,Industry.construction.construction,Construction,Industry.construction,4757208,Sales.1Gto5G,10061,Employees.10000plus,15,154,23,2362,"TitleCode.IT,TitleCodeTop.Business,TitleCodeMiddle.Exec,TitleCodeMiddle.Technical,TitleCode.Exec","C-Level,Engineering & Technical",https://go.zoominfo.com/#/apps/search/person/results?personProfileId=1707494934,588b0a300d9ef1f20cdefddb44712e6c,jamesacummings.com,orbitalprospects4-15
-1525904079,Beary,Adam,,,,Chief Technology Officer,920,Information Technology,C-Level,,,adam.beary@coxwalker.com,8922 Jefferson Hwy.,Baton Rouge,Louisiana,70809,United States,9,4/12/2019,30952200,Cox-Walker & Associates Inc,Cox-Walker,www.coxwalker.com,(225) 927-0094,8922 Jefferson Hwy.,Baton Rouge,Louisiana,70809,United States,"Architecture, Engineering & Design",Industry.construction.architecture,Construction,Industry.construction,4800,Sales.1Mto5M,24,Employees.20to49,8712,871,541,5413,"TitleCode.IT,TitleCodeTop.Business,TitleCodeMiddle.Exec,TitleCodeMiddle.Technical,TitleCode.Exec","C-Level,Engineering & Technical",https://go.zoominfo.com/#/apps/search/person/results?personProfileId=-1525904079,2f4e085cd66b1d604e119194912fae1f,coxwalker.com,orbitalprospects4-15
-2045382380,Ayala,Adolfo,,,,Owner and Chief Technical Officer,920,Information Technology,C-Level,,(818) 305-6002,adolfo@activenetworx.net,4570 Van Nuys Blvd. #567,Sherman Oaks,California,91403,United States,29,4/12/2019,355406242,Active Networks LLC,Active Networks,www.activenetworx.net,(800) 928-0357,4570 Van Nuys Blvd. #567,Sherman Oaks,California,91403,United States,Commercial & Residential Construction,Industry.construction.construction,Construction,Industry.construction,400,Sales.under500K,2,Employees.1to4,,,,,"TitleCode.Exec,TitleCodeTop.Business,TitleCode.IT,TitleCode.Owner,TitleCodeMiddle.Exec,TitleCodeMiddle.Technical,TitleCodeMiddle.TopExec","Engineering & Technical,General Management",https://go.zoominfo.com/#/apps/search/person/results?personProfileId=-2045382380,346e559f39e65c83f31383b12dbc7c37,activenetworx.net,orbitalprospects4-15
1244024543,Mattern,Bryan,,,,Chief Technology Officer and Co-Founder,920,Information Technology,C-Level,,(888) 849-2583,bmattern@oxblue.com,1777 Ellsworth Industrial Blvd. Nw,Atlanta,Georgia,30318,United States,34,4/11/2019,186090074,OxBlue Corporation,OxBlue,www.oxblue.com,(404) 917-0200,1777 Ellsworth Industrial Blvd. Nw,Atlanta,Georgia,30318,United States,Commercial & Residential Construction,Industry.construction.construction,Construction,Industry.construction,,,83,Employees.50to99,,,,,"TitleCode.Founder,TitleCode.Exec,TitleCodeTop.Business,TitleCode.IT,TitleCodeMiddle.Exec,TitleCodeMiddle.Technical,TitleCodeMiddle.TopExec","Engineering & Technical,General Management",https://go.zoominfo.com/#/apps/search/person/results?personProfileId=1244024543,8798e9fda55426665b7798d0c216e35c,oxblue.com,orbitalprospects4-15
-1962180286,Bass,Clint,,,,Chief Technology Officer,920,Information Technology,C-Level,,,cbass@keystoneengr.com,1100 W Causeway Approach,Mandeville,Louisiana,70471,United States,8,4/11/2019,67061053,Keystone Engineering Inc.,Keystone Engineering,www.keystoneengr.com,(985) 626-4024,1100 WEST CAUSEWAY APPROACH,Mandeville,Louisiana,70471,United States,Commercial & Residential Construction,Industry.construction.construction,Construction,Industry.construction,70200,Sales.50Mto100M,351,Employees.250to499,,,,,"TitleCode.IT,TitleCodeTop.Business,TitleCodeMiddle.Exec,TitleCodeMiddle.Technical,TitleCode.Exec","C-Level,Engineering & Technical",https://go.zoominfo.com/#/apps/search/person/results?personProfileId=-1962180286,4896623a0701536373e340206c9e4952,keystoneengr.com,orbitalprospects4-15
2443479172,Carr,Christophe,,,,Chief Technology Officer,920,Information Technology,C-Level,,(818) 362-3999,christophe@caldwellconstruction.com,942 NW Keasey St.,Roseburg,Oregon,97471,United States,2,4/12/2019,22367356,Caldwell Construction Co,Caldwell Construction,www.caldwellconstruction.com,(541) 673-4341,942 NW Keasey St.,Roseburg,Oregon,97471,United States,Commercial & Residential Construction,Industry.construction.construction,Construction,Industry.construction,3000,Sales.1Mto5M,15,Employees.10to19,,,,,"TitleCode.IT,TitleCodeTop.Business,TitleCodeMiddle.Exec,TitleCodeMiddle.Technical,TitleCode.Exec","C-Level,Engineering & Technical",https://go.zoominfo.com/#/apps/search/person/results?personProfileId=2443479172,a5b2f9cd066c426253352f5b5c702b4b,caldwellconstruction.com,orbitalprospects4-15
-1964353720,Bennett,Drew,,,,Chief Technology Officer,920,Information Technology,C-Level,,(920) 468-3030,drew@basementsandbeyond.com,921 Santa Fe Dr.,Denver,Colorado,80204,United States,4,4/12/2019,353963333,Basements & Beyond,Basements & Beyond,www.basementsandbeyond.com,(303) 595-0901,921 Santa Fe Dr.,Denver,Colorado,80204,United States,Commercial & Residential Construction,Industry.construction.construction,Construction,Industry.construction,7200,Sales.5Mto10M,36,Employees.20to49,,,,,"TitleCode.IT,TitleCodeTop.Business,TitleCodeMiddle.Exec,TitleCodeMiddle.Technical,TitleCode.Exec","C-Level,Engineering & Technical",https://go.zoominfo.com/#/apps/search/person/results?personProfileId=-1964353720,0792aba14dec4b2df5a38a5dd037a53d,basementsandbeyond.com,orbitalprospects4-15
1988520392,Anderson,Kristina,,,,Chief Technology Officer,920,Information Technology,C-Level,,(206) 762-0500,kanderson@cascade-machinery.com,4600 E Marginal Way S,Seattle,Washington,98134,United States,5,4/12/2019,21826574,Cascade Machinery,Cascade Machinery,www.cascade-machinery.com,(206) 762-0500,4600 E Marginal Way S,Seattle,Washington,98134,United States,Industrial Machinery & Equipment,Industry.mfg.industrialmachinery,Manufacturing,Industry.mfg,20600,Sales.10Mto25M,103,Employees.100to249,35,,,,"TitleCode.IT,TitleCodeTop.Business,TitleCodeMiddle.Exec,TitleCodeMiddle.Technical,TitleCode.Exec","C-Level,Engineering & Technical",https://go.zoominfo.com/#/apps/search/person/results?personProfileId=1988520392,53ce234d34c78fceffad126c3fda99fa,cascade-machinery.com,orbitalprospects4-15
-1878642636,Zheng,Kevin,,,,Chief Operating Officer and Chief Information Officer,930,Operations,C-Level,,,kevin.zheng@e2e-corp.com,32985 Hamilton Ct. Ste. G101,Farmington,Michigan,48334,United States,20,4/12/2019,345689596,E2E INC,E2E,www.e2e-corp.com,(248) 686-2625,32985 Hamilton Ct. Ste. G101,Farmington,Michigan,48334,United States,Commercial & Residential Construction,Industry.construction.construction,Construction,Industry.construction,4600,Sales.1Mto5M,23,Employees.20to49,,,,,"TitleCode.Operations,TitleCode.Exec,TitleCodeTop.Business,TitleCode.IT,TitleCodeMiddle.Operations,TitleCodeMiddle.Exec,TitleCodeMiddle.Technical","Operations,Engineering & Technical",https://go.zoominfo.com/#/apps/search/person/results?personProfileId=-1878642636,d8bec4875c964764061ba17f57948e7e,e2e-corp.com,orbitalprospects4-15
-2109541523,Becerra,Lourdes,,,,Chief Technology Officer,920,Information Technology,C-Level,,(847) 223-3800,lbecerra@landscapeconcepts.com,31745 Alleghany Rd.,Grayslake,Illinois,60030,United States,21,4/12/2019,22086530,Landscape Concepts Management Inc,Landscape Concepts,www.landscapeconcepts.com,(847) 223-3800,31745 Alleghany Rd.,Grayslake,Illinois,60030,United States,Facilities Management & Commercial Cleaning,Industry.bizservice.janitor,Business Services,Industry.bizservice,15400,Sales.10Mto25M,77,Employees.50to99,8712,871,541,56,"TitleCode.IT,TitleCodeTop.Business,TitleCodeMiddle.Exec,TitleCodeMiddle.Technical,TitleCode.Exec","C-Level,Engineering & Technical",https://go.zoominfo.com/#/apps/search/person/results?personProfileId=-2109541523,2e8389e73bced3d13d9341645ba7a277,landscapeconcepts.com,orbitalprospects4-15
1557683045,Tomic,Marko,,,,Chief Technology Officer,920,Information Technology,C-Level,,,marko@assignar.com,1062 Delaware St. Ste. 113,Denver,Colorado,80204,United States,25,4/12/2019,366192808,Assignar Pty Ltd,Assignar,www.assignar.com,+61 2 9199 7447,1-267 Pacific Hwy.,St Leonards,New South Wales,2040,Australia,Commercial & Residential Construction,Industry.construction.construction,Construction,Industry.construction,16600,Sales.10Mto25M,83,Employees.50to99,,,,,"TitleCode.IT,TitleCodeTop.Business,TitleCodeMiddle.Exec,TitleCodeMiddle.Technical,TitleCode.Exec","C-Level,Engineering & Technical",https://go.zoominfo.com/#/apps/search/person/results?personProfileId=1557683045,209fe26bda59d0caf83f7f2391064105,assignar.com,orbitalprospects4-15
1358923052,Corasaniti,Len,,,,Chief Executive Officer and Chief Technology Officer,970,Information Technology,C-Level,,(410) 544-6538,,,,Maryland,,United States,34,3/11/2019,358695268,AllTraxx LLC,AllTraxx,www.alltraxx.com,(603) 610-7179,155 Lafayette Rd. Ste. 1,North Hampton,New Hampshire,3862,United States,Commercial & Residential Construction,Industry.construction.construction,Construction,Industry.construction,1200,Sales.1Mto5M,6,Employees.5to9,,,,,"TitleCode.Exec,TitleCodeTop.Business,TitleCode.IT,TitleCode.CEO,TitleCodeMiddle.Exec,TitleCodeMiddle.Technical,TitleCodeMiddle.TopExec","Engineering & Technical,General Management",https://go.zoominfo.com/#/apps/search/person/results?personProfileId=1358923052,,,orbitalprospects4-15
27497185,Blount,Betty,L.,Ms.,,Chief Technology Officer,920,Information Technology,C-Level,,(206) 622-9112,,1829 Queen Anne Ave. N Ste. D,Seattle,Washington,98109,United States,75,4/12/2019,306757636,Zena Design Group,Zena Design Group,www.zenadesigngroup.com,(206) 622-9112,1829 Queen Anne Ave. N Ste. D,Seattle,Washington,98109,United States,"Architecture, Engineering & Design",Industry.construction.architecture,Construction,Industry.construction,600,Sales.500Kto1M,3,Employees.1to4,8712,871,541,5413,"TitleCode.IT,TitleCodeTop.Business,TitleCodeMiddle.Exec,TitleCodeMiddle.Technical,TitleCode.Exec","C-Level,Engineering & Technical",https://go.zoominfo.com/#/apps/search/person/results?personProfileId=27497185,,,orbitalprospects4-15
1442267129,Geiger,Aaron,,,,Chief Technology Officer,920,Information Technology,C-Level,,(314) 733-2505,aaron.geiger@alberici.com,8800 Page Ave.,St. Louis,Missouri,63114,United States,68,4/12/2019,3264686,"Alberici Constructors , Inc.",Alberici,www.alberici.com,(314) 733-2000,8800 Page Ave.,St. Louis,Missouri,63114,United States,Construction General,Industry.construction.general,Construction,Industry.construction,2000000,Sales.1Gto5G,2500,Employees.1000to4999,,,,,"TitleCode.IT,TitleCodeTop.Business,TitleCodeMiddle.Exec,TitleCodeMiddle.Technical,TitleCode.Exec","C-Level,Engineering & Technical",https://go.zoominfo.com/#/apps/search/person/results?personProfileId=1442267129,fceedb8c2d8ea65ccd3a6e9fe02ee309,alberici.com,orbitalprospects4-15
137544727,Fisher,Debbie,,,,Chief Technology Officer,920,Information Technology,C-Level,,(916) 773-7460,debbief@marketshareonline.com,,Sacramento,California,,United States,24,4/12/2019,70436450,Marketshare Inc,Marketshare,www.marketshareonline.com,(408) 262-0677,2001 Tarob Ct.,Milpitas,California,95035,United States,Advertising & Marketing,Industry.bizservice.marketing,Business Services,Industry.bizservice,10000,Sales.10Mto25M,50,Employees.50to99,731,73,5418,541,"TitleCode.IT,TitleCodeTop.Business,TitleCodeMiddle.Exec,TitleCodeMiddle.Technical,TitleCode.Exec","C-Level,Engineering & Technical",https://go.zoominfo.com/#/apps/search/person/results?personProfileId=137544727,113198c8a73202ea3ec084a98c52c2ab,marketshareonline.com,orbitalprospects4-15
-1621864916,Neumann,Eli,,,,Chief Technology Officer,920,Information Technology,C-Level,,,eli@networx.com,3399 Peachtree Rd. NE,Atlanta,Georgia,30326,United States,13,4/12/2019,47744077,Networx Systems LLC,Networx,www.networx.com,(404) 963-9577,3399 Peachtree Rd. NE,Atlanta,Georgia,30326,United States,Commercial & Residential Construction,Industry.construction.construction,Construction,Industry.construction,37500,Sales.25Mto50M,88,Employees.50to99,,,,,"TitleCode.IT,TitleCodeTop.Business,TitleCodeMiddle.Exec,TitleCodeMiddle.Technical,TitleCode.Exec","C-Level,Engineering & Technical",https://go.zoominfo.com/#/apps/search/person/results?personProfileId=-1621864916,f5f00b8ce717e1cb0f5416b692269c6c,networx.com,orbitalprospects4-15
2443476252,Davari,Frank,,,,Chief Information Officer and Chief Technology Officer,920,Information Technology,C-Level,,(714) 826-5686,fdavari@haulaway.com,11292 Western Ave.,Stanton,California,90680,United States,2,4/12/2019,46157164,Haulaway Storage Containers Inc,Haulaway,www.haulaway.com,(714) 826-9040,11292 Western Ave.,Stanton,California,90680,United States,Construction General,Industry.construction.general,Construction,Industry.construction,41200,Sales.25Mto50M,206,Employees.100to249,421,42,49,492,"TitleCode.IT,TitleCodeTop.Business,TitleCodeMiddle.Exec,TitleCodeMiddle.Technical,TitleCode.Exec","C-Level,Engineering & Technical",https://go.zoominfo.com/#/apps/search/person/results?personProfileId=2443476252,b62ecfd8a486ca05e6e60aefb30d830e,haulaway.com,orbitalprospects4-15
2620097339,Jones,Gary,,,,"Vice President, Technology and Chief Technology Officer, Banking",919,Information Technology,C-Level,,(225) 922-5051,gjones@turner-industries.com,8687 United Plz. Blvd.,Baton Rouge,Louisiana,70809,United States,3,4/11/2019,115654741,Turner Industries Group LLC,Turner Industries,www.turner-industries.com,(225) 922-5050,8687 United Plz. Blvd.,Baton Rouge,Louisiana,70809,United States,Construction General,Industry.construction.general,Construction,Industry.construction,3000000,Sales.1Gto5G,19000,Employees.10000plus,,,,,"TitleCode.VP,TitleCode.Exec,TitleCodeMiddle.VP,TitleCode.IT,TitleCodeTop.Business,TitleCodeMiddle.Finance,TitleCode.Banking,TitleCodeMiddle.Exec,TitleCodeMiddle.Technical","Finance,Engineering & Technical",https://go.zoominfo.com/#/apps/search/person/results?personProfileId=2620097339,d23fa4dee120348e05774313cb555cda,turner-industries.com,orbitalprospects4-15
47380035,Bailey,Keith,J.,,,Chief Technology Officer,920,Information Technology,C-Level,,(254) 776-8380,kbailey@rbdrarchitects.com,913 Franklin Ave. Ste. 100,Waco,Texas,76701,United States,25,4/12/2019,42467961,RBDR Pllc,RBDR,www.rbdrarchitects.com,(254) 776-8380,"913 FRANKLIN Ave., Ste. 100",Waco,Texas,76701,United States,"Architecture, Engineering & Design",Industry.construction.architecture,Construction,Industry.construction,5400,Sales.5Mto10M,27,Employees.20to49,8712,871,541,5413,"TitleCode.IT,TitleCodeTop.Business,TitleCodeMiddle.Exec,TitleCodeMiddle.Technical,TitleCode.Exec","C-Level,Engineering & Technical",https://go.zoominfo.com/#/apps/search/person/results?personProfileId=47380035,ee38a8a3da80db55345a9c0aa480448a,rbdrarchitects.com,orbitalprospects4-15
-1982856576,Blevins,Leigh,T.,,,Chief Technology Officer,920,Information Technology,C-Level,,,leigh@appalarch.com,P.O. Box 159,Boone,North Carolina,28607,United States,6,4/12/2019,6690346,Appalachian Architecture P.A,Appalachian Architecture,www.appalarch.com,(828) 265-2405,"703 W. King St., Ste. 201",Boone,North Carolina,28607,United States,"Architecture, Engineering & Design",Industry.construction.architecture,Construction,Industry.construction,4800,Sales.1Mto5M,24,Employees.20to49,8712,871,541,5413,"TitleCode.IT,TitleCodeTop.Business,TitleCodeMiddle.Exec,TitleCodeMiddle.Technical,TitleCode.Exec","C-Level,Engineering & Technical",https://go.zoominfo.com/#/apps/search/person/results?personProfileId=-1982856576,d422d13c3d1cdc32073adcfe1cb0a755,appalarch.com,orbitalprospects4-15
350361,Gallerani,Peter,A.,Mr.,,President and Chief Technology Officer,960,Information Technology,C-Level,,(802) 684-1016,pgallerani@processengineer.com,"186 College St., 4th Fl.",Burlington,Vermont,5401,United States,108,4/12/2019,59591052,Integrated Technologies Inc,Integrated Technologies,www.processengineer.com,(802) 497-3990,"186 College St., 4th Fl.",Burlington,Vermont,5401,United States,Commercial & Residential Construction,Industry.construction.construction,Construction,Industry.construction,3800,Sales.1Mto5M,19,Employees.10to19,,,,,"TitleCode.Exec,TitleCodeTop.Business,TitleCode.President,TitleCode.IT,TitleCodeMiddle.Exec,TitleCodeMiddle.Technical,TitleCodeMiddle.TopExec","Engineering & Technical,General Management",https://go.zoominfo.com/#/apps/search/person/results?personProfileId=350361,dca855ea380cbdb3137b3c123051edb2,processengineer.com,orbitalprospects4-15
1156819919,Scheyen,Peter,,,,Chief Technology Officer,920,Information Technology,C-Level,,,pscheyen@ivey.ca,5679 Southeast International Way,Milwaukie,Oregon,97222,United States,124,4/11/2019,353655237,Tierra West LLC,Tierra West,www.tierrawestllc.com,(505) 858-3100,5571 Midway Park Pl. Ne,Albuquerque,New Mexico,87109,United States,Construction,Industry.construction,"Architecture, Engineering & Design",Industry.construction.architecture,5800,Sales.5Mto10M,29,Employees.20to49,8712,871,541,5413,"TitleCode.IT,TitleCodeTop.Business,TitleCodeMiddle.Exec,TitleCodeMiddle.Technical,TitleCode.Exec","C-Level,Engineering & Technical",https://go.zoominfo.com/#/apps/search/person/results?personProfileId=1156819919,03ab9e5df0c34a65c3efd7c477e9d045,ivey.ca,orbitalprospects4-15
-2085811776,Wiseman,Robert,B.,,,Chief Technology Officer,920,Information Technology,C-Level,,(317) 803-9349,robert.wiseman@angieslist.com,"14023 Denver West Pkwy., Bldg. 64",Golden,Colorado,80401,United States,30,4/11/2019,447779509,ANGI Homeservices Inc.,ANGI,www.angihomeservices.com,(303) 963-7200,"14023 Denver West Pkwy., Bldg. 64",Golden,Colorado,80401,United States,Commercial & Residential Construction,Industry.construction.construction,Business Services General,Industry.bizservice.general,736386,Sales.500Mto1G,3900,Employees.1000to4999,87,874,5416,541,"TitleCode.IT,TitleCodeTop.Business,TitleCodeMiddle.Exec,TitleCodeMiddle.Technical,TitleCode.Exec","C-Level,Engineering & Technical",https://go.zoominfo.com/#/apps/search/person/results?personProfileId=-2085811776,0b36d7d28f9ff2bc4b90cb17d30229c7,angieslist.com,orbitalprospects4-15
-1789696369,Carollo,Stephen,,,,"Chief Executive Officer, Information Systems and Information Technology Human Resources",969,Information Technology,C-Level,,(586) 774-0100,steve.carollo@rcoeng.com,29200 Calahan Rd.,Roseville,Michigan,48066,United States,9,4/12/2019,100139551,RCO Engineering Inc,RCO,www.rcoeng.com,(586) 771-8400,29200 Calahan Rd.,Roseville,Michigan,48066,United States,"Architecture, Engineering & Design",Industry.construction.architecture,Manufacturing General,Industry.mfg.general,100000,Sales.100MMto250M,501,Employees.500to999,8712,871,541,5413,"TitleCodeMiddle.HR,TitleCodeTop.Business,TitleCode.IT,TitleCode.CEO,TitleCode.HR,TitleCodeMiddle.Exec,TitleCodeMiddle.Technical,TitleCodeMiddle.TopExec","Engineering & Technical,Human Resources",https://go.zoominfo.com/#/apps/search/person/results?personProfileId=-1789696369,c1267cd7a7ab41af11dfbdf40a0c1e9c,rcoeng.com,orbitalprospects4-15
41689691,Turney,Steven,C.,,,Chief Technology Officer,920,Information Technology,C-Level,,(208) 345-8872,steve@zga.com,408 E. PARKCENTER Dr. Ste. 205,Boise,Idaho,83706,United States,49,4/12/2019,195641947,ZGA Architects,ZGA,www.zga.com,(208) 345-8872,408 E. PARKCENTER Dr. Ste. 205,Boise,Idaho,83706,United States,"Architecture, Engineering & Design",Industry.construction.architecture,Construction,Industry.construction,3400,Sales.1Mto5M,17,Employees.10to19,8712,871,541,5413,"TitleCode.IT,TitleCodeTop.Business,TitleCodeMiddle.Exec,TitleCodeMiddle.Technical,TitleCode.Exec","C-Level,Engineering & Technical",https://go.zoominfo.com/#/apps/search/person/results?personProfileId=41689691,134c43d6757c5af9a76906920835ca3c,zga.com,orbitalprospects4-15
216501510,Bailey,Van,,,,Chief Technology Officer,920,Information Technology,C-Level,,(225) 766-0244,baileyv@coastalbridge.com,4825 Jamestown Ave.,Baton Rouge,Louisiana,70808,United States,13,4/11/2019,18057434,Coastal Bridge Co. LLC,Coastal Bridge,www.coastalbridge.com,(225) 766-0244,4825 Jamestown Ave.,Baton Rouge,Louisiana,70808,United States,Commercial & Residential Construction,Industry.construction.construction,Construction,Industry.construction,16600,Sales.10Mto25M,83,Employees.50to99,,,,,"TitleCode.IT,TitleCodeTop.Business,TitleCodeMiddle.Exec,TitleCodeMiddle.Technical,TitleCode.Exec","C-Level,Engineering & Technical",https://go.zoominfo.com/#/apps/search/person/results?personProfileId=216501510,82db21ef2b37f8a9beabdeedd6f4bfe7,coastalbridge.com,orbitalprospects4-15
840323706,Bellerue,Heidi,,,,Chief Technology Officer,920,Information Technology,C-Level,,(918) 398-9735,bellerueh@mesaproducts.com,4445 South 74th East Ave.,Tulsa,Oklahoma,74145,United States,18,4/11/2019,68110768,MESA,MESA,www.mesaproducts.com,(918) 627-3188,4445 South 74th East Ave.,Tulsa,Oklahoma,74145,United States,Commercial & Residential Construction,Industry.construction.construction,Construction,Industry.construction,25400,Sales.25Mto50M,127,Employees.100to249,,,,,"TitleCode.IT,TitleCodeTop.Business,TitleCodeMiddle.Exec,TitleCodeMiddle.Technical,TitleCode.Exec","C-Level,Engineering & Technical",https://go.zoominfo.com/#/apps/search/person/results?personProfileId=840323706,078c055460f5efc5196b8265bbe08fcb,mesaproducts.com,orbitalprospects4-15
-903248170,Baxt,Benjamin,,,,Chief Technology Officer,920,Information Technology,C-Level,,,ben@baxtingui.com,20 Vesey St. Ste. 900,New York City,New York,10007,United States,21,4/12/2019,24058946,Baxt Ingui Architects P.C,Baxt Ingui,www.baxtingui.com,(212) 233-6740,20 Vesey St. Ste. 900,New York City,New York,10007,United States,"Architecture, Engineering & Design",Industry.construction.architecture,Construction,Industry.construction,4600,Sales.1Mto5M,23,Employees.20to49,8712,871,541,5413,"TitleCode.IT,TitleCodeTop.Business,TitleCodeMiddle.Exec,TitleCodeMiddle.Technical,TitleCode.Exec","C-Level,Engineering & Technical",https://go.zoominfo.com/#/apps/search/person/results?personProfileId=-903248170,4fc5c4f600ca8ac37617c3467cf560a7,baxtingui.com,orbitalprospects4-15
2054054697,Austin,David,,,,Chief Technology Officer,920,Information Technology,C-Level,,(205) 279-2832,daustin@gastudio.com,827 First Ave. N Ste. 100,Birmingham,Alabama,35203,United States,25,4/12/2019,40176085,Giattina Aycock Architecture Studio,GA,www.gastudio.com,(205) 933-9060,"2625 5th Ave. North, Bldg. C",Bessemer,Alabama,35020,United States,"Architecture, Engineering & Design",Industry.construction.architecture,Construction,Industry.construction,15200,Sales.10Mto25M,76,Employees.50to99,8712,871,541,5413,"TitleCode.IT,TitleCodeTop.Business,TitleCodeMiddle.Exec,TitleCodeMiddle.Technical,TitleCode.Exec","C-Level,Engineering & Technical",https://go.zoominfo.com/#/apps/search/person/results?personProfileId=2054054697,d24afe609dcce15cfa24f1926fece52f,gastudio.com,orbitalprospects4-15
-1915583155,Bellington,Daniel,,,,Chief Technology Officer,920,Information Technology,C-Level,,(201) 806-1379,dbellington@consolidatedcarpet.com,45 W 25Th St.,New York City,New York,10010,United States,4,4/11/2019,354012683,Consolidated Carpet Gallery,Consolidated Carpet,www.consolidatedcarpet.com,(212) 226-4600,"16 W. 22nd St., 12th Fl.",New York City,New York,10010,United States,Construction General,Industry.construction.general,Construction,Industry.construction,10400,Sales.10Mto25M,52,Employees.50to99,,,,,"TitleCode.IT,TitleCodeTop.Business,TitleCodeMiddle.Exec,TitleCodeMiddle.Technical,TitleCode.Exec","C-Level,Engineering & Technical",https://go.zoominfo.com/#/apps/search/person/results?personProfileId=-1915583155,6f070bc63cc86bc3e23df17770be6273,consolidatedcarpet.com,orbitalprospects4-15
208808136,Kroon,David,H.,Mr.,,Chief Technical Officer,920,Information Technology,C-Level,,(713) 460-6001,dkroon@aegion.com,10655 Jefferson Chemical Rd.,Conroe,Texas,77301,United States,122,4/9/2019,348549589,Aegion Corporation,Aegion,www.aegion.com,(636) 530-8000,17988 Edison Ave.,Chesterfield,Missouri,63005,United States,"Energy, Utilities & Waste Treatment General",Industry.energy.general,"Energy, Utilities & Waste Treatment",Industry.energy,1359019,Sales.1Gto5G,5820,Employees.5000to9999,16,162,811,221,"TitleCode.IT,TitleCodeTop.Business,TitleCodeMiddle.Exec,TitleCodeMiddle.Technical,TitleCode.Exec","C-Level,Engineering & Technical",https://go.zoominfo.com/#/apps/search/person/results?personProfileId=208808136,bf7143fef33a51eee65fdd4378483f34,aegion.com,orbitalprospects4-15
228948066,Scheer,David,,Mr.,,Chief Technology Officer,920,Information Technology,C-Level,,,dscheer@planitimpact.com,214 W. 21st St. Ste. 202,Kansas City,Missouri,64108,United States,47,4/12/2019,371574186,PlanIT Impact,PlanIT,www.planitimpact.com,(816) 841-3517,214 W. 21st St. Ste. 202,Kansas City,Missouri,64108,United States,"Architecture, Engineering & Design",Industry.construction.architecture,Construction,Industry.construction,9200,Sales.5Mto10M,46,Employees.20to49,8712,871,541,5413,"TitleCode.IT,TitleCodeTop.Business,TitleCodeMiddle.Exec,TitleCodeMiddle.Technical,TitleCode.Exec","C-Level,Engineering & Technical",https://go.zoominfo.com/#/apps/search/person/results?personProfileId=228948066,961a2d6e09314fe1ec013ba575e1aa85,planitimpact.com,orbitalprospects4-15
275588924,Bennett,Jonathan,,,,Chief Technology Officer,920,Information Technology,C-Level,,(608) 546-2311,jbennett@kraemerna.com,ONE PLAINVIEW Rd.,Plain,Wisconsin,53577,United States,19,4/11/2019,21774483,"Edward Kraemer & Sons , Inc.",Kraemer,kraemerna.com,(608) 546-2311,ONE PLAINVIEW Rd.,Plain,Wisconsin,53577,United States,Construction General,Industry.construction.general,Construction,Industry.construction,150000,Sales.100MMto250M,750,Employees.500to999,,,,,"TitleCode.IT,TitleCodeTop.Business,TitleCodeMiddle.Exec,TitleCodeMiddle.Technical,TitleCode.Exec","C-Level,Engineering & Technical",https://go.zoominfo.com/#/apps/search/person/results?personProfileId=275588924,8bf22e63f564a3bf083a0dd1cda99bbc,kraemerna.com,orbitalprospects4-15
3363610,Abrams,James,D.,Mr.,,Chief Technology Officer,920,Information Technology,C-Level,,,jimabrams@jdabrams.com,5811 Trade Center Dr. Bldg. 1,Austin,Texas,78744,United States,387,4/12/2019,57018188,J.D. Abrams L.P,J.D. Abrams,www.jdabrams.com,(512) 322-4000,5811 Trade Center Dr. Bldg. 1,Austin,Texas,78744,United States,Construction General,Industry.construction.general,Construction,Industry.construction,150000,Sales.100MMto250M,750,Employees.500to999,,,,,"TitleCode.IT,TitleCodeTop.Business,TitleCodeMiddle.Exec,TitleCodeMiddle.Technical,TitleCode.Exec","C-Level,Engineering & Technical",https://go.zoominfo.com/#/apps/search/person/results?personProfileId=3363610,9365741dc91c1a7079ca320a9c703b1d,jdabrams.com,orbitalprospects4-15
1564220848,Beyea,John,,,,Chief Technology Officer,920,Information Technology,C-Level,,,john@bethelengineering.com,2624 Airpark Dr.,Santa Maria,California,93455,United States,5,4/12/2019,353809382,Bethel Engineering Inc,Bethel Engineering,www.bethelengineering.com,(805) 934-5767,2624 Airpark Dr.,Santa Maria,California,93455,United States,"Architecture, Engineering & Design",Industry.construction.architecture,Construction,Industry.construction,4400,Sales.1Mto5M,22,Employees.20to49,8712,871,541,5413,"TitleCode.IT,TitleCodeTop.Business,TitleCodeMiddle.Exec,TitleCodeMiddle.Technical,TitleCode.Exec","C-Level,Engineering & Technical",https://go.zoominfo.com/#/apps/search/person/results?personProfileId=1564220848,1658746944350365d379a3bddcf65a64,bethelengineering.com,orbitalprospects4-15
783238927,Johnson,Leland,R.,,,Chief Operating Officer and Chief Technology Officer,930,Operations,C-Level,,,leland.johnson@wildfire-defense.com,201 Evergreen Dr.,Bozeman,Montana,59715-2461,United States,36,4/12/2019,128647254,Wildfire Defense Systems Inc,Wildfire Defense,www.wildfire-defense.com,(406) 586-5400,580 Zoot Enterprises Ln.,Bozeman,Montana,59718,United States,Commercial & Residential Construction,Industry.construction.construction,Construction,Industry.construction,18600,Sales.10Mto25M,93,Employees.50to99,,,,,"TitleCode.Operations,TitleCode.Exec,TitleCodeTop.Business,TitleCode.IT,TitleCodeMiddle.Operations,TitleCodeMiddle.Exec,TitleCodeMiddle.Technical","Operations,Engineering & Technical",https://go.zoominfo.com/#/apps/search/person/results?personProfileId=783238927,492aa4f29969b67d282d1613cc478e0d,wildfire-defense.com,orbitalprospects4-15
278103149,Scarborough,Rutledge,,,,Vice President and Chief Technology Officer,920,Information Technology,C-Level,,(704) 847-9099,rut@visionalliance.com,6120 Old Providence Ln.,Charlotte,North Carolina,28226,United States,5,4/12/2019,127828526,Vision Alliance Network Inc,Vision Alliance,www.visionalliance.com,(214) 321-9444,1311 Waterside Dr.,Dallas,Texas,75218,United States,Construction General,Industry.construction.general,Construction,Industry.construction,3800,Sales.1Mto5M,19,Employees.10to19,,,,,"TitleCode.VP,TitleCode.Exec,TitleCodeTop.Business,TitleCode.IT,TitleCodeMiddle.VP,TitleCodeMiddle.Exec,TitleCodeMiddle.Technical","C-Level,Engineering & Technical",https://go.zoominfo.com/#/apps/search/person/results?personProfileId=278103149,0f72b485ae326093f5145d32571d4a19,visionalliance.com,orbitalprospects4-15
-1190379289,Bailey,Glen,,,,Chief Technology Officer,920,Information Technology,C-Level,,(316) 268-0200,bailey@law-co.com,345 Riverview,Wichita,Kansas,67203,United States,3,4/12/2019,343685887,The Law Company Inc,Law Company,www.law-co.com,(316) 268-0200,345 Riverview,Wichita,Kansas,67203,United States,Commercial & Residential Construction,Industry.construction.construction,Construction,Industry.construction,32800,Sales.25Mto50M,164,Employees.100to249,,,,,"TitleCode.IT,TitleCodeTop.Business,TitleCodeMiddle.Exec,TitleCodeMiddle.Technical,TitleCode.Exec","C-Level,Engineering & Technical",https://go.zoominfo.com/#/apps/search/person/results?personProfileId=-1190379289,8962f0c2959cfa9fa95a9d8250ee8196,law-co.com,orbitalprospects4-15
1513567996,Baldwin,Bill,,,,Chief Technology Officer,920,Information Technology,C-Level,,(816) 795-1660,billbaldwin@carlsonmgmt.com,2726 S Brentwood Dr. S,Independence,Missouri,64055,United States,9,4/12/2019,354032807,Carlson Construction Management,Carlson Construction,www.carlsonmgmt.com,(816) 795-1660,P.O. Box 3098,Independence,Missouri,64055,United States,Commercial & Residential Construction,Industry.construction.construction,Construction,Industry.construction,6800,Sales.5Mto10M,34,Employees.20to49,,,,,"TitleCode.IT,TitleCodeTop.Business,TitleCodeMiddle.Exec,TitleCodeMiddle.Technical,TitleCode.Exec","C-Level,Engineering & Technical",https://go.zoominfo.com/#/apps/search/person/results?personProfileId=1513567996,4a7fafd86807117c6012b24a3c17a914,carlsonmgmt.com,orbitalprospects4-15
1194202235,Hutchinson,Bob,,,,Chief Technology Officer,920,Information Technology,C-Level,,(856) 429-5807,bobhutchinson@hutchbiz.com,621 Chapel Ave. East,Cherry Hill,New Jersey,8034,United States,37,4/12/2019,118244417,Hutchinson Plumbing Heating Cooling LLC,Hutchinson Plumbing,www.hutchbiz.com,(866) 953-8728,621 Chapel Ave. East,Cherry Hill,New Jersey,8034,United States,Commercial & Residential Construction,Industry.construction.construction,Construction,Industry.construction,37500,Sales.25Mto50M,77,Employees.50to99,,,,,"TitleCode.IT,TitleCodeTop.Business,TitleCodeMiddle.Exec,TitleCodeMiddle.Technical,TitleCode.Exec","C-Level,Engineering & Technical",https://go.zoominfo.com/#/apps/search/person/results?personProfileId=1194202235,8467c27533ff0efcf8b176a6aef2dd92,hutchbiz.com,orbitalprospects4-15
1968520453,Parent,Ginny,,,,"President, Information Technology",959,Information Technology,C-Level,,(586) 771-5100,ginny@piperindustries.com,15930 Common Rd.,Roseville,Michigan,48066,United States,11,4/12/2019,347419490,Piper Industries Inc,Piper Industries,www.piperindustries.com,(586) 771-5100,15930 Common Rd.,Roseville,Michigan,48066,United States,Commercial & Residential Construction,Industry.construction.construction,Retail General,Industry.retail.general,3800,Sales.1Mto5M,19,Employees.10to19,,,,,"TitleCode.IT,TitleCode.President,TitleCodeTop.Business,TitleCodeMiddle.Exec,TitleCodeMiddle.Technical,TitleCodeMiddle.TopExec","Engineering & Technical,General Management",https://go.zoominfo.com/#/apps/search/person/results?personProfileId=1968520453,7d0a985831d527a246531161a052dcee,piperindustries.com,orbitalprospects4-15
-2085946820,Andrews,John,,,,Chief Technology Officer,920,Information Technology,C-Level,,,jandrews@kolbmechanical.com,13900 Main Rd.,Mattituck,New York,11952,United States,6,4/12/2019,67931765,Kolb Mechanical Corporation,Kolb Mechanical,www.kolbmechanical.com,(631) 298-5527,11500 Old Sound Ave.,Mattituck,New York,11952,United States,Commercial & Residential Construction,Industry.construction.construction,Construction,Industry.construction,5600,Sales.5Mto10M,28,Employees.20to49,,,,,"TitleCode.IT,TitleCodeTop.Business,TitleCodeMiddle.Exec,TitleCodeMiddle.Technical,TitleCode.Exec","C-Level,Engineering & Technical",https://go.zoominfo.com/#/apps/search/person/results?personProfileId=-2085946820,4d09a78e9efd71fb45842461c2c6020e,kolbmechanical.com,orbitalprospects4-15
123321,Chohan,Lakisha,,,,Chief Technology Officer,920,Information Technology,C-Level,,(360) 949-1414,lakisha.chohan@piratici.com,13900 Main Rd.,Mattituck,New York,11952,United States,6,4/12/2019,67931765,Kolb Mechanical Corporation,Kolb Mechanical,www.kolbmechanical.com,(631) 298-5527,11500 Old Sound Ave.,Mattituck,New York,11952,United States,Commercial & Residential Construction,Industry.construction.construction,Construction,Industry.construction,5600,Sales.5Mto10M,28,Employees.20to49,,,,,"TitleCode.IT,TitleCodeTop.Business,TitleCodeMiddle.Exec,TitleCodeMiddle.Technical,TitleCode.Exec","C-Level,Engineering & Technical",https://go.zoominfo.com/#/apps/search/person/results?personProfileId=-2085946820,4d09a78e9efd71fb45842461c2c6020e,kolbmechanical.com,orbitalprospects4-15
1112689693,Cureton,Jason,,Mr.,,Chief Financial Officer and Chief Technology Officer,940,Information Technology,C-Level,,(770) 675-8073,jcureton@jmwilkerson.com,1734 Sands Pl. Se,Marietta,Georgia,30067,United States,32,4/8/2019,63360478,J.M. Wilkerson Construction Co. Inc,J.M. Wilkerson,www.jmwilkerson.com,(770) 953-2659,1734 Sands Pl. Se,Marietta,Georgia,30067,United States,Commercial & Residential Construction,Industry.construction.construction,Construction,Industry.construction,67470,Sales.50Mto100M,72,Employees.50to99,,,,,"TitleCode.Exec,TitleCodeTop.Business,TitleCode.IT,TitleCodeMiddle.Finance,TitleCode.Finance,TitleCodeMiddle.Exec,TitleCodeMiddle.Technical","Finance,Engineering & Technical",https://go.zoominfo.com/#/apps/search/person/results?personProfileId=1112689693,595ffea2b3e9c97bf529a962916a2218,jmwilkerson.com,orbitalprospects4-15
1063975771,August,Kelly,,Ms.,,Chief Technology Officer,920,Information Technology,C-Level,,(860) 889-7078 ext. 201,kellyaugust@designlearned.com,116 Main St.,Norwich,Connecticut,6360,United States,13,4/12/2019,30870656,Design Learned Inc,Design Learned,www.designlearned.com,(860) 889-7078,116 Main St.,Norwich,Connecticut,6360,United States,Commercial & Residential Construction,Industry.construction.construction,Construction,Industry.construction,6800,Sales.5Mto10M,34,Employees.20to49,,,,,"TitleCode.IT,TitleCodeTop.Business,TitleCodeMiddle.Exec,TitleCodeMiddle.Technical,TitleCode.Exec","C-Level,Engineering & Technical",https://go.zoominfo.com/#/apps/search/person/results?personProfileId=1063975771,b6a2fb27ff76976579fcda2f2d056cc8,designlearned.com,orbitalprospects4-15
-1793592725,Hwang,Kuen-Yih,,Mr.,,"Founder, Owner, Chief Information Officer and Chief Executive Officer",969,Information Technology,C-Level,,(630) 983-6680,kuenyihhwang@qqfund.com,941 Byron Ct.,Naperville,Illinois,60540,United States,8,2/9/2019,355541958,QQFund.com LLC,QQ Fund,www.qqfund.com,(630) 708-8997,941 Byron Ct.,Naperville,Illinois,60540,United States,Commercial & Residential Construction,Industry.construction.construction,Finance General,Industry.finance.general,5200,Sales.5Mto10M,26,Employees.20to49,,,,,"TitleCode.Founder,TitleCode.Exec,TitleCode.IT,TitleCodeTop.Business,TitleCode.CEO,TitleCode.Owner,TitleCodeMiddle.Exec,TitleCodeMiddle.Technical,TitleCodeMiddle.TopExec","Engineering & Technical,General Management",https://go.zoominfo.com/#/apps/search/person/results?personProfileId=-1793592725,6776588dd45f0cc339ca950d6c0522d4,qqfund.com,orbitalprospects4-15
-1001088535,Bishop,Mike,,,,Chief Technology Officer,920,Information Technology,C-Level,,(202) 469-8805,mike.bishop@sac-corp.com,55 M St. SE,"Washington, D.C.",District of Columbia,20003,United States,14,4/5/2019,153567591,Sayres & Associates Corporation,Sayres & Associates,www.sayresandassociates.com,(202) 355-0922,55 M St. SE,"Washington, D.C.",District of Columbia,20003,United States,Commercial & Residential Construction,Industry.construction.construction,Construction,Industry.construction,24600,Sales.10Mto25M,123,Employees.100to249,372,37,33,336,"TitleCode.IT,TitleCodeTop.Business,TitleCodeMiddle.Exec,TitleCodeMiddle.Technical,TitleCode.Exec","C-Level,Engineering & Technical",https://go.zoominfo.com/#/apps/search/person/results?personProfileId=-1001088535,7d93b42f358f26dd11dd68a18c6835fc,sac-corp.com,orbitalprospects4-15
-2067763257,Bianco,Robert,C.,,,Chief Technology Officer,920,Information Technology,C-Level,,(718) 204-1900,robertbianco@atlasconstructionny.com,35-57 9th St.,Astoria,New York,11106,United States,10,4/12/2019,355788586,Atlas Construction of New York inc,Atlas Construction,www.atlasconstructionny.com,(718) 204-1900,59-21 56th St. Maspeth,Maspeth,New York,11378,United States,Commercial & Residential Construction,Industry.construction.construction,Construction,Industry.construction,6000,Sales.5Mto10M,30,Employees.20to49,,,,,"TitleCode.IT,TitleCodeTop.Business,TitleCodeMiddle.Exec,TitleCodeMiddle.Technical,TitleCode.Exec","C-Level,Engineering & Technical",https://go.zoominfo.com/#/apps/search/person/results?personProfileId=-2067763257,2a511f2c5f37e73c2f494fc8e630f8e2,atlasconstructionny.com,orbitalprospects4-15
34340541,Edmondson,Scott,,,,Chief Technology Officer,920,Information Technology,C-Level,,(503) 285-0569,scotte@advancedfinishing.com,2304 N Killingsworth St.,Portland,Oregon,97217,United States,9,4/12/2019,1739818,"Advanced Finishing Systems , Inc.",Advanced Finishing,www.advancedfinishing.com,(503) 285-0569,2304 N Killingsworth St.,Portland,Oregon,97217,United States,Commercial & Residential Construction,Industry.construction.construction,Retail General,Industry.retail.general,12200,Sales.10Mto25M,61,Employees.50to99,,,,,"TitleCode.IT,TitleCodeTop.Business,TitleCodeMiddle.Exec,TitleCodeMiddle.Technical,TitleCode.Exec","C-Level,Engineering & Technical",https://go.zoominfo.com/#/apps/search/person/results?personProfileId=34340541,2066965d4e50fc92dca83e5df8569073,advancedfinishing.com,orbitalprospects4-15
33604730,Neumann,Andy,,,,Chief Technology Officer,920,Information Technology,C-Level,,,andy@nmaarchitects.com,888 Linden Ave.,Carpinteria,California,93013,United States,55,4/12/2019,37979725,Neumann Mendro Andrulaitis Architects LLP,NMA Architects,www.nmaarchitects.com,(805) 684-8885,888 Linden Ave.,Carpinteria,California,93013,United States,"Architecture, Engineering & Design",Industry.construction.architecture,Construction,Industry.construction,8400,Sales.5Mto10M,42,Employees.20to49,8712,871,541,5413,"TitleCode.IT,TitleCodeTop.Business,TitleCodeMiddle.Exec,TitleCodeMiddle.Technical,TitleCode.Exec","C-Level,Engineering & Technical",https://go.zoominfo.com/#/apps/search/person/results?personProfileId=33604730,965052947caff414116edbe7fd8bd567,nmaarchitects.com,orbitalprospects4-15
10240744,Barrett,David,,,,Chief Technology Officer,920,Information Technology,C-Level,,,david@barrettstudio.com,1944 20th St.,Boulder,Colorado,80302,United States,216,4/12/2019,15077433,Barrett Studio Architects,Barrett Studio,www.barrettstudio.com,(303) 449-1141,1944 20th St.,Boulder,Colorado,80302,United States,"Architecture, Engineering & Design",Industry.construction.architecture,Construction,Industry.construction,1400,Sales.1Mto5M,7,Employees.5to9,8712,871,541,5413,"TitleCode.IT,TitleCodeTop.Business,TitleCodeMiddle.Exec,TitleCodeMiddle.Technical,TitleCode.Exec","C-Level,Engineering & Technical",https://go.zoominfo.com/#/apps/search/person/results?personProfileId=10240744,0733698ff0fcdd77226ae42d92fa1a27,barrettstudio.com,orbitalprospects4-15
682972057,Rucker,Dale,,Dr.,,Chief Technical Officer,920,Information Technology,C-Level,,(520) 342-5373,drucker@hgiworld.com,2302 N. Forbes Blvd.,Tucson,Arizona,85745,United States,122,4/12/2019,24808854,hydroGEOPHYSICS Inc,HGI World,www.hgiworld.com,(520) 647-3315,2302 N. Forbes Blvd.,Tucson,Arizona,85745,United States,Commercial & Residential Construction,Industry.construction.construction,Construction,Industry.construction,26200,Sales.25Mto50M,131,Employees.100to249,,,,,"TitleCode.IT,TitleCodeTop.Business,TitleCodeMiddle.Exec,TitleCodeMiddle.Technical,TitleCode.Exec","C-Level,Engineering & Technical",https://go.zoominfo.com/#/apps/search/person/results?personProfileId=682972057,7b1ff809eff2e694eb379b31ea06f47d,hgiworld.com,orbitalprospects4-15
57324990,Brelig,George,A.,Mr.,,Chief Technology Officer,920,Information Technology,C-Level,,,gbrelig@rbbarchitects.com,"315 East Mountain Ave., Ste. 100",Fort Collins,Colorado,80524,United States,50,4/12/2019,100058272,RB+B Architects Inc,RB+B Architects,www.rbbarchitects.com,(970) 484-0117,"315 East Mountain Ave., Ste. 100",Fort Collins,Colorado,80524,United States,"Architecture, Engineering & Design",Industry.construction.architecture,Construction,Industry.construction,5800,Sales.5Mto10M,29,Employees.20to49,8712,871,541,5413,"TitleCode.IT,TitleCodeTop.Business,TitleCodeMiddle.Exec,TitleCodeMiddle.Technical,TitleCode.Exec","C-Level,Engineering & Technical",https://go.zoominfo.com/#/apps/search/person/results?personProfileId=57324990,91533ce56a4d5fa607e201492c253a50,rbbarchitects.com,orbitalprospects4-15
39118150,Beren,Jason,R.,Mr.,,Chief Technology Officer,920,Information Technology,C-Level,,,jason@pearsonengineering.com,14 Ellis Potter Ct.,Madison,Wisconsin,53711,United States,93,4/12/2019,93226311,Pearson Engineering LLC,Pearson Engineering,www.pearsonengineering.com,(608) 274-3339,14 Ellis Potter Ct.,Madison,Wisconsin,53711,United States,Commercial & Residential Construction,Industry.construction.construction,Construction,Industry.construction,7200,Sales.5Mto10M,36,Employees.20to49,,,,,"TitleCode.IT,TitleCodeTop.Business,TitleCodeMiddle.Exec,TitleCodeMiddle.Technical,TitleCode.Exec","C-Level,Engineering & Technical",https://go.zoominfo.com/#/apps/search/person/results?personProfileId=39118150,00f221cf39a523b120c07d79a415f133,pearsonengineering.com,orbitalprospects4-15
1986456729,Baptiste,Keisha,,,,Chief Technology Officer,920,Information Technology,C-Level,,(678) 728-6696,kbaptiste@alviassociates.com,110 West Rd. Ste. 250,Towson,Maryland,21204,United States,4,4/12/2019,354111161,Alvi Associates Inc,Alvi Associates,www.alviassociates.com,(410) 321-8877,110 WEST Rd. Ste. 250,Towson,Maryland,21204,United States,"Architecture, Engineering & Design",Industry.construction.architecture,Construction,Industry.construction,5800,Sales.5Mto10M,29,Employees.20to49,8712,871,541,5413,"TitleCode.IT,TitleCodeTop.Business,TitleCodeMiddle.Exec,TitleCodeMiddle.Technical,TitleCode.Exec","C-Level,Engineering & Technical",https://go.zoominfo.com/#/apps/search/person/results?personProfileId=1986456729,52b50ebb4466cb5b2885058e2719ce36,alviassociates.com,orbitalprospects4-15
1637121665,Archer,Robert,,,,Chief Technology Officer,920,Information Technology,C-Level,,(520) 206-9585,rarcher@westlandresources.com,4001 E Paradise Falls Dr.,Tucson,Arizona,85712,United States,7,4/11/2019,73007155,WestLand Resources Inc,WestLand Resources,www.westlandresources.com,(520) 206-9585,4001 E. Paradise Falls Dr.,Tucson,Arizona,85712,United States,"Architecture, Engineering & Design",Industry.construction.architecture,Construction,Industry.construction,22600,Sales.10Mto25M,113,Employees.100to249,8712,871,541,5413,"TitleCode.IT,TitleCodeTop.Business,TitleCodeMiddle.Exec,TitleCodeMiddle.Technical,TitleCode.Exec","C-Level,Engineering & Technical",https://go.zoominfo.com/#/apps/search/person/results?personProfileId=1637121665,1d9773f47941287ebb5982194e7a8c4e,westlandresources.com,orbitalprospects4-15
2809388060,Oliver,Scott,,,,Chief Technology Officer,920,Information Technology,C-Level,,(954) 928-3870,soliver@bbmkcontracting.com,"6400 Park Of Commerce Blvd., Ste. 1B",Boca Raton,Florida,33487,United States,15,4/12/2019,353956379,BBMK Contracting LLC,BBMK Contracting,www.bbmkcontracting.com,(954) 928-3870,"6400 Park Of Commerce Blvd., Ste. 1B",Boca Raton,Florida,33487,United States,Commercial & Residential Construction,Industry.construction.construction,Construction,Industry.construction,19200,Sales.10Mto25M,96,Employees.50to99,,,,,"TitleCode.IT,TitleCodeTop.Business,TitleCodeMiddle.Exec,TitleCodeMiddle.Technical,TitleCode.Exec","C-Level,Engineering & Technical",https://go.zoominfo.com/#/apps/search/person/results?personProfileId=2809388060,940953f45dabb8e4603a540888c229c6,bbmkcontracting.com,orbitalprospects4-15
340578260,Biekkola,Todd,,,,Chief Technology Officer,920,Information Technology,C-Level,,,todd@rowlandbroughton.com,117 South Monarch St.,Aspen,Colorado,81611,United States,29,4/12/2019,119226653,Rowland + Broughton,Rowland + Broughton,www.rowlandbroughton.com,(303) 308-1373,1830 Blake St. Ste. 200,Denver,Colorado,80202,United States,"Architecture, Engineering & Design",Industry.construction.architecture,Construction,Industry.construction,9800,Sales.5Mto10M,49,Employees.20to49,8712,871,541,5413,"TitleCode.IT,TitleCodeTop.Business,TitleCodeMiddle.Exec,TitleCodeMiddle.Technical,TitleCode.Exec","C-Level,Engineering & Technical",https://go.zoominfo.com/#/apps/search/person/results?personProfileId=340578260,3d154cd52e8574d19cf15b9effb7fd2b,rowlandbroughton.com,orbitalprospects4-15
2162950871,Hite,Adam,,,,Chief Technology Officer,920,Information Technology,C-Level,,(612) 270-7652,ahite@mgmcgrath.com,1387 E Cope Ave.,Maplewood,Minnesota,55109,United States,7,4/12/2019,73123873,MG McGrath Inc,MG McGrath,www.mgmcgrath.com,(651) 704-0300,1387 East Cope Ave.,Maplewood,Minnesota,55109,United States,Construction General,Industry.construction.general,Construction,Industry.construction,14400,Sales.10Mto25M,72,Employees.50to99,,,,,"TitleCode.IT,TitleCodeTop.Business,TitleCodeMiddle.Exec,TitleCodeMiddle.Technical,TitleCode.Exec","C-Level,Engineering & Technical",https://go.zoominfo.com/#/apps/search/person/results?personProfileId=2162950871,3cf023c9a3e30808bba7ccaebdf6c5ce,mgmcgrath.com,orbitalprospects4-15
-1527361512,Basso,Katherine,,,,Chief Technology Officer,920,Information Technology,C-Level,,(603) 627-2881,kbasso@keachnordstrom.com,"10 Commerce Park No., Ste. 3",Bedford,New Hampshire,3110,United States,9,4/12/2019,44108030,Keach-Nordstrom Associates Inc,Keach-Nordstrom,www.keachnordstrom.com,(603) 627-2881,10 Commerce Park No. Ste. 3,Bedford,New Hampshire,3110,United States,"Architecture, Engineering & Design",Industry.construction.architecture,Construction,Industry.construction,5600,Sales.5Mto10M,28,Employees.20to49,8712,871,541,5413,"TitleCode.IT,TitleCodeTop.Business,TitleCodeMiddle.Exec,TitleCodeMiddle.Technical,TitleCode.Exec","C-Level,Engineering & Technical",https://go.zoominfo.com/#/apps/search/person/results?personProfileId=-1527361512,c13046fd7c13d4df1394df9b33c1fea6,keachnordstrom.com,orbitalprospects4-15
1303312151,Bello,Mark,S.,Mr.,,Chief Technology Officer,920,Information Technology,C-Level,,(925) 648-8800,mbello@atiae.com,"4750 Willow Rd., Ste. 250",Pleasanton,California,94588,United States,35,4/11/2019,9964593,ATI Architects and Engineers,ATI,www.atiae.com,(925) 648-8800,"4750 Willow Rd., Ste. 250",Pleasanton,California,94588,United States,Commercial & Residential Construction,Industry.construction.construction,Construction,Industry.construction,16400,Sales.10Mto25M,82,Employees.50to99,8712,871,541,5413,"TitleCode.IT,TitleCodeTop.Business,TitleCodeMiddle.Exec,TitleCodeMiddle.Technical,TitleCode.Exec","C-Level,Engineering & Technical",https://go.zoominfo.com/#/apps/search/person/results?personProfileId=1303312151,f8a2404889beca00829e3334c28f709e,atiae.com,orbitalprospects4-15
1816928719,Duke,Neil,,,,Chief Technology Officer,920,Information Technology,C-Level,,(281) 340-3951,neil.duke@englobal.com,654 N. Sam Houston Pkwy. E Ste. 400,Houston,Texas,77060,United States,20,4/11/2019,12992747,ENGlobal Corporation,ENGlobal,www.englobal.com,(281) 878-1000,654 N. Sam Houston Pkwy. E Ste. 400,Houston,Texas,77060,United States,Commercial & Residential Construction,Industry.construction.construction,Construction,Industry.construction,55765,Sales.50Mto100M,252,Employees.250to499,87,871,812,48,"TitleCode.IT,TitleCodeTop.Business,TitleCodeMiddle.Exec,TitleCodeMiddle.Technical,TitleCode.Exec","C-Level,Engineering & Technical",https://go.zoominfo.com/#/apps/search/person/results?personProfileId=1816928719,12feff0d8f6d63098160dea0cce6f602,englobal.com,orbitalprospects4-15
2313533435,Nielson,Ronald,,,,Vice President and Chief Technology Officer of Cyber and Intelligence Division,919,Information Technology,C-Level,,(443) 430-8076,ron.nielson@parsons.com,100 West Walnut St.,Pasadena,California,91124,United States,20,4/11/2019,29920401,Parsons Corporation,Parsons,www.parsons.com,(626) 440-2000,100 West Walnut St.,Pasadena,California,91124,United States,Construction,Industry.construction,Commercial & Residential Construction,Industry.construction.construction,,,15072,Employees.10000plus,16,162,23,,"TitleCode.VP,TitleCode.Exec,TitleCodeTop.Business,TitleCode.IT,TitleCodeMiddle.VP,TitleCodeMiddle.Exec,TitleCodeMiddle.Technical","C-Level,Engineering & Technical",https://go.zoominfo.com/#/apps/search/person/results?personProfileId=2313533435,1f7e9bea04fc585ffc11601b00555668,parsons.com,orbitalprospects4-15
-1514997978,Gordon,Shane,J.,,,Chief Technology Officer,920,Information Technology,C-Level,,,sjgordon@mcdermott.com,"Plot 42, Jebel Ali Free Zone",Dubai,Dubai,,United Arab Emirates,3,4/13/2019,129729226,"McDermott International , Inc.",McDermott,www.mcdermott.com,(281) 870-5000,4424 W Sam Houston Pkwy. N,Houston,Texas,77041,United States,Construction,Industry.construction,"Energy, Utilities & Waste Treatment",Industry.energy,2984768,Sales.1Gto5G,11800,Employees.10000plus,34,344,211,5416,"TitleCode.IT,TitleCodeTop.Business,TitleCodeMiddle.Exec,TitleCodeMiddle.Technical,TitleCode.Exec","C-Level,Engineering & Technical",https://go.zoominfo.com/#/apps/search/person/results?personProfileId=-1514997978,27e52b305a8b31a011545ae819765335,mcdermott.com,orbitalprospects4-15
2599372218,Barrenechea,Carlos,M.,,,Chief Technology Officer,920,Information Technology,C-Level,,(786) 375-5348,carlos@cmbeng.com,14850 Sw 26th St. #207,Miami,Florida,33185,United States,7,4/12/2019,347796980,CMB Engineering Service Inc,CMB Engineering,www.cmbeng.com,,,,,,,Commercial & Residential Construction,Industry.construction.construction,Construction,Industry.construction,2800,Sales.1Mto5M,14,Employees.10to19,,,,,"TitleCode.IT,TitleCodeTop.Business,TitleCodeMiddle.Exec,TitleCodeMiddle.Technical,TitleCode.Exec","C-Level,Engineering & Technical",https://go.zoominfo.com/#/apps/search/person/results?personProfileId=2599372218,a6f5a1675643d61864ea5cd78d28b0e5,cmbeng.com,orbitalprospects4-15
-2051777776,Baird,Craig,,,,Chief Technology Officer,920,Information Technology,C-Level,,,cbaird@etfc-arch.com,343 North Main St.,Memphis,Tennessee,38103,United States,9,4/12/2019,356301776,ETFC Architects,ETFC Architects,www.etfc-arch.com,(901) 525-5344,343 North Main St.,Memphis,Tennessee,38103,United States,Commercial & Residential Construction,Industry.construction.construction,Construction,Industry.construction,4800,Sales.1Mto5M,24,Employees.20to49,,,,,"TitleCode.IT,TitleCodeTop.Business,TitleCodeMiddle.Exec,TitleCodeMiddle.Technical,TitleCode.Exec","C-Level,Engineering & Technical",https://go.zoominfo.com/#/apps/search/person/results?personProfileId=-2051777776,0ebb5ca7ab1f8fe12a6dc4fdc407b0f4,etfc-arch.com,orbitalprospects4-15
-1532030888,Lee,Charles,J.,,,Engineer and Vice President and Chief Technology Officer,918,Information Technology,C-Level,,(757) 814-7104,cjlee@jhpcommunications.com,106 Manokin Turn,Yorktown,Virginia,23693,United States,13,4/12/2019,367434498,JHP Communications LLC,JHP Communications,www.jhpcommunications.com,(757) 871-2230,106 Manokin Turn,Yorktown,Virginia,23693,United States,Commercial & Residential Construction,Industry.construction.construction,Construction,Industry.construction,4200,Sales.1Mto5M,21,Employees.20to49,,,,,"TitleCode.VP,TitleCode.Exec,TitleCodeTop.Business,TitleCode.IT,TitleCodeMiddle.VP,TitleCode.Engineer,TitleCodeMiddle.Exec,TitleCodeMiddle.Technical","C-Level,Engineering & Technical",https://go.zoominfo.com/#/apps/search/person/results?personProfileId=-1532030888,a2cfadb267bbeb700cc37d70eba3689c,jhpcommunications.com,orbitalprospects4-15
121181298,Scarfe,Darren,P.,,,Partner and Chief Technology Officer,920,Information Technology,C-Level,,,darren.scarfe@testfei.com,45209 Helm St.,Plymouth,Michigan,48170,United States,11,4/12/2019,20202546,Freese Enterprises Inc,Freese Enterprises,www.testfei.com,(734) 455-1311,45209 Helm St.,Plymouth,Michigan,48170,United States,Commercial & Residential Construction,Industry.construction.construction,Construction,Industry.construction,6200,Sales.5Mto10M,31,Employees.20to49,,,,,"TitleCode.IT,TitleCodeTop.Business,TitleCodeMiddle.Exec,TitleCodeMiddle.Technical,TitleCode.Exec","C-Level,Engineering & Technical",https://go.zoominfo.com/#/apps/search/person/results?personProfileId=121181298,fa9de146f67569dcc20dc0f25cb70f34,testfei.com,orbitalprospects4-15
-1250848394,Cisco,Gary,,,,Chief Technology Officer,920,Information Technology,C-Level,,(954) 974-8819,gary@oscoconstruction.com,823 SW 17th Ave.,Delray Beach,Florida,33444,United States,8,4/12/2019,385874981,O-SCO Construction Corporation,O-SCO Construction,www.oscoconstruction.com,(561) 330-3711,823 SW 17th Ave.,Delray Beach,Florida,33444,United States,Commercial & Residential Construction,Industry.construction.construction,Construction,Industry.construction,200,Sales.under500K,1,Employees.1to4,,,,,"TitleCode.IT,TitleCodeTop.Business,TitleCodeMiddle.Exec,TitleCodeMiddle.Technical,TitleCode.Exec","C-Level,Engineering & Technical",https://go.zoominfo.com/#/apps/search/person/results?personProfileId=-1250848394,df3f0a87bce9cb540a98def1ceb49051,oscoconstruction.com,orbitalprospects4-15
241034520,Attisano,Joe,,,,Chief Technology Officer,920,Information Technology,C-Level,,,joe@civcon.com,P.O. Box 100,South Berwick,Maine,3908,United States,16,4/12/2019,347287715,Civil Consultants Inc,Civil Consultants,www.civil-consultants.com,(919) 490-1645,"3708 Lyckan Pkwy., Ste. 201",Durham,North Carolina,27707,United States,"Architecture, Engineering & Design",Industry.construction.architecture,Construction,Industry.construction,5200,Sales.5Mto10M,26,Employees.20to49,8712,871,541,5413,"TitleCode.IT,TitleCodeTop.Business,TitleCodeMiddle.Exec,TitleCodeMiddle.Technical,TitleCode.Exec","C-Level,Engineering & Technical",https://go.zoominfo.com/#/apps/search/person/results?personProfileId=241034520,ad067b101ad73d5f3873b9dd53702fed,civcon.com,orbitalprospects4-15
100894243,Kalafsky,Kurt,M.,Mr.,,Principal and Chief Technology Officer,920,Information Technology,C-Level,,(732) 874-5054,kalafsky@aztec-architects.com,517 Rte. One South,Iselin,New Jersey,8830,United States,169,4/12/2019,344536891,The Aztec Corporation,Aztec Technologies,www.aztec-consult.com,(732) 636-8989,517 Rte. One South,Iselin,New Jersey,8830,United States,"Architecture, Engineering & Design",Industry.construction.architecture,Construction,Industry.construction,44000,Sales.25Mto50M,220,Employees.100to249,8712,871,541,5413,"TitleCode.IT,TitleCodeTop.Business,TitleCodeMiddle.Exec,TitleCodeMiddle.Technical,TitleCode.Exec","C-Level,Engineering & Technical",https://go.zoominfo.com/#/apps/search/person/results?personProfileId=100894243,b1fe74c0cad75cd7148b70dc3652915b,aztec-architects.com,orbitalprospects4-15
5651669,Haselden,Mike,,,,Chief Technology Officer,920,Information Technology,C-Level,,,mikehaselden@haselden.com,6950 S. Potomac St.,Centennial,Colorado,80112,United States,43,4/12/2019,17285985,Haselden Construction Company,Haselden,www.haselden.com,(303) 751-1478,6950 S. Potomac St.,Centennial,Colorado,80112,United States,Commercial & Residential Construction,Industry.construction.construction,Construction,Industry.construction,46200,Sales.25Mto50M,231,Employees.100to249,,,,,"TitleCode.IT,TitleCodeTop.Business,TitleCodeMiddle.Exec,TitleCodeMiddle.Technical,TitleCode.Exec","C-Level,Engineering & Technical",https://go.zoominfo.com/#/apps/search/person/results?personProfileId=5651669,86bbe37fb0d2571be86b85da7742ed51,haselden.com,orbitalprospects4-15
78518980,Erbes,Russell,E.,Mr.,,Chief Technology Officer,920,Information Technology,C-Level,,(303) 840-4571,rerbes@kleinfelder.com,10044 Granite Hill Dr.,Parker,Colorado,80134,United States,59,4/9/2019,21595188,Kleinfelder Inc,Kleinfelder,www.kleinfelder.com,(619) 831-4600,550 W C St. Ste. 1200,San Diego,California,92101,United States,Construction,Industry.construction,Commercial & Residential Construction,Industry.construction.construction,,,1591,Employees.1000to4999,8712,871,541,5413,"TitleCode.IT,TitleCodeTop.Business,TitleCodeMiddle.Exec,TitleCodeMiddle.Technical,TitleCode.Exec","C-Level,Engineering & Technical",https://go.zoominfo.com/#/apps/search/person/results?personProfileId=78518980,a8b33b03b8247cc1faadbefb75c7cf4f,kleinfelder.com,orbitalprospects4-15
-2135409098,Miller,Tj,,,,Chief Technology Officer,920,Information Technology,C-Level,,(850) 262-0750,tmiller@sei-group.com,6540 W Nine Mile Rd.,Pensacola,Florida,32526,United States,24,4/9/2019,47300705,Southern Environmental Inc,Southern Environmental,www.southernenvironmental.com,(850) 944-4475,6690 West Nine Mile Rd.,Pensacola,Florida,32526,United States,"Waste Treatment, Environmental Services & Recycling",Industry.energy.environment,"Energy, Utilities & Waste Treatment",Industry.energy,88870,Sales.50Mto100M,66,Employees.50to99,49,,221,22,"TitleCode.IT,TitleCodeTop.Business,TitleCodeMiddle.Exec,TitleCodeMiddle.Technical,TitleCode.Exec","C-Level,Engineering & Technical",https://go.zoominfo.com/#/apps/search/person/results?personProfileId=-2135409098,2de03e711e97db0e82b3b551572fe431,sei-group.com,orbitalprospects4-15
1641210500,Cajiga,Arturo,,Mr.,,Chief Technology Officer,920,Information Technology,C-Level,,+52 55 5279 5473,acajiga@mexssub.com,,,,,Mexico,25,4/12/2019,112379489,MEXSSUB Int'l Inc,MEXSSUB,www.mexssub.com,(832) 674-2947,21245 Fm 529,Cypress,Texas,77433,United States,Commercial & Residential Construction,Industry.construction.construction,Construction,Industry.construction,6800,Sales.5Mto10M,34,Employees.20to49,,,,,"TitleCode.IT,TitleCodeTop.Business,TitleCodeMiddle.Exec,TitleCodeMiddle.Technical,TitleCode.Exec","C-Level,Engineering & Technical",https://go.zoominfo.com/#/apps/search/person/results?personProfileId=1641210500,59847f666077adbb48117414ce5a093d,mexssub.com,orbitalprospects4-15
-1366780102,Bjorksten,Carl,,,,Chief Technology Officer,920,Information Technology,C-Level,,(954) 680-2690,cbjorksten@rcieng.com,5450 Griffin Rd. Ste. A,Fort Lauderdale,Florida,33314,United States,6,4/12/2019,345680849,"RCI Engineering, Inc.",RCI Engineering,www.rcieng.com,(954) 680-2690,5450 Griffin Rd. Ste. A,Davie,Florida,33314,United States,"Architecture, Engineering & Design",Industry.construction.architecture,Construction,Industry.construction,8600,Sales.5Mto10M,43,Employees.20to49,8712,871,541,5413,"TitleCode.IT,TitleCodeTop.Business,TitleCodeMiddle.Exec,TitleCodeMiddle.Technical,TitleCode.Exec","C-Level,Engineering & Technical",https://go.zoominfo.com/#/apps/search/person/results?personProfileId=-1366780102,3b2e103da9f7b4a39fa09472fafebe6f,rcieng.com,orbitalprospects4-15
27665169,Gottuk,Daniel,T.,Dr.,,Chief Technical Officer,920,Information Technology,C-Level,,(443) 313-9880,dgottuk@jensenhughes.com,3610 Commerce Dr. Ste. 817,Halethorpe,Maryland,21227,United States,93,4/11/2019,371634673,JensenHughesAcademy.com,Jensen Hughges,www.jensenhughes.com,(410) 737-8677,3610 Commerce Dr. Ste. 817,Halethorpe,Maryland,21227,United States,Commercial & Residential Construction,Industry.construction.construction,Construction,Industry.construction,,,3849,Employees.1000to4999,89,899,,,"TitleCode.IT,TitleCodeTop.Business,TitleCodeMiddle.Exec,TitleCodeMiddle.Technical,TitleCode.Exec","C-Level,Engineering & Technical",https://go.zoominfo.com/#/apps/search/person/results?personProfileId=27665169,88026e9580f391c5adb1a870f6989d35,jensenhughes.com,orbitalprospects4-15
35771215,Colabella,Don,,,,Co-Founder and Chief Executive Officer and Chief Technology Officer,969,Information Technology,C-Level,,(973) 492-0509,don@cisleads.com,170 Kinnelon Rd.,Kinnelon,New Jersey,7405,United States,18,3/1/2019,50255314,CIS Inc,CIS,www.cisleads.com,(800) 247-1727,170 Kinnelon Rd.,Kinnelon,New Jersey,7405,United States,Construction General,Industry.construction.general,Construction,Industry.construction,10200,Sales.10Mto25M,51,Employees.50to99,,,,,"TitleCode.Founder,TitleCode.Exec,TitleCodeTop.Business,TitleCode.IT,TitleCode.CEO,TitleCodeMiddle.Exec,TitleCodeMiddle.Technical,TitleCodeMiddle.TopExec","Engineering & Technical,General Management",https://go.zoominfo.com/#/apps/search/person/results?personProfileId=35771215,ab092f897ce579a6bfd195656865a7e8,cisleads.com,orbitalprospects4-15
408658464,Bergstrom,Harlan,,,,Chief Technology Officer,920,Information Technology,C-Level,,(602) 249-6311,harlan@npmechanical.com,1717 W Northern Ave. Ste. 116,Phoenix,Arizona,85021,United States,9,4/12/2019,54643091,NP Mechanical Inc,NP Mechanical,www.npmechanical.com,(602) 249-6311,1717 W Northern Ave. Ste. 116,Phoenix,Arizona,85021,United States,"Architecture, Engineering & Design",Industry.construction.architecture,Construction,Industry.construction,5000,Sales.5Mto10M,25,Employees.20to49,8712,871,541,5413,"TitleCode.IT,TitleCodeTop.Business,TitleCodeMiddle.Exec,TitleCodeMiddle.Technical,TitleCode.Exec","C-Level,Engineering & Technical",https://go.zoominfo.com/#/apps/search/person/results?personProfileId=408658464,28db25ef875782d4ec3171ea687bc11c,npmechanical.com,orbitalprospects4-15
2719020842,House,Jacob,,,,Chief Technology Officer,920,Information Technology,C-Level,,(702) 850-0739,jacob@mkhouseconsulting.com,6670 Gomer Rd.,Las Vegas,Nevada,89139,United States,3,4/12/2019,354616254,MK House Consulting Inc,MK House Consulting,www.mkhouseconsulting.com,(702) 370-1913,6670 Gomer Rd.,Las Vegas,Nevada,89139,United States,Commercial & Residential Construction,Industry.construction.construction,Construction,Industry.construction,4000,Sales.1Mto5M,20,Employees.20to49,,,,,"TitleCode.IT,TitleCodeTop.Business,TitleCodeMiddle.Exec,TitleCodeMiddle.Technical,TitleCode.Exec","C-Level,Engineering & Technical",https://go.zoominfo.com/#/apps/search/person/results?personProfileId=2719020842,bd49efc8cfc0f179120b1df8f0aad28b,mkhouseconsulting.com,orbitalprospects4-15
861578413,Blanchard,Jim,,,,Chief Technology Officer,920,Information Technology,C-Level,,(337) 477-0097,jim@calmech.net,3121 Country Club Rd.,Lake Charles,Louisiana,70605,United States,13,4/12/2019,39702274,Calcasieu Mechanical Contractors Inc,Clacasieu Mechanical Contractors,www.calmech.net,(337) 477-0097,3121 Country Club Rd.,Lake Charles,Louisiana,70605,United States,Commercial & Residential Construction,Industry.construction.construction,Construction,Industry.construction,8800,Sales.5Mto10M,44,Employees.20to49,,,,,"TitleCode.IT,TitleCodeTop.Business,TitleCodeMiddle.Exec,TitleCodeMiddle.Technical,TitleCode.Exec","C-Level,Engineering & Technical",https://go.zoominfo.com/#/apps/search/person/results?personProfileId=861578413,817b732928c5c8f6dfd98b101a1dab23,calmech.net,orbitalprospects4-15
1485516161,Beaver,Kathy,,,,Chief Technology Officer,920,Information Technology,C-Level,,(860) 774-0419,kathy@olympiclandscape.com,4310 70th Ave. East #A,Fife,Washington,98424,United States,5,4/12/2019,89590239,Olympic Landscape LLC,Olympic Landscape,www.olympiclandscape.com,(253) 922-7075,"5620 112th St. E, Ste. 230",Puyallup,Washington,98373,United States,"Architecture, Engineering & Design",Industry.construction.architecture,Construction,Industry.construction,4600,Sales.1Mto5M,23,Employees.20to49,8712,871,541,5413,"TitleCode.IT,TitleCodeTop.Business,TitleCodeMiddle.Exec,TitleCodeMiddle.Technical,TitleCode.Exec","C-Level,Engineering & Technical",https://go.zoominfo.com/#/apps/search/person/results?personProfileId=1485516161,d346e1eb737b02f0d491210e86c167f7,olympiclandscape.com,orbitalprospects4-15
1333375557,Beigi,Mohammad,H.,,,Chief Technology Officer,920,Information Technology,C-Level,,(510) 886-7240,mbeigi@bestcontracting.com,29300 Pacific St.,Hayward,California,94544,United States,18,4/11/2019,32609129,BEST Contracting Services Inc,BEST Contracting,www.bestcontracting.com,(310) 328-6969,19027 S. Hamilton Ave.,Gardena,California,90248,United States,Commercial & Residential Construction,Industry.construction.construction,Construction,Industry.construction,90000,Sales.50Mto100M,450,Employees.250to499,,,,,"TitleCode.IT,TitleCodeTop.Business,TitleCodeMiddle.Exec,TitleCodeMiddle.Technical,TitleCode.Exec","C-Level,Engineering & Technical",https://go.zoominfo.com/#/apps/search/person/results?personProfileId=1333375557,422db1276ae6bcec1351cb6c36c7617b,bestcontracting.com,orbitalprospects4-15
670884230,Bartow,Paul,W.,Mr.,,Chief Technology Officer,920,Information Technology,C-Level,,(315) 463-7716,pbartow@ramtechengineers.com,2 International Plz. Ste. 318,Philadelphia,Pennsylvania,19113,United States,24,4/12/2019,97665725,Ram Tech Engineers Inc,Ram Tech Engineers,www.ramtechengineers.com,(610) 521-5159,2 International Plz. Ste. 318,Philadelphia,Pennsylvania,19113,United States,"Architecture, Engineering & Design",Industry.construction.architecture,Construction,Industry.construction,9200,Sales.5Mto10M,46,Employees.20to49,8712,871,541,5413,"TitleCode.IT,TitleCodeTop.Business,TitleCodeMiddle.Exec,TitleCodeMiddle.Technical,TitleCode.Exec","C-Level,Engineering & Technical",https://go.zoominfo.com/#/apps/search/person/results?personProfileId=670884230,727960cbeee02e98858212b4922cbbce,ramtechengineers.com,orbitalprospects4-15
48063524,Calvani,Robert,M.,,,Chief Technology Officer,920,Information Technology,C-Level,,(505) 255-6400,rcalvani@nca-architects.com,1306 Rio Grande Blvd. NW,Albuquerque,New Mexico,87104,United States,59,4/12/2019,40257121,NCA Architects LLC,NCA Architects,www.nca-architects.com,(505) 255-6400,1306 Rio Grande Blvd. NW,Albuquerque,New Mexico,87104,United States,"Architecture, Engineering & Design",Industry.construction.architecture,Construction,Industry.construction,6200,Sales.5Mto10M,31,Employees.20to49,8712,871,541,5413,"TitleCode.IT,TitleCodeTop.Business,TitleCodeMiddle.Exec,TitleCodeMiddle.Technical,TitleCode.Exec","C-Level,Engineering & Technical",https://go.zoominfo.com/#/apps/search/person/results?personProfileId=48063524,76a75c9c9a2794d6dc987052da56f95e,nca-architects.com,orbitalprospects4-15
132884485,Stachon,Roxanne,,,,Chief Technology Officer,920,Information Technology,C-Level,,,rstachon@rmcwater.com,41 Hutchins Dr.,Portland,Maine,4102,United States,16,4/11/2019,42550399,Woodard & Curran Inc,Woodard & Curran,www.woodardcurran.com,(800) 426-4262,41 Hutchins Dr.,Portland,Maine,4102,United States,Commercial & Residential Construction,Industry.construction.construction,Construction,Industry.construction,28500,Sales.25Mto50M,1000,Employees.1000to4999,87,874,,,"TitleCode.IT,TitleCodeTop.Business,TitleCodeMiddle.Exec,TitleCodeMiddle.Technical,TitleCode.Exec","C-Level,Engineering & Technical",https://go.zoominfo.com/#/apps/search/person/results?personProfileId=132884485,2ef0940384a5afad3e764f41543f1677,rmcwater.com,orbitalprospects4-15
-1945626992,Benson,Travis,,,,Chief Technology Officer,920,Information Technology,C-Level,,,tbenson@focusutah.com,32 W Center St.,Midvale,Utah,84047,United States,13,4/12/2019,356568813,FOCUS Engineering & Surveying LLC,FOCUS Engineering & Surveying,www.focusutah.com,(801) 352-0075,32 W Center St.,Midvale,Utah,84047,United States,"Architecture, Engineering & Design",Industry.construction.architecture,Construction,Industry.construction,4800,Sales.1Mto5M,24,Employees.20to49,8712,871,541,5413,"TitleCode.IT,TitleCodeTop.Business,TitleCodeMiddle.Exec,TitleCodeMiddle.Technical,TitleCode.Exec","C-Level,Engineering & Technical",https://go.zoominfo.com/#/apps/search/person/results?personProfileId=-1945626992,db4902dfe148cfe441bd7ff223d56921,focusutah.com,orbitalprospects4-15
820977473,Brancheau,James,E.,Mr.,,Chief Technical Officer,920,Information Technology,C-Level,,(248) 614-2400,jeb@altair.com,1820 E. BIG BEAVER Rd.,Troy,Michigan,48083,United States,133,4/11/2019,10112620,Altair Engineering Inc,Altair,www.altair.com,(248) 614-2400,1820 E. BIG BEAVER Rd.,Troy,Michigan,48083,United States,"Architecture, Engineering & Design",Industry.construction.architecture,Construction,Industry.construction,333333,Sales.250Mto500M,2400,Employees.1000to4999,37,372,336415,5182,"TitleCode.IT,TitleCodeTop.Business,TitleCodeMiddle.Exec,TitleCodeMiddle.Technical,TitleCode.Exec","C-Level,Engineering & Technical",https://go.zoominfo.com/#/apps/search/person/results?personProfileId=820977473,1b7292e0d41c1978ddfc8b22cc9f9ddb,altair.com,orbitalprospects4-15
1199571677,Pauker,Jed,,,,Chief Technology Officer,920,Information Technology,C-Level,,(310) 204-2290,jpauker@wolcottai.com,3859 Cardiff Ave.,Culver City,California,90232,United States,63,4/12/2019,307363948,Wolcott Architecture Interiors,Wolcott,www.wolcottai.com,(310) 204-2290,3859 Cardiff Ave.,Culver City,California,90231,United States,"Architecture, Engineering & Design",Industry.construction.architecture,Construction,Industry.construction,9800,Sales.5Mto10M,49,Employees.20to49,8712,871,541,5413,"TitleCode.IT,TitleCodeTop.Business,TitleCodeMiddle.Exec,TitleCodeMiddle.Technical,TitleCode.Exec","C-Level,Engineering & Technical",https://go.zoominfo.com/#/apps/search/person/results?personProfileId=1199571677,0d66f0a6660138e3dd3aa6b00783ac8f,wolcottai.com,orbitalprospects4-15
61864973,Rossi,Julie,,,,"Chief Financial Officer and Chief Information Officer and Vice President, Quality",940,Quality Management,C-Level,,(303) 500-3103 ext. 2,julie@blueskyremodelingdenver.com,"580 Burbank St., Ste. 105",Broomfield,Colorado,80020,United States,39,3/21/2019,346116979,Blue Sky Remodeling LLC,Blue Sky Remodeling,www.blueskyremodelingdenver.com,(303) 500-3103,"580 Burbank St., Ste. 105",Broomfield,Colorado,80020,United States,Commercial & Residential Construction,Industry.construction.construction,Construction,Industry.construction,2200,Sales.1Mto5M,7,Employees.5to9,,,,,"TitleCode.VP,TitleCode.Exec,TitleCode.Quality,TitleCodeMiddle.VP,TitleCode.IT,TitleCodeTop.Business,TitleCodeMiddle.Finance,TitleCode.Finance,TitleCodeMiddle.Operations,TitleCodeMiddle.Exec,TitleCodeMiddle.Technical","Operations,Finance",https://go.zoominfo.com/#/apps/search/person/results?personProfileId=61864973,4e36e0ab5955c9b4098a9626c352f187,blueskyremodelingdenver.com,orbitalprospects4-15
235123149,Osborne,Matt,,,,Chief Technology Officer,920,Information Technology,C-Level,,(623) 388-5309,mosborne@siglers.com,9702 W Tonto St.,Tolleson,Arizona,85353,United States,12,4/11/2019,34931574,Sigler Inc,Sigler ,www.siglers.com,(623) 388-5100,9702 W Tonto St.,Tolleson,Arizona,85353,United States,Commercial & Residential Construction,Industry.construction.construction,Construction,Industry.construction,115800,Sales.100MMto250M,579,Employees.500to999,6531,653,531,5312,"TitleCode.IT,TitleCodeTop.Business,TitleCodeMiddle.Exec,TitleCodeMiddle.Technical,TitleCode.Exec","C-Level,Engineering & Technical",https://go.zoominfo.com/#/apps/search/person/results?personProfileId=235123149,beb69c7c1fc9a3a1142643845a1629af,siglers.com,orbitalprospects4-15
1812402735,Drera,Saleem,,Dr.,,Deputy Chief Technology Officer,918,Information Technology,C-Level,,,saleem@thecamerongroupinc.com,48620 Spokane Ct.,Fremont,California,94539,United States,32,4/12/2019,348519436,The Cameron Group Inc,The Cameron Group,www.thecamerongroupinc.com,(408) 621-0337,48620 Spokane Ct.,Fremont,California,94539,United States,"Architecture, Engineering & Design",Industry.construction.architecture,Construction,Industry.construction,6200,Sales.5Mto10M,31,Employees.20to49,8712,871,541,5413,"TitleCode.IT,TitleCodeTop.Business,TitleCodeMiddle.Exec,TitleCodeMiddle.Technical,TitleCode.Exec","C-Level,Engineering & Technical",https://go.zoominfo.com/#/apps/search/person/results?personProfileId=1812402735,cef54d4be4a298919cb8fe44c01a83e8,thecamerongroupinc.com,orbitalprospects4-15
-2006304842,Johnson,Bill,,,,Chief Technology Officer,920,Information Technology,C-Level,,(704) 391-7747,wejohnson@unitherm1.com,8220 Wilkinson Blvd.,Charlotte,North Carolina,28214,United States,16,4/12/2019,344055027,Unitherm Inc,Unitherm,www.unitherm1.com,(704) 391-7747,8220 Wilkinson Blvd.,Charlotte,North Carolina,28214,United States,Construction General,Industry.construction.general,Construction,Industry.construction,60000,Sales.50Mto100M,300,Employees.250to499,,,,,"TitleCode.IT,TitleCodeTop.Business,TitleCodeMiddle.Exec,TitleCodeMiddle.Technical,TitleCode.Exec","C-Level,Engineering & Technical",https://go.zoominfo.com/#/apps/search/person/results?personProfileId=-2006304842,970b694523ca155956b135993c7101d4,unitherm1.com,orbitalprospects4-15
