﻿Zoom Individual ID,Last name,First name,Middle name,Salutation,Suffix,Job title,Job title hierarchy level,Job Function,Management Level,Company division name,Direct Phone Number,Email address,Person Street,Person City,Person State,Person Zip,Country,Source count,Last updated date,Zoom company ID,Company name,Company domain name,Company phone number,Company Street address,Company City,Company State,Company ZIP/Postal code,Company Country,Industry label,Industry hierarchical category,Secondary industry label,Secondary industry hierarchical category,Revenue (in 000s),Revenue Range,Employees,Employees Range,SIC1,SIC2,NAICS1,NAICS2,TitleCode,Highest Level Job Function,Contact Zoom URL,Encrypted Email Address,Email Domain
-1028597632,Wyatt,Missy,,,,"Manager, Information Systems",719,Information Technology,Manager,,,mwyatt@kanawhascales.com,303 Jacobson Dr.,Poca,West Virginia,25159,United States,13,7/17/2019,41143114,"Kanawha Scales &amp; Systems, Inc.",www.kanawhascales.com,(304) 755-8321,303 Jacobson Dr.,Poca,West Virginia,25159,United States,Industrial Machinery & Equipment,Industry.mfg.industrialmachinery,Manufacturing,Industry.mfg,126520,Sales.100MMto250M,200,Employees.100to249,35,359,42344,3343,"TitleCode.IT,TitleCodeTop.Business,TitleCodeMiddle.Manager,TitleCodeMiddle.Technical,TitleCode.Manager","Manager,Engineering & Technical",https://go.zoominfo.com/#/apps/search/person/results?personProfileId=-1028597632,f0f329fba26ea401aa3940cfbd112390,kanawhascales.com
-2096802077,Frey,Dale,A.,,,"Director, Information Security & Compliance",759,Information Technology,Director,,(602) 417-8804,dale.frey@dbmglobal.com,"3020 E. Camelback Rd., Ste. 100",Phoenix,Arizona,85016,United States,34,7/17/2019,353527500,DBM Global Inc,www.dbmglobal.com,(602) 252-7787,"3020 E. Camelback Rd., Ste. 100",Phoenix,Arizona,85016,United States,Commercial & Residential Construction,Industry.construction.construction,Construction,Industry.construction,486781,Sales.250Mto500M,1800,Employees.1000to4999,17,179,23812,5413,"TitleCodeMiddle.Director,TitleCodeTop.Business,TitleCode.IT,TitleCode.Compliance,TitleCodeMiddle.Operations,TitleCodeMiddle.Technical,TitleCode.Director","Operations,Director",https://go.zoominfo.com/#/apps/search/person/results?personProfileId=-2096802077,822ee7a956e683053748d60b03567a70,dbmglobal.com
1540488302,Cote,Brian,,,,"Manager, Information Technology",719,Information Technology,Manager,,(978) 749-3362,bcote@vicr.com,25 Frontage Rd.,Andover,Massachusetts,1810,United States,14,7/16/2019,153518114,Vicor Corporation,www.vicorpower.com,(978) 470-2900,25 Frontage Rd.,Andover,Massachusetts,1810,United States,Electronic Components,Industry.mfg.electronics.electronics,Electronics,Industry.mfg.electronics,227830,Sales.100MMto250M,970,Employees.500to999,36,367,33599,334419,"TitleCode.IT,TitleCodeTop.Business,TitleCodeMiddle.Manager,TitleCodeMiddle.Technical,TitleCode.Manager","Manager,Engineering & Technical",https://go.zoominfo.com/#/apps/search/person/results?personProfileId=1540488302,1cfcd84fce5e4972ca7fba64dbadc4e0,vicr.com
1543835561,Shetty,Jyoti,,,,"Applications Director, Information Technology",759,Information Technology,Director,,(628) 895-0575,jshetty@nektar.com,455 MISSION BAY Blvd. SOUTH,San Francisco,California,94158,United States,30,7/15/2019,27083587,Nektar Therapeutics,www.nektar.com,(415) 482-5300,455 MISSION BAY Blvd. SOUTH,San Francisco,California,94158,United States,Drug Manufacturing & Research,Industry.healthcare.pharmaceuticals.drugs,Pharmaceuticals,Industry.healthcare.pharmaceuticals,307711,Sales.250Mto500M,509,Employees.500to999,28,283,32541,339,"TitleCode.IT,TitleCodeTop.Business,TitleCodeMiddle.Technical,TitleCode.Director,TitleCodeMiddle.Director","Engineering & Technical,Director",https://go.zoominfo.com/#/apps/search/person/results?personProfileId=1543835561,d493d22de10e3a1472cd67069b665a1c,nektar.com
2079844389,Hamilton,Michael,J.,,,"Director, IT Infrastructure",759,Information Technology,Director,,(978) 749-3254,mhamilton@vicorpower.com,25 Frontage Rd.,Andover,Massachusetts,1810,United States,28,7/15/2019,153518114,Vicor Corporation,www.vicorpower.com,(978) 470-2900,25 Frontage Rd.,Andover,Massachusetts,1810,United States,Electronic Components,Industry.mfg.electronics.electronics,Electronics,Industry.mfg.electronics,227830,Sales.100MMto250M,970,Employees.500to999,36,367,33599,334419,"TitleCode.IT,TitleCodeTop.Business,TitleCodeMiddle.Technical,TitleCode.Director,TitleCodeMiddle.Director","Engineering & Technical,Director",https://go.zoominfo.com/#/apps/search/person/results?personProfileId=2079844389,b15e8a0a4d512ece7435e12476dd1e72,vicorpower.com
3136420363,Compton,Sara,,,,"Portfolio Management Director, Information Technology",759,Information Technology,Director,,(919) 474-6820,sara.compton@bioventusglobal.com,4721 Emperor Blvd. #100,Durham,North Carolina,27703,United States,2,7/10/2019,348137330,Bioventus LLC,www.bioventusglobal.com,(919) 474-6700,4721 Emperor Blvd. #100,Durham,North Carolina,27703,United States,Medical Devices & Equipment,Industry.mfg.medical,Manufacturing,Industry.mfg,300000,Sales.250Mto500M,700,Employees.500to999,38,384,339,3254,"TitleCode.IT,TitleCodeTop.Business,TitleCodeMiddle.Technical,TitleCode.Director,TitleCodeMiddle.Director","Engineering & Technical,Director",https://go.zoominfo.com/#/apps/search/person/results?personProfileId=3136420363,66f502abc3f21ce61079eb3f75d52a20,bioventusglobal.com
764032601,Bira,Eri,,,,"Global Senior Manager, Information Technology",723,Information Technology,Manager,,(408) 782-5656,ebira@paramit.com,18735 Madrone Pkwy.,Morgan Hill,California,95037,United States,38,6/27/2019,29623269,Paramit Corporation,www.paramit.com,(408) 782-5600,18735 Madrone Pkwy.,Morgan Hill,California,95037,United States,Medical Devices & Equipment,Industry.mfg.medical,Manufacturing,Industry.mfg,83000,Sales.50Mto100M,202,Employees.100to249,38,384,339,33,"TitleCode.IT,TitleCodeTop.Business,TitleCodeMiddle.Manager,TitleCodeMiddle.Technical,TitleCode.Manager","Manager,Engineering & Technical",https://go.zoominfo.com/#/apps/search/person/results?personProfileId=764032601,b36ea4e3e684d661e81ad84e9c94229b,paramit.com
-1883458890,Peters,Noel,,,,"Director, Information Technology",759,Information Technology,Director,,(231) 944-7149,npeters@oilgear.com,1424 International Dr.,Traverse City,Michigan,49686,United States,19,6/12/2019,28704859,The Oilgear Company,www.oilgear.com,(231) 929-1660,1424 International Dr.,Traverse City,Michigan,49686,United States,Industrial Machinery & Equipment,Industry.mfg.industrialmachinery,Manufacturing,Industry.mfg,150000,Sales.100MMto250M,350,Employees.250to499,35,359,333995,333996,"TitleCode.IT,TitleCodeTop.Business,TitleCodeMiddle.Technical,TitleCode.Director,TitleCodeMiddle.Director","Engineering & Technical,Director",https://go.zoominfo.com/#/apps/search/person/results?personProfileId=-1883458890,797ddcbc975b6a3ee0e66f363af0024e,oilgear.com
-2080111845,Baker,Kyle,,,,IT Infrastructure Manager,719,Information Technology,Manager,,(847) 821-3337,kbaker@kleintools.com,450 Bond St.,Lincolnshire,Illinois,60069,United States,14,4/16/2019,67618525,Klein Tools Inc,www.kleintools.com,(847) 821-5500,450 Bond St.,Lincolnshire,Illinois,60069,United States,Textiles & Apparel,Industry.mfg.consumer.clothes,"Miscellaneous Building Materials (Flooring, Cabinets, etc.)",Industry.mfg.building.other,200000,Sales.100MMto250M,1100,Employees.1000to4999,31,319,332212,332216,"TitleCode.IT,TitleCodeTop.Business,TitleCodeMiddle.Manager,TitleCodeMiddle.Technical,TitleCode.Manager","Manager,Engineering & Technical",https://go.zoominfo.com/#/apps/search/person/results?personProfileId=-2080111845,93b395e7aefd5d1d680c4f8e114fd6fe,kleintools.com
1885755308,Dimaya,Leilani,,,,"Manager, Information Technology",719,Information Technology,Manager,,,lsdimaya@pacificshipyards.com,P.O. Box 31328,Honolulu,Hawaii,96820,United States,7,4/12/2019,89703635,Pacific Shipyards International LLC,www.pacificshipyards.com,(808) 848-6211,705 N Nimitz Hwy. 1st Fl.,Honolulu,Hawaii,96817,United States,Boats & Submarines,Industry.mfg.boat,Manufacturing,Industry.mfg,8800,Sales.5Mto10M,44,Employees.20to49,373,37,3366,33,"TitleCode.IT,TitleCodeTop.Business,TitleCodeMiddle.Manager,TitleCodeMiddle.Technical,TitleCode.Manager","Manager,Engineering & Technical",https://go.zoominfo.com/#/apps/search/person/results?personProfileId=1885755308,f0706840d22a59538f77d85289a40d3c,pacificshipyards.com
1929110636,Harper,Tyson,,,,"Project Manager, Information Technology & Developer",719,Information Technology,Manager,,(801) 867-5778,tyson.harper@3-form.com,2300 West 2300,Salt Lake City,Utah,84119,United States,17,4/11/2019,43549107,3form,www.3-form.com,(801) 649-2500,2300 West 2300,Salt Lake City,Utah,84119,United States,Furniture,Industry.mfg.furniture,Manufacturing,Industry.mfg,60000,Sales.50Mto100M,300,Employees.250to499,25,259,33712,33399,"TitleCode.ProjectManagement,TitleCodeMiddle.Manager,TitleCodeTop.Business,TitleCode.IT,TitleCodeMiddle.Operations,TitleCode.SoftwareEng,TitleCodeMiddle.Technical,TitleCode.Manager","Operations,Manager",https://go.zoominfo.com/#/apps/search/person/results?personProfileId=1929110636,c03c6cf7b06ee5010bbecdb3ab73d139,3-form.com
-789019312,Vazquez,Brenda,,,,"Operations Director, Information Technology",759,Operations,Director,,(915) 774-4357,bvazquez@brownjordan.com,475 W Town Pl. Ste. 201,Saint Augustine,Florida,32092,United States,3,4/11/2019,18059318,"Brown Jordan International , Inc.",www.bji.com,(904) 495-0717,475 W Town Pl. Ste. 201,Saint Augustine,Florida,32092,United States,Furniture,Industry.retail.furniture,Retail,Industry.retail,404890,Sales.250Mto500M,2100,Employees.1000to4999,25,251,442299,33712,"TitleCode.Operations,TitleCodeMiddle.Director,TitleCodeTop.Business,TitleCode.IT,TitleCodeMiddle.Operations,TitleCodeMiddle.Technical,TitleCode.Director","Operations,Director",https://go.zoominfo.com/#/apps/search/person/results?personProfileId=-789019312,5ceebde89ad09f471e941d2a92fa219b,brownjordan.com
1898595282,Bailes,Byron,,,,"Project Manager, Information Systems",719,Information Technology,Manager,,(216) 573-1000,bbailes@kichler.com,7711 E Pleasant Valley Rd.,Cleveland,Ohio,44131,United States,13,4/11/2019,50169737,Kichler Lighting LLC,www.kichler.com,(216) 573-1005,7711 E Pleasant Valley Rd.,Cleveland,Ohio,44131,United States,Electronic Components,Industry.mfg.electronics.electronics,Consumer Electronics,Industry.mfg.consumer.electronics,450000,Sales.250Mto500M,700,Employees.500to999,36,364,3343,3351,"TitleCode.ProjectManagement,TitleCodeMiddle.Manager,TitleCodeTop.Business,TitleCode.IT,TitleCodeMiddle.Operations,TitleCodeMiddle.Technical,TitleCode.Manager","Operations,Manager",https://go.zoominfo.com/#/apps/search/person/results?personProfileId=1898595282,4ccf2e9612fb45dba426dbd5fe5ce9d3,kichler.com
1473680742,Beck,Joseph,B.,,,"Manager, Information Technology",719,Information Technology,Manager,,(616) 913-6799,joseph.beck@dematic.com,507 Plymouth Ave. NE,Grand Rapids,Michigan,49505,United States,25,3/25/2019,14632437,Dematic Limited,www.dematic.com,(616) 913-6200,507 Plymouth Ave. NE,Grand Rapids,Michigan,49505,United States,Electronics,Industry.mfg.electronics,Industrial Machinery & Equipment,Industry.mfg.industrialmachinery,193795,Sales.100MMto250M,6000,Employees.5000to9999,35,353,5416,541,"TitleCode.IT,TitleCodeTop.Business,TitleCodeMiddle.Manager,TitleCodeMiddle.Technical,TitleCode.Manager","Manager,Engineering & Technical",https://go.zoominfo.com/#/apps/search/person/results?personProfileId=1473680742,0b9bddc16587fe35f9b16c0ea14f7026,dematic.com
2036921535,Batliner,Jason,,,,"Senior Project Manager, Information Technology",723,Information Technology,Manager,,(843) 633-1228,jbatliner@scires.com,1101 Remount Rd. Ste. 500,Charleston,South Carolina,29406,United States,7,3/21/2019,34144510,Scientific Research Corporation,www.scires.com,(770) 859-9161,2300 Windy Ridge Pkwy. Ste. 400,Atlanta,Georgia,30339,United States,Business Services General,Industry.bizservice.general,Business Services,Industry.bizservice,279347,Sales.250Mto500M,1200,Employees.1000to4999,87,873,5419,5413,"TitleCode.ProjectManagement,TitleCodeMiddle.Manager,TitleCodeTop.Business,TitleCode.IT,TitleCodeMiddle.Operations,TitleCodeMiddle.Technical,TitleCode.Manager","Operations,Manager",https://go.zoominfo.com/#/apps/search/person/results?personProfileId=2036921535,a65995f43f8347821329893fc2f37439,scires.com
1687142720,Laver,Michael,,,,"Director, Systems Engineering (Delta Design)",759,Technical,Director,,,mlaver@cohu.com,12367 Crosthwaite Circle,Poway,California,92064,United States,25,3/21/2019,8732691,Cohu Inc,www.cohu.com,(858) 848-8100,12367 Crosthwaite Circle,Poway,California,92064,United States,Electronic Components,Industry.mfg.electronics.electronics,Electronics,Industry.mfg.electronics,352704,Sales.250Mto500M,1800,Employees.1000to4999,38,382,339,334419,"TitleCode.Technical,TitleCodeMiddle.Director,TitleCodeTop.Business,TitleCode.IT,TitleCode.SoftwareEng,TitleCodeMiddle.Technical,TitleCode.Director","Engineering & Technical,Director",https://go.zoominfo.com/#/apps/search/person/results?personProfileId=1687142720,d9869c0835dab5e7a8c175abc93897a9,cohu.com
2057298087,Hutchinson,Simon,,,,"Programming Manager, Information Technology",719,Information Technology,Manager,,(818) 407-9300 ext. 4066,shutchinson@nhbb.com,9700 Independence Ave.,Chatsworth,California,91311,United States,12,3/21/2019,76104983,New Hampshire Ball Bearings Inc,www.nhbb.com,(603) 924-4100,175 Jaffrey Rd.,Peterborough,New Hampshire,3458,United States,Manufacturing,Industry.mfg,Industrial Machinery & Equipment,Industry.mfg.industrialmachinery,264000,Sales.250Mto500M,1500,Employees.1000to4999,35,356,332991,3332,"TitleCode.IT,TitleCodeTop.Business,TitleCodeMiddle.Manager,TitleCodeMiddle.Technical,TitleCode.Manager","Manager,Engineering & Technical",https://go.zoominfo.com/#/apps/search/person/results?personProfileId=2057298087,e751d98727eccd608a7d9c7d1f9e1e94,nhbb.com
1961906609,Clappes,Wendy,,,,"ERP Manager, Information Technology",719,Information Technology,Manager,,(715) 258-6659,wendy.clappes@waupacafoundry.com,1955 Brunner Dr.,Waupaca,Wisconsin,54981,United States,14,3/21/2019,54805128,"Waupaca Foundry , Inc.",www.waupacafoundry.com,(715) 258-6611,1955 Brunner Dr.,Waupaca,Wisconsin,54981,United States,Metals & Minerals,Industry.mm.metals,Metals & Mining,Industry.mm,300000,Sales.250Mto500M,3900,Employees.1000to4999,35,359,33271,332,"TitleCode.IT,TitleCodeTop.Business,TitleCodeMiddle.Manager,TitleCodeMiddle.Technical,TitleCode.Manager","Manager,Engineering & Technical",https://go.zoominfo.com/#/apps/search/person/results?personProfileId=1961906609,ae4563d58d6a5648c510469d83d3782b,waupacafoundry.com
2520042386,Schott,Ande,,,,"Service & Support Manager, Information Technology",719,Information Technology,Manager,,,ande.schott@laitram.com,220 Laitram Ln.,Harahan,Louisiana,70123,United States,7,3/21/2019,58672726,"Laitram , L.L.C.",www.laitram.com,(504) 733-6000,220 Laitram Ln.,Harahan,Louisiana,70123,United States,Industrial Machinery & Equipment,Industry.mfg.industrialmachinery,Manufacturing,Industry.mfg,353000,Sales.250Mto500M,2500,Employees.1000to4999,35,353,332999,332,"TitleCode.IT,TitleCodeTop.Business,TitleCodeMiddle.Manager,TitleCodeMiddle.Technical,TitleCode.Manager","Manager,Engineering & Technical",https://go.zoominfo.com/#/apps/search/person/results?personProfileId=2520042386,bb2b1740f4c8c4be628f0be9166d9c88,laitram.com
-1668018634,Myers,Terry,,,,"Director, Information Technology",759,Information Technology,Director,,(405) 525-6601 ext. 1202,tmyers@kimray.com,52 NW 42nd St.,Oklahoma City,Oklahoma,73118,United States,22,3/21/2019,21495901,Kimray Inc,www.kimray.com,(405) 525-6601,52 NW 42nd St.,Oklahoma City,Oklahoma,73118,United States,Plumbing & HVAC Equipment,Industry.mfg.building.plumbing,Building Materials,Industry.mfg.building,172500,Sales.100MMto250M,700,Employees.500to999,38,382,333132,332,"TitleCode.IT,TitleCodeTop.Business,TitleCodeMiddle.Technical,TitleCode.Director,TitleCodeMiddle.Director","Engineering & Technical,Director",https://go.zoominfo.com/#/apps/search/person/results?personProfileId=-1668018634,6672a48efbe920afd9509ea8724920d5,kimray.com
1462478079,Dougherty,Bryan,,,MBA PMP,"Project Manager, Information Technology",719,Information Technology,Manager,,(616) 913-6850,bryan.dougherty@dematic.com,507 Plymouth Ave. NE,Grand Rapids,Michigan,49505,United States,43,3/21/2019,14632437,Dematic Limited,www.dematic.com,(616) 913-6200,507 Plymouth Ave. NE,Grand Rapids,Michigan,49505,United States,Electronics,Industry.mfg.electronics,Industrial Machinery & Equipment,Industry.mfg.industrialmachinery,193795,Sales.100MMto250M,6000,Employees.5000to9999,35,353,5416,541,"TitleCode.ProjectManagement,TitleCodeMiddle.Manager,TitleCodeTop.Business,TitleCode.IT,TitleCodeMiddle.Operations,TitleCodeMiddle.Technical,TitleCode.Manager","Operations,Manager",https://go.zoominfo.com/#/apps/search/person/results?personProfileId=1462478079,fee88f56483a3440e22d2db1e7bc91fd,dematic.com
1601895411,Lindstrom,James,R.,,,"IT Director, Corporate Information Systems",760,Information Technology,Director,,(616) 913-6251,james.lindstrom@dematic.com,507 Plymouth Ave. NE,Grand Rapids,Michigan,49505,United States,32,3/21/2019,14632437,Dematic Limited,www.dematic.com,(616) 913-6200,507 Plymouth Ave. NE,Grand Rapids,Michigan,49505,United States,Electronics,Industry.mfg.electronics,Industrial Machinery & Equipment,Industry.mfg.industrialmachinery,193795,Sales.100MMto250M,6000,Employees.5000to9999,35,353,5416,541,"TitleCode.IT,TitleCodeTop.Business,TitleCodeMiddle.Technical,TitleCode.Director,TitleCodeMiddle.Director","Engineering & Technical,Director",https://go.zoominfo.com/#/apps/search/person/results?personProfileId=1601895411,73596f17709ff9037339ea5de64c0612,dematic.com
1970563175,Cameron,James,M.,,,"Manager, Information Technology",719,Information Technology,Manager,,(616) 913-5939,james.cameron@dematic.com,507 Plymouth Ave. NE,Grand Rapids,Michigan,49505,United States,10,3/21/2019,14632437,Dematic Limited,www.dematic.com,(616) 913-6200,507 Plymouth Ave. NE,Grand Rapids,Michigan,49505,United States,Electronics,Industry.mfg.electronics,Industrial Machinery & Equipment,Industry.mfg.industrialmachinery,193795,Sales.100MMto250M,6000,Employees.5000to9999,35,353,5416,541,"TitleCode.IT,TitleCodeTop.Business,TitleCodeMiddle.Manager,TitleCodeMiddle.Technical,TitleCode.Manager","Manager,Engineering & Technical",https://go.zoominfo.com/#/apps/search/person/results?personProfileId=1970563175,18c2939bd890afb2e1dcbab30eb0fafb,dematic.com
-2039013426,Davis,David,K.,,,"Director, Information Technology",759,Information Technology,Director,,,davidd@hollandpump.com,7312 Westport Plz.,West Palm Beach,Florida,33413,United States,25,10/6/2018,17908347,Holland Pump Company,www.hollandpump.com,(561) 697-3333,7312 Westport Plz.,West Palm Beach,Florida,33413,United States,Plumbing & HVAC Equipment,Industry.mfg.building.plumbing,Building Materials,Industry.mfg.building,46800,Sales.25Mto50M,234,Employees.100to249,35,356,532490,3339,"TitleCode.IT,TitleCodeTop.Business,TitleCodeMiddle.Technical,TitleCode.Director,TitleCodeMiddle.Director","Engineering & Technical,Director",https://go.zoominfo.com/#/apps/search/person/results?personProfileId=-2039013426,b5eb042403e69da67dbc47e0cd788a12,hollandpump.com
-1651311845,Kilcrease,Brian,,,,"Project Manager, Information Technology",719,Information Technology,Manager,,(480) 535-3718,brian.kilcrease@dematic.com,,,Arizona,,United States,13,9/24/2018,14632437,Dematic Limited,www.dematic.com,(616) 913-6200,507 Plymouth Ave. NE,Grand Rapids,Michigan,49505,United States,Electronics,Industry.mfg.electronics,Industrial Machinery & Equipment,Industry.mfg.industrialmachinery,193795,Sales.100MMto250M,6000,Employees.5000to9999,35,353,5416,541,"TitleCode.ProjectManagement,TitleCodeMiddle.Manager,TitleCodeTop.Business,TitleCode.IT,TitleCodeMiddle.Operations,TitleCodeMiddle.Technical,TitleCode.Manager","Operations,Manager",https://go.zoominfo.com/#/apps/search/person/results?personProfileId=-1651311845,0667d0cb0d158e7622dd75202e6ba0db,dematic.com
1838640834,Waltz,Brent,T.,,,"Director, Information Technology",759,Information Technology,Director,,(262) 509-4454,brent.waltz@mgsmfg.com,,Germantown,Wisconsin,53022,United States,33,7/19/2019,80512435,MGS Manufacturing Group Inc.,www.mgsmfg.com,(262) 255-5790,9875 Stern St.,Oak Creek,Wisconsin,53154,United States,"Miscellaneous Building Materials (Flooring, Cabinets, etc.)",Industry.mfg.building.other,Building Materials,Industry.mfg.building,33600,Sales.25Mto50M,168,Employees.100to249,30,308,3261,32,"TitleCode.IT,TitleCodeTop.Business,TitleCodeMiddle.Technical,TitleCode.Director,TitleCodeMiddle.Director","Engineering & Technical,Director",https://go.zoominfo.com/#/apps/search/person/results?personProfileId=1838640834,99ce4a0d31ab50ecfbf176bbfa34c2fe,mgsmfg.com
-2034367536,Fleming,Rik,,,,"Supervisor, Information Technology",649,Information Technology,Manager,,(616) 403-9034,rfleming@omt-veyhl.com,11511 James St.,Holland,Michigan,49424,United States,26,7/12/2019,353800287,OMT-Veyhl USA Corporation,www.omt-veyhl.com,(616) 738-6688,11511 James St.,Holland,Michigan,49424,United States,Furniture,Industry.retail.furniture,Retail,Industry.retail,80000,Sales.50Mto100M,400,Employees.250to499,5712,571,4421,44211,"TitleCode.IT,TitleCodeTop.Business,TitleCodeMiddle.Manager,TitleCodeMiddle.Technical,TitleCode.Manager","Manager,Engineering & Technical",https://go.zoominfo.com/#/apps/search/person/results?personProfileId=-2034367536,f33010b5fca50bd0f27cd7f9ff998a99,omt-veyhl.com
1871841269,Miller,Linda,J.,,,"Manager, Information Systems",719,Information Technology,Manager,,(724) 387-3279,lmiller@fs-elliott.com,5710 Mellon Rd.,Export,Pennsylvania,15632,United States,26,7/11/2019,45255889,"FS-Elliott Co. , LLC",www.fs-elliott.com,(724) 387-3200,5710 Mellon Rd.,Export,Pennsylvania,15632,United States,Industrial Machinery & Equipment,Industry.mfg.industrialmachinery,Manufacturing,Industry.mfg,52400,Sales.50Mto100M,262,Employees.250to499,35,356,5511,333912,"TitleCode.IT,TitleCodeTop.Business,TitleCodeMiddle.Manager,TitleCodeMiddle.Technical,TitleCode.Manager","Manager,Engineering & Technical",https://go.zoominfo.com/#/apps/search/person/results?personProfileId=1871841269,cd8a30e7a5c81d3ccd942f0343d2bcf4,fs-elliott.com
-1842188247,Boshold,Ray,,,,"Operations Manager, Information Technology Infrastructure & Security",719,Operations,Manager,,(919) 474-6824 ext. 46824,ray.boshold@bioventusglobal.com,4721 Emperor Blvd. #100,Durham,North Carolina,27703,United States,20,7/10/2019,348137330,Bioventus LLC,www.bioventusglobal.com,(919) 474-6700,4721 Emperor Blvd. #100,Durham,North Carolina,27703,United States,Medical Devices & Equipment,Industry.mfg.medical,Manufacturing,Industry.mfg,300000,Sales.250Mto500M,700,Employees.500to999,38,384,339,3254,"TitleCodeMiddle.Manager,TitleCode.Operations,TitleCodeTop.Business,TitleCode.IT,TitleCodeMiddle.Operations,TitleCodeMiddle.Technical,TitleCode.Manager","Operations,Manager",https://go.zoominfo.com/#/apps/search/person/results?personProfileId=-1842188247,a045d92b6702500d98bdffb6c6357046,bioventusglobal.com
-2039850672,Dobbs,Barry,,,,"Control & IT Senior Manager, Project",723,Information Technology,Manager,,,bdobbs@northstarnm.com,1800 Gateway Blvd.,Beloit,Wisconsin,53511,United States,15,7/8/2019,177701363,NorthStar Medical Radioisotopes LLC,www.northstarnm.com,(608) 313-8000,1800 Gateway Blvd.,Beloit,Wisconsin,53511,United States,Test & Measurement Equipment,Industry.mfg.testequipment,Manufacturing,Industry.mfg,66599,Sales.50Mto100M,53,Employees.50to99,38,382,33451,33,"TitleCode.IT,TitleCodeTop.Business,TitleCodeMiddle.Manager,TitleCodeMiddle.Technical,TitleCode.Manager","Manager,Engineering & Technical",https://go.zoominfo.com/#/apps/search/person/results?personProfileId=-2039850672,1b7cf3f0ccc7b453cfa8c6750a5dce87,northstarnm.com
-1252059587,Hudson,Steve,,,,"Manager, Ie & Information Technology & CI",719,Information Technology,Manager,,,steve.hudson@cappsmfg.com,2121 S. Edwards,Wichita,Kansas,67213,United States,16,6/26/2019,345002722,Capps Manufacturing Inc,www.cappsmfg.com,(316) 942-9351,2121 S. Edwards,Wichita,Kansas,67213,United States,Aerospace & Defense,Industry.mfg.aerospace,Manufacturing,Industry.mfg,46167,Sales.25Mto50M,32,Employees.20to49,372,37,333249,3332,"TitleCode.IT,TitleCodeTop.Business,TitleCodeMiddle.Manager,TitleCodeMiddle.Technical,TitleCode.Manager","Manager,Engineering & Technical",https://go.zoominfo.com/#/apps/search/person/results?personProfileId=-1252059587,a32fce3eb4d734fd82af7c649a142820,cappsmfg.com
2186496121,Takada,Todd,,,,"Director, Information Technology",759,Information Technology,Director,,(206) 773-7135,ttakada@tristratagroup.com,12685 Miller Rd. NE,Bainbridge Island,Washington,98110,United States,11,5/1/2019,423997910,TriStrata Group,www.tristratagroup.com,(206) 780-5552,12685 Miller Rd. NE,Bainbridge Island,Washington,98110,United States,Test & Measurement Equipment,Industry.mfg.testequipment,Manufacturing,Industry.mfg,48800,Sales.25Mto50M,64,Employees.50to99,38,382,33451,334513,"TitleCode.IT,TitleCodeTop.Business,TitleCodeMiddle.Technical,TitleCode.Director,TitleCodeMiddle.Director","Engineering & Technical,Director",https://go.zoominfo.com/#/apps/search/person/results?personProfileId=2186496121,4bf3baa4515128d648c69af4fb4de3f1,tristratagroup.com
1603087567,Quaranto,Andy,,,,"Senior Director, Information Technology",763,Information Technology,Director,,(585) 352-9460 ext. 3837,andy.quaranto@transcat.com,35 VANTAGE POINT Dr.,Rochester,New York,14624,United States,21,4/24/2019,53691189,Transcat Inc,www.transcat.com,(585) 352-7777,35 VANTAGE POINT Dr.,Rochester,New York,14624,United States,Consumer Electronics & Computers Retail,Industry.retail.electronics,Business Services General,Industry.bizservice.general,155141,Sales.100MMto250M,571,Employees.500to999,76,38,5418,5419,"TitleCode.IT,TitleCodeTop.Business,TitleCodeMiddle.Technical,TitleCode.Director,TitleCodeMiddle.Director","Engineering & Technical,Director",https://go.zoominfo.com/#/apps/search/person/results?personProfileId=1603087567,dfd2aa0e4fac346327159e7480bd5a2e,transcat.com
2754887241,DelVecchio,Roberto,,,,"Manager, Information Technology",719,Information Technology,Manager,,,roberto.delvecchio@cop-inc.com,One Design Center Pl. Ste. 734,Boston,Massachusetts,2210,United States,3,4/12/2019,30544646,Creative Office Pavilion company,www.creativeofficepavilion.com,(617) 956-4100,One Design Center Pl. Ste. 734,Boston,Massachusetts,2210,United States,Furniture,Industry.mfg.furniture,Furniture,Industry.retail.furniture,43820,Sales.25Mto50M,260,Employees.250to499,73,738,48,54141,"TitleCode.IT,TitleCodeTop.Business,TitleCodeMiddle.Manager,TitleCodeMiddle.Technical,TitleCode.Manager","Manager,Engineering & Technical",https://go.zoominfo.com/#/apps/search/person/results?personProfileId=2754887241,5440598fdfee3c442c9716c637f810c3,cop-inc.com
-1026319885,LaPointe,Patrick,,,,"Manager, Information Technology",719,Information Technology,Manager,,,plapointe@spilighting.com,10400 N Enterprise Dr.,Mequon,Wisconsin,53092,United States,10,4/11/2019,112296636,SPI Lighting Inc,www.spilighting.com,(262) 242-1420,10400 N Enterprise Dr.,Mequon,Wisconsin,53092,United States,Furniture,Industry.mfg.furniture,Manufacturing,Industry.mfg,20600,Sales.10Mto25M,103,Employees.100to249,36,364,3351,335122,"TitleCode.IT,TitleCodeTop.Business,TitleCodeMiddle.Manager,TitleCodeMiddle.Technical,TitleCode.Manager","Manager,Engineering & Technical",https://go.zoominfo.com/#/apps/search/person/results?personProfileId=-1026319885,24df82bd2fff9c6d31bf4771fbfbf434,spilighting.com
1746849510,Priem,Ron,,,,IT Infrastructure Manager,719,Information Technology,Manager,,(414) 354-0500 ext. 2890,rpriem@milsco.com,9009 N. 51st St.,Milwaukee,Wisconsin,53223,United States,7,4/11/2019,25068405,Milsco Manufacturing Company,www.milsco.com,(414) 354-0500,1301 W. Canal St.,Milwaukee,Wisconsin,53233,United States,Furniture,Industry.mfg.furniture,Manufacturing,Industry.mfg,131934,Sales.100MMto250M,895,Employees.500to999,25,253,339991,33636,"TitleCode.IT,TitleCodeTop.Business,TitleCodeMiddle.Manager,TitleCodeMiddle.Technical,TitleCode.Manager","Manager,Engineering & Technical",https://go.zoominfo.com/#/apps/search/person/results?personProfileId=1746849510,27348610a090ce7a0fd0657fc1f714c7,milsco.com
365094144,Takeyama,David,,Mr.,,"Director, Information Technology",759,Information Technology,Director,,(808) 531-3017 ext. 154,dtakeyama@oceanit.com,"828 Fort St. Mall, Ste. 600",Honolulu,Hawaii,96813,United States,41,4/1/2019,78512634,"Oceanit Laboratories , Inc.",www.oceanit.com,(808) 531-3017,"828 Fort St. Mall, Ste. 600",Honolulu,Hawaii,96813,United States,Aerospace & Defense,Industry.mfg.aerospace,Manufacturing,Industry.mfg,44400,Sales.25Mto50M,222,Employees.100to249,372,37,33,336,"TitleCode.IT,TitleCodeTop.Business,TitleCodeMiddle.Technical,TitleCode.Director,TitleCodeMiddle.Director","Engineering & Technical,Director",https://go.zoominfo.com/#/apps/search/person/results?personProfileId=365094144,90a0c178fb8b5f566f176ddc210e9fce,oceanit.com
1791084438,Green,Gary,L.,,,"IT Senior Director, Finance",763,Information Technology,Director,,(937) 306-6043,gary.green@linquest.com,"2601 Commons Blvd., Ste. 100",Beavercreek,Ohio,45431,United States,15,3/26/2019,74024635,LinQuest Corporation,www.linquest.com,(323) 924-1600,5140 W Goldleaf Circle # 400,Los Angeles,California,90056,United States,Aerospace & Defense,Industry.mfg.aerospace,Manufacturing,Industry.mfg,77400,Sales.50Mto100M,387,Employees.250to499,87,871,5415,5182,"TitleCodeMiddle.Director,TitleCodeTop.Business,TitleCode.IT,TitleCodeMiddle.Finance,TitleCode.Finance,TitleCodeMiddle.Technical,TitleCode.Director","Finance,Director",https://go.zoominfo.com/#/apps/search/person/results?personProfileId=1791084438,23ce562251a2d09e5017c43ee7499b78,linquest.com
2079135457,Bryan,Jon,,,,"Supervisor, Information Systems",649,Information Technology,Manager,,(248) 836-5140,jonbryan@hirotecamerica.com,3000 High Meadow Circle,Auburn Hills,Michigan,48326,United States,15,3/26/2019,113853729,HIROTEC AMERICA Inc,www.hirotecamerica.com,(248) 836-5100,3000 High Meadow Circle,Auburn Hills,Michigan,48326,United States,Industrial Machinery & Equipment,Industry.mfg.industrialmachinery,Manufacturing,Industry.mfg,40000,Sales.25Mto50M,200,Employees.100to249,35,356,48,488510,"TitleCode.IT,TitleCodeTop.Business,TitleCodeMiddle.Manager,TitleCodeMiddle.Technical,TitleCode.Manager","Manager,Engineering & Technical",https://go.zoominfo.com/#/apps/search/person/results?personProfileId=2079135457,185ca825727adb8c2e201f9c3c312d2f,hirotecamerica.com
-2035569528,Perigo,Barb,,,,"Manager, Information Technology",719,Information Technology,Manager,,(269) 324-9330 ext. 50136,bperigo@summitpolymers.com,6715 S SPRINKLE Rd.,Portage,Michigan,49002,United States,20,3/21/2019,101679778,Summit Polymers Inc,www.summitpolymers.com,(269) 324-9330,6715 S SPRINKLE Rd.,Portage,Michigan,49002,United States,Motor Vehicle Parts,Industry.mfg.carparts,Manufacturing,Industry.mfg,300000,Sales.250Mto500M,2700,Employees.1000to4999,23,239,33636,336360,"TitleCode.IT,TitleCodeTop.Business,TitleCodeMiddle.Manager,TitleCodeMiddle.Technical,TitleCode.Manager","Manager,Engineering & Technical",https://go.zoominfo.com/#/apps/search/person/results?personProfileId=-2035569528,3985fa0b2478b392323017ec1a7fcd6f,summitpolymers.com
1893345716,Beheler,Jeremy,,,,"Operations Manager, Information Technology",719,Operations,Manager,,(907) 762-0107,jeremy.beheler@uicalaska.com,6700 Arctic Spur Rd.,Anchorage,Alaska,99518,United States,22,3/21/2019,39338081,Ukpeavik I??upiat Corporation,www.bowheadsupport.com,(703) 578-5566,4900 Seminary Rd.,Alexandria,Virginia,22311,United States,"Energy, Utilities & Waste Treatment General",Industry.energy.general,"Energy, Utilities & Waste Treatment",Industry.energy,426300,Sales.250Mto500M,2816,Employees.1000to4999,372,37,221,22,"TitleCodeMiddle.Manager,TitleCode.Operations,TitleCodeTop.Business,TitleCode.IT,TitleCodeMiddle.Operations,TitleCodeMiddle.Technical,TitleCode.Manager","Operations,Manager",https://go.zoominfo.com/#/apps/search/person/results?personProfileId=1893345716,1f97c122fa8c53efbc0f3c23d306e94b,uicalaska.com
1822948569,DeGross,Lisa,,,PMP,"Project Manager, Information Technology",719,Information Technology,Manager,,(612) 629-2267,ldegross@roomandboard.com,4600 Olson Memorial Hwy.,Minneapolis,Minnesota,55422,United States,17,3/21/2019,103301733,Room & Board Inc,www.roomandboard.com,(763) 588-7525,4600 Olson Memorial Hwy.,Minneapolis,Minnesota,55422,United States,Furniture,Industry.retail.furniture,Retail,Industry.retail,300000,Sales.250Mto500M,750,Employees.500to999,57,571,4421,44211,"TitleCode.ProjectManagement,TitleCodeMiddle.Manager,TitleCodeTop.Business,TitleCode.IT,TitleCodeMiddle.Operations,TitleCodeMiddle.Technical,TitleCode.Manager","Operations,Manager",https://go.zoominfo.com/#/apps/search/person/results?personProfileId=1822948569,2c6e0b2efcb00f4ffd698dc1bf58d241,roomandboard.com
1678629122,Brown,Ed,,,,"Manager, Information Systems",719,Information Technology,Manager,,(217) 585-7503,ed.brown@bunn.com,1400 Stevenson Dr.,Springfield,Illinois,62703,United States,12,3/21/2019,16487041,Bunn-O-Matic Corporation,www.bunn.com,(217) 529-6601,5020 Ash Grove Dr.,Springfield,Illinois,62711,United States,Manufacturing,Industry.mfg,Industrial Machinery & Equipment,Industry.mfg.industrialmachinery,70000,Sales.50Mto100M,350,Employees.250to499,35,358,48,333319,"TitleCode.IT,TitleCodeTop.Business,TitleCodeMiddle.Manager,TitleCodeMiddle.Technical,TitleCode.Manager","Manager,Engineering & Technical",https://go.zoominfo.com/#/apps/search/person/results?personProfileId=1678629122,25c7930c1225e15dc54623fa67703c22,bunn.com
-1377350014,Heider,Kevin,,,,"Manager, Information Technology",719,Information Technology,Manager,,,kevin.heider@jetcompany.com,1303 NORTH 13TH St.,Humboldt,Iowa,50548,United States,4,3/21/2019,152765345,Jet Company,www.jetcompany.com,(515) 332-3117,1303 NORTH 13TH St.,Humboldt,Iowa,50548,United States,Motor Vehicles,Industry.mfg.car,"Trucking, Moving & Storage",Industry.transportation.moving,25000,Sales.25Mto50M,90,Employees.50to99,37,371,49,492,"TitleCode.IT,TitleCodeTop.Business,TitleCodeMiddle.Manager,TitleCodeMiddle.Technical,TitleCode.Manager","Manager,Engineering & Technical",https://go.zoominfo.com/#/apps/search/person/results?personProfileId=-1377350014,438ba4be063e07c41fe68b01ebbe1342,jetcompany.com
1932689394,Nordstrom,Eric,,,,"Manager, Information Technology",719,Information Technology,Manager,,,ericnordstrom@virco.com,,Chandler,Arizona,,United States,9,3/21/2019,54051228,Virco Inc,www.virco.com,(310) 533-0474,2027 HARPERS WAY,Torrance,California,90501,United States,Furniture,Industry.mfg.furniture,Manufacturing,Industry.mfg,189287,Sales.100MMto250M,750,Employees.500to999,25,252,337214,33712,"TitleCode.IT,TitleCodeTop.Business,TitleCodeMiddle.Manager,TitleCodeMiddle.Technical,TitleCode.Manager","Manager,Engineering & Technical",https://go.zoominfo.com/#/apps/search/person/results?personProfileId=1932689394,62930f3f525896fa516f2f244569696f,virco.com
1727022655,Pelner,Katie,,,,"Manager, Information Technology",719,Information Technology,Manager,,,kpelner@seatsinc.com,350 N Dewey Ave.,Reedsburg,Wisconsin,53959,United States,6,3/21/2019,353183664,Seats Incorporated,www.seatsinc.com,(608) 524-8261,1515 Industrial St.,Reedsburg,Wisconsin,53959,United States,Motor Vehicles,Industry.mfg.car,Manufacturing,Industry.mfg,388844,Sales.250Mto500M,826,Employees.500to999,50,508,423860,48,"TitleCode.IT,TitleCodeTop.Business,TitleCodeMiddle.Manager,TitleCodeMiddle.Technical,TitleCode.Manager","Manager,Engineering & Technical",https://go.zoominfo.com/#/apps/search/person/results?personProfileId=1727022655,8037e6fa3f084965ae37e29bbf6af9af,seatsinc.com
1535384484,Bucek,Steve,,,,"Manager, Information Technology & Project Manager, ERP",720,Information Technology,Manager,,(262) 953-6215,sbucek@acieta.com,,Pewaukee,Wisconsin,53072,United States,29,3/21/2019,358906257,Acieta LLC,www.acieta.com,(712) 328-3410,2906 21st Ave.,Council Bluffs,Iowa,51501,United States,Industrial Machinery & Equipment,Industry.mfg.industrialmachinery,Metals & Minerals,Industry.mm.metals,27120,Sales.25Mto50M,100,Employees.100to249,35,354,333519,333,"TitleCode.ProjectManagement,TitleCodeMiddle.Manager,TitleCodeTop.Business,TitleCode.IT,TitleCodeMiddle.Operations,TitleCodeMiddle.Technical,TitleCode.Manager","Operations,Manager",https://go.zoominfo.com/#/apps/search/person/results?personProfileId=1535384484,c9e7e14709d44012fc034d80e39dce39,acieta.com
-2046740984,Nguyen,Naomi,,,,"Development Manager, Information Technology",719,Information Technology,Manager,,(408) 414-8568,naomi.nguyen@powerint.com,5245 HELLYER Ave.,San Jose,California,95138,United States,15,3/21/2019,96453377,Power Integrations Inc,www.power.com,(408) 414-9200,5245 HELLYER Ave.,San Jose,California,95138,United States,Semiconductor & Semiconductor Equipment,Industry.mfg.electronics.semiconductors,Electronics,Industry.mfg.electronics,415955,Sales.250Mto500M,662,Employees.500to999,36,367,33251,33441,"TitleCode.IT,TitleCodeTop.Business,TitleCodeMiddle.Manager,TitleCode.SoftwareEng,TitleCodeMiddle.Technical,TitleCode.Manager","Manager,Engineering & Technical",https://go.zoominfo.com/#/apps/search/person/results?personProfileId=-2046740984,f212661e7868e7efec0e53c5f3b8eac1,powerint.com
1953794825,Patterson,David,,,,"Manager, Information Technology",719,Information Technology,Manager,,,dpatterson@milsco.com,9009 N 51st St.,Milwaukee,Wisconsin,53223,United States,10,3/21/2019,25068405,Milsco Manufacturing Company,www.milsco.com,(414) 354-0500,1301 W. Canal St.,Milwaukee,Wisconsin,53233,United States,Furniture,Industry.mfg.furniture,Manufacturing,Industry.mfg,131934,Sales.100MMto250M,895,Employees.500to999,25,253,339991,33636,"TitleCode.IT,TitleCodeTop.Business,TitleCodeMiddle.Manager,TitleCodeMiddle.Technical,TitleCode.Manager","Manager,Engineering & Technical",https://go.zoominfo.com/#/apps/search/person/results?personProfileId=1953794825,73c541e1cc86aaa15ee84f30d767b3f1,milsco.com
2408232421,Muchow,Walter,,,,"Director, Information Technology",759,Information Technology,Director,,,wally.muchow@tridentllc.com,5690 Three Notch'd Rd.,Crozet,Virginia,22932,United States,4,11/15/2018,64274815,Trident Maritime Systems LLC,www.tridentmaritimesystems.com,(703) 236-1599,2001 Jefferson Davis Hwy. Ste. 1112,Arlington,Virginia,22202,United States,Aerospace & Defense,Industry.mfg.aerospace,Manufacturing,Industry.mfg,75000,Sales.50Mto100M,500,Employees.500to999,36,366,33661,54141,"TitleCode.IT,TitleCodeTop.Business,TitleCodeMiddle.Technical,TitleCode.Director,TitleCodeMiddle.Director","Engineering & Technical,Director",https://go.zoominfo.com/#/apps/search/person/results?personProfileId=2408232421,18bafe488446418d5d3ea3719596c1a7,tridentllc.com
-976242542,Harris,Ted,,,,"Operations Manager, Information Technology",719,Operations,Manager,,(512) 690-0635,ted.harris@thermon.com,100 THERMON Dr.,San Marcos,Texas,78666,United States,7,7/19/2019,38126213,"Thermon Group Holdings, Inc.",www.thermon.com,(512) 396-5801,100 THERMON Dr.,San Marcos,Texas,78666,United States,Plumbing & HVAC Equipment,Industry.mfg.building.plumbing,Building Materials,Industry.mfg.building,308609,Sales.250Mto500M,1480,Employees.1000to4999,34,343,55,5413,"TitleCodeMiddle.Manager,TitleCode.Operations,TitleCodeTop.Business,TitleCode.IT,TitleCodeMiddle.Operations,TitleCodeMiddle.Technical,TitleCode.Manager","Operations,Manager",https://go.zoominfo.com/#/apps/search/person/results?personProfileId=-976242542,70e2916b255221d1594172011f48d131,thermon.com
-2048053316,Palewicz,Jay,,,,"Manager, Information Technology",719,Information Technology,Manager,,(410) 519-2238,j.palewicz@powerconcorp.com,1551 Florida Ave.,Severn,Maryland,21144,United States,14,7/18/2019,30998662,Powercon Corporation,www.powerconcorp.com,(410) 551-6500,1551 Florida Ave.,Severn,Maryland,21144,United States,Power Conversion & Protection Equipment,Industry.mfg.electronics.powerequip,Electronics,Industry.mfg.electronics,35900,Sales.25Mto50M,68,Employees.50to99,36,361,3353,33531,"TitleCode.IT,TitleCodeTop.Business,TitleCodeMiddle.Manager,TitleCodeMiddle.Technical,TitleCode.Manager","Manager,Engineering & Technical",https://go.zoominfo.com/#/apps/search/person/results?personProfileId=-2048053316,3cf8e1803bb33c28b0667ad04ca9609e,powerconcorp.com
-1245040886,Morrow,Pat,,,,"Director, Information Technology",759,Information Technology,Director,,(205) 428-4800 ext. 1108,pmorrow@southerncasearts.com,275 Drexel Rd. SE,Bessemer,Alabama,35022,United States,11,7/11/2019,35815861,Southern CaseArts Inc,www.southerncasearts.com,(205) 428-4800,275 Drexel Rd. SE,Bessemer,Alabama,35022,United States,Appliances,Industry.mfg.consumer.appliances,Consumer Goods,Industry.mfg.consumer,60000,Sales.50Mto100M,300,Employees.250to499,76,762,811,56191,"TitleCode.IT,TitleCodeTop.Business,TitleCodeMiddle.Technical,TitleCode.Director,TitleCodeMiddle.Director","Engineering & Technical,Director",https://go.zoominfo.com/#/apps/search/person/results?personProfileId=-1245040886,a430790923543465f062946da4f8534e,southerncasearts.com
1756494940,Espinoza,Jesus,,,,"Manager, Information Technology",719,Information Technology,Manager,,(614) 491-0700 ext. 1245,espinoza@hfi-inc.com,59 Gender Rd.,Canal Winchester,Ohio,43110,United States,15,7/9/2019,53938263,HFI Inc,www.hfi-inc.com,(614) 491-0700,59 Gender Rd.,Canal Winchester,Ohio,43110,United States,Motor Vehicle Parts,Industry.mfg.carparts,Manufacturing,Industry.mfg,300000,Sales.250Mto500M,3500,Employees.1000to4999,23,239,33636,336360,"TitleCode.IT,TitleCodeTop.Business,TitleCodeMiddle.Manager,TitleCodeMiddle.Technical,TitleCode.Manager","Manager,Engineering & Technical",https://go.zoominfo.com/#/apps/search/person/results?personProfileId=1756494940,848c088bfd86befac53a71a6f56a1113,hfi-inc.com
-2040836343,Duenke,Andrew,R.,,,IT Infrastructure Manager,719,Information Technology,Manager,,(618) 874-8690,aduenke@cerroflow.com,3000 Mississippi Ave.,Sauget,Illinois,62206,United States,24,7/9/2019,20959226,Cerro Flow Products Inc,www.cerroflow.com,(618) 337-6000,P.O. Box 66800,St. Louis,Missouri,63166,United States,Industrial Machinery & Equipment,Industry.mfg.industrialmachinery,Manufacturing,Industry.mfg,166000,Sales.100MMto250M,79,Employees.50to99,35,359,331410,33142,"TitleCode.IT,TitleCodeTop.Business,TitleCodeMiddle.Manager,TitleCodeMiddle.Technical,TitleCode.Manager","Manager,Engineering & Technical",https://go.zoominfo.com/#/apps/search/person/results?personProfileId=-2040836343,93cde4c12cbbf6ba258dbea95f68c3a5,cerroflow.com
2443948671,Youngberg,David,,,,"Global Director, Information Technology",759,Information Technology,Director,,(801) 512-0461,david.youngberg@packsize.com,,,Utah,,United States,5,6/30/2019,43811632,Packsize International LLC,www.packsize.com,(801) 944-4814,3760 Commons Ln.,Salt Lake City,Utah,84104,United States,Industrial Machinery & Equipment,Industry.mfg.industrialmachinery,Manufacturing,Industry.mfg,204000,Sales.100MMto250M,350,Employees.250to499,35,355,56191,5619,"TitleCode.IT,TitleCodeTop.Business,TitleCodeMiddle.Technical,TitleCode.Director,TitleCodeMiddle.Director","Engineering & Technical,Director",https://go.zoominfo.com/#/apps/search/person/results?personProfileId=2443948671,c183bf18c57f21b3d9cb7ed9a67a3a05,packsize.com
-1236782166,Reynolds,Steve,,,,"Facilities Director, Information Technology",759,Facilities,Director,,(650) 713-2059,sreynolds@inscopix.com,2462 Embarcadero Way,Palo Alto,California,94303,United States,7,6/24/2019,355338443,Inscopix Inc,www.inscopix.com,(650) 600-3886,2462 Embarcadero Way,Palo Alto,California,94303,United States,Medical Devices & Equipment,Industry.mfg.medical,Manufacturing,Industry.mfg,19200,Sales.10Mto25M,96,Employees.50to99,38,384,5417,541,"TitleCode.Facilities,TitleCodeMiddle.Director,TitleCodeTop.Business,TitleCode.IT,TitleCodeMiddle.Operations,TitleCodeMiddle.Technical,TitleCode.Director","Operations,Director",https://go.zoominfo.com/#/apps/search/person/results?personProfileId=-1236782166,b0d8bdd29ae5ea1b29c20f7a9532cc0b,inscopix.com
3142161193,Dutta,Anjan,,,,"Senior Director, Information Technology",763,Information Technology,Director,,,adutta@bigfootbiomedical.com,1561 Buckeye Dr.,Milpitas,California,95035,United States,3,6/23/2019,371557924,Bigfoot Biomedical Inc,www.bigfootbiomedical.com,(408) 716-5600,1561 Buckeye Dr.,Milpitas,California,95035,United States,Medical Devices & Equipment,Industry.mfg.medical,Manufacturing,Industry.mfg,52643,Sales.50Mto100M,61,Employees.50to99,38,384,339,33,"TitleCode.IT,TitleCodeTop.Business,TitleCodeMiddle.Technical,TitleCode.Director,TitleCodeMiddle.Director","Engineering & Technical,Director",https://go.zoominfo.com/#/apps/search/person/results?personProfileId=3142161193,762d9baba6a4048cce4bb3766301a36f,bigfootbiomedical.com
15882521,Ward,Chuck,,,,"Director, Information Technology",759,Information Technology,Director,,(616) 878-5229,chuck.ward@mecinc.com,990 84th St. SW,Byron Center,Michigan,49315,United States,29,5/8/2019,24118157,Mayville Engineering Company Inc,www.mecinc.com,(920) 387-4500,715 SOUTH St.,Mayville,Wisconsin,53050,United States,Manufacturing,Industry.mfg,"Miscellaneous Building Materials (Flooring, Cabinets, etc.)",Industry.mfg.building.other,354500,Sales.250Mto500M,3100,Employees.1000to4999,34,346,332119,3321,"TitleCode.IT,TitleCodeTop.Business,TitleCodeMiddle.Technical,TitleCode.Director,TitleCodeMiddle.Director","Engineering & Technical,Director",https://go.zoominfo.com/#/apps/search/person/results?personProfileId=15882521,91f2baff111e2667592e228992e6343a,mecinc.com
-1824892723,Ruggerio,Bill,,,,"Director, Information Technology",759,Information Technology,Director,,(267) 440-4254,bruggerio@inovio.com,660 W Germantown Pike Ste. 100,Plymouth Meeting,Pennsylvania,19462,United States,23,4/29/2019,57119072,"Inovio Pharmaceuticals , Inc.",www.inovio.com,(267) 440-4200,660 W Germantown Pike Ste. 100,Plymouth Meeting,Pennsylvania,19462,United States,Medical Devices & Equipment,Industry.mfg.medical,Manufacturing,Industry.mfg,42220,Sales.25Mto50M,278,Employees.250to499,38,384,32541,339,"TitleCode.IT,TitleCodeTop.Business,TitleCodeMiddle.Technical,TitleCode.Director,TitleCodeMiddle.Director","Engineering & Technical,Director",https://go.zoominfo.com/#/apps/search/person/results?personProfileId=-1824892723,29c4c2b42a00e4bdc5e9504fae89685c,inovio.com
-1041943928,Martin,Christopher,,,,"Manager, Information Technology",719,Information Technology,Manager,,(608) 824-2800,cmartin@accuray.com,1240 Deming Way,Madison,Wisconsin,53717,United States,4,4/16/2019,295825,Accuray Incorporated,www.accuray.com,(408) 716-4600,1310 Chesapeake Terrace,Sunnyvale,California,94089,United States,Medical Devices & Equipment,Industry.mfg.medical,Manufacturing,Industry.mfg,404897,Sales.250Mto500M,998,Employees.500to999,38,384,42345,339,"TitleCode.IT,TitleCodeTop.Business,TitleCodeMiddle.Manager,TitleCodeMiddle.Technical,TitleCode.Manager","Manager,Engineering & Technical",https://go.zoominfo.com/#/apps/search/person/results?personProfileId=-1041943928,f56a854b165f23210ffe61b6f24c3bed,accuray.com
-1638597671,Hyland,Kevin,,,,"Manager, Information Technology",719,Information Technology,Manager,,(215) 355-5124,khyland@nasc.com,65 West St. Rd. Bldg. C,Warminster,Pennsylvania,18974,United States,5,4/12/2019,52364007,Navmar Applied Sciences Corporation,www.nasc.com,(215) 675-4900,65 West St. Rd. Bldg. C,Warminster,Pennsylvania,18974,United States,Aerospace & Defense,Industry.mfg.aerospace,Manufacturing,Industry.mfg,40000,Sales.25Mto50M,200,Employees.100to249,87,871,5417,541,"TitleCode.IT,TitleCodeTop.Business,TitleCodeMiddle.Manager,TitleCodeMiddle.Technical,TitleCode.Manager","Manager,Engineering & Technical",https://go.zoominfo.com/#/apps/search/person/results?personProfileId=-1638597671,88bb954fa5bf2dd914004989a34a9841,nasc.com
2179901964,Bryant,Enoch,,,,"Manager, Data & IT Engineer",720,Technical,Manager,,,enoch.bryant@magaero.com,,Belleville,Illinois,,United States,12,3/25/2019,347622964,MAG Aerospace,www.magaero.com,(703) 376-8993,12730 Fair Lakes Circle Ste. 600,Fairfax,Virginia,22033,United States,Aerospace & Defense,Industry.mfg.aerospace,Manufacturing,Industry.mfg,200000,Sales.100MMto250M,900,Employees.500to999,37,376,336419,5191,"TitleCode.Technical,TitleCodeMiddle.Manager,TitleCodeTop.Business,TitleCode.IT,TitleCode.Engineer,TitleCodeMiddle.Technical,TitleCode.Manager","Manager,Engineering & Technical",https://go.zoominfo.com/#/apps/search/person/results?personProfileId=2179901964,c3f472a96a4a1de4a9e6ac67db476d4f,magaero.com
1886740130,Jang,Andrew,,,,"Senior Manager, Information Technology",723,Information Technology,Manager,,(510) 668-7082,andrew.jang@exar.com,48720 Kato Rd.,Fremont,California,94538-7312,United States,26,3/21/2019,90752658,"MaxLinear , Inc.",www.maxlinear.com,(760) 692-0711,5966 LA Pl. Ct.,Carlsbad,California,92008,United States,Semiconductor & Semiconductor Equipment,Industry.mfg.electronics.semiconductors,Electronics,Industry.mfg.electronics,384997,Sales.250Mto500M,739,Employees.500to999,36,367,332,33,"TitleCode.IT,TitleCodeTop.Business,TitleCodeMiddle.Manager,TitleCodeMiddle.Technical,TitleCode.Manager","Manager,Engineering & Technical",https://go.zoominfo.com/#/apps/search/person/results?personProfileId=1886740130,741d5507fe596b676945cb5c2da5e252,exar.com
1765692931,Montecillo,Cecilia,,,,"Project Manager, Information Technology",719,Information Technology,Manager,,(408) 414-8773,cecilia.montecillo@powerint.com,5245 HELLYER Ave.,San Jose,California,95138,United States,30,3/21/2019,96453377,Power Integrations Inc,www.power.com,(408) 414-9200,5245 HELLYER Ave.,San Jose,California,95138,United States,Semiconductor & Semiconductor Equipment,Industry.mfg.electronics.semiconductors,Electronics,Industry.mfg.electronics,415955,Sales.250Mto500M,662,Employees.500to999,36,367,33251,33441,"TitleCode.ProjectManagement,TitleCodeMiddle.Manager,TitleCodeTop.Business,TitleCode.IT,TitleCodeMiddle.Operations,TitleCodeMiddle.Technical,TitleCode.Manager","Operations,Manager",https://go.zoominfo.com/#/apps/search/person/results?personProfileId=1765692931,6169256499b4a5b1ecd0d360e257b94e,powerint.com
1876808284,Lopez,Hector,,,,"Manager, Information Technology",719,Information Technology,Manager,,(713) 947-4788,hector.lopez@powellind.com,8550 Mosley Dr. 8550 Mosley Dr.,Houston,Texas,77075,United States,4,3/21/2019,96421528,"Powell Industries , Inc.",www.powellind.com,(713) 944-6900,8550 Mosley Dr. 8550 Mosley Dr.,Houston,Texas,77075,United States,Power Conversion & Protection Equipment,Industry.mfg.electronics.powerequip,Electronics,Industry.mfg.electronics,448716,Sales.250Mto500M,1985,Employees.1000to4999,49,36,221,335929,"TitleCode.IT,TitleCodeTop.Business,TitleCodeMiddle.Manager,TitleCodeMiddle.Technical,TitleCode.Manager","Manager,Engineering & Technical",https://go.zoominfo.com/#/apps/search/person/results?personProfileId=1876808284,df2d539330514da180ab77e23a8a0be8,powellind.com
527807243,Bartha,George,J.,,,"Manager, Information Technology",719,Information Technology,Manager,,(716) 768-6326,gbartha@unifrax.com,"600 Riverwalk Pkwy., Ste. 120",Tonawanda,New York,14150,United States,87,3/21/2019,39452963,Unifrax Corporation,www.unifrax.com,(716) 768-6500,"600 Riverwalk Pkwy., Ste. 120",Tonawanda,New York,14150,United States,Glass & Clay,Industry.mfg.chemicals.glass,"Chemicals, Petrochemicals, Glass & Gases",Industry.mfg.chemicals,230000,Sales.100MMto250M,2300,Employees.1000to4999,32,329,327,23815,"TitleCode.IT,TitleCodeTop.Business,TitleCodeMiddle.Manager,TitleCodeMiddle.Technical,TitleCode.Manager","Manager,Engineering & Technical",https://go.zoominfo.com/#/apps/search/person/results?personProfileId=527807243,f32db2ab8f111361316abe44963678cb,unifrax.com
1503767620,Carr,Richard,L.,,,"Global Manager, Information Technology",719,Information Technology,Manager,,(713) 947-4668,richard.carr@powellind.com,8550 Mosley Dr. 8550 Mosley Dr.,Houston,Texas,77075,United States,30,3/21/2019,96421528,"Powell Industries , Inc.",www.powellind.com,(713) 944-6900,8550 Mosley Dr. 8550 Mosley Dr.,Houston,Texas,77075,United States,Power Conversion & Protection Equipment,Industry.mfg.electronics.powerequip,Electronics,Industry.mfg.electronics,448716,Sales.250Mto500M,1985,Employees.1000to4999,49,36,221,335929,"TitleCode.IT,TitleCodeTop.Business,TitleCodeMiddle.Manager,TitleCodeMiddle.Technical,TitleCode.Manager","Manager,Engineering & Technical",https://go.zoominfo.com/#/apps/search/person/results?personProfileId=1503767620,f9ace7d2bcc69fce47d2a07af41a5b5c,powellind.com
1742721293,McDowell,Jeff,,,,"Manager, Information Technology",719,Information Technology,Manager,,(972) 398-4062,jeffm@smithsystem.com,,,Texas,,United States,18,2/21/2019,107938603,Smith System Manufacturing Company,www.smithsystem.com,(972) 398-4050,1714 14th St.,Plano,Texas,75074,United States,Furniture,Industry.mfg.furniture,Manufacturing,Industry.mfg,47400,Sales.25Mto50M,237,Employees.100to249,251,25,33,337,"TitleCode.IT,TitleCodeTop.Business,TitleCodeMiddle.Manager,TitleCodeMiddle.Technical,TitleCode.Manager","Manager,Engineering & Technical",https://go.zoominfo.com/#/apps/search/person/results?personProfileId=1742721293,cc8fb4b2e526ac2f275f08d145c4e66c,smithsystem.com
-1729589687,Prest,Benjamin,,,,"Director, Information Technology",759,Information Technology,Director,,(775) 473-6370,bprest@aerioncorp.com,5190 Neil Rd. Ste. 500,Reno,Nevada,89502,United States,10,2/6/2019,1395119,Aerion Corporation,www.aerionsupersonic.com,(775) 337-6682,5190 Neil Rd. Ste. 500,Reno,Nevada,89502,United States,Aerospace & Defense,Industry.mfg.aerospace,Manufacturing,Industry.mfg,6600,Sales.5Mto10M,33,Employees.20to49,372,37,33,336,"TitleCode.IT,TitleCodeTop.Business,TitleCodeMiddle.Technical,TitleCode.Director,TitleCodeMiddle.Director","Engineering & Technical,Director",https://go.zoominfo.com/#/apps/search/person/results?personProfileId=-1729589687,03a92c549dee24bc6f816f997c79cf42,aerioncorp.com
1904324642,Merrill,Roger,,,,"Purchasing Director, Information Technology",759,Contracts,Director,,(423) 938-7828,roger@deroyal.com,200 DeBusk Ln.,Powell,Tennessee,37849,United States,9,12/14/2018,33966949,DeRoyal Industries Inc,www.deroyal.com,(865) 938-7828,200 DeBusk Ln.,Powell,Tennessee,37849,United States,Medical Devices & Equipment,Industry.mfg.medical,Manufacturing,Industry.mfg,460281,Sales.250Mto500M,1900,Employees.1000to4999,38,384,339,33,"TitleCode.Contracts,TitleCodeMiddle.Director,TitleCodeTop.Business,TitleCode.IT,TitleCodeMiddle.Operations,TitleCodeMiddle.Technical,TitleCode.Director","Operations,Director",https://go.zoominfo.com/#/apps/search/person/results?personProfileId=1904324642,a6eff2777399ee21fba33e626a6ff54c,deroyal.com
1455806046,Frank,Steve,J.,,,"Manager, IT Infrastructure & Operations",719,Operations,Manager,,(952) 405-9438 ext. 185,sfrank@ksg.com,10275 Wayzata Blvd.,Minnetonka,Minnesota,55305,United States,40,11/7/2018,357037765,King Show Games Inc,www.ksg.com,(952) 405-9438,10275 Wayzata Blvd.,Minnetonka,Minnesota,55305,United States,Toys & Games,Industry.mfg.toys,Manufacturing,Industry.mfg,7000,Sales.5Mto10M,35,Employees.20to49,394,39,339,33,"TitleCodeMiddle.Manager,TitleCode.Operations,TitleCodeTop.Business,TitleCode.IT,TitleCodeMiddle.Operations,TitleCodeMiddle.Technical,TitleCode.Manager","Operations,Manager",https://go.zoominfo.com/#/apps/search/person/results?personProfileId=1455806046,bf3083b6479d1f57a1c242b7bad5c421,ksg.com
-1803242940,Marker,David,,,,"Supervisor, Information Technology",649,Information Technology,Manager,,(616) 554-9820 ext. 1188,david.marker@borisch.com,4511 East Paris Ave. SE,Kentwood,Michigan,49512-5314,United States,6,5/14/2018,16258474,Amphenol Borisch Technologies,www.borisch.com,(616) 554-9820,4511 East Paris Ave.,Grand Rapids,Michigan,49512,United States,Manufacturing,Industry.mfg,Electronic Components,Industry.mfg.electronics.electronics,34151,Sales.25Mto50M,115,Employees.100to249,35,359,334419,33441,"TitleCode.IT,TitleCodeTop.Business,TitleCodeMiddle.Manager,TitleCodeMiddle.Technical,TitleCode.Manager","Manager,Engineering & Technical",https://go.zoominfo.com/#/apps/search/person/results?personProfileId=-1803242940,f3f77c502abdd4f767998d4c1c9fa19d,borisch.com
2200931173,Kohler,Mark,,,,"Manager, Information Technology",719,Information Technology,Manager,,(773) 792-5672,markkohler@alplighting.com,6333 W Gross Point Rd.,Niles,Illinois,60714,United States,7,11/15/2017,3885416,A.L.P. Lighting Components Inc,www.alpadvantage.com,(773) 774-9550,6333 W Gross Point Rd.,Niles,Illinois,60714,United States,Electronics,Industry.mfg.electronics,Manufacturing,Industry.mfg,300000,Sales.250Mto500M,750,Employees.500to999,36,364,3343,3351,"TitleCode.IT,TitleCodeTop.Business,TitleCodeMiddle.Manager,TitleCodeMiddle.Technical,TitleCode.Manager","Manager,Engineering & Technical",https://go.zoominfo.com/#/apps/search/person/results?personProfileId=2200931173,9dd1fc2c78ef3dc544e518d262a7bfe8,alplighting.com
1483114281,Zammit,Noel,,,,"Infrastructure Director, Information Technology & Director",760,Information Technology,Director,,(201) 678-7731,nzammit@id-systems.com,123 TICE Blvd.,Woodcliff Lake,New Jersey,7677,United States,24,6/9/2017,18711008,"I.D. Systems , Inc.",www.id-systems.com,(201) 996-9000,123 TICE Blvd.,Woodcliff Lake,New Jersey,7677,United States,Electronic Components,Industry.mfg.electronics.electronics,Electronics,Industry.mfg.electronics,40958,Sales.25Mto50M,138,Employees.100to249,36,367,5182,334419,"TitleCode.IT,TitleCodeTop.Business,TitleCodeMiddle.Technical,TitleCode.Director,TitleCodeMiddle.Director","Engineering & Technical,Director",https://go.zoominfo.com/#/apps/search/person/results?personProfileId=1483114281,569ed609198c7d94ad67544d93adbd40,id-systems.com
-2041928792,Rickenbrode,Rodger,,,,"Support Manager, Information Technology",719,Information Technology,Manager,,(610) 276-9198,rodger.rickenbrode@gobio.com,1000 Cedar Hollow Rd. Ste. 102,Malvern,Pennsylvania,19355,United States,28,7/11/2019,8521131,"BioTelemetry , Inc.",www.gobio.com,(610) 729-7000,1000 Cedar Hollow Rd. Ste. 102,Malvern,Pennsylvania,19355,United States,Healthcare General,Industry.healthcare.general,Healthcare,Industry.healthcare,399472,Sales.250Mto500M,1500,Employees.1000to4999,38,384,5417,339,"TitleCode.IT,TitleCodeTop.Business,TitleCodeMiddle.Manager,TitleCodeMiddle.Technical,TitleCode.Manager","Manager,Engineering & Technical",https://go.zoominfo.com/#/apps/search/person/results?personProfileId=-2041928792,601f104e0d553e227f9de2cec22c0f2c,gobio.com
2677023767,Marlee,George,,,,"Manager, Information Technology",719,Information Technology,Manager,,(949) 771-3145,mgeorge@cylance.com,400 Spectrum Center Dr. Ste. #900,Irvine,California,92618,United States,6,7/9/2019,355886021,Cylance Inc,www.cylance.com,(949) 565-3505,400 Spectrum Center Dr. Ste. #900,Irvine,California,92618,United States,Network Security Hardware & Software,Industry.mfg.computers.security,Computer Equipment & Peripherals,Industry.mfg.computers,100000,Sales.100MMto250M,840,Employees.500to999,73,737,541,5415,"TitleCode.IT,TitleCodeTop.Business,TitleCodeMiddle.Manager,TitleCodeMiddle.Technical,TitleCode.Manager","Manager,Engineering & Technical",https://go.zoominfo.com/#/apps/search/person/results?personProfileId=2677023767,cfa0137f2abe44e8f4a7ecfc1d24c506,cylance.com
1936614390,Johnson,Tom,,,,"Manager, Information Technology",719,Information Technology,Manager,,(317) 224-0464,tjohnson@westsidetractorsales.com,7355 E 30th St.,Indianapolis,Indiana,46219-1108,United States,23,7/9/2019,130498674,West Side Tractor Sales Co,www.westsidetractorsales.com,(630) 355-7150,1400 W. Ogden Ave.,Naperville,Illinois,60563,United States,Industrial Machinery & Equipment,Industry.mfg.industrialmachinery,Manufacturing,Industry.mfg,151492,Sales.100MMto250M,138,Employees.100to249,50,508,42381,4238,"TitleCode.IT,TitleCodeTop.Business,TitleCodeMiddle.Manager,TitleCodeMiddle.Technical,TitleCode.Manager","Manager,Engineering & Technical",https://go.zoominfo.com/#/apps/search/person/results?personProfileId=1936614390,1334654327937b6123fc86d880442a81,westsidetractorsales.com
2022471489,Van Norman,Robert,,,,"Manager, Information Technology",719,Information Technology,Manager,,(732) 905-1100 ext. 904,rvannorman@sswhitedental.com,1145 TOWBIN Ave.,Lakewood,New Jersey,8701,United States,15,7/9/2019,112951698,SS White Burs Inc,www.sswhitedental.com,(732) 905-1100,1145 TOWBIN Ave.,Lakewood,New Jersey,8701,United States,Medical Devices & Equipment,Industry.mfg.medical,Manufacturing,Industry.mfg,50000,Sales.50Mto100M,250,Employees.250to499,38,384,339,33,"TitleCode.IT,TitleCodeTop.Business,TitleCodeMiddle.Manager,TitleCodeMiddle.Technical,TitleCode.Manager","Manager,Engineering & Technical",https://go.zoominfo.com/#/apps/search/person/results?personProfileId=2022471489,c220b1bbc0e5ab0316505684c1bf4d39,sswhitedental.com
1774983414,Tokatlyan,Steve,,,,"Manager, Information Technology",719,Information Technology,Manager,,(781) 768-3409,stokatlyan@avedro.com,201 Jones Rd.,Waltham,Massachusetts,2451,United States,33,6/26/2019,353877659,"Avedro , Inc.",www.avedro.com,(781) 768-3400,201 Jones Rd.,Waltham,Massachusetts,2451,United States,Medical Devices & Equipment,Industry.mfg.medical,Manufacturing,Industry.mfg,20154,Sales.10Mto25M,122,Employees.100to249,38,384,32541,339,"TitleCode.IT,TitleCodeTop.Business,TitleCodeMiddle.Manager,TitleCodeMiddle.Technical,TitleCode.Manager","Manager,Engineering & Technical",https://go.zoominfo.com/#/apps/search/person/results?personProfileId=1774983414,bbb79ce43b4bc1e6d83a7094eb3d112e,avedro.com
2873749595,Bordawekar,Geeta,,,,"Project Manager, Information Technology",719,Information Technology,Manager,,(224) 206-2862,geeta.bordawekar@hollister.com,2000 Hollister Dr.,Libertyville,Illinois,60048,United States,4,6/18/2019,32556641,Hollister Incorporated,www.hollister.com,(847) 680-1000,2000 Hollister Dr.,Libertyville,Illinois,60048,United States,Medical Devices & Equipment,Industry.mfg.medical,Manufacturing,Industry.mfg,250000,Sales.250Mto500M,2000,Employees.1000to4999,38,384,339,5322,"TitleCode.ProjectManagement,TitleCodeMiddle.Manager,TitleCodeTop.Business,TitleCode.IT,TitleCodeMiddle.Operations,TitleCodeMiddle.Technical,TitleCode.Manager","Operations,Manager",https://go.zoominfo.com/#/apps/search/person/results?personProfileId=2873749595,640a5f6c2d09ef7cc3568e6a5847b293,hollister.com
1931705655,Vinson,Kenneth,,,,"Manager, Information Technology",719,Information Technology,Manager,,(608) 210-1058,ken.vinson@shinemed.com,101 E. Milwaukee St. Ste. 600,Janesville,Wisconsin,53545,United States,17,6/3/2019,348017919,SHINE Medical Technologies Inc,www.shinemed.com,(608) 210-1060,101 E. Milwaukee St. Ste. 600,Janesville,Wisconsin,53545,United States,Medical Devices & Equipment,Industry.mfg.medical,Manufacturing,Industry.mfg,46200,Sales.25Mto50M,231,Employees.100to249,38,384,62149,339,"TitleCode.IT,TitleCodeTop.Business,TitleCodeMiddle.Manager,TitleCodeMiddle.Technical,TitleCode.Manager","Manager,Engineering & Technical",https://go.zoominfo.com/#/apps/search/person/results?personProfileId=1931705655,73526acf7fb16b55c3eb2eee7056623d,shinemed.com
1699910834,Pechin,Henry,,,,"Manager, Information Technology",719,Information Technology,Manager,,(410) 778-7603,hpechin@dixonvalve.com,800 High St.,Chestertown,Maryland,21620,United States,19,5/20/2019,35409744,Dixon Valve & Coupling Company,www.dixonvalve.com,(410) 778-2000,250 Dixon Dr.,Chestertown,Maryland,21620,United States,Plumbing & HVAC Equipment,Industry.mfg.building.plumbing,Building Materials,Industry.mfg.building,95050,Sales.50Mto100M,2267,Employees.1000to4999,34,349,33291,42,"TitleCode.IT,TitleCodeTop.Business,TitleCodeMiddle.Manager,TitleCodeMiddle.Technical,TitleCode.Manager","Manager,Engineering & Technical",https://go.zoominfo.com/#/apps/search/person/results?personProfileId=1699910834,8c56a8fce094a4af94e41b2ec4b6dd3b,dixonvalve.com
-2039823977,Khoury,Ramzi,,,,"Director, Information Technology",759,Information Technology,Director,,(727) 507-9372,ramzi.khoury@ccsmed.com,1505 LBJ Freeway Ste. 600,Farmers Branch,Texas,75234,United States,7,5/8/2019,19960731,CCS Medical Inc,www.ccsmed.com,(727) 531-9161,14255 49Th St. N Ste. 301,Clearwater,Florida,33762,United States,Medical Devices & Equipment,Industry.mfg.medical,Manufacturing,Industry.mfg,300000,Sales.250Mto500M,1000,Employees.1000to4999,38,384,339,44,"TitleCode.IT,TitleCodeTop.Business,TitleCodeMiddle.Technical,TitleCode.Director,TitleCodeMiddle.Director","Engineering & Technical,Director",https://go.zoominfo.com/#/apps/search/person/results?personProfileId=-2039823977,65d250478d92835e23e1d7a7095b29dd,ccsmed.com
323491180,Calvin,Todd,,,,"Manager, Information Systems",719,Information Technology,Manager,,(585) 352-9460 ext. 3810,todd.calvin@transcat.com,35 VANTAGE POINT Dr.,Rochester,New York,14624,United States,34,4/30/2019,53691189,Transcat Inc,www.transcat.com,(585) 352-7777,35 VANTAGE POINT Dr.,Rochester,New York,14624,United States,Consumer Electronics & Computers Retail,Industry.retail.electronics,Business Services General,Industry.bizservice.general,155141,Sales.100MMto250M,571,Employees.500to999,76,38,5418,5419,"TitleCode.IT,TitleCodeTop.Business,TitleCodeMiddle.Manager,TitleCodeMiddle.Technical,TitleCode.Manager","Manager,Engineering & Technical",https://go.zoominfo.com/#/apps/search/person/results?personProfileId=323491180,e8b36fe08a0fb9d4b70549a932fc3078,transcat.com
-1871247440,Kaatz,Jim,,,,"Program Manager, Information Technology",719,Information Technology,Manager,,,jkaatz@bluewatertech.com,24050 Northwestern Hwy.,Southfield,Michigan,48075,United States,12,4/2/2019,8996147,BlueWater Technologies Inc,www.bluewatertech.com,(248) 356-4399,24050 Northwestern Hwy.,Southfield,Michigan,48075,United States,Business Services General,Industry.bizservice.general,Business Services,Industry.bizservice,69000,Sales.50Mto100M,183,Employees.100to249,36,365,3343,541511,"TitleCode.ProgramManagement,TitleCodeMiddle.Manager,TitleCodeTop.Business,TitleCode.IT,TitleCodeMiddle.Operations,TitleCodeMiddle.Technical,TitleCode.Manager","Operations,Manager",https://go.zoominfo.com/#/apps/search/person/results?personProfileId=-1871247440,a484cf076f1008eeb107533edb86efd7,bluewatertech.com
-2044163824,Chesebrough,Daniel,,,,"Director, Information Technology",759,Information Technology,Director,,,daniel.chesebrough@inqullc.com,9678 LEWIS Ave.,California City,California,93505,United States,10,3/26/2019,356079699,INQU LLC,www.inqullc.com,(661) 810-4663,9678 LEWIS Ave.,California City,California,93505,United States,Aerospace & Defense,Industry.mfg.aerospace,Manufacturing,Industry.mfg,6200,Sales.5Mto10M,31,Employees.20to49,87,871,541,5413,"TitleCode.IT,TitleCodeTop.Business,TitleCodeMiddle.Technical,TitleCode.Director,TitleCodeMiddle.Director","Engineering & Technical,Director",https://go.zoominfo.com/#/apps/search/person/results?personProfileId=-2044163824,8e9a602708fdf62befe4f508c2d91ede,inqullc.com
1831363666,Redmann,Randy,,,,"Corporate Director, Information Technology",760,Information Technology,Director,,(920) 387-6067,randy.redmann@mecinc.com,715 South St.,Mayville,Wisconsin,53050,United States,35,3/26/2019,24118157,Mayville Engineering Company Inc,www.mecinc.com,(920) 387-4500,715 SOUTH St.,Mayville,Wisconsin,53050,United States,Manufacturing,Industry.mfg,"Miscellaneous Building Materials (Flooring, Cabinets, etc.)",Industry.mfg.building.other,354500,Sales.250Mto500M,3100,Employees.1000to4999,34,346,332119,3321,"TitleCode.IT,TitleCodeTop.Business,TitleCodeMiddle.Technical,TitleCode.Director,TitleCodeMiddle.Director","Engineering & Technical,Director",https://go.zoominfo.com/#/apps/search/person/results?personProfileId=1831363666,0e0a4d9d2d6418d74aa0feab38609003,mecinc.com
1730951791,Davies,Robert,,,,"Manager, Information Technology",719,Information Technology,Manager,,(714) 427-3386,rdavies@aluminumprecision.com,3333 W Warner Ave.,Santa Ana,California,92704,United States,13,3/26/2019,9262386,Aluminum Precision Products Inc,www.aluminumprecision.com,(714) 546-8125,3333 W Warner Ave.,Santa Ana,California,92704,United States,Aerospace & Defense,Industry.mfg.aerospace,Manufacturing,Industry.mfg,130000,Sales.100MMto250M,650,Employees.500to999,34,346,3321,33211,"TitleCode.IT,TitleCodeTop.Business,TitleCodeMiddle.Manager,TitleCodeMiddle.Technical,TitleCode.Manager","Manager,Engineering & Technical",https://go.zoominfo.com/#/apps/search/person/results?personProfileId=1730951791,b099cac367041f30c32f910fb36c4e1f,aluminumprecision.com
-2076787213,Campbell,Ken,,,,"Manager, Information Technology",719,Information Technology,Manager,,(801) 732-2087,ken.campbell@peterseninc.com,1527 North 2000 West,Ogden,Utah,84404,United States,28,3/21/2019,104939991,Petersen Inc,www.peterseninc.com,(801) 732-2000,1527 North 2000 West,Ogden,Utah,84404,United States,Industrial Machinery & Equipment,Industry.mfg.industrialmachinery,Manufacturing,Industry.mfg,116775,Sales.100MMto250M,217,Employees.100to249,35,359,541199,332999,"TitleCode.IT,TitleCodeTop.Business,TitleCodeMiddle.Manager,TitleCodeMiddle.Technical,TitleCode.Manager","Manager,Engineering & Technical",https://go.zoominfo.com/#/apps/search/person/results?personProfileId=-2076787213,7198b09a5d8a90b5c93c672e46aaa8e7,peterseninc.com
1644349411,Goldstone,Mark,,,,"Manager, Information Technology",719,Information Technology,Manager,,(914) 242-6582,goldstonem@curtisinst.com,200 Kisco Ave.,Mount Kisco,New York,10549-1407,United States,37,3/21/2019,25857666,Curtis Instruments Inc,www.curtisinstruments.com,(914) 666-2971,200 Kisco Ave.,Mount Kisco,New York,10549,United States,Test & Measurement Equipment,Industry.mfg.testequipment,Manufacturing,Industry.mfg,200000,Sales.100MMto250M,1000,Employees.1000to4999,38,382,33451,33,"TitleCode.IT,TitleCodeTop.Business,TitleCodeMiddle.Manager,TitleCodeMiddle.Technical,TitleCode.Manager","Manager,Engineering & Technical",https://go.zoominfo.com/#/apps/search/person/results?personProfileId=1644349411,9abef6216bbb01663a562e3725e2047c,curtisinst.com
200662147,Grill,Tom,,,,"Senior Manager, Information Technology",723,Information Technology,Manager,,(651) 220-1212,tom.grill@aseholdings.com,358 East Fillmore Ave.,Saint Paul,Minnesota,55107,United States,31,3/21/2019,1788205,Aero Systems Engineering Inc,aseaero.com,(651) 227-7515,358 East Fillmore Ave.,Saint Paul,Minnesota,55107,United States,Aerospace & Defense,Industry.mfg.aerospace,Manufacturing,Industry.mfg,36750,Sales.25Mto50M,121,Employees.100to249,37,372,33399,333999,"TitleCode.IT,TitleCodeTop.Business,TitleCodeMiddle.Manager,TitleCodeMiddle.Technical,TitleCode.Manager","Manager,Engineering & Technical",https://go.zoominfo.com/#/apps/search/person/results?personProfileId=200662147,ba3abfe4023aaae25ce3690287b70a2e,aseholdings.com
436572325,Allison,Thomas,,,,"Director, Information Technology",759,Information Technology,Director,,(972) 621-0252 ext. 2205,tallison@smartstartinc.com,500 E Dallas Rd. Ste. 100,Grapevine,Texas,76051,United States,24,3/21/2019,97141111,Smart Start Inc,www.smartstartinc.com,(972) 621-0252,500 E Dallas Rd. Ste. 100,Grapevine,Texas,76051,United States,Test & Measurement Equipment,Industry.mfg.testequipment,Manufacturing,Industry.mfg,120000,Sales.100MMto250M,600,Employees.500to999,38,382,44,441,"TitleCode.IT,TitleCodeTop.Business,TitleCodeMiddle.Technical,TitleCode.Director,TitleCodeMiddle.Director","Engineering & Technical,Director",https://go.zoominfo.com/#/apps/search/person/results?personProfileId=436572325,69a2d43d7f8c5266792acc22aec6b8e3,smartstartinc.com
1864980870,Dollman,Allan,,,,"Global Director, Information Technology Infrastructure",759,Information Technology,Director,,(336) 547-5433,al.dollman@gilbarco.com,7300 West Friendly AvenuePO Box 22087,Greensboro,North Carolina,27420,United States,48,3/21/2019,49958939,Gilbarco Veeder-Root Inc,www.gilbarco.com,(336) 547-5000,7300 West Friendly AvenuePO Box 22087,Greensboro,North Carolina,27420,United States,Industrial Machinery & Equipment,Industry.mfg.industrialmachinery,Manufacturing,Industry.mfg,250000,Sales.250Mto500M,4000,Employees.1000to4999,35,358,3339,333,"TitleCode.IT,TitleCodeTop.Business,TitleCodeMiddle.Technical,TitleCode.Director,TitleCodeMiddle.Director","Engineering & Technical,Director",https://go.zoominfo.com/#/apps/search/person/results?personProfileId=1864980870,5632620698deff81a39c8f6a921e3a8c,gilbarco.com
-1391627530,Serafini,David,,,,"Manager, Information Technology",719,Information Technology,Manager,,(413) 629-2014,david.serafini@unistresscorp.com,550 Cheshire Rd.,Pittsfield,Massachusetts,1202,United States,7,3/21/2019,39501996,Unistress Corporation,www.unistresscorp.com,(413) 499-1441,550 Cheshire Rd.,Pittsfield,Massachusetts,1202,United States,"Aggregates, Concrete & Cement",Industry.mfg.building.concrete,Building Materials,Industry.mfg.building,26250,Sales.25Mto50M,64,Employees.50to99,3272,327,423390,327,"TitleCode.IT,TitleCodeTop.Business,TitleCodeMiddle.Manager,TitleCodeMiddle.Technical,TitleCode.Manager","Manager,Engineering & Technical",https://go.zoominfo.com/#/apps/search/person/results?personProfileId=-1391627530,a466e61eeaaf0e645550ff8fe43b97f2,unistresscorp.com
1437035977,McCarthy,Aaron,,,,"Manager, Information Technology",719,Information Technology,Manager,,(502) 329-2030,aaron.mccarthy@sypris.com,101 BULLITT Ln. Ste. 450,Louisville,Kentucky,40222,United States,24,3/21/2019,37339552,Sypris Solutions Inc,www.sypris.com,(502) 329-2000,101 BULLITT Ln. Ste. 450,Louisville,Kentucky,40222,United States,Test & Measurement Equipment,Industry.mfg.testequipment,Manufacturing,Industry.mfg,82294,Sales.50Mto100M,607,Employees.500to999,38,382,336350,33,"TitleCode.IT,TitleCodeTop.Business,TitleCodeMiddle.Manager,TitleCodeMiddle.Technical,TitleCode.Manager","Manager,Engineering & Technical",https://go.zoominfo.com/#/apps/search/person/results?personProfileId=1437035977,c092636ae4795107ec28bf3b8be7961c,sypris.com
1950739575,Flores,Jessica,,,,"Manager, Information Technology",719,Information Technology,Manager,,(703) 552-2136,jflores@logos-technologies.com,2701 Prosperity Ave. Ste. 400,Fairfax,Virginia,22031,United States,32,3/21/2019,344295856,Logos Technologies LLC,www.logostech.net,(703) 584-5725,2701 Prosperity Ave. Ste. 400,Fairfax,Virginia,22031,United States,Test & Measurement Equipment,Industry.mfg.testequipment,Manufacturing,Industry.mfg,51600,Sales.50Mto100M,215,Employees.100to249,38,382,541511,5415,"TitleCode.IT,TitleCodeTop.Business,TitleCodeMiddle.Manager,TitleCodeMiddle.Technical,TitleCode.Manager","Manager,Engineering & Technical",https://go.zoominfo.com/#/apps/search/person/results?personProfileId=1950739575,4d7c3ac874e170d6d439ce11ead2730f,logos-technologies.com
-1367450581,Sultani,Sean,,,,"Director, Information Technology",759,Information Technology,Director,,(510) 746-2596,ssultani@energyrecovery.com,1717 DOOLITTLE Dr.,San Leandro,California,94577,United States,6,3/21/2019,32821902,Energy Recovery Inc,www.energyrecovery.com,(510) 483-7370,1717 DOOLITTLE Dr.,San Leandro,California,94577,United States,Industrial Machinery & Equipment,Industry.mfg.industrialmachinery,Manufacturing,Industry.mfg,58156,Sales.50Mto100M,133,Employees.100to249,49,35,221,22131,"TitleCode.IT,TitleCodeTop.Business,TitleCodeMiddle.Technical,TitleCode.Director,TitleCodeMiddle.Director","Engineering & Technical,Director",https://go.zoominfo.com/#/apps/search/person/results?personProfileId=-1367450581,c431bcc4e17fd4a3538426c59305d0ad,energyrecovery.com
1262931342,Hartley,Karen,,,,"Director, Information Technology",759,Information Technology,Director,,(614) 491-0700 ext. 1320,hartley@hfi-inc.com,59 Gender Rd.,Canal Winchester,Ohio,43110,United States,75,3/21/2019,53938263,HFI Inc,www.hfi-inc.com,(614) 491-0700,59 Gender Rd.,Canal Winchester,Ohio,43110,United States,Motor Vehicle Parts,Industry.mfg.carparts,Manufacturing,Industry.mfg,300000,Sales.250Mto500M,3500,Employees.1000to4999,23,239,33636,336360,"TitleCode.IT,TitleCodeTop.Business,TitleCodeMiddle.Technical,TitleCode.Director,TitleCodeMiddle.Director","Engineering & Technical,Director",https://go.zoominfo.com/#/apps/search/person/results?personProfileId=1262931342,28244e95e5f90d6694568eab6d00bbda,hfi-inc.com
-2101666859,Best,Derek,,,,"Manager, Information Technology",719,Information Technology,Manager,,(571) 409-7631,derek.best@magaero.com,,Fayetteville,North Carolina,,United States,12,3/8/2019,347622964,MAG Aerospace,www.magaero.com,(703) 376-8993,12730 Fair Lakes Circle Ste. 600,Fairfax,Virginia,22033,United States,Aerospace & Defense,Industry.mfg.aerospace,Manufacturing,Industry.mfg,200000,Sales.100MMto250M,900,Employees.500to999,37,376,336419,5191,"TitleCode.IT,TitleCodeTop.Business,TitleCodeMiddle.Manager,TitleCodeMiddle.Technical,TitleCode.Manager","Manager,Engineering & Technical",https://go.zoominfo.com/#/apps/search/person/results?personProfileId=-2101666859,46438812e30b6b4fef4d8c725de2ba6a,magaero.com
