﻿Zoom Individual ID,Last name,First name,Middle name,Salutation,Suffix,Job title,Job title hierarchy level,Job Function,Management Level,Company division name,Direct Phone Number,Email address,Person Street,Person City,Person State,Person Zip,Country,Source count,Last updated date,Zoom company ID,Company name,Marketing Friendly Name,Company domain name,Company phone number,Company Street address,Company City,Company State,Company ZIP/Postal code,Company Country,Industry label,Industry hierarchical category,Secondary industry label,Secondary industry hierarchical category,Revenue (in 000s),Revenue Range,Employees,Employees Range,SIC1,SIC2,NAICS1,NAICS2,TitleCode,Highest Level Job Function,Contact Zoom URL,Encrypted Email Address,Email Domain
-2092594193,Bradford,Boyd,L.,,Jr.,"Service Management Practice Director, Information Technology",759,Information Technology,Director,,(310) 508-0272,bbradford@aisconsulting.net,"3350 E. Birch St., Ste. 207",Brea,California,92821,United States,11,10/10/2018,1412087,Advanced Integrated Solutions Inc.,AIS,www.aisconsulting.net,(714) 572-5600,"5072 Hillsdale Circle, Ste. 100",El Dorado Hills,California,95762,United States,Commercial & Residential Construction,Industry.construction.construction,Construction,Industry.construction,24200,Sales.10Mto25M,121,Employees.100to249,,,541,5415,"TitleCodeMiddle.Manager,TitleCodeMiddle.Director,TitleCodeTop.Business,TitleCode.IT,TitleCodeMiddle.Technical,TitleCode.Manager,TitleCode.Director","Manager,Director",https://go.zoominfo.com/#/apps/search/person/results?personProfileId=-2092594193,2c76dc4e86b413b4859468fa3ea45346,aisconsulting.net
1821069734,Nazareth,Lina,,,MBA PHR,"HR & IT Operations Director, Finance",759,Operations,Director,,(763) 746-3761,lnazareth@airmechanical.com,16411 Aberdeen St. NE,Ham Lake,Minnesota,55304-5427,United States,36,8/12/2019,2230793,Air Mechanical Inc,Air Mechanical,www.airmechanical.com,,12907 Pioneer Trail,Eden Prairie,Minnesota,55347,United States,Commercial & Residential Construction,Industry.construction.construction,Construction,Industry.construction,10000,Sales.10Mto25M,145,Employees.100to249,17,171,23822,2382,"TitleCodeMiddle.HR,TitleCode.Operations,TitleCodeMiddle.Director,TitleCode.IT,TitleCodeTop.Business,TitleCodeMiddle.Finance,TitleCode.Finance,TitleCodeMiddle.Operations,TitleCode.HR,TitleCodeMiddle.Technical,TitleCode.Director","Human Resources,Director",https://go.zoominfo.com/#/apps/search/person/results?personProfileId=1821069734,bff5d2fc986c023f11e9cc60093dc050,airmechanical.com
1833838353,Laud,Patrick,,,,"Director, Information Technology",759,Information Technology,Director,,(847) 247-5272,laudpr05@gmail.com,844 E. Rockland Rd.,Libertyville,Illinois,60048,United States,54,8/12/2019,1146902,Aldridge Electric Inc,Aldridge Group,www.aldridgegroup.com,(847) 680-5200,844 E. Rockland Rd.,Libertyville,Illinois,60048,United States,Construction General,Industry.construction.general,Construction,Industry.construction,500000,Sales.500Mto1G,1000,Employees.1000to4999,,,23821,238210,"TitleCode.IT,TitleCodeTop.Business,TitleCodeMiddle.Technical,TitleCode.Director,TitleCodeMiddle.Director","Engineering & Technical,Director",https://go.zoominfo.com/#/apps/search/person/results?personProfileId=1833838353,c79c5e91037b1802f370bfe1d94619f9,gmail.com
-1028120719,Younger,Erika,,,,"Director, Information Technology DevOps",759,Technical,Director,,(310) 494-2261,eyounger@ah4r.com,30601 WEST AGOURA Rd. Ste. 200,Agoura Hills,California,91301,United States,12,8/16/2019,357981774,American Homes 4 Rent,American Homes 4 Rent,www.americanhomes4rent.com,(805) 413-5300,30601 WEST AGOURA Rd. Ste. 200,Agoura Hills,California,91301,United States,Real Estate,Industry.realestate,Brokerage,Industry.finance.brokerage,1072855,Sales.1Gto5G,1234,Employees.1000to4999,15,62,5311,5312,"TitleCode.Technical,TitleCodeMiddle.Director,TitleCodeTop.Business,TitleCode.IT,TitleCode.SoftwareEng,TitleCodeMiddle.Technical,TitleCode.Director","Engineering & Technical,Director",https://go.zoominfo.com/#/apps/search/person/results?personProfileId=-1028120719,96929706b63885a8fde72ea32af47775,ah4r.com
1355191666,Wilde,Dave,J.,,,"Director, Information Technology",759,Information Technology,Director,,(952) 832-2917,dwilde@barr.com,4300 MarketPointe Dr. Ste. 200,Minneapolis,Minnesota,55435,United States,41,8/12/2019,11082615,Barr Engineering Co,Barr,www.barr.com,(952) 832-2600,4300 MarketPointe Dr. Ste. 200,Minneapolis,Minnesota,55435,United States,Commercial & Residential Construction,Industry.construction.construction,Construction,Industry.construction,,,797,Employees.500to999,87,871,5416,541,"TitleCode.IT,TitleCodeTop.Business,TitleCodeMiddle.Technical,TitleCode.Director,TitleCodeMiddle.Director","Engineering & Technical,Director",https://go.zoominfo.com/#/apps/search/person/results?personProfileId=1355191666,22394467cc75bb237208c704c57c3221,barr.com
2369295961,Good,Craig,,,,"Director, Information Technology & Manager",760,Information Technology,Director,,(208) 533-5693,craig.good@unnpp.gov,3500 Technology Dr.,Monroeville,Pennsylvania,15146,United States,3,4/11/2019,362704579,Bechtel Plant Machinery Inc,Bechtel,www.bpmionline.com,(412) 829-1922,3500 Technology Dr.,Monroeville,Pennsylvania,15146,United States,Commercial & Residential Construction,Industry.construction.construction,Construction,Industry.construction,180000,Sales.100MMto250M,900,Employees.500to999,87,871,541,5413,"TitleCodeMiddle.Manager,TitleCodeMiddle.Director,TitleCodeTop.Business,TitleCode.IT,TitleCodeMiddle.Technical,TitleCode.Manager,TitleCode.Director","Manager,Director",https://go.zoominfo.com/#/apps/search/person/results?personProfileId=2369295961,60051949422d53facf2941c16970826a,unnpp.gov
-1549034495,Doege,Tim,,,,"Project Management Office Global Director, Information Technology",759,Information Technology,Director,,,tim.doege@bigstateelectric.com,8923 Aero St.,San Antonio,Texas,78217,United States,3,4/11/2019,14290863,Big State Electric Ltd,Big State Electric,www.bigstateelectric.com,(210) 735-1051,8923 Aero St.,San Antonio,Texas,78217,United States,Commercial & Residential Construction,Industry.construction.construction,Construction,Industry.construction,15200,Sales.10Mto25M,76,Employees.50to99,17,173,221,23821,"TitleCodeMiddle.Manager,TitleCode.ProjectManagement,TitleCodeMiddle.Director,TitleCode.IT,TitleCodeTop.Business,TitleCodeMiddle.Operations,TitleCodeMiddle.Technical,TitleCode.Director,TitleCode.Manager","Manager,Director",https://go.zoominfo.com/#/apps/search/person/results?personProfileId=-1549034495,4ab5a1c5c99a4929f1e192fd05048306,bigstateelectric.com
720709794,Sharp,Lyle,M.,,,"Director, Information Technology",759,Information Technology,Director,,(608) 503-2726,lyle@bloomfieldhomes.net,1050 E Hwy. 114 Ste. 210,Southlake,Texas,76092,United States,52,8/11/2019,26758804,Bloomfield Homes Terms,Bloomfield Homes,bloomfieldhomes.com,(972) 977-2769,300 River Meadows Ln.,Denton,Texas,76201,United States,Commercial & Residential Construction,Industry.construction.construction,Construction,Industry.construction,,,66,Employees.50to99,15,152,23611,236115,"TitleCode.IT,TitleCodeTop.Business,TitleCodeMiddle.Technical,TitleCode.Director,TitleCodeMiddle.Director","Engineering & Technical,Director",https://go.zoominfo.com/#/apps/search/person/results?personProfileId=720709794,a5ba902caf47c0241fdc6c41ca34bcce,bloomfieldhomes.net
-2038913812,Rourk,Justin,,,,"Project Manager & Estimator & Director, Information Technology",759,Information Technology,Director,,(727) 540-0255 ext. 1025,justin@bluelinemechanical.com,4611 107th Circle North,Clearwater,Florida,33762,United States,15,11/8/2018,348724100,Blueline Mechanical LLC,Blueline Mechanical,www.bluelinemechanical.com,(727) 540-0255,4611 107th Circle North,Clearwater,Florida,33762,United States,Construction General,Industry.construction.general,Construction,Industry.construction,5200,Sales.5Mto10M,26,Employees.20to49,,,,,"TitleCodeMiddle.Manager,TitleCode.ProjectManagement,TitleCodeMiddle.Director,TitleCode.IT,TitleCodeTop.Business,TitleCodeMiddle.Operations,TitleCodeMiddle.Technical,TitleCode.Director,TitleCode.Manager","Manager,Director",https://go.zoominfo.com/#/apps/search/person/results?personProfileId=-2038913812,0f7e7275aa9a8a9e3ad8b6d660e4eca1,bluelinemechanical.com
3188219894,Cross,Robert,,,,"Director, Operations, Information Technology",759,Operations,Director,,(770) 953-7000 ext. 32415,bob.cross@bluelinxco.com,"1950 SPECTRUM Circle, Ste. 300",Marietta,Georgia,30067,United States,4,8/10/2019,13650385,BlueLinx Corporation,BlueLinx,www.bluelinxco.com,(770) 953-7000,4300 Wildwood Pkwy.,Atlanta,Georgia,30339,United States,Construction General,Industry.construction.general,Home Improvement & Hardware Retail,Industry.retail.hardware,2862900,Sales.1Gto5G,2200,Employees.1000to4999,50,503,44419,44,"TitleCode.Operations,TitleCodeMiddle.Director,TitleCodeTop.Business,TitleCode.IT,TitleCodeMiddle.Operations,TitleCodeMiddle.Technical,TitleCode.Director","Operations,Director",https://go.zoominfo.com/#/apps/search/person/results?personProfileId=3188219894,e6991e243807ddfd1cdd3632916f26ba,bluelinxco.com
72837414,Dodson,Joey,,,,"Chief Financial Officer & Manager, Information Technology",939,Information Technology,C-Level,,(704) 588-0023 ext. 231,joeyd@blythedevelopment.com,1415 East Westinghouse Blvd.,Charlotte,North Carolina,28273,United States,30,5/9/2019,15928968,Blythe Development Co,Blythe Development,www.blythedevelopment.com,(704) 588-0023,1415 East Westinghouse Blvd.,Charlotte,North Carolina,28273,United States,Construction General,Industry.construction.general,Construction,Industry.construction,230000,Sales.100MMto250M,900,Employees.500to999,16,161,237310,423390,"TitleCode.Exec,TitleCodeTop.Business,TitleCode.IT,TitleCodeMiddle.Finance,TitleCode.Finance,TitleCodeMiddle.Exec,TitleCodeMiddle.Technical,TitleCode.Manager","Finance,Engineering & Technical",https://go.zoominfo.com/#/apps/search/person/results?personProfileId=72837414,31c36214c94c740aa6505a27ca3ed665,blythedevelopment.com
13964518,Echeandia,Richard,,Mr.,,"Director, IT Service Management",759,Information Technology,Director,,(214) 231-6417,richard.echeandia@bldr.com,2001 Bryan St. Ste. 1600,Dallas,Texas,75201,United States,101,8/12/2019,18452495,Builders FirstSource Inc,Builders FirstSource,www.bldr.com,(214) 880-3500,2001 Bryan St. Ste. 1600,Dallas,Texas,75201,United States,Household Goods,Industry.mfg.consumer.household,Consumer Goods,Industry.mfg.consumer,7724800,Sales.5GPlus,15000,Employees.10000plus,24,243,44419,3219,"TitleCodeMiddle.Manager,TitleCodeMiddle.Director,TitleCodeTop.Business,TitleCode.IT,TitleCodeMiddle.Technical,TitleCode.Manager,TitleCode.Director","Manager,Director",https://go.zoominfo.com/#/apps/search/person/results?personProfileId=13964518,a3be652100066960c40860dd1069e0bd,bldr.com
-2095510777,Loyed,Robby,,,,"Director, Information Technology",759,Information Technology,Director,,(901) 271-2531,rloyed@carlislecorp.com,263 Wagner Pl.,Memphis,Tennessee,38103,United States,26,8/7/2019,353985027,Carlisle Corporation,Carlisle,www.carlislecorp.com,(901) 526-5000,119 S. Main St. Ste. 800,Memphis,Tennessee,38103,United States,Commercial & Residential Construction,Industry.construction.construction,Construction,Industry.construction,29000,Sales.25Mto50M,69,Employees.50to99,15,154,722,7225,"TitleCode.IT,TitleCodeTop.Business,TitleCodeMiddle.Technical,TitleCode.Director,TitleCodeMiddle.Director","Engineering & Technical,Director",https://go.zoominfo.com/#/apps/search/person/results?personProfileId=-2095510777,30cbae20b91c8b339e3c6859897cc976,carlislecorp.com
865210081,Sashikant,Bala,,,,"Director, Information Technology",759,Information Technology,Director,,(617) 452-7701,sashikantb@cdmsmith.com,75 State St. Ste. 701,Boston,Massachusetts,2109,United States,36,8/6/2019,346710104,CDM Smith Inc,CDM Smith,www.cdmsmith.com,(617) 452-6000,75 State St. Ste. 701,Boston,Massachusetts,2109,United States,"Energy, Utilities & Waste Treatment General",Industry.energy.general,"Energy, Utilities & Waste Treatment",Industry.energy,,,5000,Employees.5000to9999,16,162,221,5416,"TitleCode.IT,TitleCodeTop.Business,TitleCodeMiddle.Technical,TitleCode.Director,TitleCodeMiddle.Director","Engineering & Technical,Director",https://go.zoominfo.com/#/apps/search/person/results?personProfileId=865210081,ed154f58408cd0e23ac2900fd86e66da,cdmsmith.com
33206131,Lieffort,Jim,,,,"Inventory Director, Information Technology & Planning Six Sigma Process Improvement Fleet Management Master",759,Information Technology,Director,,(352) 429-2171 ext. 267,jim.lieffort@cherrylake.com,7836 Cherry Lake Rd.,Groveland,Florida,34736,United States,24,3/21/2019,16272058,"Cherry Lake Tree Farm, Inc.",Cherry Lake,www.cherrylake.com,(352) 429-2171,7836 Cherry Lake Rd.,Groveland,Florida,34736,United States,Construction General,Industry.construction.general,Construction,Industry.construction,70000,Sales.50Mto100M,350,Employees.250to499,,,48,488510,"TitleCode.Services,TitleCodeMiddle.Manager,TitleCodeTop.Services,TitleCodeMiddle.Director,TitleCode.IT,TitleCodeTop.Business,TitleCode.ChangeManage,TitleCodeMiddle.Services,TitleCodeMiddle.Operations,TitleCodeMiddle.Technical,TitleCode.Manager,TitleCode.Director","Manager,Director",https://go.zoominfo.com/#/apps/search/person/results?personProfileId=33206131,0c1d38b548456840e7f12e2d7e0f9bb7,cherrylake.com
1284854476,Kennedy,Joe,A.,,,"Director, IT Service Delivery",759,Information Technology,Director,,(207) 679-2363,jkennedy@cianbro.com,101 Cianbro Sq.,Pittsfield,Maine,4967,United States,30,8/6/2019,343543062,Cianbro Corporation,Cianbro,www.cianbro.com,(207) 487-3311,101 Cianbro Sq.,Pittsfield,Maine,4967,United States,Commercial & Residential Construction,Industry.construction.construction,Construction,Industry.construction,,,4000,Employees.1000to4999,15,16,237310,23832,"TitleCode.IT,TitleCodeTop.Business,TitleCodeMiddle.Technical,TitleCode.Director,TitleCodeMiddle.Director","Engineering & Technical,Director",https://go.zoominfo.com/#/apps/search/person/results?personProfileId=1284854476,abe5538a48888f459d7cf5aa6e0cc137,cianbro.com
1781528157,Howie,John,,,,"Global Senior Director, IT Infrastructure Operations & Architecture",763,Operations,Director,,(704) 289-6511 ext. 102495,john.howie@circor.com,1710 Airport Rd.,Monroe,North Carolina,28110,United States,61,7/28/2019,14895078,CIRCOR International Inc,CIRCOR,www.circor.com,(781) 270-1200,30 Corporate Dr. Ste. 200,Burlington,Massachusetts,1803,United States,Plumbing & HVAC Equipment,Industry.mfg.building.plumbing,Building Materials,Industry.mfg.building,661710,Sales.500Mto1G,4400,Employees.1000to4999,34,349,23822,5413,"TitleCodeMiddle.Construction,TitleCodeTop.Services,TitleCodeMiddle.Director,TitleCode.Operations,TitleCode.IT,TitleCode.Construction,TitleCodeTop.Business,TitleCodeMiddle.Operations,TitleCodeMiddle.Technical,TitleCode.Director","Operations,Director",https://go.zoominfo.com/#/apps/search/person/results?personProfileId=1781528157,0798832defa2a4eb9bd0be02b07f362b,circor.com
33369563,Sirna,Tony,,,,"Director, Information Technology",759,Information Technology,Director,,(510) 612-7289,tony.sirna@citizensclimatelobby.org,"1330 Orange Ave., #300",Coronado,California,92118,United States,106,7/25/2019,345542854,Citizens' Climate Lobby,Citizens' Climate Lobby,www.citizensclimatelobby.org,(619) 437-7142,"1330 Orange Ave., #300",Coronado,California,92118,United States,Commercial & Residential Construction,Industry.construction.construction,Construction,Industry.construction,,,629,Employees.500to999,17,171,81331,813,"TitleCode.IT,TitleCodeTop.Business,TitleCodeMiddle.Technical,TitleCode.Director,TitleCodeMiddle.Director","Engineering & Technical,Director",https://go.zoominfo.com/#/apps/search/person/results?personProfileId=33369563,50e54dd4a160f1fccb8c7aa7422b36e7,citizensclimatelobby.org
1521372383,McCabe,Philip,,,,"Director, Information Technology",759,Information Technology,Director,,(305) 559-4900 ext. 293,pmccabe@coastalconstruction.com,5959 Blue Lagoon Dr. Ste. 200,Miami,Florida,33126,United States,33,8/5/2019,18057266,"Coastal Construction Group of South Florida , Inc.",Coastal Construction,www.coastalconstruction.com,(305) 559-4900,5959 Blue Lagoon Dr. Ste. 200,Miami,Florida,33126,United States,Commercial & Residential Construction,Industry.construction.construction,Construction,Industry.construction,80000,Sales.50Mto100M,400,Employees.250to499,15,152,23611,236115,"TitleCode.IT,TitleCodeTop.Business,TitleCodeMiddle.Technical,TitleCode.Director,TitleCodeMiddle.Director","Engineering & Technical,Director",https://go.zoominfo.com/#/apps/search/person/results?personProfileId=1521372383,a1b31a048f12b20ed3c8cc8d3ec4f537,coastalconstruction.com
1392715358,Diekmann,Bill,,,,"Director, Information Technology",759,Information Technology,Director,,(408) 808-8157,billdiekmann@hotmail.com,1132 North Seventh St.,San Jose,California,95112,United States,64,8/12/2019,23988877,Cupertino Electric Inc,Cupertino Electric,www.cei.com,(408) 808-8000,1132 North Seventh St.,San Jose,California,95112,United States,Commercial & Residential Construction,Industry.construction.construction,Construction,Industry.construction,,,3000,Employees.1000to4999,17,173,221,23821,"TitleCode.IT,TitleCodeTop.Business,TitleCodeMiddle.Technical,TitleCode.Director,TitleCodeMiddle.Director","Engineering & Technical,Director",https://go.zoominfo.com/#/apps/search/person/results?personProfileId=1392715358,f78f7673ab682c587e9809268c8fd63a,hotmail.com
-1361427169,Wessel,Rolf,,,,"Director, Finance & Manager, Information Technology",760,Information Technology,Director,,,rolf@ddelevator.com,38 Hayes St.,Elmsford,New York,10523,United States,16,6/3/2019,358092780,D&D Elevator Maintenance Inc,D&D Elevator,www.ddelevator.com,(914) 347-4344,38 Hayes St.,Elmsford,New York,10523,United States,Commercial & Residential Construction,Industry.construction.construction,Construction,Industry.construction,17800,Sales.10Mto25M,89,Employees.50to99,,,,,"TitleCodeMiddle.Manager,TitleCodeMiddle.Director,TitleCode.IT,TitleCodeTop.Business,TitleCodeMiddle.Finance,TitleCode.Finance,TitleCodeMiddle.Technical,TitleCode.Director,TitleCode.Manager","Manager,Director",https://go.zoominfo.com/#/apps/search/person/results?personProfileId=-1361427169,38dffa2b4dac66ed5ffb8fe813d0e17a,ddelevator.com
1802359936,McCullough,Russell,,,,"Director, Information Technology & Project Manager",760,Information Technology,Director,,,mccullough@dfsconstruction.com,2200 Wilson Blvd. Ste. 800,Arlington,Virginia,22201,United States,14,4/12/2019,348527695,DFS Construction Corporation,DFS Construction,www.dfsconstruction.com,(703) 504-9555,2200 Wilson Blvd. Ste. 800,Arlington,Virginia,22201,United States,Commercial & Residential Construction,Industry.construction.construction,Construction,Industry.construction,61106,Sales.50Mto100M,45,Employees.20to49,15,154,23611,23,"TitleCodeMiddle.Manager,TitleCode.ProjectManagement,TitleCodeMiddle.Director,TitleCode.IT,TitleCodeTop.Business,TitleCodeMiddle.Operations,TitleCodeMiddle.Technical,TitleCode.Director,TitleCode.Manager","Manager,Director",https://go.zoominfo.com/#/apps/search/person/results?personProfileId=1802359936,e1c88d045b2a5a4057e90fdc816b3205,dfsconstruction.com
2087354226,Rimel,Robert,A.,,,"Director, Information Technology",759,Information Technology,Director,,(410) 565-5308,robert.rimel@gmail.com,,,Maryland,,United States,22,8/12/2019,12812382,EMCOR Group Inc,EMCOR,www.emcorgroup.com,(203) 849-7800,301 MERRITT SEVEN CORPORATE PK 6TH Fl.,Norwalk,Connecticut,6851,United States,Commercial & Residential Construction,Industry.construction.construction,Construction,Industry.construction,8130600,Sales.5GPlus,33000,Employees.10000plus,17,87,221,23822,"TitleCode.IT,TitleCodeTop.Business,TitleCodeMiddle.Technical,TitleCode.Director,TitleCodeMiddle.Director","Engineering & Technical,Director",https://go.zoominfo.com/#/apps/search/person/results?personProfileId=2087354226,4715ac7ffd4d8b5194a5beaf6dceb824,gmail.com
-1961619890,Stuber,Daniel,,,,"Controller & Director, Marketing & Manager, Information Technology",819,General Marketing,Director,,,danielstuber@gardencityplumbing.com,4025 Flynn Ln.,Missoula,Montana,59808,United States,19,8/16/2019,48697165,"Garden City Plumbing & Heating, Inc.",Garden City Plumbing,www.gardencityplumbing.com,(406) 728-5550,4025 Flynn Ln.,Missoula,Montana,59808,United States,Commercial & Residential Construction,Industry.construction.construction,Construction,Industry.construction,8200,Sales.5Mto10M,41,Employees.20to49,17,171,23822,2382,"TitleCode.Marketing,TitleCodeMiddle.Manager,TitleCodeMiddle.Director,TitleCode.IT,TitleCodeTop.Business,TitleCodeMiddle.Finance,TitleCodeMiddle.Marketing,TitleCodeMiddle.Technical,TitleCode.Manager,TitleCode.Accounting,TitleCode.Director","Manager,Director",https://go.zoominfo.com/#/apps/search/person/results?personProfileId=-1961619890,1a0afddae14079a84aeea4e6f28671e9,gardencityplumbing.com
-1679278188,St. John,Keith,T.,,,"Director, Information Technology",759,Information Technology,Director,,(419) 720-2622,keith.stjohn@rlgbuilds.com,6494 Latcha Rd.,Walbridge,Ohio,43465,United States,27,7/29/2019,46451888,GEM Inc.,GEM,rlgbuilds.com,(419) 720-2774,6842 Commodore Dr.,Walbridge,Ohio,43465,United States,Construction,Industry.construction,Commercial & Residential Construction,Industry.construction.construction,100000,Sales.100MMto250M,500,Employees.500to999,,,,,"TitleCode.IT,TitleCodeTop.Business,TitleCodeMiddle.Technical,TitleCode.Director,TitleCodeMiddle.Director","Engineering & Technical,Director",https://go.zoominfo.com/#/apps/search/person/results?personProfileId=-1679278188,cb2928d6ea66bd2d16e3cf17ccfd7a7f,rlgbuilds.com
1575823032,Ranan,Joel,,,,"Regional Director, Information Technology",759,Information Technology,Director,,(415) 836-4191,joel_ranan@gensler.com,"45 Fremont St., Ste. 1500",San Francisco,California,94105,United States,32,8/12/2019,15827585,Gensler,Gensler,www.gensler.com,(415) 433-3700,"45 Fremont St., Ste. 1500",San Francisco,California,94105,United States,"Architecture, Engineering & Design",Industry.construction.architecture,Construction,Industry.construction,1187000,Sales.1Gto5G,6000,Employees.5000to9999,87,871,541,5413,"TitleCode.IT,TitleCodeTop.Business,TitleCodeMiddle.Technical,TitleCode.Director,TitleCodeMiddle.Director","Engineering & Technical,Director",https://go.zoominfo.com/#/apps/search/person/results?personProfileId=1575823032,e76f391c252354907c2c9cba050d5900,gensler.com
1839332314,Maceo,Carlos,,,,"Regional Director, Information Technology",759,Information Technology,Director,,(202) 263-5468,carlos_maceo@gensler.com,"2020 K St. NW, Ste. 200","Washington, D.C.",District of Columbia,20006,United States,28,7/25/2019,15827585,Gensler,Gensler,www.gensler.com,(415) 433-3700,"45 Fremont St., Ste. 1500",San Francisco,California,94105,United States,"Architecture, Engineering & Design",Industry.construction.architecture,Construction,Industry.construction,1187000,Sales.1Gto5G,6000,Employees.5000to9999,87,871,541,5413,"TitleCode.IT,TitleCodeTop.Business,TitleCodeMiddle.Technical,TitleCode.Director,TitleCodeMiddle.Director","Engineering & Technical,Director",https://go.zoominfo.com/#/apps/search/person/results?personProfileId=1839332314,72e5de436dac5ce93d56d67ef8dcdace,gensler.com
1784181577,Lehman,Daniel,,,,"Director, Information Technology",759,Information Technology,Director,,(214) 956-0030 ext. 242,dlehman@globalviews.com,7301 Ambassador Row,Dallas,Texas,75247,United States,30,8/12/2019,347115000,Global Views,Global Views,www.globalviews.com,(888) 956-0030,608 World Trade Center,Dallas,Texas,75207,United States,Furniture,Industry.mfg.furniture,Manufacturing,Industry.mfg,32400,Sales.25Mto50M,162,Employees.100to249,17,179,23815,2381,"TitleCode.IT,TitleCodeTop.Business,TitleCodeMiddle.Technical,TitleCode.Director,TitleCodeMiddle.Director","Engineering & Technical,Director",https://go.zoominfo.com/#/apps/search/person/results?personProfileId=1784181577,4d60d058f947ace23833748f8c904b32,globalviews.com
1491174838,Li,Michael,G.,,,"Director, Information Technology & Manager",760,Information Technology,Director,,,mili@glprop.com,501 Orchard Rd. 08-01 Wheelock Pl.,Singapore,Central Singapore,,Singapore,32,4/11/2019,347817679,GLP,GLP,www.glprop.com,(312) 940-5300,2 North Riverside Plz. Ste. 2350,Chicago,Illinois,60606,United States,Real Estate,Industry.realestate,Commercial & Residential Construction,Industry.construction.construction,880000,Sales.500Mto1G,1126,Employees.1000to4999,15,154,5311,5312,"TitleCodeMiddle.Manager,TitleCodeMiddle.Director,TitleCodeTop.Business,TitleCode.IT,TitleCodeMiddle.Technical,TitleCode.Manager,TitleCode.Director","Manager,Director",https://go.zoominfo.com/#/apps/search/person/results?personProfileId=1491174838,0fe46d13b2ada88aa91cd1217d2fd166,glprop.com
2736164608,Goel,Sudhir,,,,"Director, IT Infrastructure & Operations",759,Operations,Director,,,sudhir.goel@gcinc.com,,The Woodlands,Texas,,United States,6,8/13/2019,45878139,Granite Construction Inc,Granite Construction,www.graniteconstruction.com,(831) 724-1011,585 WEST BEACH St.,Watsonville,California,95076,United States,Construction General,Industry.construction.general,Construction,Industry.construction,3318400,Sales.1Gto5G,4200,Employees.1000to4999,16,162,2379,237310,"TitleCode.Operations,TitleCodeMiddle.Director,TitleCodeTop.Business,TitleCode.IT,TitleCodeMiddle.Operations,TitleCodeMiddle.Technical,TitleCode.Director","Operations,Director",https://go.zoominfo.com/#/apps/search/person/results?personProfileId=2736164608,c821d9785e28c22edab28382be469d32,gcinc.com
1506787216,Heinle,Dennis,,,,"Director, Information Technology",759,Information Technology,Director,,(314) 678-8071,dennis.heinle@geco.com,3405 Bent Ave.,St. Louis,Missouri,63116,United States,38,8/12/2019,52695686,Guarantee Electrical Company,GECO,www.geco.com,(314) 772-5400,3405 Bent Ave.,St. Louis,Missouri,63116,United States,Commercial & Residential Construction,Industry.construction.construction,"Electricity, Oil & Gas",Industry.energy.energy,445566,Sales.250Mto500M,700,Employees.500to999,17,173,221,23821,"TitleCode.IT,TitleCodeTop.Business,TitleCodeMiddle.Technical,TitleCode.Director,TitleCodeMiddle.Director","Engineering & Technical,Director",https://go.zoominfo.com/#/apps/search/person/results?personProfileId=1506787216,b354a0ae96e6de95677017040f299492,geco.com
1903165854,Calahan,Brad,,,,"Director, Information Technology",759,Information Technology,Director,,(503) 203-6511,b.calahan@comcast.net,9600 SW Barnes Rd. Ste. 200,Portland,Oregon,97225,United States,47,8/15/2019,40046216,Hampton Lumber,Hampton Lumber,www.hamptonlumber.com,(503) 297-7691,9600 SW Barnes Rd. Ste. 200,Portland,Oregon,97225,United States,"Lumber, Wood Production & Timber Operations",Industry.mfg.building.lumber,Building Materials,Industry.mfg.building,180000,Sales.100MMto250M,1600,Employees.1000to4999,24,243,321212,113,"TitleCode.IT,TitleCodeTop.Business,TitleCodeMiddle.Technical,TitleCode.Director,TitleCodeMiddle.Director","Engineering & Technical,Director",https://go.zoominfo.com/#/apps/search/person/results?personProfileId=1903165854,6700f943e89085d5d0d13434b9661e1b,comcast.net
-2092251005,Lang,Joshua,,,,"Director, Information Technology",759,Information Technology,Director,,(414) 672-3470 ext. 223,josh@hennes.us,4100 W. Lincoln Ave.,Milwaukee,Wisconsin,53215,United States,20,8/15/2019,28133059,Hennes Services Inc,Hennes,www.hennes.us,(414) 672-3470,4100 W. Lincoln Ave.,Milwaukee,Wisconsin,53215,United States,Commercial & Residential Construction,Industry.construction.construction,Construction,Industry.construction,10000,Sales.10Mto25M,50,Employees.50to99,17,171,23822,238990,"TitleCode.IT,TitleCodeTop.Business,TitleCodeMiddle.Technical,TitleCode.Director,TitleCodeMiddle.Director","Engineering & Technical,Director",https://go.zoominfo.com/#/apps/search/person/results?personProfileId=-2092251005,a7f42b7750bdcb5cfee9b0be643e2159,hennes.us
-1151153802,Vientos,Domenic,,,,"IT Operations Director, Infrastructure",759,Operations,Director,,(205) 912-7301,domenic.vientos@hibbett.com,2700 MILAN Ct.,Birmingham,Alabama,35211,United States,14,8/15/2019,54003730,Hibbett Sports Inc,Hibbett Sports,www.hibbett.com,(205) 942-4292,2700 MILAN Ct.,Birmingham,Alabama,35211,United States,Commercial & Residential Construction,Industry.construction.construction,Construction,Industry.construction,968219,Sales.500Mto1G,3100,Employees.1000to4999,15,154,811,45,"TitleCode.Operations,TitleCodeMiddle.Director,TitleCodeTop.Business,TitleCode.IT,TitleCodeMiddle.Operations,TitleCodeMiddle.Technical,TitleCode.Director","Operations,Director",https://go.zoominfo.com/#/apps/search/person/results?personProfileId=-1151153802,7cb63bdccd05b4e4fc032f40c7da5fce,hibbett.com
2433960897,Hollinger,Chris,,,,"Director, Information Technology",759,Information Technology,Director,,(561) 302-8983,chollinger@hillyork.com,2125 S. Andrews Ave.,Fort Lauderdale,Florida,33316,United States,9,8/14/2019,55477899,Hill York,Hill York,www.hillyork.com,(954) 525-4200,2125 S. Andrews Ave.,Fort Lauderdale,Florida,33316,United States,Commercial & Residential Construction,Industry.construction.construction,Construction,Industry.construction,,,120,Employees.100to249,17,171,23822,2382,"TitleCode.IT,TitleCodeTop.Business,TitleCodeMiddle.Technical,TitleCode.Director,TitleCodeMiddle.Director","Engineering & Technical,Director",https://go.zoominfo.com/#/apps/search/person/results?personProfileId=2433960897,5afc7d10598b17cda5279b69f863af81,hillyork.com
2159381029,Herrick,Chris,,,,"Director, Information Technology",759,Information Technology,Director,,(484) 222-4495,cherrick@imcconstruction.com,3 Great Valley Pkwy.,Malvern,Pennsylvania,19355,United States,17,8/16/2019,47433976,IMC Construction Inc,IMC Construction,www.imcconstruction.com,(610) 889-3600,3 Great Valley Pkwy.,Malvern,Pennsylvania,19355,United States,Construction General,Industry.construction.general,Construction,Industry.construction,52000,Sales.50Mto100M,118,Employees.100to249,17,179,23,2362,"TitleCode.IT,TitleCodeTop.Business,TitleCodeMiddle.Technical,TitleCode.Director,TitleCodeMiddle.Director","Engineering & Technical,Director",https://go.zoominfo.com/#/apps/search/person/results?personProfileId=2159381029,f285690e15d1f9d87b6616a8799e678a,imcconstruction.com
-2080684327,Barnes,Paul,M.,,,"Director, Information Technology",759,Information Technology,Director,,(614) 221-3787,paul.barnes@installed.net,"495 SOUTH HIGH St., Ste. 50",Columbus,Ohio,43215,United States,33,7/25/2019,19382327,Installed Building Products Inc,Installed Building Products,www.installedbuildingproducts.com,(614) 221-3399,"495 SOUTH HIGH St., Ste. 50",Columbus,Ohio,43215,United States,Commercial & Residential Construction,Industry.construction.construction,Construction,Industry.construction,1132927,Sales.1Gto5G,6900,Employees.5000to9999,17,174,44,23831,"TitleCode.IT,TitleCodeTop.Business,TitleCodeMiddle.Technical,TitleCode.Director,TitleCodeMiddle.Director","Engineering & Technical,Director",https://go.zoominfo.com/#/apps/search/person/results?personProfileId=-2080684327,8da13056050484c5651f6d32cbb7599b,installed.net
-1975275217,Peterson,Alan,,,,"Director, Information Technology",759,Information Technology,Director,,(720) 420-5725,alan.peterson@iptenergyservices.com,"1707 Cole Blvd., Ste. 200",Golden,Colorado,80401,United States,21,8/15/2019,343515632,Integrated Petroleum Technologies Inc,IPT,www.iptenergyservices.com,(720) 420-5700,"1707 Cole Blvd., Ste. 200",Golden,Colorado,80401,United States,Commercial & Residential Construction,Industry.construction.construction,Oil & Gas Exploration & Services,Industry.energy.services,13600,Sales.10Mto25M,68,Employees.50to99,13,138,21,211,"TitleCode.IT,TitleCodeTop.Business,TitleCodeMiddle.Technical,TitleCode.Director,TitleCodeMiddle.Director","Engineering & Technical,Director",https://go.zoominfo.com/#/apps/search/person/results?personProfileId=-1975275217,1c2cad71d8179f600da90bef74fd12ce,iptenergyservices.com
1009930730,Dutton,Jeffrey,L.,Mr.,,"Managing Director, Information Technology",763,Information Technology,Director,,(256) 971-5527,jeff.dutton@jacobs.com,,,Alabama,,United States,12,8/12/2019,144933765,Jacobs Engineering Group Inc,Jacobs,www.jacobs.com,(214) 583-8500,"1999 BRYAN St., Ste. 1200",Dallas,Texas,75201,United States,Construction,Industry.construction,Commercial & Residential Construction,Industry.construction.construction,14984600,Sales.5GPlus,77600,Employees.10000plus,15,87,2379,3118,"TitleCode.IT,TitleCodeTop.Business,TitleCodeMiddle.Technical,TitleCode.Director,TitleCodeMiddle.Director","Engineering & Technical,Director",https://go.zoominfo.com/#/apps/search/person/results?personProfileId=1009930730,768cf0bc0c2869678cd75548fc4f0efa,jacobs.com
-1986003936,Laughlin,Melody,J.,,,"Program Management Office & Hvc Coe Director, Information Technology",759,Information Technology,Director,,(626) 578-3562,melody.laughlin@jacobs.com,155 N Lake Ave.,Pasadena,California,91101,United States,25,3/21/2019,144933765,Jacobs Engineering Group Inc,Jacobs,www.jacobs.com,(214) 583-8500,"1999 BRYAN St., Ste. 1200",Dallas,Texas,75201,United States,Construction,Industry.construction,Commercial & Residential Construction,Industry.construction.construction,14984600,Sales.5GPlus,77600,Employees.10000plus,15,87,2379,3118,"TitleCode.ProgramManagement,TitleCodeMiddle.Manager,TitleCodeMiddle.Director,TitleCode.IT,TitleCodeTop.Business,TitleCodeMiddle.Operations,TitleCodeMiddle.Technical,TitleCode.Director,TitleCode.Manager","Manager,Director",https://go.zoominfo.com/#/apps/search/person/results?personProfileId=-1986003936,362d00348a655386244969bd60e13ad6,jacobs.com
-1900763996,Horowitz,Jay,,,,"Director, Information Technology",759,Information Technology,Director,,(352) 384-7064,jay.horowitz@jacobs.com,"643 SW 4th Ave., Ste. 400",Gainesville,Florida,32601,United States,18,8/15/2019,144933765,Jacobs Engineering Group Inc,Jacobs,www.jacobs.com,(214) 583-8500,"1999 BRYAN St., Ste. 1200",Dallas,Texas,75201,United States,Construction,Industry.construction,Commercial & Residential Construction,Industry.construction.construction,14984600,Sales.5GPlus,77600,Employees.10000plus,15,87,2379,3118,"TitleCode.IT,TitleCodeTop.Business,TitleCodeMiddle.Technical,TitleCode.Director,TitleCodeMiddle.Director","Engineering & Technical,Director",https://go.zoominfo.com/#/apps/search/person/results?personProfileId=-1900763996,5d415db7930f574fa2ab0d7ba180fd9f,jacobs.com
1545872722,Linton,Bryan,,,,"Communications Director, Information Technology",759,Information Technology,Director,,(817) 735-7111,bryan.linton@jacobs.com,777 Main St.,Fort Worth,Texas,76102,United States,37,8/8/2019,144933765,Jacobs Engineering Group Inc,Jacobs,www.jacobs.com,(214) 583-8500,"1999 BRYAN St., Ste. 1200",Dallas,Texas,75201,United States,Construction,Industry.construction,Commercial & Residential Construction,Industry.construction.construction,14984600,Sales.5GPlus,77600,Employees.10000plus,15,87,2379,3118,"TitleCodeMiddle.Director,TitleCodeTop.Business,TitleCode.IT,TitleCode.Communications,TitleCodeMiddle.Marketing,TitleCodeMiddle.Technical,TitleCode.Director","Marketing,Director",https://go.zoominfo.com/#/apps/search/person/results?personProfileId=1545872722,5513f7f56e2474dc66291352e216cb49,jacobs.com
1315615722,Otto,Steven,M.,,,"Systems Director, Information Technology",759,Information Technology,Director,,(713) 426-7496,steveo@kirksey.com,6909 Portwest Dr.,Houston,Texas,77024,United States,36,8/11/2019,21561590,Kirksey Architecture,Kirksey,www.kirksey.com,(713) 850-9600,6909 Portwest Dr.,Houston,Texas,77024,United States,"Architecture, Engineering & Design",Industry.construction.architecture,Construction,Industry.construction,31600,Sales.25Mto50M,158,Employees.100to249,87,871,541,5413,"TitleCode.IT,TitleCodeTop.Business,TitleCodeMiddle.Technical,TitleCode.Director,TitleCodeMiddle.Director","Engineering & Technical,Director",https://go.zoominfo.com/#/apps/search/person/results?personProfileId=1315615722,6a1457b091da550b45de058e6e2d9a78,kirksey.com
2421027998,Felten,Zach,,,,"Applications Director, Information Technology",759,Information Technology,Director,,(317) 577-5619,zfelten@kiterealty.com,30 S MERIDIAN St. Ste. 1100,Indianapolis,Indiana,46204,United States,18,8/6/2019,42061292,Kite Realty Group Trust,Kite Realty,www.kiterealty.com,(317) 577-5600,30 S MERIDIAN St. Ste. 1100,Indianapolis,Indiana,46204,United States,Commercial & Residential Construction,Industry.construction.construction,Construction,Industry.construction,358819,Sales.250Mto500M,147,Employees.100to249,17,67,5311,5312,"TitleCode.IT,TitleCodeTop.Business,TitleCodeMiddle.Technical,TitleCode.Director,TitleCodeMiddle.Director","Engineering & Technical,Director",https://go.zoominfo.com/#/apps/search/person/results?personProfileId=2421027998,7800ae6ee5a79f808ef26d7e782bf934,kiterealty.com
1814075197,McLain,Mitchell,,,,"CAD, Research & Development, Sales, Logistics, Management, Safety, Quality Assurance Director, Information Technology",759,Logistics,Director,,,mitch@lascoservices.com,601 Compton,Irving,Texas,75061,United States,12,4/12/2019,39012361,Lasco Services Inc,Lasco Services,www.lascoservices.com,(972) 513-1875,P.O. Box 154472,Irving,Texas,75015,United States,Commercial & Residential Construction,Industry.construction.construction,Construction,Industry.construction,6400,Sales.5Mto10M,32,Employees.20to49,,,23822,23,"TitleCode.Logistics,TitleCodeMiddle.Director,TitleCodeMiddle.Scientist,TitleCodeTop.Business,TitleCode.Compliance,TitleCode.QA,TitleCode.Sales,TitleCode.Director,TitleCodeTop.Professionals,TitleCodeMiddle.Manager,TitleCode.Scientist,TitleCodeMiddle.Sales,TitleCode.IT,TitleCodeMiddle.Operations,TitleCodeMiddle.Technical,TitleCode.Manager","Scientists,Director",https://go.zoominfo.com/#/apps/search/person/results?personProfileId=1814075197,45294f6e6269000539dc62a1b8fa7122,lascoservices.com
-2042968472,Goharriz,Sina,,,,"Director, Information Technology",759,Information Technology,Director,,(520) 884-9821 ext. 7207,sina@lloydconstruction.com,2180 N Wilmot Rd.,Tucson,Arizona,85712-3015,United States,18,8/13/2019,71664793,Lloyd Companies,Lloyd Companies,www.lloydcompanies.com,(605) 323-2820,101 S. Reid St. #201,Sioux Falls,South Dakota,57103,United States,Commercial & Residential Construction,Industry.construction.construction,Construction,Industry.construction,,,185,Employees.100to249,15,152,531,5312,"TitleCode.IT,TitleCodeTop.Business,TitleCodeMiddle.Technical,TitleCode.Director,TitleCodeMiddle.Director","Engineering & Technical,Director",https://go.zoominfo.com/#/apps/search/person/results?personProfileId=-2042968472,15fbe056734538d2a142460eea3e22a4,lloydconstruction.com
-1965137032,Schultz,Brenda,,,,"Director, Information Technology Program Management Office",759,Information Technology,Director,,(704) 758-5052,brenda.schultz@lowes.com,1000 Lowes Blvd.,Mooresville,North Carolina,28117,United States,31,8/12/2019,23167139,"Lowe's Companies , Inc.",Lowe's ,www.lowes.com,(704) 758-1000,1000 Lowes Blvd.,Mooresville,North Carolina,28117,United States,Home Improvement & Hardware Retail,Industry.retail.hardware,Retail,Industry.retail,71309000,Sales.5GPlus,245000,Employees.10000plus,50,503,56192,423710,"TitleCodeMiddle.Administration,TitleCodeMiddle.Manager,TitleCode.Administration,TitleCodeMiddle.Director,TitleCode.IT,TitleCodeTop.Business,TitleCodeMiddle.Technical,TitleCode.Director,TitleCode.Manager","Manager,Director",https://go.zoominfo.com/#/apps/search/person/results?personProfileId=-1965137032,a41df01b80aab8a249984b9ac16e6279,lowes.com
23844572,Desrosiers,Serge,,,,"Managing Director, IT business relations (Lowe's Canada)",763,Information Technology,Director,,(514) 599-5900 ext. 5609,serge.desrosiers@rona.ca,220 Chemin du Tremblay,Boucherville,Quebec,J4B 5X9,Canada,44,3/21/2019,23167139,"Lowe's Companies , Inc.",Lowe's ,www.lowes.com,(704) 758-1000,1000 Lowes Blvd.,Mooresville,North Carolina,28117,United States,Home Improvement & Hardware Retail,Industry.retail.hardware,Retail,Industry.retail,71309000,Sales.5GPlus,245000,Employees.10000plus,50,503,56192,423710,"TitleCode.IT,TitleCodeTop.Business,TitleCodeMiddle.Technical,TitleCode.Director,TitleCodeMiddle.Director","Engineering & Technical,Director",https://go.zoominfo.com/#/apps/search/person/results?personProfileId=23844572,43ffe5ceb82915ecd0c5399dd1b9ffbf,rona.ca
1267866281,Baker,Ron,,,,"Chief Compliance Officer & Director, IT Solutions",899,Information Technology,C-Level,,(704) 758-2610,ron.e.baker@lowes.com,1000 Lowes Blvd.,Mooresville,North Carolina,28117,United States,65,7/16/2019,23167139,"Lowe's Companies , Inc.",Lowe's ,www.lowes.com,(704) 758-1000,1000 Lowes Blvd.,Mooresville,North Carolina,28117,United States,Home Improvement & Hardware Retail,Industry.retail.hardware,Retail,Industry.retail,71309000,Sales.5GPlus,245000,Employees.10000plus,50,503,56192,423710,"TitleCode.Exec,TitleCodeTop.Business,TitleCode.IT,TitleCode.Compliance,TitleCodeMiddle.Operations,TitleCodeMiddle.Exec,TitleCodeMiddle.Technical,TitleCode.Director","Operations,Engineering & Technical",https://go.zoominfo.com/#/apps/search/person/results?personProfileId=1267866281,f459355aac2b65d5615e97921af31cd4,lowes.com
673170073,Ramos,Mark,,,,"Director, Information Technology",759,Information Technology,Director,,(512) 532-1553,mark.ramos@worthaminsurance.com,221 West Sixth St. Ste. 1400,Austin,Texas,78701,United States,57,8/15/2019,70550662,Marsh & McLennan Companies,MMC,www.mmc.com,(212) 345-5000,1166 Ave. OF THE AMERICAS,New York City,New York,10036,United States,Insurance,Industry.insurance,Construction General,Industry.construction.general,14950000,Sales.5GPlus,66000,Employees.10000plus,67,671,2379,237130,"TitleCode.IT,TitleCodeTop.Business,TitleCodeMiddle.Technical,TitleCode.Director,TitleCodeMiddle.Director","Engineering & Technical,Director",https://go.zoominfo.com/#/apps/search/person/results?personProfileId=673170073,099a63aa298bb1ef7ffaffb22d9ede79,worthaminsurance.com
2417163236,Carlson,Ken,,,,"Project Management Office Director, Information Technology",759,Information Technology,Director,,(703) 317-3070,kenneth.carlson@mbakerintl.com,3601 Eisenhower Ave. Ste. 600,Alexandria,Virginia,22304,United States,14,3/11/2019,93455439,Michael Baker International LLC,Michael Baker,www.mbakerintl.com,(412) 918-4000,500 Grant St. Ste. 5400,Pittsburgh,Pennsylvania,15219,United States,Commercial & Residential Construction,Industry.construction.construction,Construction,Industry.construction,,,6000,Employees.5000to9999,87,871,541,5413,"TitleCodeMiddle.Manager,TitleCode.ProjectManagement,TitleCodeMiddle.Director,TitleCode.IT,TitleCodeTop.Business,TitleCodeMiddle.Operations,TitleCodeMiddle.Technical,TitleCode.Director,TitleCode.Manager","Manager,Director",https://go.zoominfo.com/#/apps/search/person/results?personProfileId=2417163236,2187df7b2d8344f5d1a95824621a1433,mbakerintl.com
-1856606283,Payne,Andy,,,,"Director, Information Technology",759,Information Technology,Director,,(317) 653-5304,andy.payne@millerpipeline.com,8850 Crawfordsville Rd.,Indianapolis,Indiana,46234,United States,19,8/15/2019,69240109,Miller Pipeline Corporation,Miller Pipeline,www.millerpipeline.com,(317) 293-0278,8850 Crawfordsville Rd.,Indianapolis,Indiana,46234,United States,"Electricity, Oil & Gas",Industry.energy.energy,"Energy, Utilities & Waste Treatment",Industry.energy,900158,Sales.500Mto1G,3000,Employees.1000to4999,49,492,221,237120,"TitleCode.IT,TitleCodeTop.Business,TitleCodeMiddle.Technical,TitleCode.Director,TitleCodeMiddle.Director","Engineering & Technical,Director",https://go.zoominfo.com/#/apps/search/person/results?personProfileId=-1856606283,7507d52f488babc11466ec5fd3cf86fc,millerpipeline.com
-1794647998,Steed,Joyce,,,,"Management Director, Information Technology",759,Information Technology,Director,,,jsteed@montefiore.org,600 E 233rd St.,The Bronx,New York,10466,United States,7,4/11/2019,78072243,Montefiore Medical Center,Montefiore,www.montefiore.org,(718) 920-4321,111 E 210Th St.,The Bronx,New York,10467,United States,Commercial & Residential Construction,Industry.construction.construction,Construction,Industry.construction,,,8873,Employees.5000to9999,17,171,238220,8123,"TitleCode.IT,TitleCodeTop.Business,TitleCodeMiddle.Technical,TitleCode.Director,TitleCodeMiddle.Director","Engineering & Technical,Director",https://go.zoominfo.com/#/apps/search/person/results?personProfileId=-1794647998,0eadb9062b1e79b430dd731627bf3cfe,montefiore.org
42344315,Palombit,Joseph,,,,"Administration Director, Information Technology",759,Information Technology,Director,,(914) 457-6665,jpalombi@montefiore.org,600 E 233rd St.,The Bronx,New York,10466,United States,48,8/7/2019,78072243,Montefiore Medical Center,Montefiore,www.montefiore.org,(718) 920-4321,111 E 210Th St.,The Bronx,New York,10467,United States,Commercial & Residential Construction,Industry.construction.construction,Construction,Industry.construction,,,8873,Employees.5000to9999,17,171,238220,8123,"TitleCodeMiddle.Administration,TitleCode.Administration,TitleCodeMiddle.Director,TitleCodeTop.Business,TitleCode.IT,TitleCodeMiddle.Technical,TitleCode.Director","Engineering & Technical,Director",https://go.zoominfo.com/#/apps/search/person/results?personProfileId=42344315,97f08ecc22bf41069f83e9bb8ac1cfdc,montefiore.org
242972428,Adams,Alan,,,,"Director, Information Technology",759,Information Technology,Director,,(434) 309-2528,aadams@mooreselectric.com,101 Edgewood Ave.,Altavista,Virginia,24517,United States,29,8/7/2019,79988061,Moore's Electrical and Mechanical Construction Inc,Moore's,www.mooreselectric.com,(434) 369-4374,101 Edgewood Ave.,Altavista,Virginia,24517,United States,Construction General,Industry.construction.general,Construction,Industry.construction,77196,Sales.50Mto100M,600,Employees.500to999,87,874,56,23821,"TitleCode.IT,TitleCodeTop.Business,TitleCodeMiddle.Technical,TitleCode.Director,TitleCodeMiddle.Director","Engineering & Technical,Director",https://go.zoominfo.com/#/apps/search/person/results?personProfileId=242972428,857fd0445305141780190772be044ab9,mooreselectric.com
3062626791,Mays,Brian,,,,"Director, Information Technology",759,Information Technology,Director,,(864) 433-8800 ext. 170,bmays@morgan-corp.com,110 Berry Shoals Rd.,Duncan,South Carolina,29334,United States,12,8/16/2019,344175434,Morgan Corp,Morgan Corp,www.morgan-corp.com,(864) 433-8800,1800 East Main St.,Duncan,South Carolina,29334,United States,Construction General,Industry.construction.general,Construction,Industry.construction,64000,Sales.50Mto100M,508,Employees.500to999,16,162,237310,23,"TitleCode.IT,TitleCodeTop.Business,TitleCodeMiddle.Technical,TitleCode.Director,TitleCodeMiddle.Director","Engineering & Technical,Director",https://go.zoominfo.com/#/apps/search/person/results?personProfileId=3062626791,7962f60166e44a91704ccefed96e4440,morgan-corp.com
1434645432,McDaniel,Dave,,,,"Director, Information Technology",759,Information Technology,Director,,(313) 957-3800,dmcdaniel@mceco.com,9440 Grinnell St.,Detroit,Michigan,48213,United States,22,8/12/2019,64357280,Motor City Electric Co,MCECO,www.mceco.com,(313) 921-5300,9440 Grinnell St.,Detroit,Michigan,48213,United States,"Electricity, Oil & Gas",Industry.energy.energy,"Energy, Utilities & Waste Treatment",Industry.energy,100000,Sales.100MMto250M,220,Employees.100to249,17,173,221,23821,"TitleCode.IT,TitleCodeTop.Business,TitleCodeMiddle.Technical,TitleCode.Director,TitleCodeMiddle.Director","Engineering & Technical,Director",https://go.zoominfo.com/#/apps/search/person/results?personProfileId=1434645432,9a7e78af2b8b7a110c4a33e1aa0d7d07,mceco.com
1884705118,Jackson,Chris,J.,,,"Director, Information Technology",759,Information Technology,Director,,(479) 751-4330 ext. 4315,cjackson@multi-craft.net,2300 N Lowell Rd.,Springdale,Arkansas,72764-1842,United States,18,8/13/2019,60376641,Multi-Craft Contractors Inc,Multi-Craft,www.multi-craft.net,(417) 869-6791,2810 North LeCompte Rd.,Springfield,Missouri,65803,United States,Commercial & Residential Construction,Industry.construction.construction,Construction,Industry.construction,445566,Sales.250Mto500M,700,Employees.500to999,17,171,237130,23713,"TitleCode.IT,TitleCodeTop.Business,TitleCodeMiddle.Technical,TitleCode.Director,TitleCodeMiddle.Director","Engineering & Technical,Director",https://go.zoominfo.com/#/apps/search/person/results?personProfileId=1884705118,c8ab5d32630e94694b2680a9b4d5cb53,multi-craft.net
388069788,Richardson,Steven,P.,,,"Director, Information Technology",759,Information Technology,Director,,(617) 243-7036,srichardson@nedevelopment.com,75 Park Plz.,Boston,Massachusetts,2116,United States,50,8/6/2019,27394073,New England Development Company,New England Development,www.nedevelopment.com,(617) 965-8700,75 Park Plz.,Boston,Massachusetts,2116,United States,Commercial & Residential Construction,Industry.construction.construction,Construction,Industry.construction,,,115,Employees.100to249,15,154,531,5312,"TitleCode.IT,TitleCodeTop.Business,TitleCodeMiddle.Technical,TitleCode.Director,TitleCodeMiddle.Director","Engineering & Technical,Director",https://go.zoominfo.com/#/apps/search/person/results?personProfileId=388069788,d107bed8ac880a54ebfe0d91d612a694,nedevelopment.com
-1317715874,Rome,Damian,,,,"Project Manager & Estimator & IT Administrator & Notary Director, Safety",759,Information Technology,Director,,(385) 355-9041,damian@newstargc.com,2610 West 2590 South,Salt Lake City,Utah,84119,United States,14,6/19/2019,353922647,New Star General Contractors,New Star,www.newstargc.com,(801) 972-6227,2610 West 2590 South,Salt Lake City,Utah,84119,United States,Commercial & Residential Construction,Industry.construction.construction,Construction,Industry.construction,10000,Sales.10Mto25M,23,Employees.20to49,15,154,23,2362,"TitleCodeMiddle.Administration,TitleCodeMiddle.Manager,TitleCode.ProjectManagement,TitleCode.Administration,TitleCodeMiddle.Director,TitleCode.IT,TitleCodeTop.Business,TitleCode.Compliance,TitleCodeMiddle.Operations,TitleCodeMiddle.Technical,TitleCode.Manager,TitleCode.Director","Manager,Director",https://go.zoominfo.com/#/apps/search/person/results?personProfileId=-1317715874,810b45adcbd2fdf26636c446428ac9c3,newstargc.com
3038872864,Rajamani,Suresh,,,,"IT Director, Program Management",759,Information Technology,Director,,,srajamani@newpark.com,,,,,,4,8/14/2019,68797847,Newpark Resources Inc,Newpark,www.newpark.com,(281) 362-6800,9320 LAKESIDE Blvd. Ste. 100,The Woodlands,Texas,77381,United States,"Electricity, Oil & Gas",Industry.energy.energy,"Energy, Utilities & Waste Treatment",Industry.energy,946548,Sales.500Mto1G,2500,Employees.1000to4999,16,162,211,2131,"TitleCode.ProgramManagement,TitleCodeMiddle.Manager,TitleCodeMiddle.Director,TitleCode.IT,TitleCodeTop.Business,TitleCodeMiddle.Operations,TitleCodeMiddle.Technical,TitleCode.Director,TitleCode.Manager","Manager,Director",https://go.zoominfo.com/#/apps/search/person/results?personProfileId=3038872864,c865ecf0d4b89b63837151c2445820d2,newpark.com
3117180677,Koons,Jeremy,,,,"Chief Information Officer, Information Technology Directors",899,Technical,C-Level,,(301) 271-6795,jkoons@nvrinc.com,,,Maryland,,United States,4,8/12/2019,37504362,"NVR , Inc.",NVR,www.nvrinc.com,(703) 956-4000,11700 Plz. AMERICA Dr. Ste. 500,Reston,Virginia,20190,United States,Commercial & Residential Construction,Industry.construction.construction,Construction,Industry.construction,7189700,Sales.5GPlus,5600,Employees.5000to9999,15,61,5222,45,"TitleCode.Technical,TitleCode.Exec,TitleCodeTop.Business,TitleCode.IT,TitleCodeMiddle.Exec,TitleCodeMiddle.Technical,TitleCode.Director","C-Level,Engineering & Technical",https://go.zoominfo.com/#/apps/search/person/results?personProfileId=3117180677,2af9e97c5261c47c2b618080193bfb05,nvrinc.com
1591846718,Valesky,Kimberly,A.,,,"Services Director, Information Technology",759,Information Technology,Director,,(571) 482-5911,kvalesky@paradigmcos.com,,"Washington, D.C.",District of Columbia,,United States,29,8/12/2019,344875960,Paradigm Management Co,Paradigm,www.paradigmcos.com,(703) 527-7500,1415 North Taft St. Ste. 100,Arlington,Virginia,22201,United States,Real Estate,Industry.realestate,Commercial & Residential Construction,Industry.construction.construction,409000,Sales.250Mto500M,400,Employees.250to499,15,152,53111,531110,"TitleCode.IT,TitleCodeTop.Business,TitleCodeMiddle.Technical,TitleCode.Director,TitleCodeMiddle.Director","Engineering & Technical,Director",https://go.zoominfo.com/#/apps/search/person/results?personProfileId=1591846718,94cb860703a07bfc7b5bbb144885d223,paradigmcos.com
354546706,Munson,Ken,,,,"Director, Information Technology",759,Information Technology,Director,,(503) 614-2525,ken_munson@hotmail.com,4605 SW Scholls Ferry Rd.,Portland,Oregon,97225-1944,United States,53,8/13/2019,90538672,Parr Lumber Company,Parr,www.parr.com,(503) 614-2500,5630 NW Century Blvd.,Hillsboro,Oregon,97124,United States,Construction General,Industry.construction.general,Home Improvement & Hardware Retail,Industry.retail.hardware,300000,Sales.250Mto500M,900,Employees.500to999,50,503,444,44419,"TitleCode.IT,TitleCodeTop.Business,TitleCodeMiddle.Technical,TitleCode.Director,TitleCodeMiddle.Director","Engineering & Technical,Director",https://go.zoominfo.com/#/apps/search/person/results?personProfileId=354546706,99dab91e61482f796d63af711f786946,hotmail.com
1716085332,Doyle,Chris,,,,"Director, Information Technology",759,Information Technology,Director,,(510) 371-6535,chris_doyle@hotmail.com,39300 Civic Center Dr. Ste. 300,Fremont,California,94538,United States,38,8/12/2019,30212785,PetersenDean Inc,PetersenDean,www.petersendean.com,(707) 469-7470,39300 Civic Center Dr. Ste. 300,Fremont,California,94538,United States,Commercial & Residential Construction,Industry.construction.construction,Construction,Industry.construction,,,4000,Employees.1000to4999,17,176,23816,2381,"TitleCode.IT,TitleCodeTop.Business,TitleCodeMiddle.Technical,TitleCode.Director,TitleCodeMiddle.Director","Engineering & Technical,Director",https://go.zoominfo.com/#/apps/search/person/results?personProfileId=1716085332,5a04998f7f4341433ead4edded123ea8,hotmail.com
3047899080,Neureuther,Cort,,,,"Business Management Vice President, Information Technology",849,Information Technology,VP-Level,,(813) 340-1041,cneureuther@pike.com,,,Florida,,United States,3,5/29/2019,94847399,Pike Electric Corporation,Pike,www.pike.com,(336) 789-2171,100 Pike Way,Mount Airy,North Carolina,27030,United States,"Electricity, Oil & Gas",Industry.energy.energy,"Energy, Utilities & Waste Treatment",Industry.energy,750000,Sales.500Mto1G,8000,Employees.5000to9999,17,173,221,238990,"TitleCodeMiddle.VP,TitleCode.IT,TitleCodeTop.Business,TitleCode.VP,TitleCodeMiddle.Technical,TitleCode.Manager","Engineering & Technical,VP-Level",https://go.zoominfo.com/#/apps/search/person/results?personProfileId=3047899080,8aea515b2ed27f13ca3caa76e5830a80,pike.com
2751760935,Lewis,George,,,,"Director, Information Technology",759,Information Technology,Director,,(972) 999-8618,lewisg@primesourcebp.com,,,Texas,,United States,9,8/15/2019,31227987,PrimeSource Building Products Inc,PrimeSource,www.primesourcebp.com,(972) 999-8500,1321 Greenway Dr.,Irving,Texas,75038,United States,Construction General,Industry.construction.general,Home Improvement & Hardware Retail,Industry.retail.hardware,1000000,Sales.1Gto5G,1200,Employees.1000to4999,50,503,48,488510,"TitleCode.IT,TitleCodeTop.Business,TitleCodeMiddle.Technical,TitleCode.Director,TitleCodeMiddle.Director","Engineering & Technical,Director",https://go.zoominfo.com/#/apps/search/person/results?personProfileId=2751760935,811c9af7b50602eb27b27de830a0d346,primesourcebp.com
-1766314733,Sulkoski,Jeraldine,M.,,,"Director, Information Technology",759,Information Technology,Director,,(484) 886-5177,jeraldine.sulkoski@redhawkus.com,"4667 Somerton Rd,Ste H",Feasterville Trevose,Pennsylvania,19053-6754,United States,31,8/5/2019,356023067,Red Hawk Fire & Security LLC,Red Hawk,www.redhawkus.com,(772) 232-2001,5100 Town Center Circle Ste. 350,Boca Raton,Florida,33486,United States,Security Products & Services,Industry.bizservice.security,Business Services,Industry.bizservice,300000,Sales.250Mto500M,1400,Employees.1000to4999,17,173,221,56,"TitleCode.IT,TitleCodeTop.Business,TitleCodeMiddle.Technical,TitleCode.Director,TitleCodeMiddle.Director","Engineering & Technical,Director",https://go.zoominfo.com/#/apps/search/person/results?personProfileId=-1766314733,f7e693fddadbcaeacf18a5a97ee3734f,redhawkus.com
-2139630599,Lamb,Matt,,,,"Client Services Director, Information Technology",759,Information Technology,Director,,(408) 793-5067,mlamb@rosendin.com,880 Mabury Rd.,San Jose,California,95133,United States,37,8/2/2019,33211533,Rosendin Electric Inc,Rosendin,www.rosendin.com,(408) 286-2800,880 Mabury Rd.,San Jose,California,95133,United States,Commercial & Residential Construction,Industry.construction.construction,"Electricity, Oil & Gas",Industry.energy.energy,2000000,Sales.1Gto5G,5000,Employees.5000to9999,17,173,221,23821,"TitleCodeMiddle.Director,TitleCodeTop.Business,TitleCode.IT,TitleCodeMiddle.Operations,TitleCode.CustomerRel,TitleCodeMiddle.Technical,TitleCode.Director","Operations,Director",https://go.zoominfo.com/#/apps/search/person/results?personProfileId=-2139630599,b7dd34d2f45ddf8507c0bb394b8160ac,rosendin.com
-1028695277,Thielen,Brittany,,,,"Director, Information Technology & Office Manager",760,Information Technology,Director,,,brittany.thielen@russellmarinellc.com,16828 Market St.,Channelview,Texas,77530,United States,8,3/21/2019,348157483,Russell Marine LLC,Russell Marine,www.russellmarinellc.com,(281) 860-0011,16828 Market St.,Channelview,Texas,77530,United States,Construction General,Industry.construction.general,Construction,Industry.construction,91500,Sales.50Mto100M,210,Employees.100to249,16,162,2379,23,"TitleCodeMiddle.Administration,TitleCode.Administration,TitleCodeMiddle.Director,TitleCodeTop.Business,TitleCode.IT,TitleCodeMiddle.Technical,TitleCode.Director","Engineering & Technical,Director",https://go.zoominfo.com/#/apps/search/person/results?personProfileId=-1028695277,bebb80bb92b9723f787b607b6a007126,russellmarinellc.com
2050340519,Gauthier,Jon,,,,"IT Manager, Safety & Director & Project Manager",759,Information Technology,Director,,(714) 527-2121 ext. 207,jon@salsburyeng.com,2465 W LA PALMA Ave.,Anaheim,California,92801,United States,23,4/4/2019,152240462,"Salsbury Engineering, Inc.",Salsbury,salsburywebsite.azurewebsites.net,(714) 527-2121,2465 W LA PALMA Ave.,Anaheim,California,92801,United States,Construction General,Industry.construction.general,Construction,Industry.construction,5400,Sales.5Mto10M,27,Employees.20to49,,,48,488510,"TitleCodeMiddle.Manager,TitleCode.ProjectManagement,TitleCodeMiddle.Director,TitleCode.IT,TitleCodeTop.Business,TitleCode.Compliance,TitleCodeMiddle.Operations,TitleCodeMiddle.Technical,TitleCode.Director,TitleCode.Manager","Manager,Director",https://go.zoominfo.com/#/apps/search/person/results?personProfileId=2050340519,d6a0d677077ff37df9808c8e3ac03216,salsburyeng.com
1752032279,Buford,David,,,,"Director, Information Technology",759,Information Technology,Director,,(714) 870-0217 ext. 208,david.buford@sasco.com,2750 Moore Ave.,Fullerton,California,92833,United States,43,8/13/2019,74663654,SASCO,SASCO,www.sasco.com,(714) 870-0217,2750 Moore Ave.,Fullerton,California,92833,United States,Commercial & Residential Construction,Industry.construction.construction,Construction,Industry.construction,100000,Sales.100MMto250M,500,Employees.500to999,17,173,221,23821,"TitleCode.IT,TitleCodeTop.Business,TitleCodeMiddle.Technical,TitleCode.Director,TitleCodeMiddle.Director","Engineering & Technical,Director",https://go.zoominfo.com/#/apps/search/person/results?personProfileId=1752032279,da35b0327731b222053c9895068415c1,sasco.com
185774806,Gonzalez,Robert,,,,"Director, IT Infrastructure",759,Information Technology,Director,,(561) 226-9490,rgonzalez@sbasite.com,8051 CONGRESS Ave.,Boca Raton,Florida,33487,United States,58,8/7/2019,109806586,SBA Communications Corporation,SBA,www.sbasite.com,(561) 226-9345,8051 Congress Ave.,Boca Raton,Florida,33487,United States,Construction General,Industry.construction.general,Construction,Industry.construction,1900000,Sales.1Gto5G,1347,Employees.1000to4999,16,162,51711,237130,"TitleCode.IT,TitleCodeTop.Business,TitleCodeMiddle.Technical,TitleCode.Director,TitleCodeMiddle.Director","Engineering & Technical,Director",https://go.zoominfo.com/#/apps/search/person/results?personProfileId=185774806,8de15a2f190a9067a9e317d03a38caec,sbasite.com
1568954022,Wildasin,John,,,,"IT Director, Purchasing",759,Contracts,Director,,(240) 778-2172,jwildasin@shapiroandduncan.com,14620 Rothgeb Dr.,Rockville,Maryland,20850,United States,77,8/16/2019,60556134,Shapiro & Duncan Inc,Shapiro & Duncan,www.shapiroandduncan.com,(301) 315-6260,14620 Rothgeb Dr.,Rockville,Maryland,20850,United States,Human Resources & Staffing,Industry.bizservice.hr,Business Services,Industry.bizservice,80000,Sales.50Mto100M,400,Employees.250to499,87,874,56,23822,"TitleCode.Contracts,TitleCodeMiddle.Director,TitleCodeTop.Business,TitleCode.IT,TitleCodeMiddle.Operations,TitleCodeMiddle.Technical,TitleCode.Director","Operations,Director",https://go.zoominfo.com/#/apps/search/person/results?personProfileId=1568954022,60d9d7086aa36e109c9fc3d6ce515ffe,shapiroandduncan.com
975927404,Faulkner,Melissa,Lett,,,"Project Management Office Director, Information Technology",759,Information Technology,Director,Skanska USA Inc.,(919) 583-1746,melissa.faulkner@skanska.com,"4309 Emperor Blvd., Ste. 200",Durham,North Carolina,27703,United States,87,3/21/2019,16449935,Skanska AB,Skanska,www.skanska.com,+46 10 448 00 00,Warfvinges vag 25,Stockholm,Stockholm,,Sweden,Commercial & Residential Construction,Industry.construction.construction,Construction,Industry.construction,19700000,Sales.5GPlus,37450,Employees.10000plus,15,16,2379,237310,"TitleCodeMiddle.Manager,TitleCode.ProjectManagement,TitleCodeMiddle.Director,TitleCode.IT,TitleCodeTop.Business,TitleCodeMiddle.Operations,TitleCodeMiddle.Technical,TitleCode.Director,TitleCode.Manager","Manager,Director",https://go.zoominfo.com/#/apps/search/person/results?personProfileId=975927404,97cd134c72c50628032ec438a0c7b133,skanska.com
1750676631,Hendrix,Victor,,,,"Director, Information Technology",759,Information Technology,Director,,(703) 471-4444 ext. 254,vhendrix73@hotmail.com,12775 Randolph Ridge Ste. 200,Manassas,Virginia,20109,United States,17,8/12/2019,109429234,Southland Concrete Corporation,Southland Concrete,www.southlandconcrete.com,(703) 471-4444,12775 Randolph Ridge Ste. 200,Manassas,Virginia,20109,United States,Commercial & Residential Construction,Industry.construction.construction,Construction,Industry.construction,82000,Sales.50Mto100M,410,Employees.250to499,17,177,2381,23811,"TitleCode.IT,TitleCodeTop.Business,TitleCodeMiddle.Technical,TitleCode.Director,TitleCodeMiddle.Director","Engineering & Technical,Director",https://go.zoominfo.com/#/apps/search/person/results?personProfileId=1750676631,2b91e2392618f804a99fd03cb6681469,hotmail.com
-2141538455,Vorilhon,Xavier,,,,"Global Director, Supply Management Information Technology and Services Professional",759,Logistics,Director,,(860) 827-3512,xavier.vorilhon@stanleyblackanddecker.com,1000 Stanley Dr.,New Britain,Connecticut,6053,United States,65,6/27/2019,113754503,"Stanley Black & Decker, Inc.",Stanley Black & Decker,www.stanleyblackanddecker.com,(860) 225-5111,1000 Stanley Dr.,New Britain,Connecticut,6053,United States,Building Materials,Industry.mfg.building,Manufacturing,Industry.mfg,13982400,Sales.5GPlus,60767,Employees.10000plus,34,342,332212,3219,"TitleCodeMiddle.Manager,TitleCode.Logistics,TitleCodeMiddle.Director,TitleCode.IT,TitleCodeTop.Business,TitleCodeMiddle.Operations,TitleCodeMiddle.Technical,TitleCode.Director,TitleCode.Manager","Manager,Director",https://go.zoominfo.com/#/apps/search/person/results?personProfileId=-2141538455,ddae9b71e05f5d8ac3c04adf3c30ba17,stanleyblackanddecker.com
1455191778,Mason,Cheryl,G.,,,"Global IT Application Services Director, Project Management Office",759,Information Technology,Director,,(860) 827-3551,cheryl.mason@sbdinc.com,1000 Stanley Dr.,New Britain,Connecticut,6053,United States,54,3/21/2019,113754503,"Stanley Black & Decker, Inc.",Stanley Black & Decker,www.stanleyblackanddecker.com,(860) 225-5111,1000 Stanley Dr.,New Britain,Connecticut,6053,United States,Building Materials,Industry.mfg.building,Manufacturing,Industry.mfg,13982400,Sales.5GPlus,60767,Employees.10000plus,34,342,332212,3219,"TitleCodeMiddle.Manager,TitleCode.ProjectManagement,TitleCodeMiddle.Director,TitleCode.IT,TitleCodeTop.Business,TitleCodeMiddle.Operations,TitleCodeMiddle.Technical,TitleCode.Director,TitleCode.Manager","Manager,Director",https://go.zoominfo.com/#/apps/search/person/results?personProfileId=1455191778,b49bbd10e24f2b042c0b1334880334a0,sbdinc.com
1455804029,Cabrera,Ric,,,,"Business Analytics & Reporting Director, Information Technology",759,Information Technology,Director,,(317) 572-9505,ric.cabrera@sbdinc.com,9998 Crosspoint Blvd.,Indianapolis,Indiana,46256-3306,United States,40,8/5/2019,113754503,"Stanley Black & Decker, Inc.",Stanley Black & Decker,www.stanleyblackanddecker.com,(860) 225-5111,1000 Stanley Dr.,New Britain,Connecticut,6053,United States,Building Materials,Industry.mfg.building,Manufacturing,Industry.mfg,13982400,Sales.5GPlus,60767,Employees.10000plus,34,342,332212,3219,"TitleCode.IT,TitleCodeTop.Business,TitleCode.SoftwareEng,TitleCodeMiddle.Technical,TitleCode.Director,TitleCodeMiddle.Director","Engineering & Technical,Director",https://go.zoominfo.com/#/apps/search/person/results?personProfileId=1455804029,49d9b81ed33d7ddc43f420a0ac789bfb,sbdinc.com
-1122170900,Lantra,Tuan,,,,"Emg Director, Information Technology",759,Information Technology,Director,,+971 4 812 7916,tuan.lantra@sbdinc.com,"Jebel Ali, South Zone",Dubai,Dubai,,United Arab Emirates,9,7/30/2019,113754503,"Stanley Black & Decker, Inc.",Stanley Black & Decker,www.stanleyblackanddecker.com,(860) 225-5111,1000 Stanley Dr.,New Britain,Connecticut,6053,United States,Building Materials,Industry.mfg.building,Manufacturing,Industry.mfg,13982400,Sales.5GPlus,60767,Employees.10000plus,34,342,332212,3219,"TitleCode.IT,TitleCodeTop.Business,TitleCodeMiddle.Technical,TitleCode.Director,TitleCodeMiddle.Director","Engineering & Technical,Director",https://go.zoominfo.com/#/apps/search/person/results?personProfileId=-1122170900,5762a4d48544f7c0b7bc4cc297f25465,sbdinc.com
1758036962,Grasso,Ed,,,,"Global Engineering Director, Information Technology",759,Information Technology,Director,,(410) 630-9302,ed.grasso@sbdinc.com,6201 Greenleigh Ave.,Middle River,Maryland,21220,United States,58,7/29/2019,113754503,"Stanley Black & Decker, Inc.",Stanley Black & Decker,www.stanleyblackanddecker.com,(860) 225-5111,1000 Stanley Dr.,New Britain,Connecticut,6053,United States,Building Materials,Industry.mfg.building,Manufacturing,Industry.mfg,13982400,Sales.5GPlus,60767,Employees.10000plus,34,342,332212,3219,"TitleCode.IT,TitleCodeTop.Business,TitleCode.Engineer,TitleCodeMiddle.Technical,TitleCode.Director,TitleCodeMiddle.Director","Engineering & Technical,Director",https://go.zoominfo.com/#/apps/search/person/results?personProfileId=1758036962,e0fc4465b87bf8a3e6d14b59e1edcfab,sbdinc.com
433714885,Fields,Nick,,,,"Security & Governance Director, Information Technology",759,Information Technology,Director,,(720) 887-8713,nick.fields@stantec.com,380 Interlocken Crescent Ste. 200,Broomfield,Colorado,80021,United States,81,8/7/2019,48152918,Stantec Inc.,Stantec,www.stantec.com,(403) 716-8000,25 25 St. SE,Calgary,Alberta,T2A 7H8,Canada,"Architecture, Engineering & Design",Industry.construction.architecture,Construction,Industry.construction,4094552,Sales.1Gto5G,22000,Employees.10000plus,87,871,5416,54141,"TitleCode.IT,TitleCodeTop.Business,TitleCodeMiddle.Technical,TitleCode.Director,TitleCodeMiddle.Director","Engineering & Technical,Director",https://go.zoominfo.com/#/apps/search/person/results?personProfileId=433714885,797086c874ab6bd78acff84994345bbb,stantec.com
1768672945,Peel,Deanna,,,,"Business Director, Information Technology (Relationship Management)",759,Information Technology,Director,,(847) 932-7810,dpeel@stericycle.com,520 Lake Cook Rd.,Deerfield,Illinois,60015,United States,59,7/12/2019,164807080,Stericycle Inc,Stericycle,www.stericycle.com,(847) 367-5910,28161 NORTH KEITH Dr. -,Lake Forest,Illinois,60045,United States,"Waste Treatment, Environmental Services & Recycling",Industry.energy.environment,"Energy, Utilities & Waste Treatment",Industry.energy,3485900,Sales.1Gto5G,22500,Employees.10000plus,49,495,562119,5416,"TitleCodeMiddle.Manager,TitleCodeMiddle.Director,TitleCodeTop.Business,TitleCode.IT,TitleCodeMiddle.Technical,TitleCode.Manager,TitleCode.Director","Manager,Director",https://go.zoominfo.com/#/apps/search/person/results?personProfileId=1768672945,3c76330d7c34e6109413fb15d74abbbc,stericycle.com
2668554410,Pulikal,Pratignya,Reddy,,,"Director, Global IT Service Management",759,Information Technology,Director,,(847) 932-7818,pratignya.pulikal@stericycle.com,28161 NORTH KEITH Dr. -,Lake Forest,Illinois,60045,United States,5,3/21/2019,164807080,Stericycle Inc,Stericycle,www.stericycle.com,(847) 367-5910,28161 NORTH KEITH Dr. -,Lake Forest,Illinois,60045,United States,"Waste Treatment, Environmental Services & Recycling",Industry.energy.environment,"Energy, Utilities & Waste Treatment",Industry.energy,3485900,Sales.1Gto5G,22500,Employees.10000plus,49,495,562119,5416,"TitleCodeMiddle.Manager,TitleCodeMiddle.Director,TitleCodeTop.Business,TitleCode.IT,TitleCodeMiddle.Technical,TitleCode.Manager,TitleCode.Director","Manager,Director",https://go.zoominfo.com/#/apps/search/person/results?personProfileId=2668554410,3f9eeb61e45f815c8d8a949e5f7ebd13,stericycle.com
3115485224,Thompson,Ashley,,,,"President, C Level & Information Technology Project Management",959,Information Technology,C-Level,,,athompson@stericycle.com,,,,,,3,8/12/2019,164807080,Stericycle Inc,Stericycle,www.stericycle.com,(847) 367-5910,28161 NORTH KEITH Dr. -,Lake Forest,Illinois,60045,United States,"Waste Treatment, Environmental Services & Recycling",Industry.energy.environment,"Energy, Utilities & Waste Treatment",Industry.energy,3485900,Sales.1Gto5G,22500,Employees.10000plus,49,495,562119,5416,"TitleCode.ProjectManagement,TitleCode.IT,TitleCode.President,TitleCodeTop.Business,TitleCodeMiddle.Operations,TitleCodeMiddle.Exec,TitleCodeMiddle.Technical,TitleCodeMiddle.TopExec,TitleCode.Manager","Operations,Engineering & Technical",https://go.zoominfo.com/#/apps/search/person/results?personProfileId=3115485224,6d32f6c8824f6ac43b87afc81e43968d,stericycle.com
1898555273,Albanesi,Paul,,,,"Director, Tax Scs Shred-Information Technology",759,Information Technology,Director,,(905) 491-2259,paul.albanesi@stericycle.com,2794 South Sheridan Way,Oakville,Ontario,L6J 7T4,Canada,42,8/12/2019,164807080,Stericycle Inc,Stericycle,www.stericycle.com,(847) 367-5910,28161 NORTH KEITH Dr. -,Lake Forest,Illinois,60045,United States,"Waste Treatment, Environmental Services & Recycling",Industry.energy.environment,"Energy, Utilities & Waste Treatment",Industry.energy,3485900,Sales.1Gto5G,22500,Employees.10000plus,49,495,562119,5416,"TitleCodeMiddle.Director,TitleCodeTop.Business,TitleCode.IT,TitleCodeMiddle.Finance,TitleCodeMiddle.Technical,TitleCode.Director,TitleCode.Accounting","Finance,Director",https://go.zoominfo.com/#/apps/search/person/results?personProfileId=1898555273,39f7ad4f17ecddecfa3b13c777515e9c,stericycle.com
-1180610238,Hilburn,Alan,,,,"Special Projs-ESOL Director, Information Technology",759,Information Technology,Director,,(832) 581-8071,alan.hilburn@stericycle.com,,,Texas,,United States,10,8/8/2019,164807080,Stericycle Inc,Stericycle,www.stericycle.com,(847) 367-5910,28161 NORTH KEITH Dr. -,Lake Forest,Illinois,60045,United States,"Waste Treatment, Environmental Services & Recycling",Industry.energy.environment,"Energy, Utilities & Waste Treatment",Industry.energy,3485900,Sales.1Gto5G,22500,Employees.10000plus,49,495,562119,5416,"TitleCode.IT,TitleCodeTop.Business,TitleCodeMiddle.Technical,TitleCode.Director,TitleCodeMiddle.Director","Engineering & Technical,Director",https://go.zoominfo.com/#/apps/search/person/results?personProfileId=-1180610238,d7bc9468bdeb3c065d7fdf1fef426134,stericycle.com
-1904042990,Clayton,Dwayne,,,,"Director, Information Technology",759,Information Technology,Director,,(336) 330-2531,dwayne@talbertbuildingsupply.com,1396 Old Durham Rd.,Roxboro,North Carolina,27573,United States,7,8/12/2019,102924981,Talbert Building Supply Inc,Talbert Building Supply,www.talbertbuildingsupply.com,(336) 599-1135,1396 Old Durham Rd.,Roxboro,North Carolina,27573,United States,Construction General,Industry.construction.general,Home Improvement & Hardware Retail,Industry.retail.hardware,17800,Sales.10Mto25M,89,Employees.50to99,50,503,444,44419,"TitleCode.IT,TitleCodeTop.Business,TitleCodeMiddle.Technical,TitleCode.Director,TitleCodeMiddle.Director","Engineering & Technical,Director",https://go.zoominfo.com/#/apps/search/person/results?personProfileId=-1904042990,6d4c346027eda6e451ebca7c4a57b3b6,talbertbuildingsupply.com
405339219,Fattore,Vince,P.,,,"Director, Information Technology",759,Information Technology,Director,,(708) 418-7940,vfattore@tecmungo.com,222 N Maplewood Ave.,Chicago,Illinois,60612-2110,United States,98,8/11/2019,50004259,Temperature Equipment Corporation,TEC,www.tecmungo.com,(708) 418-0900,17725 Volbrecht Rd.,Lansing,Illinois,60438,United States,Plumbing & HVAC Equipment,Industry.mfg.building.plumbing,Building Materials,Industry.mfg.building,75000,Sales.50Mto100M,600,Employees.500to999,50,507,4237,42,"TitleCode.IT,TitleCodeTop.Business,TitleCodeMiddle.Technical,TitleCode.Director,TitleCodeMiddle.Director","Engineering & Technical,Director",https://go.zoominfo.com/#/apps/search/person/results?personProfileId=405339219,3bfa52ab6d8db9e5bd532544eeda9190,tecmungo.com
-1324385172,Mills,Rick,,,,"Management Director, Information Technology",759,Information Technology,Director,,(225) 927-8966 ext. 1290,rick_mills@thenewtrongroup.com,8183 W Elcajon Dr.,Baton Rouge,Louisiana,70815,United States,9,4/12/2019,84050996,The Newtron Group LLC,The Newtron Group,www.thenewtrongroup.com,(225) 927-8921,8183 W Elcajon Dr.,Baton Rouge,Louisiana,70815,United States,Commercial & Residential Construction,Industry.construction.construction,Construction,Industry.construction,365700,Sales.250Mto500M,,,17,171,23821,238210,"TitleCode.IT,TitleCodeTop.Business,TitleCodeMiddle.Technical,TitleCode.Director,TitleCodeMiddle.Director","Engineering & Technical,Director",https://go.zoominfo.com/#/apps/search/person/results?personProfileId=-1324385172,92c1a6465d9115b491469673aed5e264,thenewtrongroup.com
-1673080583,Griffin,Adam,,,,"Support Director, Information Technology",759,Information Technology,Director,,(678) 627-4194,adam.griffin@picgroupinc.com,1000 Parkwood Circle SE Ste. 1000,Atlanta,Georgia,30339,United States,39,8/5/2019,75973827,The PIC Companies,PIC Companies,www.picgroupinc.com,(770) 850-0100,1000 Parkwood Circle SE Ste. 1000,Atlanta,Georgia,30339,United States,Commercial & Residential Construction,Industry.construction.construction,Construction,Industry.construction,43200,Sales.25Mto50M,216,Employees.100to249,,,,,"TitleCode.IT,TitleCodeTop.Business,TitleCodeMiddle.Technical,TitleCode.Director,TitleCodeMiddle.Director","Engineering & Technical,Director",https://go.zoominfo.com/#/apps/search/person/results?personProfileId=-1673080583,ece919a61279d6c4710d74e932bcc5d4,picgroupinc.com
2546616703,Park,John,,,,"Managing Director, Information Technology",763,Information Technology,C-Level,,(240) 683-3840 ext. 1007,john.park@ticsecurity.com,,,Maryland,,United States,10,8/1/2019,347035973,Tic Secure,Tic Secure,www.ticsecure.com,(240) 683-3840,6550 Rock Spring Dr. Ste. 520,Bethesda,Maryland,20817,United States,Facilities Management & Commercial Cleaning,Industry.bizservice.janitor,Business Services,Industry.bizservice,7600,Sales.5Mto10M,38,Employees.20to49,734,73,56,5617,"TitleCode.Exec,TitleCodeTop.Business,TitleCode.TopExec,TitleCode.IT,TitleCodeMiddle.Exec,TitleCodeMiddle.Technical,TitleCodeMiddle.TopExec,TitleCode.Director","Engineering & Technical,General Management",https://go.zoominfo.com/#/apps/search/person/results?personProfileId=2546616703,b8ef81ca064e200614199756feaa1192,ticsecurity.com
-2042212005,Pullareddy,Sridhara,,,,"Project Management Office Director, Information Technology",759,Information Technology,Director,,(386) 304-1394,sridhara.pullareddy@topbuild.com,260 Jimmy Ann Dr.,Daytona Beach,Florida,32114-1318,United States,12,3/21/2019,369163112,TopBuild Corp.,TopBuild,www.topbuild.com,(386) 304-2200,475 North Williamson Blvd.,Daytona Beach,Florida,32114,United States,Commercial & Residential Construction,Industry.construction.construction,Home Improvement & Hardware Retail,Industry.retail.hardware,2384200,Sales.1Gto5G,10300,Employees.10000plus,17,174,444,44,"TitleCodeMiddle.Manager,TitleCode.ProjectManagement,TitleCodeMiddle.Director,TitleCode.IT,TitleCodeTop.Business,TitleCodeMiddle.Operations,TitleCodeMiddle.Technical,TitleCode.Director,TitleCode.Manager","Manager,Director",https://go.zoominfo.com/#/apps/search/person/results?personProfileId=-2042212005,2a7fefdb7a9f862b880b76da52160304,topbuild.com
2976449952,Wood,Brian,,,,"Director, Information Technology",759,Information Technology,Director,,(818) 408-5708,brian.wood@tutorperini.com,15901 Olden St.,Sylmar,California,91342,United States,2,8/14/2019,353953399,Tutor Perini Corporation,Tutor Perini,www.tutorperini.com,(818) 362-8391,15901 Olden St.,Sylmar,California,91342,United States,Commercial & Residential Construction,Industry.construction.construction,Construction,Industry.construction,4454700,Sales.1Gto5G,10061,Employees.10000plus,15,154,2379,23,"TitleCode.IT,TitleCodeTop.Business,TitleCodeMiddle.Technical,TitleCode.Director,TitleCodeMiddle.Director","Engineering & Technical,Director",https://go.zoominfo.com/#/apps/search/person/results?personProfileId=2976449952,fb7ca3df6e01e50838dff8b4b8e12d4d,tutorperini.com
1762667381,Lombardo,Clint,,,,"Project Management Office Director, Information Technology",759,Information Technology,Director,,(312) 436-3987,clombardo@usg.com,550 WEST ADAMS St. DEPARTMENT 188,Chicago,Illinois,60661,United States,43,5/22/2019,151240784,United States Gypsum Company,USG,www.usg.com,(312) 606-4000,550 WEST ADAMS St. DEPARTMENT 188,Chicago,Illinois,60661,United States,"Aggregates, Concrete & Cement",Industry.mfg.building.concrete,"Miscellaneous Building Materials (Flooring, Cabinets, etc.)",Industry.mfg.building.other,3336000,Sales.1Gto5G,7300,Employees.5000to9999,32,50,44419,423320,"TitleCodeMiddle.Manager,TitleCode.ProjectManagement,TitleCodeMiddle.Director,TitleCode.IT,TitleCodeTop.Business,TitleCodeMiddle.Operations,TitleCodeMiddle.Technical,TitleCode.Director,TitleCode.Manager","Manager,Director",https://go.zoominfo.com/#/apps/search/person/results?personProfileId=1762667381,19e30d9d36e481344018fb4b4be4745c,usg.com
22211541,Sullivan,Sean,J.,,,"Director, Information Technology",759,Information Technology,Director,,(212) 403-1500,sjsullivan@wlrk.com,51 West 52nd St.,New York City,New York,10019,United States,59,7/26/2019,41287689,"Wachtell , Lipton , Rosen & Katz",WLRK,www.wlrk.com,(212) 403-1000,51 West 52nd St.,New York City,New York,10019,United States,Law Firms & Legal Services,Industry.legal,Commercial & Residential Construction,Industry.construction.construction,,,700,Employees.500to999,17,179,23891,541,"TitleCode.IT,TitleCodeTop.Business,TitleCodeMiddle.Technical,TitleCode.Director,TitleCodeMiddle.Director","Engineering & Technical,Director",https://go.zoominfo.com/#/apps/search/person/results?personProfileId=22211541,b4ce772f5cedb19a51bebe4e87c63062,wlrk.com
-148675,Gibbons,Jim,,,,"IT Director, Corporate",761,Information Technology,Director,,(314) 593-2176,jagibbo@hotmail.com,1637 N Warson Rd.,St. Louis,Missouri,63132,United States,17,8/13/2019,104611881,Western Specialty Contractors Inc,Western Specialty Contractors,www.westernspecialtycontractors.com,(314) 427-6733,1637 N Warson Rd.,St. Louis,Missouri,63132,United States,Construction,Industry.construction,Commercial & Residential Construction,Industry.construction.construction,213600,Sales.100MMto250M,1200,Employees.1000to4999,17,174,23611,23814,"TitleCode.IT,TitleCodeTop.Business,TitleCodeMiddle.Technical,TitleCode.Director,TitleCodeMiddle.Director","Engineering & Technical,Director",https://go.zoominfo.com/#/apps/search/person/results?personProfileId=-148675,58546e782ae52e7a2f1f342870d24539,hotmail.com
590648560,Morgan,Bradley,,,,"Manager, Client Service & Practice Director, Information Technology",759,Information Technology,Director,,(469) 666-5528,brad.morgan@westonsolutions.com,"14160 Dallas Pkwy,Ste 850",Dallas,Texas,75254,United States,22,4/24/2019,41992755,"Weston Solutions , Inc.",Weston Solutions,www.westonsolutions.com,(610) 701-3000,1400 Weston Way,West Chester,Pennsylvania,19380,United States,Construction,Industry.construction,Commercial & Residential Construction,Industry.construction.construction,,,1100,Employees.1000to4999,87,871,541511,541,"TitleCodeMiddle.Manager,TitleCodeMiddle.Director,TitleCode.IT,TitleCodeTop.Business,TitleCodeMiddle.Operations,TitleCode.CustomerRel,TitleCodeMiddle.Technical,TitleCode.Director,TitleCode.Manager","Manager,Director",https://go.zoominfo.com/#/apps/search/person/results?personProfileId=590648560,2a0d22b1c0732c6d5341045701e672df,westonsolutions.com
-2114822307,Whaley,Reed,,,,IT Director & Chief Technology Officer,919,Information Technology,C-Level,,,reed@winchoiceusa.net,,Hot Springs National Park,Arkansas,,United States,10,5/15/2019,407098218,WinChoice USA,WinChoice,www.winchoiceusa.net,(844) 713-9463,101 Mill Creek Rd.,Hot Springs,Arkansas,71901,United States,Commercial & Residential Construction,Industry.construction.construction,Construction,Industry.construction,19000,Sales.10Mto25M,83,Employees.50to99,17,175,238350,23,"TitleCode.IT,TitleCodeTop.Business,TitleCodeMiddle.Exec,TitleCodeMiddle.Technical,TitleCode.Director,TitleCode.Exec","C-Level,Engineering & Technical",https://go.zoominfo.com/#/apps/search/person/results?personProfileId=-2114822307,fcdf06ce9c3dc58fd09e3a3ce53c3b43,winchoiceusa.net
2413188481,Estrada,Carlos,,,,"Director, Information Technology & Manager",760,Information Technology,Director,,,carlos.estrada@x-technologies.com,100 Sandau Rd. Ste. 300,San Antonio,Texas,78216,United States,2,4/12/2019,118161561,X Technologies Inc,X Technologies,www.x-technologies.com,(210) 822-8712,100 Sandau Rd. Ste. 300,San Antonio,Texas,78216,United States,Commercial & Residential Construction,Industry.construction.construction,Construction,Industry.construction,19000,Sales.10Mto25M,95,Employees.50to99,87,871,541,33441,"TitleCodeMiddle.Manager,TitleCodeMiddle.Director,TitleCodeTop.Business,TitleCode.IT,TitleCodeMiddle.Technical,TitleCode.Manager,TitleCode.Director","Manager,Director",https://go.zoominfo.com/#/apps/search/person/results?personProfileId=2413188481,3eb3b37039034a306ad84cf6cd827a27,x-technologies.com
