﻿Zoom Individual ID,Last name,First name,Middle name,Salutation,Suffix,Job title,Job title hierarchy level,Job Function,Management Level,Company division name,Direct Phone Number,Email address,Person Street,Person City,Person State,Person Zip,Country,Source count,Last updated date,Zoom company ID,Company name,Marketing Friendly Name,Company domain name,Company phone number,Company Street address,Company City,Company State,Company ZIP/Postal code,Company Country,Industry label,Industry hierarchical category,Secondary industry label,Secondary industry hierarchical category,Revenue (in 000s),Revenue Range,Employees,Employees Range,SIC1,SIC2,NAICS1,NAICS2,TitleCode,Highest Level Job Function,Contact Zoom URL,Encrypted Email Address,Email Domain
1701192777,D'Arezzo,Tony,,Mr.,,"Manager, Information Technology",719,Information Technology,Manager,,(978) 398-0668,adarezzo@abelwomack.com,1 International Way,Lawrence,Massachusetts,1843,United States,32,7/25/2019,364397,Abel Womack Inc,Abel Womack,www.abelwomack.com,(978) 989-9400,1 International Way,Lawrence,Massachusetts,1843,United States,Industrial Machinery & Equipment,Industry.mfg.industrialmachinery,Manufacturing,Industry.mfg,43400,Sales.25Mto50M,217,Employees.100to249,35,359,561499,4238,"TitleCode.IT,TitleCodeTop.Business,TitleCodeMiddle.Manager,TitleCodeMiddle.Technical,TitleCode.Manager","Manager,Engineering & Technical",https://go.zoominfo.com/#/apps/search/person/results?personProfileId=1701192777,9bb20404259586caa9239e7ae2d86296,abelwomack.com
2167959671,Jabri,Amir,,,,"Manager, Information Security",719,Information Technology,Manager,,(408) 789-4258,ajabri@accuray.com,1310 Chesapeake Terrace,Sunnyvale,California,94089,United States,11,3/21/2019,295825,Accuray Incorporated,Accuray,www.accuray.com,(408) 716-4600,1310 Chesapeake Terrace,Sunnyvale,California,94089,United States,Medical Devices & Equipment,Industry.mfg.medical,Manufacturing,Industry.mfg,404897,Sales.250Mto500M,998,Employees.500to999,38,384,42345,339,"TitleCode.IT,TitleCodeTop.Business,TitleCodeMiddle.Manager,TitleCodeMiddle.Technical,TitleCode.Manager","Manager,Engineering & Technical",https://go.zoominfo.com/#/apps/search/person/results?personProfileId=2167959671,9dfb0ae607d1c7874ad307afefd2d71b,accuray.com
-2035865285,Tipler,Mike,,,,"Manager, Information Technology",719,Information Technology,Manager,,(952) 995-9340,mike.tipler@acist.com,7905 Fuller Rd.,Eden Prairie,Minnesota,55344,United States,26,4/15/2019,328391,"ACIST Medical Systems , Inc.",ACIST,www.acist.com,(952) 995-9300,7905 Fuller Rd.,Eden Prairie,Minnesota,55344,United States,Medical Devices & Equipment,Industry.mfg.medical,Manufacturing,Industry.mfg,300000,Sales.250Mto500M,300,Employees.250to499,384,38,339,33,"TitleCode.IT,TitleCodeTop.Business,TitleCodeMiddle.Manager,TitleCodeMiddle.Technical,TitleCode.Manager","Manager,Engineering & Technical",https://go.zoominfo.com/#/apps/search/person/results?personProfileId=-2035865285,f6c2746e8a85d429d5c0b32c61c02703,acist.com
1714190204,Andreottola,Marisa,,,,"Director, Information Technology",759,Information Technology,Director,,(973) 256-6666 ext. 139,marisa.andreottola@acmeplastics.com,222 Browertown Rd.,Woodland Park,New Jersey,7424,United States,13,7/25/2019,870437,ACME Plastics Inc,ACME Plastics,www.acmeplastics.com,(305) 628-4444,800 NW 159th Dr.,Miami,Florida,33169,United States,Industrial Machinery & Equipment,Industry.mfg.industrialmachinery,Manufacturing,Industry.mfg,12000,Sales.10Mto25M,60,Employees.50to99,35,359,33271,332,"TitleCode.IT,TitleCodeTop.Business,TitleCodeMiddle.Technical,TitleCode.Director,TitleCodeMiddle.Director","Engineering & Technical,Director",https://go.zoominfo.com/#/apps/search/person/results?personProfileId=1714190204,97d10317add26195201202a2dc83e974,acmeplastics.com
2041622314,Liu,Ting,,,,"Director, Information Technology",759,Information Technology,Director,,,tliu@aosmd.com,475 Oakmead Pkwy.,Sunnyvale,California,94085,United States,10,8/10/2019,3624121,ALPHA & OMEGA SEMICONDUCTOR Ltd,Alpha & Omega Semiconductor,www.aosmd.com,(408) 830-9742,475 Oakmead Pkwy.,Sunnyvale,California,94085,United States,Semiconductor & Semiconductor Equipment,Industry.mfg.electronics.semiconductors,Electronics,Industry.mfg.electronics,421553,Sales.250Mto500M,3340,Employees.1000to4999,36,367,55,332,"TitleCode.IT,TitleCodeTop.Business,TitleCodeMiddle.Technical,TitleCode.Director,TitleCodeMiddle.Director","Engineering & Technical,Director",https://go.zoominfo.com/#/apps/search/person/results?personProfileId=2041622314,09464f55d1f485511be3d148bfbc2b23,aosmd.com
1513024941,McGehee,Chris,,,,"Director, Information Technology",759,Information Technology,Director,,(972) 590-9287,cmcgehee@americanleather.com,4501 Mountain Creek Pkwy.,Dallas,Texas,75236,United States,50,7/26/2019,1818951,American Leather,American Leather,www.americanleather.com,(972) 296-9599,4501 Mountain Creek Pkwy.,Dallas,Texas,75236,United States,Furniture,Industry.mfg.furniture,Manufacturing,Industry.mfg,49000,Sales.25Mto50M,500,Employees.500to999,25,251,33712,3371,"TitleCode.IT,TitleCodeTop.Business,TitleCodeMiddle.Technical,TitleCode.Director,TitleCodeMiddle.Director","Engineering & Technical,Director",https://go.zoominfo.com/#/apps/search/person/results?personProfileId=1513024941,59ec329b6860f6e8ebc8af13cf789803,americanleather.com
1529441049,McCoy,Patrick,,,,"Manager, Information Technology",719,Information Technology,Manager,,(972) 590-9280,pmccoy@americanleather.com,4501 Mountain Creek Pkwy.,Dallas,Texas,75236,United States,17,7/23/2019,1818951,American Leather,American Leather,www.americanleather.com,(972) 296-9599,4501 Mountain Creek Pkwy.,Dallas,Texas,75236,United States,Furniture,Industry.mfg.furniture,Manufacturing,Industry.mfg,49000,Sales.25Mto50M,500,Employees.500to999,25,251,33712,3371,"TitleCode.IT,TitleCodeTop.Business,TitleCodeMiddle.Manager,TitleCodeMiddle.Technical,TitleCode.Manager","Manager,Engineering & Technical",https://go.zoominfo.com/#/apps/search/person/results?personProfileId=1529441049,bcdd426e4390c16ad9d57eaaecc307df,americanleather.com
-1970068360,Kenny,James,,,,IT Infrastructure Manager,719,Information Technology,Manager,,(972) 590-9257,jkenny@americanleather.com,4501 Mountain Creek Pkwy.,Dallas,Texas,75236,United States,30,7/23/2019,1818951,American Leather,American Leather,www.americanleather.com,(972) 296-9599,4501 Mountain Creek Pkwy.,Dallas,Texas,75236,United States,Furniture,Industry.mfg.furniture,Manufacturing,Industry.mfg,49000,Sales.25Mto50M,500,Employees.500to999,25,251,33712,3371,"TitleCode.IT,TitleCodeTop.Business,TitleCodeMiddle.Manager,TitleCodeMiddle.Technical,TitleCode.Manager","Manager,Engineering & Technical",https://go.zoominfo.com/#/apps/search/person/results?personProfileId=-1970068360,d2d211a110745fc5cc7e7cfb94e9a49f,americanleather.com
1849248032,Butcher,Robert,,,,"Manager, Information Technology",719,Information Technology,Manager,,(865) 549-5416,bbutcher@aqua-chem.com,3001 E. Governor John Sevier Hwy.,Knoxville,Tennessee,37914,United States,21,8/13/2019,6359660,Aqua-Chem Inc,Aqua-Chem,www.aqua-chem.com,(865) 544-2065,3001 E. Governor John Sevier Hwy.,Knoxville,Tennessee,37914,United States,Industrial Machinery & Equipment,Industry.mfg.industrialmachinery,Manufacturing,Industry.mfg,66400,Sales.50Mto100M,332,Employees.250to499,35,355,221,22131,"TitleCode.IT,TitleCodeTop.Business,TitleCodeMiddle.Manager,TitleCodeMiddle.Technical,TitleCode.Manager","Manager,Engineering & Technical",https://go.zoominfo.com/#/apps/search/person/results?personProfileId=1849248032,a3cadd4a16798fc45add695c0bc99064,aqua-chem.com
-1671366830,Gross,Michael,,,,"Manager, Information Technology",719,Information Technology,Manager,,(540) 665-1338,mgross@ashworth.com,450 Armour Dale,Winchester,Virginia,22601,United States,42,8/7/2019,4720544,Ashworth Inc,Ashworth,www.ashworth.com,(540) 662-3494,450 Armour Dale,Winchester,Virginia,22601,United States,Industrial Machinery & Equipment,Industry.mfg.industrialmachinery,Manufacturing,Industry.mfg,65815,Sales.50Mto100M,300,Employees.250to499,35,353,31,315211,"TitleCode.IT,TitleCodeTop.Business,TitleCodeMiddle.Manager,TitleCodeMiddle.Technical,TitleCode.Manager","Manager,Engineering & Technical",https://go.zoominfo.com/#/apps/search/person/results?personProfileId=-1671366830,16ac4f959201c2aa683b9ddb08d1b699,ashworth.com
1822575371,Sekhon,Garry,,,,"Manager, IT Applications",719,Information Technology,Manager,,(949) 681-0200 ext. 308,gsekhon@aspenmp.com,6481 Oak Canyon,Irvine,California,92618,United States,16,7/15/2019,8277794,Aspen Medical Products inc,Aspen Medical Products,www.aspenmp.com,(949) 681-0200,6481 Oak Canyon,Irvine,California,92618,United States,Medical Devices & Equipment,Industry.mfg.medical,Manufacturing,Industry.mfg,20000,Sales.10Mto25M,100,Employees.100to249,38,384,339,33,"TitleCode.IT,TitleCodeTop.Business,TitleCodeMiddle.Manager,TitleCodeMiddle.Technical,TitleCode.Manager","Manager,Engineering & Technical",https://go.zoominfo.com/#/apps/search/person/results?personProfileId=1822575371,04e752739b393941587b67ee3b238e04,aspenmp.com
1576794750,Syrek,Vincent,,,,"Director, Information Technology",759,Information Technology,Director,,(212) 586-1620 ext. 3252,vsyrek@barbizon.com,456 W 55th St.,New York City,New York,10019,United States,36,8/17/2019,3965445,Barbizon Lighting Company,Barbizon,www.barbizon.com,(212) 586-1620,456 W 55th St.,New York City,New York,10019,United States,Consumer Electronics & Computers Retail,Industry.retail.electronics,Retail,Industry.retail,100000,Sales.100MMto250M,500,Employees.500to999,50,506,4236,44,"TitleCode.IT,TitleCodeTop.Business,TitleCodeMiddle.Technical,TitleCode.Director,TitleCodeMiddle.Director","Engineering & Technical,Director",https://go.zoominfo.com/#/apps/search/person/results?personProfileId=1576794750,fe3186c75b8451423a7959e092f82b22,barbizon.com
233790447,Dillard,Rob,,,,"Director, Information Technology",759,Information Technology,Director,,(404) 681-5124 ext. 4117,rdillard@barbizon.com,1483 CHATTAHOOCHEE Ave. NW Ste. D,Atlanta,Georgia,30318,United States,53,7/30/2019,3965445,Barbizon Lighting Company,Barbizon,www.barbizon.com,(212) 586-1620,456 W 55th St.,New York City,New York,10019,United States,Consumer Electronics & Computers Retail,Industry.retail.electronics,Retail,Industry.retail,100000,Sales.100MMto250M,500,Employees.500to999,50,506,4236,44,"TitleCode.IT,TitleCodeTop.Business,TitleCodeMiddle.Technical,TitleCode.Director,TitleCodeMiddle.Director","Engineering & Technical,Director",https://go.zoominfo.com/#/apps/search/person/results?personProfileId=233790447,078bcf3c3146f73596d72040e34be4f9,barbizon.com
1299417071,Sobota,David,,,,"Manager, Information Technology",719,Information Technology,Manager,Barbizon USA,,dsobota@barbizonusa.com,4950 W. Kennedy Blvd. Ste. 200,Tampa,Florida,33615,United States,18,4/12/2019,3965445,Barbizon Lighting Company,Barbizon,www.barbizon.com,(212) 586-1620,456 W 55th St.,New York City,New York,10019,United States,Consumer Electronics & Computers Retail,Industry.retail.electronics,Retail,Industry.retail,100000,Sales.100MMto250M,500,Employees.500to999,50,506,4236,44,"TitleCode.IT,TitleCodeTop.Business,TitleCodeMiddle.Manager,TitleCodeMiddle.Technical,TitleCode.Manager","Manager,Engineering & Technical",https://go.zoominfo.com/#/apps/search/person/results?personProfileId=1299417071,f5d2bd1668cbd7a910d2fbf215687a19,barbizonusa.com
2103012852,Weinaug,Cynthia,,,,"Director, IT Applications",759,Information Technology,Director,,(920) 527-7703,caweinaug@bemis.com,One Neenah Center Ste. 400,Neenah,Wisconsin,54957,United States,22,3/26/2019,13684376,Bemis Manufacturing Company,Bemis Manufacturing,www.bemismfg.com,(920) 467-4621,300 Mill St.,Sheboygan Falls,Wisconsin,53085,United States,"Miscellaneous Building Materials (Flooring, Cabinets, etc.)",Industry.mfg.building.other,Building Materials,Industry.mfg.building,300000,Sales.250Mto500M,1600,Employees.1000to4999,30,308,3261,32,"TitleCode.IT,TitleCodeTop.Business,TitleCodeMiddle.Technical,TitleCode.Director,TitleCodeMiddle.Director","Engineering & Technical,Director",https://go.zoominfo.com/#/apps/search/person/results?personProfileId=2103012852,76cdf88963fe62d4da2c1ea2a0539cac,bemis.com
-2024180329,Wang,James,,,,"Director, Information Technology",759,Information Technology,Director,,(708) 534-7187,james.wang@bimba.com,25150 S Governors Hwy.,University Park,Illinois,60484,United States,30,8/1/2019,4719046,Bimba Manufacturing Company,Bimba,www.bimba.com,(708) 534-8544,25150 S Governors Hwy.,University Park,Illinois,60484,United States,Industrial Machinery & Equipment,Industry.mfg.industrialmachinery,Manufacturing,Industry.mfg,125510,Sales.100MMto250M,325,Employees.250to499,35,359,333995,33399,"TitleCode.IT,TitleCodeTop.Business,TitleCodeMiddle.Technical,TitleCode.Director,TitleCodeMiddle.Director","Engineering & Technical,Director",https://go.zoominfo.com/#/apps/search/person/results?personProfileId=-2024180329,45ece6847d26206599b7fa70bc219ab5,bimba.com
2711205961,Grover,Andrea,,,,"Manager, Information System Security",719,Information Technology,Manager,,(801) 736-6354 ext. 2268,andrea.grover@biofiredx.com,,,Utah,,United States,5,12/12/2018,356040477,"BioFire Diagnostics , Inc.",BioFire,www.biofiredx.com,(801) 736-6354,515 Colorow Dr.,Salt Lake City,Utah,84108,United States,Consumer Electronics & Computers Retail,Industry.retail.electronics,Test & Measurement Equipment,Industry.mfg.testequipment,300000,Sales.250Mto500M,2000,Employees.1000to4999,38,382,811,44,"TitleCode.IT,TitleCodeTop.Business,TitleCodeMiddle.Manager,TitleCodeMiddle.Technical,TitleCode.Manager","Manager,Engineering & Technical",https://go.zoominfo.com/#/apps/search/person/results?personProfileId=2711205961,5e4b186bb28fddf0e23415c5ed5ee464,biofiredx.com
-1455074889,Verma,Arun,,,,"Director, Information Technology",759,Information Technology,Director,,,averma@carolinacat.com,9000 Statesville Rd.,Charlotte,North Carolina,28269,United States,12,6/5/2019,6865830,Carolina CAT,Carolina CAT,www.carolinacat.com,(704) 598-2200,9000 Statesville Rd.,Charlotte,North Carolina,28269,United States,Industrial Machinery & Equipment,Industry.mfg.industrialmachinery,Manufacturing,Industry.mfg,363028,Sales.250Mto500M,1720,Employees.1000to4999,50,508,811,327,"TitleCode.IT,TitleCodeTop.Business,TitleCodeMiddle.Technical,TitleCode.Director,TitleCodeMiddle.Director","Engineering & Technical,Director",https://go.zoominfo.com/#/apps/search/person/results?personProfileId=-1455074889,6a5eb2a38c0e90023958f2b90bbfa63b,carolinacat.com
2025983434,Krieger,Karl,,,,"Manager, Information Technology Systems & Architect",720,Information Technology,Manager,,(214) 353-5531,kkrieger@cecoenviro.com,14651 Dallas Pkwy. Ste. 500,Dallas,Texas,75254,United States,35,3/21/2019,7176974,CECO Environmental Corp,CECO Environmental,www.cecoenviro.com,(513) 458-2600,4625 Red Bank Rd.,Cincinnati,Ohio,45227,United States,Industrial Machinery & Equipment,Industry.mfg.industrialmachinery,Manufacturing,Industry.mfg,417011,Sales.250Mto500M,970,Employees.500to999,35,356,33341,541,"TitleCode.IT,TitleCodeTop.Business,TitleCodeMiddle.Manager,TitleCode.SoftwareEng,TitleCodeMiddle.Technical,TitleCode.Manager","Manager,Engineering & Technical",https://go.zoominfo.com/#/apps/search/person/results?personProfileId=2025983434,7d02d875adda72b71f1658881992fba3,cecoenviro.com
-2100420784,Richesson,Scott,,,,"Manager, Information Technology",719,Information Technology,Manager,,(513) 573-0616,srichesson@cincinnatifan.com,7697 Snider Rd.,Mason,Ohio,45040,United States,35,8/19/2019,22745206,Cincinnati Fan,Cincinnati Fan,www.cincinnatifan.com,(513) 573-1000,7697 Snider Rd.,Mason,Ohio,45040,United States,Industrial Machinery & Equipment,Industry.mfg.industrialmachinery,Manufacturing,Industry.mfg,9800,Sales.5Mto10M,49,Employees.20to49,35,,,,"TitleCode.IT,TitleCodeTop.Business,TitleCodeMiddle.Manager,TitleCodeMiddle.Technical,TitleCode.Manager","Manager,Engineering & Technical",https://go.zoominfo.com/#/apps/search/person/results?personProfileId=-2100420784,7f512a476b0149957ff3d3f184dc3454,cincinnatifan.com
-1780920382,Rainsford,Mitchell,,,,"Manager, Information Technology",719,Information Technology,Manager,,(803) 935-9021,mrainsford@colite.com,5 Technology Circle,Columbia,South Carolina,29203,United States,7,3/4/2019,24448302,Colite International Ltd,Colite,www.colite.com,(803) 926-7926,5 Technology Circle,Columbia,South Carolina,29203,United States,Industrial Machinery & Equipment,Industry.mfg.industrialmachinery,Manufacturing,Industry.mfg,19800,Sales.10Mto25M,99,Employees.50to99,35,359,33271,332,"TitleCode.IT,TitleCodeTop.Business,TitleCodeMiddle.Manager,TitleCodeMiddle.Technical,TitleCode.Manager","Manager,Engineering & Technical",https://go.zoominfo.com/#/apps/search/person/results?personProfileId=-1780920382,fca97902826916890c165b0a6662de56,colite.com
2200923843,Kump,Tina,,,,"Director, Information Technology",759,Information Technology,Director,,(630) 539-5168,tina.kump@cornelius.com,101 Broadway St. West,Osseo,Minnesota,55369,United States,18,4/4/2019,96830677,Cornelius USA,Cornelius,www.cornelius.com,(763) 488-8200,101 Broadway St. West,Osseo,Minnesota,55369,United States,Industrial Machinery & Equipment,Industry.mfg.industrialmachinery,Manufacturing,Industry.mfg,300000,Sales.250Mto500M,4500,Employees.1000to4999,35,358,4237,333241,"TitleCode.IT,TitleCodeTop.Business,TitleCodeMiddle.Technical,TitleCode.Director,TitleCodeMiddle.Director","Engineering & Technical,Director",https://go.zoominfo.com/#/apps/search/person/results?personProfileId=2200923843,ae147e0a2a011fcece9a0486991ec3e4,cornelius.com
-2069321577,Whipple,Wendall,,,,"Director, Information Technology",759,Information Technology,Director,,,whipple@cornelius.com,101 Broadway St. West,Osseo,Minnesota,55369,United States,2,6/27/2018,96830677,Cornelius USA,Cornelius,www.cornelius.com,(763) 488-8200,101 Broadway St. West,Osseo,Minnesota,55369,United States,Industrial Machinery & Equipment,Industry.mfg.industrialmachinery,Manufacturing,Industry.mfg,300000,Sales.250Mto500M,4500,Employees.1000to4999,35,358,4237,333241,"TitleCode.IT,TitleCodeTop.Business,TitleCodeMiddle.Technical,TitleCode.Director,TitleCodeMiddle.Director","Engineering & Technical,Director",https://go.zoominfo.com/#/apps/search/person/results?personProfileId=-2069321577,344650f4ab51344221011e9b1400aa73,cornelius.com
1978585740,Smith,Nate,,,,"Manager, Information Technology",719,Information Technology,Manager,,(310) 353-5176,nsmith@cstindustries.com,"879 West 190TH St., 11th Fl.",Gardena,California,90248,United States,13,8/9/2019,28282428,CST Industries Inc,CST Industries,www.cstindustries.com,(913) 621-3700,903 E 104th St. Ste. 900,Kansas City,Missouri,64131,United States,Industrial Machinery & Equipment,Industry.mfg.industrialmachinery,Manufacturing,Industry.mfg,300000,Sales.250Mto500M,750,Employees.500to999,34,344,5413,332,"TitleCode.IT,TitleCodeTop.Business,TitleCodeMiddle.Manager,TitleCodeMiddle.Technical,TitleCode.Manager","Manager,Engineering & Technical",https://go.zoominfo.com/#/apps/search/person/results?personProfileId=1978585740,2c722210ee51c330e4662e8f402530bb,cstindustries.com
3116631422,Sanders,Chip,,,,"Director, Information Technology",759,Information Technology,Director,,(205) 259-2441,csanders@askcts.com,,,Alabama,,United States,1,6/27/2018,10142084,CTS Corporation,CTS Corporation,www.ctscorp.com,(630) 577-8800,4925 INDIANA Ave.,Lisle,Illinois,60532,United States,Electronic Components,Industry.mfg.electronics.electronics,Electronics,Industry.mfg.electronics,470483,Sales.250Mto500M,3230,Employees.1000to4999,36,367,334419,333,"TitleCode.IT,TitleCodeTop.Business,TitleCodeMiddle.Technical,TitleCode.Director,TitleCodeMiddle.Director","Engineering & Technical,Director",https://go.zoominfo.com/#/apps/search/person/results?personProfileId=3116631422,1d726b7015024a63d17a94de9fb3fd1d,askcts.com
2827790449,Miller,Ira,,,,"Manager, Information Systems Security",719,Information Technology,Manager,,(918) 251-8100 ext. 243,ira.miller@cymstar.com,12214 East 55th St.,Tulsa,Oklahoma,74146,United States,7,8/16/2019,21563921,CymStar LLC,CymStar,www.cymstar.com,(918) 251-8100,1700 West Albany St. Ste. 500,Broken Arrow,Oklahoma,74012,United States,Electronics,Industry.mfg.electronics,Manufacturing,Industry.mfg,18000,Sales.10Mto25M,90,Employees.50to99,36,369,33291,332,"TitleCode.IT,TitleCodeTop.Business,TitleCodeMiddle.Manager,TitleCodeMiddle.Technical,TitleCode.Manager","Manager,Engineering & Technical",https://go.zoominfo.com/#/apps/search/person/results?personProfileId=2827790449,a66995758f6f08d989ac8fc0f046214e,cymstar.com
-1355402705,Papp,Michael,G.,,,"Director, Information Technology",759,Information Technology,Director,,(763) 586-4879,michael.papp@decopac.com,3500 THURSTON Ave.,Anoka,Minnesota,55303,United States,12,5/29/2019,10797623,DecoPac Inc,DecoPac,www.decopac.com,(763) 574-0091,3500 THURSTON Ave.,Anoka,Minnesota,55303,United States,Industrial Machinery & Equipment,Industry.mfg.industrialmachinery,Manufacturing,Industry.mfg,15200,Sales.10Mto25M,275,Employees.250to499,50,508,3113,45399,"TitleCode.IT,TitleCodeTop.Business,TitleCodeMiddle.Technical,TitleCode.Director,TitleCodeMiddle.Director","Engineering & Technical,Director",https://go.zoominfo.com/#/apps/search/person/results?personProfileId=-1355402705,bc576dbb72d1c28da077cb434ccc8aca,decopac.com
1958998453,DeAlba,Richard,,,,"Manager, Information Technology",719,Information Technology,Manager,,(626) 960-7731 ext. 6862,rdealba@decore.com,2772 South Peck Rd.,Monrovia,California,91016,United States,30,8/22/2019,10797817,Decore-ative Specialties Inc,Decore-ative Specialties,www.decore.com,(626) 254-9191,2772 South Peck Rd.,Monrovia,California,91016,United States,"Lumber, Wood Production & Timber Operations",Industry.mfg.building.lumber,Building Materials,Industry.mfg.building,181899,Sales.100MMto250M,1100,Employees.1000to4999,24,243,3219,44,"TitleCode.IT,TitleCodeTop.Business,TitleCodeMiddle.Manager,TitleCodeMiddle.Technical,TitleCode.Manager","Manager,Engineering & Technical",https://go.zoominfo.com/#/apps/search/person/results?personProfileId=1958998453,71181009b3682cfad383f131c604eb86,decore.com
-1221277511,Harrell,Benjamin,C.,,,"Senior Manager, Information Technology CRM Solutions",723,Information Technology,Manager,,(616) 359-6797,benjamin.harrell@dematic.com,"2727 Paces Ferry Rd. SE, Bldg. One, Ste. 1500",Atlanta,Georgia,30339,United States,18,8/14/2019,14632437,Dematic Corp,Dematic,www.dematic.com,,3550 Lenox Rd. NE,Atlanta,Georgia,30326,United States,Electronics,Industry.mfg.electronics,Industrial Machinery & Equipment,Industry.mfg.industrialmachinery,193795,Sales.100MMto250M,7000,Employees.5000to9999,35,353,5416,5182,"TitleCodeMiddle.Manager,TitleCodeTop.Business,TitleCode.IT,TitleCodeMiddle.Operations,TitleCode.CustomerRel,TitleCodeMiddle.Technical,TitleCode.Manager","Operations,Manager",https://go.zoominfo.com/#/apps/search/person/results?personProfileId=-1221277511,053ef11de6b5c40f7283d41c6a1aca0f,dematic.com
1769225236,Aqui,Derek,,,,Technical Director & Systems Engineering,759,Technical,Director,,(503) 885-2925 ext. 2925,daqui@dwfritz.com,27200 SW Pkwy. Ave.,Wilsonville,Oregon,97070-9214,United States,26,2/7/2019,12009758,"Dwfritz Automation, Inc.",DWFritz,www.dwfritz.com,(503) 598-9393,9600 SW Boeckman Rd.,Wilsonville,Oregon,97070,United States,Industrial Machinery & Equipment,Industry.mfg.industrialmachinery,Manufacturing,Industry.mfg,5000,Sales.5Mto10M,258,Employees.250to499,35,359,333249,33399,"TitleCode.Technical,TitleCodeMiddle.Director,TitleCodeTop.Business,TitleCode.IT,TitleCode.SoftwareEng,TitleCodeMiddle.Technical,TitleCode.Director","Engineering & Technical,Director",https://go.zoominfo.com/#/apps/search/person/results?personProfileId=1769225236,58faff45bdfff5baaf1e58798b2f7879,dwfritz.com
304776882,Pettus,Jonathan,Q.,Mr.,,"IT Solutions Director, Cybersecurity",759,Information Technology,Director,,(256) 964-4000 ext. 4109,jonathan.pettus@dynetics.com,1002 Explorer Blvd.,Huntsville,Alabama,35806,United States,55,8/8/2019,18171152,Dynetics Inc,Dynetics,www.dynetics.com,(256) 964-4000,1002 Explorer Blvd.,Huntsville,Alabama,35806,United States,Aerospace & Defense,Industry.mfg.aerospace,Manufacturing,Industry.mfg,293000,Sales.250Mto500M,2000,Employees.1000to4999,37,376,5417,336415,"TitleCode.IT,TitleCodeTop.Business,TitleCodeMiddle.Technical,TitleCode.Director,TitleCodeMiddle.Director","Engineering & Technical,Director",https://go.zoominfo.com/#/apps/search/person/results?personProfileId=304776882,497b984027810675597d4f45e61d1dee,dynetics.com
1726571622,Lanham,Ryan,,,,"Manager, Information Technology",719,Information Technology,Manager,,(224) 207-7655,rlanham@dynomaxinc.com,1535 Abbott Dr.,Wheeling,Illinois,60090,United States,44,6/6/2019,38014078,Dynomax Inc,Dynomax,www.dynomaxinc.com,(847) 680-8833,1535 Abbott Dr.,Wheeling,Illinois,60090,United States,Industrial Machinery & Equipment,Industry.mfg.industrialmachinery,Manufacturing,Industry.mfg,41800,Sales.25Mto50M,209,Employees.100to249,35,356,3332,33361,"TitleCode.IT,TitleCodeTop.Business,TitleCodeMiddle.Manager,TitleCodeMiddle.Technical,TitleCode.Manager","Manager,Engineering & Technical",https://go.zoominfo.com/#/apps/search/person/results?personProfileId=1726571622,1a15ec484fddc13a5fb168f3558129b5,dynomaxinc.com
2181287915,Gronert,Aaron,,,,"Manager, Information Technology",719,Information Technology,Manager,,(763) 398-1773,agronert@engagetechnologies.net,,,Minnesota,,United States,5,8/20/2019,28839458,Eastey Enterprises,Eastey,www.eastey.com,(763) 795-8856,7041 Boone Ave. N.,Brook Park,Minnesota,55007,United States,Industrial Machinery & Equipment,Industry.mfg.industrialmachinery,Manufacturing,Industry.mfg,43400,Sales.25Mto50M,217,Employees.100to249,35,,,,"TitleCode.IT,TitleCodeTop.Business,TitleCodeMiddle.Manager,TitleCodeMiddle.Technical,TitleCode.Manager","Manager,Engineering & Technical",https://go.zoominfo.com/#/apps/search/person/results?personProfileId=2181287915,472d0417d7935919f4995c211dcf56ff,engagetechnologies.net
2757831081,Shute,Gregory,,,,"Operations Manager, Information Technology",719,Operations,Manager,,(724) 600-8275,gshute@elliott-turbo.com,901 N. Fourth St.,Jeannette,Pennsylvania,15644,United States,2,4/11/2019,48221148,Elliott Group,Elliott,www.elliott-turbo.com,(724) 527-2811,901 N. Fourth St.,Jeannette,Pennsylvania,15644,United States,Industrial Machinery & Equipment,Industry.mfg.industrialmachinery,Manufacturing,Industry.mfg,300000,Sales.250Mto500M,2600,Employees.1000to4999,35,356,333912,3332,"TitleCodeMiddle.Manager,TitleCode.Operations,TitleCodeTop.Business,TitleCode.IT,TitleCodeMiddle.Operations,TitleCodeMiddle.Technical,TitleCode.Manager","Operations,Manager",https://go.zoominfo.com/#/apps/search/person/results?personProfileId=2757831081,ea6f9bfc9ded3385d5109d874077540a,elliott-turbo.com
-2020699971,Davila,Nestor,,,,"Help Desk Supervisor, Information Technology",649,Information Technology,Manager,,(949) 452-2555,ndavila@endologix.com,2 MUSICK,Irvine,California,92618,United States,36,8/14/2019,12943362,Endologix Inc,Endologix,www.endologix.com,(949) 595-7200,2 MUSICK,Irvine,California,92618,United States,Medical Devices & Equipment,Industry.mfg.medical,Manufacturing,Industry.mfg,181157,Sales.100MMto250M,675,Employees.500to999,38,384,339,3261,"TitleCodeMiddle.Manager,TitleCodeTop.Business,TitleCode.IT,TitleCodeMiddle.Operations,TitleCode.CustomerRel,TitleCodeMiddle.Technical,TitleCode.Manager","Operations,Manager",https://go.zoominfo.com/#/apps/search/person/results?personProfileId=-2020699971,e154a7892ca76a81613531ec47c2053f,endologix.com
1931431233,Wilson,Greg,,,,"Director, Information Technology",759,Information Technology,Director,,(918) 317-4379,gwilson@enovationcontrols.com,5311 S. 122nd E. Ave.,Tulsa,Oklahoma,74146,United States,70,8/1/2019,12370054,Enovation Controls LLC,Enovation Controls,www.enovationcontrols.com,(918) 317-4100,5311 S. 122nd E. Ave.,Tulsa,Oklahoma,74146,United States,Consumer Electronics,Industry.mfg.consumer.electronics,Consumer Goods,Industry.mfg.consumer,27940,Sales.25Mto50M,275,Employees.250to499,365,36,3343,33,"TitleCode.IT,TitleCodeTop.Business,TitleCodeMiddle.Technical,TitleCode.Director,TitleCodeMiddle.Director","Engineering & Technical,Director",https://go.zoominfo.com/#/apps/search/person/results?personProfileId=1931431233,a3676d71794c5e1648b4993ee75a100b,enovationcontrols.com
-1963301516,Filkey,Rachel,,,,"Operations Senior Manager, Information Technology",723,Operations,Manager,,(707) 217-6198,rfilkey@enphaseenergy.com,1420 N MCDOWELL Blvd.,Petaluma,California,94954,United States,38,8/22/2019,344971152,Enphase Energy Inc,Enphase,www.enphase.com,(707) 763-4784,1420 N MCDOWELL Blvd.,Petaluma,California,94954,United States,Semiconductor & Semiconductor Equipment,Industry.mfg.electronics.semiconductors,Electronics,Industry.mfg.electronics,286166,Sales.250Mto500M,427,Employees.250to499,36,367,237130,23713,"TitleCodeMiddle.Manager,TitleCode.Operations,TitleCodeTop.Business,TitleCode.IT,TitleCodeMiddle.Operations,TitleCodeMiddle.Technical,TitleCode.Manager","Operations,Manager",https://go.zoominfo.com/#/apps/search/person/results?personProfileId=-1963301516,45adcd216a3dfcc417304402b9380865,enphaseenergy.com
2812957703,Cox,Ann,,,,"Manager, Information Technology",719,Information Technology,Manager,,(256) 248-2500,amcox@esrobbins.com,,,Alabama,,United States,3,7/23/2019,40749581,ES ROBBINS Corporation,ES Robbins,www.esrobbins.com,(256) 248-2400,2802 E Avalon Ave.,Muscle Shoals,Alabama,35661,United States,"Plastic, Packaging & Containers",Industry.mfg.plastic,Manufacturing,Industry.mfg,30000,Sales.25Mto50M,150,Employees.100to249,30,308,326113,3261,"TitleCode.IT,TitleCodeTop.Business,TitleCodeMiddle.Manager,TitleCodeMiddle.Technical,TitleCode.Manager","Manager,Engineering & Technical",https://go.zoominfo.com/#/apps/search/person/results?personProfileId=2812957703,9cebd40a54e0c7a5ed020665d2349d7d,esrobbins.com
1669828216,Gierach,Marc,,,,"Operations Director, Information Technology",759,Operations,Director,,(847) 289-5855,mgierach@fabricimages.com,325 Corporate Dr.,Elgin,Illinois,60123,United States,23,6/14/2019,43241816,Fabric Images Inc,Fabric Images,www.fabricimages.com,(847) 488-9877,325 Corporate Dr.,Elgin,Illinois,60123,United States,Textiles & Apparel,Industry.mfg.consumer.clothes,Consumer Goods,Industry.mfg.consumer,15400,Sales.10Mto25M,77,Employees.50to99,23,239,33636,336360,"TitleCode.Operations,TitleCodeMiddle.Director,TitleCodeTop.Business,TitleCode.IT,TitleCodeMiddle.Operations,TitleCodeMiddle.Technical,TitleCode.Director","Operations,Director",https://go.zoominfo.com/#/apps/search/person/results?personProfileId=1669828216,33ac91440a74ba289e9a6af5f2a3f4a4,fabricimages.com
-1795690365,Centeno,Hector,A.,,,"Corporate Director, Information Technology",760,Information Technology,Director,,(407) 333-9911 ext. 1266,h.centeno@faro.com,250 Technology Park,Lake Mary,Florida,32746,United States,49,8/1/2019,31037641,FARO Technologies Inc,FARO,www.faro.com,(407) 333-9911,250 Technology Park,Lake Mary,Florida,32746,United States,Test & Measurement Equipment,Industry.mfg.testequipment,Manufacturing,Industry.mfg,403627,Sales.250Mto500M,1862,Employees.1000to4999,38,382,541511,339,"TitleCode.IT,TitleCodeTop.Business,TitleCodeMiddle.Technical,TitleCode.Director,TitleCodeMiddle.Director","Engineering & Technical,Director",https://go.zoominfo.com/#/apps/search/person/results?personProfileId=-1795690365,e13b026af585d5c6e9a2f7361efa4d6d,faro.com
-1877065544,Knoll,John,,,,"Manager, IT Enterprise",719,Information Technology,Manager,,(253) 246-3733,jknoll@flowcorp.com,23500 64Th Ave. SP O Box 97040,Kent,Washington,98032,United States,21,3/21/2019,46010183,Flow International Corporation,Flow Water Jet,www.flowwaterjet.com,(253) 850-3500,23500 64Th Ave. SP O Box 97040,Kent,Washington,98032,United States,Industrial Machinery & Equipment,Industry.mfg.industrialmachinery,Manufacturing,Industry.mfg,265300,Sales.250Mto500M,700,Employees.500to999,35,356,33399,327,"TitleCode.IT,TitleCodeTop.Business,TitleCodeMiddle.Manager,TitleCodeMiddle.Technical,TitleCode.Manager","Manager,Engineering & Technical",https://go.zoominfo.com/#/apps/search/person/results?personProfileId=-1877065544,fd08e5b1f57cee8b78021d7f029703b3,flowcorp.com
166401181,Armstrong,Gary,,,,"Manager, Information Technology",719,Information Technology,Manager,,(714) 239-2168,garyarmstrong@ganahl.com,1220 E Ball Rd.,Anaheim,California,92805,United States,40,7/17/2019,20710531,Ganahl Lumber Company,Ganahl Lumber,ganahllumber.com,(714) 772-5444,1220 E Ball Rd.,Anaheim,California,92805,United States,"Lumber, Wood Production & Timber Operations",Industry.mfg.building.lumber,Building Materials,Industry.mfg.building,154879,Sales.100MMto250M,926,Employees.500to999,52,521,444,423310,"TitleCode.IT,TitleCodeTop.Business,TitleCodeMiddle.Manager,TitleCodeMiddle.Technical,TitleCode.Manager","Manager,Engineering & Technical",https://go.zoominfo.com/#/apps/search/person/results?personProfileId=166401181,4407dff568bb4fc072410ebd75b8c9fd,ganahl.com
-1357259827,Glaze,Brandon,,,,"Director, Information Security",759,Information Technology,Director,,(425) 446-5978,brandon.glaze@gilbarco.com,7300 West Friendly AvenuePO Box 22087,Greensboro,North Carolina,27420,United States,26,5/31/2019,49958939,Gilbarco Veeder-Root Inc,Gilbarco,www.gilbarco.com,(336) 547-5000,7300 West Friendly AvenuePO Box 22087,Greensboro,North Carolina,27420,United States,Industrial Machinery & Equipment,Industry.mfg.industrialmachinery,Manufacturing,Industry.mfg,250000,Sales.250Mto500M,4000,Employees.1000to4999,35,358,3339,333,"TitleCode.IT,TitleCodeTop.Business,TitleCodeMiddle.Technical,TitleCode.Director,TitleCodeMiddle.Director","Engineering & Technical,Director",https://go.zoominfo.com/#/apps/search/person/results?personProfileId=-1357259827,954af3404c92b707aa3343df545ff240,gilbarco.com
1244297156,McLean,John,,,,"Manager, Information Technology",719,Information Technology,Manager,,(949) 367-9600 ext. 1280,jmclean@glaukos.com,229 AVENIDA FABRICANTE,San Clemente,California,92672,United States,39,3/21/2019,50187124,Glaukos Corporation,Glaukos,www.glaukos.com,(949) 367-9600,229 AVENIDA FABRICANTE,San Clemente,California,92672,United States,Medical Devices & Equipment,Industry.mfg.medical,Manufacturing,Industry.mfg,159254,Sales.100MMto250M,387,Employees.250to499,38,384,339,33,"TitleCode.IT,TitleCodeTop.Business,TitleCodeMiddle.Manager,TitleCodeMiddle.Technical,TitleCode.Manager","Manager,Engineering & Technical",https://go.zoominfo.com/#/apps/search/person/results?personProfileId=1244297156,35c994915e235cc072d6542032e24787,glaukos.com
-1906387582,Jackson,Jennifer,,,,"Manager, Information Technology",719,Information Technology,Manager,,(800) 321-9647 ext. 6665,jacksonj@gojo.com,One Gojo Plz. Ste. 500,Akron,Ohio,44311,United States,7,5/31/2019,16286312,GOJO Industries Inc,GOJO,www.gojo.com,(330) 255-6000,One Gojo Plz. Ste. 500,Akron,Ohio,44311,United States,Chemicals,Industry.mfg.chemicals.chemicals,Cleaning Products,Industry.mfg.consumer.cleaning,286000,Sales.250Mto500M,2000,Employees.1000to4999,28,284,325611,325612,"TitleCode.IT,TitleCodeTop.Business,TitleCodeMiddle.Manager,TitleCodeMiddle.Technical,TitleCode.Manager","Manager,Engineering & Technical",https://go.zoominfo.com/#/apps/search/person/results?personProfileId=-1906387582,ea8fb3e4c5f4daacbb79772422a0ceea,gojo.com
126880027,Dukoff,Dave,,,,"Senior Manager, Information Technology",723,Information Technology,Manager,,(585) 343-2216 ext. 4812,ddukoff@graham-mfg.com,20 Florence Ave.,Batavia,New York,14020,United States,64,8/24/2019,120652930,Graham Corporation,Graham,www.graham-mfg.com,(585) 343-2216,20 Florence Ave.,Batavia,New York,14020,United States,Industrial Machinery & Equipment,Industry.mfg.industrialmachinery,Manufacturing,Industry.mfg,77534,Sales.50Mto100M,304,Employees.250to499,35,356,33399,333999,"TitleCode.IT,TitleCodeTop.Business,TitleCodeMiddle.Manager,TitleCodeMiddle.Technical,TitleCode.Manager","Manager,Engineering & Technical",https://go.zoominfo.com/#/apps/search/person/results?personProfileId=126880027,de2b9cf43b2dd98aac13ab3939a67af3,graham-mfg.com
2018088401,Gabe,Carroll,,,,"Manager, Corporate Information Technology Services",720,Information Technology,Manager,,(406) 532-0187,gabe.carroll@gtat.com,"101 E. Front St., Ste. 401",Missoula,Montana,59802,United States,29,8/15/2019,346839352,GT Advanced Technologies Inc.,GT Advanced,www.gtat.com,(603) 883-5200,"5 Wentworth Dr., Unit 1",Hudson,New Hampshire,3051,United States,Semiconductor & Semiconductor Equipment,Industry.mfg.electronics.semiconductors,Electronics,Industry.mfg.electronics,20000,Sales.10Mto25M,531,Employees.500to999,36,367,33441,33,"TitleCode.IT,TitleCodeTop.Business,TitleCodeMiddle.Manager,TitleCode.Technical,TitleCodeMiddle.Technical,TitleCode.Manager","Manager,Engineering & Technical",https://go.zoominfo.com/#/apps/search/person/results?personProfileId=2018088401,9b08fd927176959385f64f3291bf221e,gtat.com
1827205985,Shuler,Kent,,,,"Director, Information Technology",759,Information Technology,Director,,(314) 633-2723,kshuler@hagerco.com,139 Victor St.,St. Louis,Missouri,63104,United States,26,3/21/2019,67176145,Hager Companies,Hager,www.hagerco.com,(314) 772-4400,139 Victor St.,St. Louis,Missouri,63104,United States,Building Materials,Industry.mfg.building,Manufacturing,Industry.mfg,108628,Sales.100MMto250M,237,Employees.100to249,34,342,33251,332510,"TitleCode.IT,TitleCodeTop.Business,TitleCodeMiddle.Technical,TitleCode.Director,TitleCodeMiddle.Director","Engineering & Technical,Director",https://go.zoominfo.com/#/apps/search/person/results?personProfileId=1827205985,1629358056808931e05b5064b6ef147c,hagerco.com
-2043750579,Arredondo,Frank,,,Jr.,"Support Manager, Information Technology",719,Information Technology,Manager,,(305) 364-1413,farredondo@heartware.com,14420 NW 60th Ave.,Miami Lakes,Florida,33014,United States,13,3/21/2019,73616764,"HeartWare International, Inc.",HeartWare,www.heartware.com,(508) 739-0950,500 Old Connecticut Path,Framingham,Massachusetts,1701,United States,Medical Devices & Equipment,Industry.mfg.medical,Manufacturing,Industry.mfg,276840,Sales.250Mto500M,600,Employees.500to999,38,384,339,55,"TitleCode.IT,TitleCodeTop.Business,TitleCodeMiddle.Manager,TitleCodeMiddle.Technical,TitleCode.Manager","Manager,Engineering & Technical",https://go.zoominfo.com/#/apps/search/person/results?personProfileId=-2043750579,68305088a829c840d99d5c0b8af7141b,heartware.com
1814075199,Noonan,Ryan,M.,,CPA,"Customer Logistics Manager, Information Technology",719,Logistics,Manager,,(847) 918-3430,ryan.noonan@hollister.com,2000 Hollister Dr.,Libertyville,Illinois,60048,United States,44,7/12/2019,32556641,Hollister Incorporated,Hollister,www.hollister.com,(847) 680-1000,2000 Hollister Dr.,Libertyville,Illinois,60048,United States,Medical Devices & Equipment,Industry.mfg.medical,Manufacturing,Industry.mfg,250000,Sales.250Mto500M,2000,Employees.1000to4999,38,384,339,5322,"TitleCodeMiddle.Manager,TitleCode.Logistics,TitleCodeTop.Business,TitleCode.IT,TitleCodeMiddle.Operations,TitleCodeMiddle.Technical,TitleCode.Manager","Operations,Manager",https://go.zoominfo.com/#/apps/search/person/results?personProfileId=1814075199,8aa1b9f882c958377b13c787d8f3a172,hollister.com
-1995194337,Hellstrom,Steve,,,,"Global Director, Information Technology",759,Information Technology,Director,,(847) 918-5844,steve.hellstrom@hollister.com,2000 Hollister Dr.,Libertyville,Illinois,60048,United States,28,5/3/2019,32556641,Hollister Incorporated,Hollister,www.hollister.com,(847) 680-1000,2000 Hollister Dr.,Libertyville,Illinois,60048,United States,Medical Devices & Equipment,Industry.mfg.medical,Manufacturing,Industry.mfg,250000,Sales.250Mto500M,2000,Employees.1000to4999,38,384,339,5322,"TitleCode.IT,TitleCodeTop.Business,TitleCodeMiddle.Technical,TitleCode.Director,TitleCodeMiddle.Director","Engineering & Technical,Director",https://go.zoominfo.com/#/apps/search/person/results?personProfileId=-1995194337,fa5c69a585fae156031f6bd7a49d6f66,hollister.com
1925047324,Mazzagatti,Carmen,,,,"Manager, Corporate Information Technology",720,Information Technology,Manager,,(856) 797-0900 ext. 3699,c.mazzagatti@holtec.com,555 Lincoln Dr. West,Marlton,New Jersey,8053,United States,34,3/21/2019,53054447,Holtec International Inc,Holtec,holtecinternational.com,(856) 797-0900,1 Holtec Dr. Ste. 1,Marlton,New Jersey,8053,United States,Industrial Machinery & Equipment,Industry.mfg.industrialmachinery,Manufacturing,Industry.mfg,303500,Sales.250Mto500M,400,Employees.250to499,35,355,541,5413,"TitleCode.IT,TitleCodeTop.Business,TitleCodeMiddle.Manager,TitleCodeMiddle.Technical,TitleCode.Manager","Manager,Engineering & Technical",https://go.zoominfo.com/#/apps/search/person/results?personProfileId=1925047324,e775670cd9c431ac7c6dc5b1529f3ae9,holtec.com
1440867705,Gazdzik,Walter,P.,,,"Director, Digital & Information Technology",759,Information Technology,Director,,(609) 267-9000 ext. 152,wgazdzik@inductotherm.com,,Newtown,Pennsylvania,18940,United States,29,8/24/2019,53007529,Inductotherm Corp,Inductotherm,www.inductotherm.com,(609) 267-9000,10 Indel Ave.,Rancocas,New Jersey,8073,United States,Industrial Machinery & Equipment,Industry.mfg.industrialmachinery,Manufacturing,Industry.mfg,305000,Sales.250Mto500M,300,Employees.250to499,35,356,333994,33399,"TitleCode.IT,TitleCodeTop.Business,TitleCodeMiddle.Technical,TitleCode.Director,TitleCodeMiddle.Director","Engineering & Technical,Director",https://go.zoominfo.com/#/apps/search/person/results?personProfileId=1440867705,c7610eee31e4dde60d6d0f826f3c75b8,inductotherm.com
2043649870,Long,Daniel,,,,Clinical Information Technology Consultant II and Project Manager,719,Health Professionals,Manager,,(781) 861-4237,dlong@ilww.com,180 Hartwell Rd.,Bedford,Massachusetts,1730,United States,20,7/16/2019,45437463,Instrumentation Laboratory Company,Instrumentation Laboratory,www.instrumentationlaboratory.com,(781) 861-0710,180 Hartwell Rd.,Bedford,Massachusetts,1730,United States,Medical Devices & Equipment,Industry.mfg.medical,Manufacturing,Industry.mfg,357720,Sales.250Mto500M,1800,Employees.1000to4999,87,873,5417,541,"TitleCodeTop.Medical,TitleCodeMiddle.Manager,TitleCode.HealthProf,TitleCode.ProjectManagement,TitleCode.Consultant,TitleCodeMiddle.Health,TitleCode.IT,TitleCodeTop.Business,TitleCodeMiddle.Operations,TitleCodeMiddle.Consultant,TitleCodeMiddle.Technical,TitleCode.Manager","Manager,Medical & Health",https://go.zoominfo.com/#/apps/search/person/results?personProfileId=2043649870,421353c2e3b74365bc27370c39617e20,ilww.com
1529908476,Hernandez,Wilson,,,,"Division Manager, Information Technology",719,Information Technology,Manager,,(708) 551-2953,wilson.hernandez@shakeproof.com,2550 S 27Th Ave.,Broadview,Illinois,60155,United States,22,8/24/2019,150275113,ITW Shakeproof Group Plastite,Shakeproof,www.shakeproof.com,(920) 261-2652,2550 S 27Th Ave.,Broadview,Illinois,60155,United States,"Miscellaneous Building Materials (Flooring, Cabinets, etc.)",Industry.mfg.building.other,Building Materials,Industry.mfg.building,17000,Sales.10Mto25M,85,Employees.50to99,39,399,339,32,"TitleCode.IT,TitleCodeTop.Business,TitleCodeMiddle.Manager,TitleCodeMiddle.Technical,TitleCode.Manager","Manager,Engineering & Technical",https://go.zoominfo.com/#/apps/search/person/results?personProfileId=1529908476,9767517d0bc61ef3b361067656378beb,shakeproof.com
1584527876,Behnke,Kim,,,,"Manager, Information Technology",719,Information Technology,Manager,,(920) 684-2644,kbehnke@jagemann.com,5757 W Custer St.,Manitowoc,Wisconsin,54220,United States,18,8/21/2019,62376979,Jagemann Stamping Company,Jagemann,www.jagemann.com,(920) 682-4633,5757 W Custer St.,Manitowoc,Wisconsin,54220,United States,"Miscellaneous Building Materials (Flooring, Cabinets, etc.)",Industry.mfg.building.other,Building Materials,Industry.mfg.building,31000,Sales.25Mto50M,155,Employees.100to249,34,346,332119,3321,"TitleCode.IT,TitleCodeTop.Business,TitleCodeMiddle.Manager,TitleCodeMiddle.Technical,TitleCode.Manager","Manager,Engineering & Technical",https://go.zoominfo.com/#/apps/search/person/results?personProfileId=1584527876,29c13cffafab4afe79c4165c625b8662,jagemann.com
1418973878,Edmonston,Kevin,,,,"Manager, Information Security",719,Information Technology,Manager,,(262) 653-3529,kevin.edmonston@jockey.com,2300 60th St.,Kenosha,Wisconsin,53140,United States,38,7/29/2019,61359674,Jockey International Inc,Jockey,www.jockey.com,(262) 658-8111,2300 60th St.,Kenosha,Wisconsin,53140,United States,Textiles & Apparel,Industry.mfg.consumer.clothes,Consumer Goods,Industry.mfg.consumer,443200,Sales.250Mto500M,1600,Employees.1000to4999,22,225,813,81321,"TitleCode.IT,TitleCodeTop.Business,TitleCodeMiddle.Manager,TitleCodeMiddle.Technical,TitleCode.Manager","Manager,Engineering & Technical",https://go.zoominfo.com/#/apps/search/person/results?personProfileId=1418973878,daa98d4ab20f301b2903c3f3f375a7a8,jockey.com
2060202153,Millwood,Philip,,,,"Director, Information Technology",759,Information Technology,Director,,(502) 489-9449 ext. 1292,phillip.millwood@joerns.com,1920 Stanley Gault Pkwy. Ste. 100,Louisville,Kentucky,40223,United States,41,8/1/2019,87575301,Joerns Healthcare LLC,Joerns,www.joerns.com,(704) 499-6000,2430 Whitehall Park Dr. Ste. 100,Charlotte,North Carolina,28273,United States,Medical Devices & Equipment,Industry.mfg.medical,Manufacturing,Industry.mfg,293000,Sales.250Mto500M,1700,Employees.1000to4999,38,384,339,33,"TitleCode.IT,TitleCodeTop.Business,TitleCodeMiddle.Technical,TitleCode.Director,TitleCodeMiddle.Director","Engineering & Technical,Director",https://go.zoominfo.com/#/apps/search/person/results?personProfileId=2060202153,8eb28f76241e225d105c54241628d6e4,joerns.com
1921691430,Glass,Ted,,,,"Manager, Information Technology",719,Information Technology,Manager,,(816) 471-0500 ext. 120,tglass@kciinc.net,1639 Guinotte Ave.,Kansas City,Missouri,64120,United States,14,7/9/2019,28263121,KCI Incorporated,KCI,www.kciinc.net,(816) 471-0500,1639 Guinotte Ave.,Kansas City,Missouri,64120,United States,Industrial Machinery & Equipment,Industry.mfg.industrialmachinery,Manufacturing,Industry.mfg,12600,Sales.10Mto25M,63,Employees.50to99,87,871,541,5413,"TitleCode.IT,TitleCodeTop.Business,TitleCodeMiddle.Manager,TitleCodeMiddle.Technical,TitleCode.Manager","Manager,Engineering & Technical",https://go.zoominfo.com/#/apps/search/person/results?personProfileId=1921691430,1ec5877feb1cfc254842f346a8b23c98,kciinc.net
1707986903,Krogh,Jefferson,,,,"Manager, Information Systems",719,Information Technology,Manager,,(510) 351-8230 ext. 282,jkrogh@ksplastic.com,2116 Farallon Dr.,San Leandro,California,94577,United States,31,8/9/2019,66800932,Kennerley-Spratling Inc,Kennerley-Spratling,www.ksplastic.com,(510) 351-8230,2116 Farallon Dr.,San Leandro,California,94577,United States,"Plastic, Packaging & Containers",Industry.mfg.plastic,Manufacturing,Industry.mfg,127080,Sales.100MMto250M,400,Employees.250to499,30,308,3261,32,"TitleCode.IT,TitleCodeTop.Business,TitleCodeMiddle.Manager,TitleCodeMiddle.Technical,TitleCode.Manager","Manager,Engineering & Technical",https://go.zoominfo.com/#/apps/search/person/results?personProfileId=1707986903,af53906701439dc516ee2ec60125a099,ksplastic.com
1968020842,Oliver,Tracy,,,,"Manager, IT Services",719,Information Technology,Manager,,(503) 268-8504,tracy.oliver@latticesemi.com,5555 NE Moore Ct.,Hillsboro,Oregon,97124-6421,United States,18,3/21/2019,72321730,Lattice Semiconductor Corporation,Lattice Semiconductor,www.latticesemi.com,(503) 268-8000,111 Sw 5Th Ave. Ste. 700,Portland,Oregon,97204,United States,Semiconductor & Semiconductor Equipment,Industry.mfg.electronics.semiconductors,Electronics,Industry.mfg.electronics,385961,Sales.250Mto500M,834,Employees.500to999,36,367,33251,33441,"TitleCode.IT,TitleCodeTop.Business,TitleCodeMiddle.Manager,TitleCodeMiddle.Technical,TitleCode.Manager","Manager,Engineering & Technical",https://go.zoominfo.com/#/apps/search/person/results?personProfileId=1968020842,56369a833d3a898eee2478ac967ea77b,latticesemi.com
1338501340,Cheek,Brian,E.,,MBA PMP,"Program Manager, Information Technology",719,Information Technology,Manager,,(512) 249-4752,bcheek@luminexcorp.com,12212 Technology Blvd.,Austin,Texas,78727,United States,35,3/21/2019,23249531,Luminex Corporation,Luminex,www.luminexcorp.com,(512) 219-8020,12212 Technology Blvd.,Austin,Texas,78727,United States,Business Services General,Industry.bizservice.general,Business Services,Industry.bizservice,306571,Sales.250Mto500M,922,Employees.500to999,38,382,32541,5417,"TitleCode.ProgramManagement,TitleCodeMiddle.Manager,TitleCodeTop.Business,TitleCode.IT,TitleCodeMiddle.Operations,TitleCodeMiddle.Technical,TitleCode.Manager","Operations,Manager",https://go.zoominfo.com/#/apps/search/person/results?personProfileId=1338501340,3c60c71a1b48ffc007e5ed58362a36bf,luminexcorp.com
1927816025,Cox,Ken,A.,,,"Manager & Engineer, Information Technology & Systems",719,Information Technology,Manager,,(757) 271-3428,ken.cox@magaero.com,One Compass Way Ste. 250,Newport News,Virginia,23606,United States,9,3/21/2019,347622964,MAG Aerospace,MAG Aerospace,www.magaero.com,(703) 376-8993,"12730 Fair Lakes Circle, Ste. 600",Fairfax,Virginia,22033,United States,Aerospace & Defense,Industry.mfg.aerospace,Manufacturing,Industry.mfg,200000,Sales.100MMto250M,1300,Employees.1000to4999,37,376,336419,5191,"TitleCode.IT,TitleCodeTop.Business,TitleCode.Engineer,TitleCodeMiddle.Manager,TitleCodeMiddle.Technical,TitleCode.Manager","Manager,Engineering & Technical",https://go.zoominfo.com/#/apps/search/person/results?personProfileId=1927816025,3b4838bced184629128ea5d4d0b9f749,magaero.com
2110061732,Oswald,Bryan,,,,"Infrastructure Operations Supervisor, Information Technology",649,Operations,Manager,,(760) 517-1213,boswald@maxlinear.com,5966 LA Pl. Ct.,Carlsbad,California,92008,United States,19,8/9/2019,90752658,MaxLinear Inc,MaxLinear,www.maxlinear.com,(760) 692-0711,5966 LA Pl. Ct.,Carlsbad,California,92008,United States,Semiconductor & Semiconductor Equipment,Industry.mfg.electronics.semiconductors,Electronics,Industry.mfg.electronics,384997,Sales.250Mto500M,739,Employees.500to999,36,367,332,33,"TitleCodeMiddle.Manager,TitleCode.Operations,TitleCodeTop.Business,TitleCode.IT,TitleCodeMiddle.Operations,TitleCodeMiddle.Technical,TitleCode.Manager","Operations,Manager",https://go.zoominfo.com/#/apps/search/person/results?personProfileId=2110061732,2951d44d98d570d75f7261d4d859689b,maxlinear.com
2191435682,Bibby,Stevan,,,,Global IT Infrastructure Manager,719,Information Technology,Manager,,(281) 940-1679,stevan.bibby@roper-escg.com,8824 Fallbrook Dr.,Houston,Texas,77064,United States,11,3/13/2019,32736342,Metrix Instrument Co. LP,Metrix,www.metrixvibration.com,(281) 940-1802,8824 Fallbrook Dr.,Houston,Texas,77064,United States,Test & Measurement Equipment,Industry.mfg.testequipment,Manufacturing,Industry.mfg,10700,Sales.10Mto25M,90,Employees.50to99,38,382,33451,334513,"TitleCode.IT,TitleCodeTop.Business,TitleCodeMiddle.Manager,TitleCodeMiddle.Technical,TitleCode.Manager","Manager,Engineering & Technical",https://go.zoominfo.com/#/apps/search/person/results?personProfileId=2191435682,aaa2386c5cd8041ff6640626d9a236e1,roper-escg.com
2726494292,Rodriguez,Vincent,,,,"Manager, Information Technology",719,Information Technology,Manager,,(979) 277-7899,vrodriguez@micgrp.com,,,Texas,,United States,10,8/19/2019,32884131,MIC Group LLC,MIC Group,www.micgrp.com,(979) 277-7800,3140 S Blue Bell Rd.,Brenham,Texas,77833,United States,Automotive Service & Collision Repair,Industry.consumerservices.auto,Automobile Parts Stores,Industry.retail.autoparts,132798,Sales.100MMto250M,98,Employees.50to99,35,359,811,333924,"TitleCode.IT,TitleCodeTop.Business,TitleCodeMiddle.Manager,TitleCodeMiddle.Technical,TitleCode.Manager","Manager,Engineering & Technical",https://go.zoominfo.com/#/apps/search/person/results?personProfileId=2726494292,0b8ca8745ceb76f274add10fbe25e57e,micgrp.com
-1809692506,Powers,Steven,T.,,,"Manager, Information Technology",719,Information Technology,Manager,,(832) 667-7130,spowers@millar.com,6001 A Gulf Freeway,Houston,Texas,77023,United States,14,3/21/2019,25035614,Millar Inc,Millar,www.millar.com,(832) 667-7000,6001 A Gulf Freeway,Houston,Texas,77023,United States,Medical Devices & Equipment,Industry.mfg.medical,Manufacturing,Industry.mfg,30000,Sales.25Mto50M,120,Employees.100to249,38,384,339,33,"TitleCode.IT,TitleCodeTop.Business,TitleCodeMiddle.Manager,TitleCodeMiddle.Technical,TitleCode.Manager","Manager,Engineering & Technical",https://go.zoominfo.com/#/apps/search/person/results?personProfileId=-1809692506,745d59631f9542bcf05c4bf42124bd19,millar.com
1812842602,Garden,Dustin,,,,"Manager, Information Technology",719,Information Technology,Manager,,(651) 251-9409,dgarden@minnetronix.com,1635 Energy Park Dr.,Saint Paul,Minnesota,55108,United States,17,3/21/2019,78709677,Minnetronix Inc,Minnetronix,www.minnetronix.com,(651) 917-4060,1635 Energy Park Dr.,Saint Paul,Minnesota,55108,United States,Medical Devices & Equipment,Industry.mfg.medical,Manufacturing,Industry.mfg,45000,Sales.25Mto50M,225,Employees.100to249,38,384,335999,339,"TitleCode.IT,TitleCodeTop.Business,TitleCodeMiddle.Manager,TitleCodeMiddle.Technical,TitleCode.Manager","Manager,Engineering & Technical",https://go.zoominfo.com/#/apps/search/person/results?personProfileId=1812842602,980a082cd9c881ac95e69fdd7e23a2a2,minnetronix.com
-1680753560,ONeill,John,,,,"Director, Information Technology",759,Information Technology,Director,,(847) 238-4020,joneill@mossinc.com,2600 Elmhurst Rd.,Elk Grove Village,Illinois,60007,United States,19,8/8/2019,187138771,Moss Inc,Moss,www.mossinc.com,(847) 238-4200,2600 Elmhurst Rd.,Elk Grove Village,Illinois,60007,United States,Consumer Electronics,Industry.mfg.consumer.electronics,Consumer Goods,Industry.mfg.consumer,53000,Sales.50Mto100M,538,Employees.500to999,73,738,56192,31331,"TitleCode.IT,TitleCodeTop.Business,TitleCodeMiddle.Technical,TitleCode.Director,TitleCodeMiddle.Director","Engineering & Technical,Director",https://go.zoominfo.com/#/apps/search/person/results?personProfileId=-1680753560,49a1ff6d041562a5cc9b7701350c7440,mossinc.com
1771302581,Rydalch,Steve,,,,"Manager, Corporate Information Technology",720,Information Technology,Manager,,(801) 363-6736 ext. 1205,srydalch@nfm-filter.com,691 North 400 West,Salt Lake City,Utah,84103,United States,22,8/13/2019,35226609,National Filter Media Corporation,National Filter Media,www.nfm-filter.com,(801) 363-6736,691 North 400 West,Salt Lake City,Utah,84103,United States,Industrial Machinery & Equipment,Industry.mfg.industrialmachinery,Manufacturing,Industry.mfg,83400,Sales.50Mto100M,417,Employees.250to499,35,356,33341,333413,"TitleCode.IT,TitleCodeTop.Business,TitleCodeMiddle.Manager,TitleCodeMiddle.Technical,TitleCode.Manager","Manager,Engineering & Technical",https://go.zoominfo.com/#/apps/search/person/results?personProfileId=1771302581,03dfb66fd3960891e8bd4b0d499ad404,nfm-filter.com
3149000452,Singh,Ravita,,,,"Compliance Senior Manager, Information Technology",723,Information Technology,Manager,,(628) 895-0640,rsingh@nektar.com,,,California,,United States,3,7/17/2019,27083587,Nektar Therapeutics,Nektar,www.nektar.com,(415) 482-5300,455 MISSION BAY Blvd. SOUTH,San Francisco,California,94158,United States,Drug Manufacturing & Research,Industry.healthcare.pharmaceuticals.drugs,Pharmaceuticals,Industry.healthcare.pharmaceuticals,307711,Sales.250Mto500M,509,Employees.500to999,28,283,32541,339,"TitleCodeMiddle.Manager,TitleCodeTop.Business,TitleCode.IT,TitleCode.Compliance,TitleCodeMiddle.Operations,TitleCodeMiddle.Technical,TitleCode.Manager","Operations,Manager",https://go.zoominfo.com/#/apps/search/person/results?personProfileId=3149000452,98b51997194e5c0ec25a50cb1b8b0d35,nektar.com
814769462,Schafer,Cornelia,Biddle,,,"Manager, Information Technology Data Services",719,Information Technology,Manager,,(517) 372-9200 ext. 2235,cschafer@neogen.com,620 LESHER Pl.,Lansing,Michigan,48912,United States,38,8/16/2019,27115528,Neogen Corporation,Neogen,www.neogen.com,(517) 372-9200,620 LESHER Pl.,Lansing,Michigan,48912,United States,Biotechnology,Industry.healthcare.pharmaceuticals.biotech,Pharmaceuticals,Industry.healthcare.pharmaceuticals,402252,Sales.250Mto500M,1546,Employees.1000to4999,28,283,32541,339,"TitleCode.IT,TitleCodeTop.Business,TitleCodeMiddle.Manager,TitleCode.Technical,TitleCodeMiddle.Technical,TitleCode.Manager","Manager,Engineering & Technical",https://go.zoominfo.com/#/apps/search/person/results?personProfileId=814769462,de01aeb5a518a7751c85e315b24268e3,neogen.com
-1067542649,Hulke,Ross,,,,"Project Manager, Information Technology",719,Information Technology,Manager,,(402) 435-0665 ext. 7119,rhulke@neogen.com,,,Nebraska,,United States,7,4/29/2019,27115528,Neogen Corporation,Neogen,www.neogen.com,(517) 372-9200,620 LESHER Pl.,Lansing,Michigan,48912,United States,Biotechnology,Industry.healthcare.pharmaceuticals.biotech,Pharmaceuticals,Industry.healthcare.pharmaceuticals,402252,Sales.250Mto500M,1546,Employees.1000to4999,28,283,32541,339,"TitleCode.ProjectManagement,TitleCodeMiddle.Manager,TitleCodeTop.Business,TitleCode.IT,TitleCodeMiddle.Operations,TitleCodeMiddle.Technical,TitleCode.Manager","Operations,Manager",https://go.zoominfo.com/#/apps/search/person/results?personProfileId=-1067542649,b98f07cad1add94a0f0a66719f45e028,neogen.com
1946671311,Ampuero,Victor,,,,"Support Services Supervisor, Information Technology",649,Information Technology,Manager,,(781) 401-1126,ampuero@organo.com,85 Dan Rd.,Canton,Massachusetts,2021,United States,25,8/16/2019,29147483,Organogenesis Inc,Organogenesis,www.organogenesis.com,(781) 575-0775,85 Dan Rd.,Canton,Massachusetts,2021,United States,Biotechnology,Industry.healthcare.pharmaceuticals.biotech,Pharmaceuticals,Industry.healthcare.pharmaceuticals,160000,Sales.100MMto250M,600,Employees.500to999,38,384,32541,5417,"TitleCode.IT,TitleCodeTop.Business,TitleCodeMiddle.Manager,TitleCodeMiddle.Technical,TitleCode.Manager","Manager,Engineering & Technical",https://go.zoominfo.com/#/apps/search/person/results?personProfileId=1946671311,8fdbf0b02ff7d82b5f73124bda6e0dee,organo.com
797886629,Gee,Margaret,,,,"Manager, Information Technology, Front End Application",719,Information Technology,Manager,Pacific Biosciences,(650) 521-8488,mgee@pacificbiosciences.com,1380 Willow Rd.,Menlo Park,California,94025,United States,29,8/22/2019,115671546,"Pacific Biosciences of California , Inc.",PACBIO,www.pacb.com,(650) 521-8000,1305 O'BRIEN Dr.,Menlo Park,California,94025,United States,Test & Measurement Equipment,Industry.mfg.testequipment,Manufacturing,Industry.mfg,93468,Sales.50Mto100M,456,Employees.250to499,38,382,32541,5417,"TitleCode.IT,TitleCodeTop.Business,TitleCodeMiddle.Manager,TitleCode.SoftwareEng,TitleCodeMiddle.Technical,TitleCode.Manager","Manager,Engineering & Technical",https://go.zoominfo.com/#/apps/search/person/results?personProfileId=797886629,9431f75016ee00987f61da18caecf5f4,pacificbiosciences.com
1751705286,Lahiff,Lorinda,,,,"Architecture & Shared Services Director, Information Technology",759,Information Technology,Director,,(650) 521-8467,llahiff@pacificbiosciences.com,1380 Willow Rd.,Menlo Park,California,94025,United States,26,6/27/2018,115671546,"Pacific Biosciences of California , Inc.",PACBIO,www.pacb.com,(650) 521-8000,1305 O'BRIEN Dr.,Menlo Park,California,94025,United States,Test & Measurement Equipment,Industry.mfg.testequipment,Manufacturing,Industry.mfg,93468,Sales.50Mto100M,456,Employees.250to499,38,382,32541,5417,"TitleCode.IT,TitleCodeTop.Business,TitleCode.SoftwareEng,TitleCodeMiddle.Technical,TitleCode.Director,TitleCodeMiddle.Director","Engineering & Technical,Director",https://go.zoominfo.com/#/apps/search/person/results?personProfileId=1751705286,fd79d63de4d358574525bfe25ac67be6,pacificbiosciences.com
1930790916,Graham,Jim,,,,"Manager, Information Technology",719,Information Technology,Manager,,(215) 997-2221,jgraham@penncolor.com,400 Old Dublin Pike,Doylestown,Pennsylvania,18901,United States,29,8/22/2019,29999928,Penn Color Inc,Penn Color,www.penncolor.com,(215) 345-6550,400 Old Dublin Pike,Doylestown,Pennsylvania,18901,United States,Chemicals,Industry.mfg.chemicals.chemicals,"Chemicals, Petrochemicals, Glass & Gases",Industry.mfg.chemicals,183978,Sales.100MMto250M,600,Employees.500to999,28,286,3251,32513,"TitleCode.IT,TitleCodeTop.Business,TitleCodeMiddle.Manager,TitleCodeMiddle.Technical,TitleCode.Manager","Manager,Engineering & Technical",https://go.zoominfo.com/#/apps/search/person/results?personProfileId=1930790916,b47ab7a9ee444950f0613345d41ab4ef,penncolor.com
1906626388,Wolfkind,Art,,,,"Applications Senior Manager, Information Technology",723,Information Technology,Manager,,(858) 731-9459,awolfkind@psemi.com,9380 Carroll Park Dr.,San Diego,California,92121,United States,28,8/22/2019,62063956,Peregrine Semiconductor Corporation,Peregrine Semiconductor,www.psemi.com,(858) 731-9400,9380 Carroll Park Dr.,San Diego,California,92121,United States,Semiconductor & Semiconductor Equipment,Industry.mfg.electronics.semiconductors,Electronics,Industry.mfg.electronics,202316,Sales.100MMto250M,525,Employees.500to999,36,367,33441,33,"TitleCode.IT,TitleCodeTop.Business,TitleCodeMiddle.Manager,TitleCodeMiddle.Technical,TitleCode.Manager","Manager,Engineering & Technical",https://go.zoominfo.com/#/apps/search/person/results?personProfileId=1906626388,3ee79a044035b34def09bd4f005bfddc,psemi.com
-1333313180,Bender,Michael,,,,"Manager, Information Technology",719,Information Technology,Manager,,(570) 601-3518,mbender@primus-tech.com,2333 Reach Rd.,Williamsport,Pennsylvania,17701,United States,11,5/14/2019,97173992,Primus Technologies Corp,Primus Tech,www.primus-tech.com,(570) 326-6591,2333 Reach Rd.,Williamsport,Pennsylvania,17701,United States,Electronic Components,Industry.mfg.electronics.electronics,Electronics,Industry.mfg.electronics,100000,Sales.100MMto250M,500,Employees.500to999,36,367,334419,33441,"TitleCode.IT,TitleCodeTop.Business,TitleCodeMiddle.Manager,TitleCodeMiddle.Technical,TitleCode.Manager","Manager,Engineering & Technical",https://go.zoominfo.com/#/apps/search/person/results?personProfileId=-1333313180,7f96736aa0ff6177412b765d96414731,primus-tech.com
-2042100103,Downs,Brian,,,,"Manager, Information Technology",719,Information Technology,Manager,,(618) 286-5000 ext. 166,bdowns@progressive-recovery.com,700 Industrial Dr.,Dupo,Illinois,62239,United States,18,8/9/2019,97780499,Progressive Recovery Inc,Progressive Recovery,www.progressive-recovery.com,(618) 286-5000,700 Industrial Dr.,Dupo,Illinois,62239,United States,Industrial Machinery & Equipment,Industry.mfg.industrialmachinery,Manufacturing,Industry.mfg,17800,Sales.10Mto25M,89,Employees.50to99,35,356,5417,33399,"TitleCode.IT,TitleCodeTop.Business,TitleCodeMiddle.Manager,TitleCodeMiddle.Technical,TitleCode.Manager","Manager,Engineering & Technical",https://go.zoominfo.com/#/apps/search/person/results?personProfileId=-2042100103,4f2a91251c38e6f16143cc91ff909b0d,progressive-recovery.com
1763483660,Davis,Bob,,,,"Development Manager, Information Technology",719,Information Technology,Manager,,(281) 274-6428,bob.davis@puffer.com,4230 Greenbriar,Stafford,Texas,77477,United States,38,8/13/2019,31638323,PUFFER-SWEIVEN LP,Puffer,www.puffer.com,(281) 240-2000,4230 Greenbriar,Stafford,Texas,77477,United States,Consumer Services General,Industry.consumerservices.general,Consumer Services,Industry.consumerservices,109500,Sales.100MMto250M,547,Employees.500to999,50,508,4238,42,"TitleCode.IT,TitleCodeTop.Business,TitleCodeMiddle.Manager,TitleCode.SoftwareEng,TitleCodeMiddle.Technical,TitleCode.Manager","Manager,Engineering & Technical",https://go.zoominfo.com/#/apps/search/person/results?personProfileId=1763483660,b42d6f1056ad7276639b14d740f7c6d5,puffer.com
2048711404,Cantello,Jody,,,,IT Infrastructure Manager,719,Information Technology,Manager,,(469) 646-5864,jcantello@republicelite.com,,Marshall,Texas,75672,United States,26,8/15/2019,105333419,"Republic Elite , LLC",Republic Elite,www.republicelite.com,(972) 606-9667,15167 Business Ave.,Addison,Texas,75001,United States,"Lumber, Wood Production & Timber Operations",Industry.mfg.building.lumber,"Miscellaneous Building Materials (Flooring, Cabinets, etc.)",Industry.mfg.building.other,100000,Sales.100MMto250M,450,Employees.250to499,24,243,444,238330,"TitleCode.IT,TitleCodeTop.Business,TitleCodeMiddle.Manager,TitleCodeMiddle.Technical,TitleCode.Manager","Manager,Engineering & Technical",https://go.zoominfo.com/#/apps/search/person/results?personProfileId=2048711404,90116401ebb0138a2bcab6f68a9c5487,republicelite.com
-2080118208,Miller,Kirk,,,,"Manager, Information Technology",719,Information Technology,Manager,,(972) 280-8443,kmiller@rochestergauges.com,11616 Harry Hines Blvd.,Dallas,Texas,75229,United States,62,7/8/2019,63996300,"Rochester Gauges , Inc.",Rochester Gauges,www.rochestergauges.com,(972) 241-2161,11616 Harry Hines Blvd.,Dallas,Texas,75229,United States,Industrial Machinery & Equipment,Industry.mfg.industrialmachinery,Manufacturing,Industry.mfg,16200,Sales.10Mto25M,81,Employees.50to99,35,359,33271,332,"TitleCode.IT,TitleCodeTop.Business,TitleCodeMiddle.Manager,TitleCodeMiddle.Technical,TitleCode.Manager","Manager,Engineering & Technical",https://go.zoominfo.com/#/apps/search/person/results?personProfileId=-2080118208,d6bb8b36f86d527833fa7809dc247485,rochestergauges.com
351240670,Jaszka,John,,,,"Controller & Director, Information Technology",819,Information Technology,Director,,(630) 384-5515,jjaszka@royaldie.com,125 Mercedes Dr.,Carol Stream,Illinois,60188,United States,94,8/7/2019,101482834,Royal Die & Stamping Co. Inc,Royal Die,www.royaldie.com,(630) 766-2685,125 Mercedes Dr.,Carol Stream,Illinois,60188,United States,"Miscellaneous Building Materials (Flooring, Cabinets, etc.)",Industry.mfg.building.other,Building Materials,Industry.mfg.building,73600,Sales.50Mto100M,368,Employees.250to499,34,346,332119,5416,"TitleCodeMiddle.Director,TitleCodeTop.Business,TitleCode.IT,TitleCodeMiddle.Finance,TitleCodeMiddle.Technical,TitleCode.Director,TitleCode.Accounting","Finance,Director",https://go.zoominfo.com/#/apps/search/person/results?personProfileId=351240670,d245e4e129a614711a2507a782cb3ce9,royaldie.com
565731788,Lasseter,Vince,,,,"Director, Quality Information Technology",759,Quality Management,Director,,,vlasseter@royaldie.com,125 Mercedes Dr.,Carol Stream,Illinois,60188,United States,6,4/12/2019,101482834,Royal Die & Stamping Co. Inc,Royal Die,www.royaldie.com,(630) 766-2685,125 Mercedes Dr.,Carol Stream,Illinois,60188,United States,"Miscellaneous Building Materials (Flooring, Cabinets, etc.)",Industry.mfg.building.other,Building Materials,Industry.mfg.building,73600,Sales.50Mto100M,368,Employees.250to499,34,346,332119,5416,"TitleCode.Quality,TitleCodeMiddle.Director,TitleCodeTop.Business,TitleCode.IT,TitleCodeMiddle.Operations,TitleCodeMiddle.Technical,TitleCode.Director","Operations,Director",https://go.zoominfo.com/#/apps/search/person/results?personProfileId=565731788,840f616abef7cfd7de42124062ea7468,royaldie.com
204076600,Little,Walter,P.,,Jr.,"Manager, Information Technology",719,Information Technology,Manager,,,walterl@2-sight.com,,Los Angeles,California,,United States,21,8/24/2019,47743546,"Second Sight Medical Products , Inc.",Second Sight,www.secondsight.com,(818) 833-5000,"12744 SAN FERNANDO Rd., Bldg. 3",Sylmar,California,91342,United States,Medical Devices & Equipment,Industry.mfg.medical,Manufacturing,Industry.mfg,7964,Sales.5Mto10M,112,Employees.100to249,38,384,339,5417,"TitleCode.IT,TitleCodeTop.Business,TitleCodeMiddle.Manager,TitleCodeMiddle.Technical,TitleCode.Manager","Manager,Engineering & Technical",https://go.zoominfo.com/#/apps/search/person/results?personProfileId=204076600,31c734609d7e9b7306445a5bc8c9f4b4,2-sight.com
-1348451233,Skulpone,Sakorn,,,,"Manager, Information Technology",719,Information Technology,Manager,,(408) 385-7550,sskulpone@shockwavemedical.com,48501 WARM SPRINGS Blvd. Ste. 108,Fremont,California,94539,United States,4,6/17/2019,359197566,Shockwave Medical Inc,Shockwave Medical,www.shockwavemedical.com,(510) 279-4262,48501 WARM SPRINGS Blvd. Ste. 108,Fremont,California,94539,United States,Medical Devices & Equipment,Industry.mfg.medical,Manufacturing,Industry.mfg,12200,Sales.10Mto25M,162,Employees.100to249,38,384,33451,334510,"TitleCode.IT,TitleCodeTop.Business,TitleCodeMiddle.Manager,TitleCodeMiddle.Technical,TitleCode.Manager","Manager,Engineering & Technical",https://go.zoominfo.com/#/apps/search/person/results?personProfileId=-1348451233,8ca4a944bfb53c1b5dae9a88397cd42a,shockwavemedical.com
1737206624,Miller,David,C.,,,"Manager, Information Technology (North America)",719,Information Technology,Manager,,(559) 233-4500 ext. 4821,davidcm@sinclair-intl.com,3115 S Willow Ave.,Fresno,California,93725,United States,32,6/10/2019,61179313,Sinclair International Ltd,Sinclair International,www.sinclair-intl.com,(509) 665-6911,2605 Chester Kimm Rd.,Wenatchee,Washington,98801,United States,Food & Beverages,Industry.mfg.food.food,"Food, Beverages & Tobacco",Industry.mfg.food,115960,Sales.100MMto250M,72,Employees.50to99,35,355,56191,5619,"TitleCode.IT,TitleCodeTop.Business,TitleCodeMiddle.Manager,TitleCodeMiddle.Technical,TitleCode.Manager","Manager,Engineering & Technical",https://go.zoominfo.com/#/apps/search/person/results?personProfileId=1737206624,3db79efc8691170e21766c11f244b453,sinclair-intl.com
1750656057,Hernandez,Patrick,,,,"Director, Information Technology",759,Information Technology,Director,,(203) 659-1075,phernandez@smartequip.com,20 Glover Ave. 5Th Fl.,Norwalk,Connecticut,6850,United States,23,6/11/2019,110053020,"SmartEquip , Inc.",SmartEquip,www.smartequip.com,(203) 899-1800,20 Glover Ave. 5Th Fl.,Norwalk,Connecticut,6850,United States,Industrial Machinery & Equipment,Industry.mfg.industrialmachinery,Manufacturing,Industry.mfg,24800,Sales.10Mto25M,124,Employees.100to249,50,508,541511,4238,"TitleCode.IT,TitleCodeTop.Business,TitleCodeMiddle.Technical,TitleCode.Director,TitleCodeMiddle.Director","Engineering & Technical,Director",https://go.zoominfo.com/#/apps/search/person/results?personProfileId=1750656057,334301927fe92e826ef45e64e880ab99,smartequip.com
1625848889,Marshalek,Michael,,,,"Director, Information Technology",759,Information Technology,Director,,(412) 837-5333,mmarshalek@smithmicro.com,5800 Corporate Dr.,Pittsburgh,Pennsylvania,15237,United States,26,7/30/2019,35340452,Smith Micro Software Inc,Smith Micro,www.smithmicro.com,(949) 362-5800,51 Columbia Ste. 200,Aliso Viejo,California,92656,United States,Software Development & Design,Industry.software.mfg,Software,Industry.software,26200,Sales.25Mto50M,161,Employees.100to249,73,737,541511,334614,"TitleCode.IT,TitleCodeTop.Business,TitleCodeMiddle.Technical,TitleCode.Director,TitleCodeMiddle.Director","Engineering & Technical,Director",https://go.zoominfo.com/#/apps/search/person/results?personProfileId=1625848889,66607364a51bda133f5fd44cd4c24657,smithmicro.com
1628870204,Cheesman,Ryan,,,,"Manager, IT Services",719,Information Technology,Manager,,(858) 366-6944,rcheesman@tandemdiabetes.com,11045 Roselle St. Ste. 200,San Diego,California,92121,United States,68,3/27/2019,353587225,Tandem Diabetes Care Inc,Tandem Diabetes,www.tandemdiabetes.com,(858) 366-6900,11045 Roselle St. Ste. 200,San Diego,California,92121,United States,Medical Devices & Equipment,Industry.mfg.medical,Manufacturing,Industry.mfg,107601,Sales.100MMto250M,653,Employees.500to999,38,384,339,33,"TitleCode.IT,TitleCodeTop.Business,TitleCodeMiddle.Manager,TitleCodeMiddle.Technical,TitleCode.Manager","Manager,Engineering & Technical",https://go.zoominfo.com/#/apps/search/person/results?personProfileId=1628870204,ae03d4b3b685df15bb65b04fa94ee5db,tandemdiabetes.com
1524064863,Fasko,Travis,J.,,,"Senior Manager, Information Technology",723,Information Technology,Manager,,(330) 995-1331,tfasko@tcpi.com,325 Campus Dr.,Aurora,Ohio,44202,United States,39,8/24/2019,344585098,Technical Consumer Products Inc,TCPI,www.tcpi.com,(330) 995-6111,325 Campus Dr.,Aurora,Ohio,44202,United States,Electronic Components,Industry.mfg.electronics.electronics,Electronics,Industry.mfg.electronics,221890,Sales.100MMto250M,7000,Employees.5000to9999,36,364,5511,3351,"TitleCode.IT,TitleCodeTop.Business,TitleCodeMiddle.Manager,TitleCodeMiddle.Technical,TitleCode.Manager","Manager,Engineering & Technical",https://go.zoominfo.com/#/apps/search/person/results?personProfileId=1524064863,46f49adac19aa16b99d31fa2223ce166,tcpi.com
1752178508,Sztubinski,Joanne,,,,"Director, Information Technology",759,Information Technology,Director,,(610) 940-5448,joanne.sztubinski@testequity.com,,Plymouth Meeting,Pennsylvania,19462,United States,34,8/24/2019,50118975,TestEquity LLC,TestEquity,www.testequity.com,(805) 498-9933,6100 Condor Dr.,Moorpark,California,93021,United States,Plumbing & HVAC Equipment,Industry.mfg.building.plumbing,Building Materials,Industry.mfg.building,90000,Sales.50Mto100M,450,Employees.250to499,50,508,45,454111,"TitleCode.IT,TitleCodeTop.Business,TitleCodeMiddle.Technical,TitleCode.Director,TitleCodeMiddle.Director","Engineering & Technical,Director",https://go.zoominfo.com/#/apps/search/person/results?personProfileId=1752178508,c44d9055735822b67ed5fbd6cb8a4e55,testequity.com
-1883458890,Peters,Noel,,,,"Director, Information Technology",759,Information Technology,Director,,(231) 944-7149,npeters@oilgear.com,1424 International Dr.,Traverse City,Michigan,49686,United States,20,6/12/2019,28704859,The Oilgear Company,Oilgear,www.oilgear.com,(231) 929-1660,1424 International Dr.,Traverse City,Michigan,49686,United States,Industrial Machinery & Equipment,Industry.mfg.industrialmachinery,Manufacturing,Industry.mfg,150000,Sales.100MMto250M,350,Employees.250to499,35,359,333995,333996,"TitleCode.IT,TitleCodeTop.Business,TitleCodeMiddle.Technical,TitleCode.Director,TitleCodeMiddle.Director","Engineering & Technical,Director",https://go.zoominfo.com/#/apps/search/person/results?personProfileId=-1883458890,797ddcbc975b6a3ee0e66f363af0024e,oilgear.com
-1438304581,Lynch,Alfred,,,,"Manager, Information Technology",719,Information Technology,Manager,,(814) 878-5407,clynch@plastekgroup.com,2425 W 23Rd St.,Erie,Pennsylvania,16506,United States,9,8/8/2019,67437301,The Plastek Group,Plastek,www.plastekgroup.com,(814) 878-4400,2425 W 23Rd St.,Erie,Pennsylvania,16506,United States,"Plastic, Packaging & Containers",Industry.mfg.plastic,Manufacturing,Industry.mfg,100000,Sales.100MMto250M,1700,Employees.1000to4999,30,308,56191,5619,"TitleCode.IT,TitleCodeTop.Business,TitleCodeMiddle.Manager,TitleCodeMiddle.Technical,TitleCode.Manager","Manager,Engineering & Technical",https://go.zoominfo.com/#/apps/search/person/results?personProfileId=-1438304581,1b1b180b71d3c0962ad27ce785c9eb88,plastekgroup.com
666076231,Wu,Austin,,,,"Manager, Management Information Systems",719,Information Technology,Manager,,(847) 593-6348,austin.wu@thermos.com,"2550 West Golf roade, Ste. 800",Rolling Meadows,Illinois,60008,United States,18,4/10/2019,345005411,Thermos L.L.C,Thermos,www.thermos.com,(847) 439-7821,475 N. Martingale Rd. Ste. 1100,Schaumburg,Illinois,60173,United States,Consumer Goods,Industry.mfg.consumer,Manufacturing,Industry.mfg,9500,Sales.5Mto10M,220,Employees.100to249,34,342,33251,332510,"TitleCode.IT,TitleCodeTop.Business,TitleCodeMiddle.Manager,TitleCodeMiddle.Technical,TitleCode.Manager","Manager,Engineering & Technical",https://go.zoominfo.com/#/apps/search/person/results?personProfileId=666076231,a17a0d16457f8a4d35a2f9d075e8ee1a,thermos.com
2104256909,McCulley,Wayne,,,,"Manager, Information Technology, Facilities, EH&S & Security",719,Facilities,Manager,,,wayne.mcculley@ultra-os.com,,,,,United States,7,8/22/2019,346082532,Ultra Electronics Ocean Systems Inc.,Ultra Electronics,www.ultra-os.com,(781) 848-3400,115 Bay State Dr.,Braintree,Massachusetts,2184,United States,Aerospace & Defense,Industry.mfg.aerospace,Manufacturing,Industry.mfg,13200,Sales.10Mto25M,66,Employees.50to99,372,37,33,336,"TitleCode.Facilities,TitleCodeMiddle.Manager,TitleCodeTop.Business,TitleCode.IT,TitleCodeMiddle.Operations,TitleCodeMiddle.Technical,TitleCode.Manager","Operations,Manager",https://go.zoominfo.com/#/apps/search/person/results?personProfileId=2104256909,83562aebe7a5b6bac7ae5de008001e45,ultra-os.com
2079844389,Hamilton,Mike,,,,"Director, IT Infrastructure",759,Information Technology,Director,,(978) 749-3254,mhamilton@vicorpower.com,25 Frontage Rd.,Andover,Massachusetts,1810,United States,28,8/6/2019,153518114,Vicor Corporation,Vicor,www.vicorpower.com,(978) 470-2900,25 Frontage Rd.,Andover,Massachusetts,1810,United States,Electronic Components,Industry.mfg.electronics.electronics,Electronics,Industry.mfg.electronics,227830,Sales.100MMto250M,970,Employees.500to999,36,367,33599,334419,"TitleCode.IT,TitleCodeTop.Business,TitleCodeMiddle.Technical,TitleCode.Director,TitleCodeMiddle.Director","Engineering & Technical,Director",https://go.zoominfo.com/#/apps/search/person/results?personProfileId=2079844389,b15e8a0a4d512ece7435e12476dd1e72,vicorpower.com
2053324935,Mead,Christopher,,,,"Supply Chain Systems Program Manager, Information Technology",719,Logistics,Manager,,(801) 229-6537,christopher.mead@vivintsolar.com,3301 N Thanksgiving Way Ste. 500,Lehi,Utah,84043,United States,25,8/24/2019,346712529,Vivint Solar Inc,Vivint,www.vivintsolar.com,(801) 377-9111,1800 WEST ASHTON Blvd.,Lehi,Utah,84043,United States,Commercial & Residential Construction,Industry.construction.construction,Construction,Industry.construction,268028,Sales.250Mto500M,4000,Employees.1000to4999,17,176,23816,56,"TitleCodeMiddle.Administration,TitleCodeMiddle.Manager,TitleCode.Logistics,TitleCode.Administration,TitleCode.IT,TitleCodeTop.Business,TitleCodeMiddle.Operations,TitleCodeMiddle.Technical,TitleCode.Manager","Operations,Manager",https://go.zoominfo.com/#/apps/search/person/results?personProfileId=2053324935,2e8324563c4c83cdb76de12cdbd6b72a,vivintsolar.com
2158117816,Litzinger,Jake,,,,"Manager, Information Technology",719,Information Technology,Manager,,(562) 324-2021 ext. 2021,jakelitzinger@votaw.com,13153 Lakeland Rd.,Santa Fe Springs,California,90670,United States,14,3/4/2019,125599816,VOTAW Precision Technologies Inc,VOTAW,www.votaw.com,(562) 944-0661,13153 Lakeland Rd.,Santa Fe Springs,California,90670,United States,Personal Computers & Peripherals,Industry.mfg.computers.computers,Consumer Electronics,Industry.mfg.consumer.electronics,30000,Sales.25Mto50M,150,Employees.100to249,35,357,3343,3341,"TitleCode.IT,TitleCodeTop.Business,TitleCodeMiddle.Manager,TitleCodeMiddle.Technical,TitleCode.Manager","Manager,Engineering & Technical",https://go.zoominfo.com/#/apps/search/person/results?personProfileId=2158117816,7501c3470a3e2880d918ec0ad91fa2a1,votaw.com
