﻿Zoom Individual ID,Last name,First name,Middle name,Salutation,Suffix,Job title,Job title hierarchy level,Job Function,Management Level,Company division name,Direct Phone Number,Email address,Person Street,Person City,Person State,Person Zip,Country,Source count,Last updated date,Zoom company ID,Company name,Marketing Friendly Name,Company domain name,Company phone number,Company Street address,Company City,Company State,Company ZIP/Postal code,Company Country,Industry label,Industry hierarchical category,Secondary industry label,Secondary industry hierarchical category,Revenue (in 000s),Revenue Range,Employees,Employees Range,SIC1,SIC2,NAICS1,NAICS2,TitleCode,Highest Level Job Function,Contact Zoom URL,Encrypted Email Address,Email Domain
1596991462,Block,Antonius,,,,"Director, Information Technology & IT Administrator & System Success Administrator & Manager",760,Information Technology,Director,,,antonius.block@9starinc.com,3801 N. Capital of TX Hwy. Ste. E240-189,Austin,Texas,78746,United States,10,4/12/2019,151912619,9STAR RESEARCH INC,9STAR,www.9starinc.com,(888) 999-8934,3801 N. Capital of TX Hwy. Ste. E240-189,Austin,Texas,78746,United States,Software Development & Design,Industry.software.mfg,Software,Industry.software,26446,Sales.25Mto50M,134,Employees.100to249,737,73,5182,51,"TitleCodeMiddle.Administration,TitleCodeMiddle.Manager,TitleCode.Administration,TitleCodeMiddle.Director,TitleCode.IT,TitleCodeTop.Business,TitleCodeMiddle.Technical,TitleCode.Director,TitleCode.Manager","Manager,Director",https://go.zoominfo.com/#/apps/search/person/results?personProfileId=1596991462,31d96d48719579d1add9e5dd2eee5045,9starinc.com
310803646,Savary,Steve,,,,"Director, Information Technology",759,Information Technology,Director,,(563) 583-7311 ext. 5250,ssavary@aymcdonald.com,4800 Chavenelle Rd.,Dubuque,Iowa,52002,United States,69,11/20/2019,10111666,A.Y. McDonald Mfg. Co.,A.Y. McDonald,www.aymcdonald.com,(563) 583-7311,4800 Chavenelle Rd.,Dubuque,Iowa,52002,United States,Home Improvement & Hardware Retail,Industry.retail.hardware,Retail,Industry.retail,205510,Sales.100MMto250M,585,Employees.500to999,52,525,33291,444,"TitleCode.IT,TitleCodeTop.Business,TitleCodeMiddle.Technical,TitleCode.Director,TitleCodeMiddle.Director","Engineering & Technical,Director",https://go.zoominfo.com/#/apps/search/person/results?personProfileId=310803646,9739ab8566692b745da96eeb206a6217,aymcdonald.com
-2056007340,Berg,Korey,,,,"Director, Marketing & Information Technology",759,General Marketing,Director,,(952) 466-8210,kberg@acousticalsurfaces.com,123 Columbia Ct. North Ste. 201,Chaska,Minnesota,55318,United States,11,11/25/2019,954437,Acoustical Surfaces Inc,Acoustical Surfaces,www.acousticalsurfaces.com,(952) 448-5300,123 Columbia Ct. North Ste. 201,Chaska,Minnesota,55318,United States,"Miscellaneous Building Materials (Flooring, Cabinets, etc.)",Industry.mfg.building.other,Building Materials,Industry.mfg.building,8881,Sales.5Mto10M,45,Employees.20to49,,,,,"TitleCode.Marketing,TitleCodeMiddle.Director,TitleCodeTop.Business,TitleCode.IT,TitleCodeMiddle.Marketing,TitleCodeMiddle.Technical,TitleCode.Director","Marketing,Director",https://go.zoominfo.com/#/apps/search/person/results?personProfileId=-2056007340,5381ac90863ff335f346e52837fd626c,acousticalsurfaces.com
1699491868,Smith,Mandy,,,,"Director, Information Technology & NetSuite Administrator",760,Information Technology,Director,,(219) 764-3010 ext. 401,smithm@alliedvalve.com,,Portage,Indiana,46368,United States,61,11/26/2019,9490896,Allied Valve Inc,Allied Valve,www.alliedvalveinc.com,(219) 764-3010,1019 W. Grand Ave.,Chicago,Illinois,60642,United States,Industrial Machinery & Equipment,Industry.mfg.industrialmachinery,Manufacturing,Industry.mfg,19200,Sales.10Mto25M,96,Employees.50to99,35,,4238,42,"TitleCodeMiddle.Administration,TitleCode.Administration,TitleCodeMiddle.Director,TitleCodeTop.Business,TitleCode.IT,TitleCodeMiddle.Technical,TitleCode.Director","Engineering & Technical,Director",https://go.zoominfo.com/#/apps/search/person/results?personProfileId=1699491868,b8d8b3c53c8d6e0b92e2a99fe5d25206,alliedvalve.com
968435838,McCormick,Curtis,,,,"Director, Information Technology",759,Information Technology,Director,,(412) 464-1730 ext. 13,cmccormick@alpscontrols.com,217 West 8th Ave.,Homestead,Pennsylvania,15120,United States,29,11/19/2019,4246421,Alps Controls Inc.,Alps Controls,www.alpscontrols.com,(412) 464-1730,217 West 8th Ave.,Homestead,Pennsylvania,15120,United States,Plumbing & HVAC Equipment,Industry.mfg.building.plumbing,Building Materials,Industry.mfg.building,107395,Sales.100MMto250M,33,Employees.20to49,50,507,4237,42,"TitleCode.IT,TitleCodeTop.Business,TitleCodeMiddle.Technical,TitleCode.Director,TitleCodeMiddle.Director","Engineering & Technical,Director",https://go.zoominfo.com/#/apps/search/person/results?personProfileId=968435838,a6c1226b2782fca91b3f38769eeaa7d3,alpscontrols.com
8499306,Moffitt,Terry,,,,"Director, Information Technology",759,Information Technology,Director,,(509) 252-5727,tmoffitt@altek-inc.com,22819 E. Appleway Ave.,Liberty Lake,Washington,99019,United States,17,10/11/2019,4395527,"Altek , Inc.",Altek,www.altek-inc.com,(509) 924-3731,22819 E. Appleway Ave.,Liberty Lake,Washington,99019,United States,"Miscellaneous Building Materials (Flooring, Cabinets, etc.)",Industry.mfg.building.other,Building Materials,Industry.mfg.building,46769,Sales.25Mto50M,180,Employees.100to249,30,308,3341,339,"TitleCode.IT,TitleCodeTop.Business,TitleCodeMiddle.Technical,TitleCode.Director,TitleCodeMiddle.Director","Engineering & Technical,Director",https://go.zoominfo.com/#/apps/search/person/results?personProfileId=8499306,254158d784b5cfa6ba592ba8a333d24c,altek-inc.com
2333730275,Maldonado-Rodriguez,Flor,,,,"Director, Information Technology",759,Information Technology,Director,,(323) 728-2999 ext. 160,f-maldonado-rodriguez@aiibeauty.com,2220 Gaspar Ave.,Los Angeles,California,90040,United States,26,11/25/2019,4853922,American International Industries,AII,www.aiibeauty.com,(323) 728-2999,2220 Gaspar Ave.,Los Angeles,California,90040,United States,"Cosmetics, Beauty Supply & Personal Care Products",Industry.mfg.consumer.cosmetics,Consumer Goods,Industry.mfg.consumer,100000,Sales.100MMto250M,750,Employees.500to999,28,284,42421,325611,"TitleCode.IT,TitleCodeTop.Business,TitleCodeMiddle.Technical,TitleCode.Director,TitleCodeMiddle.Director","Engineering & Technical,Director",https://go.zoominfo.com/#/apps/search/person/results?personProfileId=2333730275,a376cccb4f35b469acd8ef281e6a864b,aiibeauty.com
1932106368,Abbott,Dave,,,,"Director, IT Operations",759,Operations,Director,,(858) 453-7200 ext. 1505,dabbott@arenapharm.com,6166 Nancy Ridge Dr.,San Diego,California,92121,United States,50,11/22/2019,7213319,Arena Pharmaceuticals Inc,Arena Pharmeceuticals,www.arenapharm.com,(858) 453-7200,6166 Nancy Ridge Dr.,San Diego,California,92121,United States,Drug Manufacturing & Research,Industry.healthcare.pharmaceuticals.drugs,Pharmaceuticals,Industry.healthcare.pharmaceuticals,17970,Sales.10Mto25M,194,Employees.100to249,37,28,32541,5417,"TitleCode.Operations,TitleCodeMiddle.Director,TitleCodeTop.Business,TitleCode.IT,TitleCodeMiddle.Operations,TitleCodeMiddle.Technical,TitleCode.Director","Operations,Director",https://go.zoominfo.com/#/apps/search/person/results?personProfileId=1932106368,d75a7ba895b28933dc39afe089366176,arenapharm.com
3282992677,Hicks,Jed,,,,"Director, Information Technology",759,Information Technology,Director,,,jhicks@asmodeena.com,1995 County Rd. B2 West,Roseville,Minnesota,55113,United States,4,11/21/2019,372109854,Asmodee North America Inc,Asmodee,www.asmodeena.com,(651) 639-1905,1995 County Rd. B2 West,Saint Paul,Minnesota,55113,United States,Toys & Games,Industry.mfg.toys,Manufacturing,Industry.mfg,8890,Sales.5Mto10M,46,Employees.20to49,394,39,339,33,"TitleCode.IT,TitleCodeTop.Business,TitleCodeMiddle.Technical,TitleCode.Director,TitleCodeMiddle.Director","Engineering & Technical,Director",https://go.zoominfo.com/#/apps/search/person/results?personProfileId=3282992677,bafecc2a1457a23647efe4bc7e9103bd,asmodeena.com
2624388279,Montes,Desiree,,,,"Director, Finance, Information Technology & Human Resources",759,Information Technology,Director,,(561) 802-8180 ext. 178,desiree.montes@babor.com,"430 S. Congress Ave., Ste. 2",Delray Beach,Florida,33445,United States,8,11/26/2019,3703869,Babor,Babor,www.babor.com,(561) 832-9385,"430 S. Congress Ave., Ste. 2",Delray Beach,Florida,33445,United States,"Cosmetics, Beauty Supply & Personal Care Products",Industry.mfg.consumer.cosmetics,Consumer Goods,Industry.mfg.consumer,42630,Sales.25Mto50M,216,Employees.100to249,2844,284,446,44612,"TitleCodeMiddle.HR,TitleCodeMiddle.Director,TitleCode.IT,TitleCodeTop.Business,TitleCodeMiddle.Finance,TitleCode.Finance,TitleCode.HR,TitleCodeMiddle.Technical,TitleCode.Director","Human Resources,Director",https://go.zoominfo.com/#/apps/search/person/results?personProfileId=2624388279,b62891a92aef4c3bba496ff24f307d3e,babor.com
-1323545785,Bowen,Andy,,,,"Director, Information Technology",759,Information Technology,Director,,(765) 497-8432,abowen@basinc.com,,,Indiana,,United States,12,10/25/2019,4735418,Bioanalytical Systems Inc,Bionalytical Systems,www.basinc.com,(765) 463-4527,2701 KENT Ave.,West Lafayette,Indiana,47906,United States,Medical Testing & Clinical Laboratories,Industry.healthcare.medicaltesting,Healthcare,Industry.healthcare,26346,Sales.25Mto50M,235,Employees.100to249,87,873,339,5417,"TitleCode.IT,TitleCodeTop.Business,TitleCodeMiddle.Technical,TitleCode.Director,TitleCodeMiddle.Director","Engineering & Technical,Director",https://go.zoominfo.com/#/apps/search/person/results?personProfileId=-1323545785,b9863a2f8eca0010de80a6ad45cc04fa,basinc.com
1772121220,Disch,Kevin,,,,"Director, IT Infrastructure",759,Information Technology,Director,,(610) 729-7147,kevin.disch@biotelinc.com,1000 Cedar Hollow Rd. Ste. 102,Malvern,Pennsylvania,19355,United States,53,11/19/2019,8521131,"BioTelemetry , Inc.",BioTelemetry,www.gobio.com,(610) 729-7000,1000 Cedar Hollow Rd. Ste. 102,Malvern,Pennsylvania,19355,United States,Healthcare General,Industry.healthcare.general,Healthcare,Industry.healthcare,399472,Sales.250Mto500M,1500,Employees.1000to4999,38,384,5417,339,"TitleCode.IT,TitleCodeTop.Business,TitleCodeMiddle.Technical,TitleCode.Director,TitleCodeMiddle.Director","Engineering & Technical,Director",https://go.zoominfo.com/#/apps/search/person/results?personProfileId=1772121220,b7b20853fe38c391a12a5a0347646dd1,biotelinc.com
1585941346,Luciano,Carlo,,,,"IT Services Director, Clinical Engineering",759,Health Professionals,Director,,(412) 623-2843,lucianoc@msx.upmc.edu,,,Pennsylvania,,United States,75,11/14/2019,12111316,BioTronics Inc.,BioTronics,www.biotronics.com,(412) 578-9600,1020 Madison Ave.,Pittsburgh,Pennsylvania,15212,United States,Medical Devices & Equipment,Industry.mfg.medical,Manufacturing,Industry.mfg,7237,Sales.5Mto10M,37,Employees.20to49,384,38,,,"TitleCodeTop.Medical,TitleCode.HealthProf,TitleCodeMiddle.Health,TitleCodeMiddle.Director,TitleCode.IT,TitleCodeTop.Business,TitleCode.Engineer,TitleCodeMiddle.Technical,TitleCode.Director","Director,Medical & Health",https://go.zoominfo.com/#/apps/search/person/results?personProfileId=1585941346,53f5e614c835e6d2366a200526aec1e2,msx.upmc.edu
-1481591886,Stepney,Tony,,,,Partner and Director of Information Technology,870,Information Technology,C-Level,,(773) 607-9562,tstepney@bodimetrics.com,,Atlanta,Georgia,,United States,26,11/21/2019,371244667,BodiMetrics LLC,BodiMetrics,www.bodimetrics.com,(844) 744-8800,1601 N Sepulveda Blvd. - Ste. 839,Manhattan Beach,California,90266,United States,Medical Devices & Equipment,Industry.mfg.medical,Manufacturing,Industry.mfg,586,Sales.500Kto1M,3,Employees.1to4,384,38,,,"TitleCode.IT,TitleCodeTop.Business,TitleCodeMiddle.Exec,TitleCodeMiddle.Technical,TitleCode.Director,TitleCode.Exec","C-Level,Engineering & Technical",https://go.zoominfo.com/#/apps/search/person/results?personProfileId=-1481591886,89476c84241d41ee1895af54acd55f82,bodimetrics.com
1689660637,Phillips,Don,,,,"General Manager, Information Technology",889,Information Technology,C-Level,,(636) 534-5692,dphillips@boomerangtube.com,14567 N Outer 40 Rd.,Chesterfield,Missouri,63017,United States,27,10/8/2019,346643803,Boomerang Tube LLC,Boomerang Tube,www.boomerangtube.com,(636) 534-5555,14567 N Outer 40 Rd.,Chesterfield,Missouri,63017,United States,Plumbing & HVAC Equipment,Industry.mfg.building.plumbing,Building Materials,Industry.mfg.building,98682,Sales.50Mto100M,500,Employees.500to999,33,331,33121,332,"TitleCode.Exec,TitleCodeTop.Business,TitleCode.TopExec,TitleCode.IT,TitleCodeMiddle.Exec,TitleCodeMiddle.Technical,TitleCodeMiddle.TopExec","Engineering & Technical,General Management",https://go.zoominfo.com/#/apps/search/person/results?personProfileId=1689660637,2df585e991d4a258062a16b98df20894,boomerangtube.com
2058638180,Shafer,Scott,,,,"Director, IT Risk, Governance & Compliance",759,Information Technology,Director,,(603) 501-6563,sshafer@bottomline.com,325 CORPORATE Dr.,Portsmouth,New Hampshire,3801,United States,35,11/22/2019,16781030,Bottomline Technologies Inc,Bottomline Technologies,www.bottomline.com,(603) 436-0700,325 CORPORATE Dr.,Portsmouth,New Hampshire,3801,United States,Software Development & Design,Industry.software.mfg,Software,Industry.software,421962,Sales.250Mto500M,1900,Employees.1000to4999,73,737,5259,334614,"TitleCodeMiddle.Director,TitleCode.IT,TitleCodeTop.Business,TitleCode.Compliance,TitleCodeMiddle.Finance,TitleCode.Finance,TitleCodeMiddle.Operations,TitleCodeMiddle.Technical,TitleCode.Director","Finance,Director",https://go.zoominfo.com/#/apps/search/person/results?personProfileId=2058638180,3868a6b61dae26ed36519c069f8b6881,bottomline.com
-2038876980,Ballard,Matthew,,,,"Director, Information Technology",759,Information Technology,Director,,(812) 218-7206,mballard@brinly.com,3230 Industrial Pkwy.,Jeffersonville,Indiana,47130,United States,22,11/21/2019,13158357,Brinly-Hardy Company,Brinly-Hardy,www.brinly.com,(812) 218-7200,3230 Industrial Pkwy.,Jeffersonville,Indiana,47130,United States,Industrial Machinery & Equipment,Industry.mfg.industrialmachinery,Manufacturing,Industry.mfg,18157,Sales.10Mto25M,92,Employees.50to99,35,,,,"TitleCode.IT,TitleCodeTop.Business,TitleCodeMiddle.Technical,TitleCode.Director,TitleCodeMiddle.Director","Engineering & Technical,Director",https://go.zoominfo.com/#/apps/search/person/results?personProfileId=-2038876980,f73dd8d4eaf0d64124a838b9307b1430,brinly.com
-1571521088,Wheeler,Steve,,,,"General Manager, Information Technology",889,Information Technology,C-Level,,(419) 866-8901,stevewheeler@buntingbearings.com,1001 Holland Park Blvd.,Holland,Ohio,43528,United States,13,10/25/2019,18221291,Bunting Bearings and Bronze LLC,Bunting Bearings,www.buntingbearings.com,(419) 866-7000,1001 Holland Park Blvd.,Holland,Ohio,43528,United States,Industrial Machinery & Equipment,Industry.mfg.industrialmachinery,Manufacturing,Industry.mfg,32170,Sales.25Mto50M,163,Employees.100to249,35,356,3332,33361,"TitleCode.Exec,TitleCodeTop.Business,TitleCode.TopExec,TitleCode.IT,TitleCodeMiddle.Exec,TitleCodeMiddle.Technical,TitleCodeMiddle.TopExec","Engineering & Technical,General Management",https://go.zoominfo.com/#/apps/search/person/results?personProfileId=-1571521088,ebbc1921f83d257e1b67939439596e62,buntingbearings.com
-2069288153,Semeyn,Benjamin,,,,"Director, Global IT",759,Information Technology,Director,,(616) 234-1347,ben.semeyn@burkeportergroup.com,730 Plymouth Ave. Ne,Grand Rapids,Michigan,49505,United States,26,11/20/2019,18665583,Burke E. Porter Machinery Company,Burke E. Porter,www.bepco.com,(616) 234-1200,730 Plymouth Ave. Ne,Grand Rapids,Michigan,49505,United States,Test & Measurement Equipment,Industry.mfg.testequipment,Manufacturing,Industry.mfg,36000,Sales.25Mto50M,180,Employees.100to249,38,382,4236,333,"TitleCode.IT,TitleCodeTop.Business,TitleCodeMiddle.Technical,TitleCode.Director,TitleCodeMiddle.Director","Engineering & Technical,Director",https://go.zoominfo.com/#/apps/search/person/results?personProfileId=-2069288153,bfff526c762b41094b8e5319c8a41439,burkeportergroup.com
560715266,Ehlert,Bradley,C.,Mr.,,"Director, Information Technology & Controller",819,Information Technology,Director,,(717) 390-7838,behlert@burnhamholdings.com,1241 Harrisburg Ave.,Lancaster,Pennsylvania,17604,United States,59,11/17/2019,14027604,Burnham Holdings Inc,Burnham Holdings,www.burnhamholdings.com,(717) 390-7800,1241 Harrisburg Ave.,Lancaster,Pennsylvania,17604,United States,Plumbing & HVAC Equipment,Industry.mfg.building.plumbing,Building Materials,Industry.mfg.building,176660,Sales.100MMto250M,770,Employees.500to999,35,34,5413,55,"TitleCodeMiddle.Director,TitleCodeTop.Business,TitleCode.IT,TitleCodeMiddle.Finance,TitleCodeMiddle.Technical,TitleCode.Director,TitleCode.Accounting","Finance,Director",https://go.zoominfo.com/#/apps/search/person/results?personProfileId=560715266,d476f88a81b627834c031b33c1e72cac,burnhamholdings.com
1210849639,Hensman,Dharman,,,,"Director, Information Technology (Chase Corporation)",759,Information Technology,Director,,(401) 722-5500 ext. 1731,dhensman@chasecorp.com,30 Hamlet St.,Pawtucket,Rhode Island,2861,United States,38,9/18/2019,41097628,Chase Corporation,Chase Corporation,www.chasecorp.com,(781) 332-0700,295 UNIVERSITY Ave.,Westwood,Massachusetts,2090,United States,"Miscellaneous Building Materials (Flooring, Cabinets, etc.)",Industry.mfg.building.other,Building Materials,Industry.mfg.building,284188,Sales.250Mto500M,800,Employees.500to999,36,34,339,3261,"TitleCode.IT,TitleCodeTop.Business,TitleCodeMiddle.Technical,TitleCode.Director,TitleCodeMiddle.Director","Engineering & Technical,Director",https://go.zoominfo.com/#/apps/search/person/results?personProfileId=1210849639,af4d3837402cc1b242240c018a4fd876,chasecorp.com
81856237,Jones,Wes,,,,"Director, Information Technology",759,Information Technology,Director,,(323) 604-1355,wes.jones@classichome.com,4505 Bandini Blvd.,Vernon,California,90058,United States,43,10/28/2019,62540750,Classic Home Inc,Classic Home,www.classichome.com,(323) 266-8993,4505 Bandini Blvd.,Vernon,California,90058,United States,Furniture,Industry.mfg.furniture,Manufacturing,Industry.mfg,22000,Sales.10Mto25M,110,Employees.100to249,251,25,4251,42,"TitleCode.IT,TitleCodeTop.Business,TitleCodeMiddle.Technical,TitleCode.Director,TitleCodeMiddle.Director","Engineering & Technical,Director",https://go.zoominfo.com/#/apps/search/person/results?personProfileId=81856237,9af1195064b333d02bc2291a6e316c78,classichome.com
-1132385341,Cornell,Eric,F.,,,"Director, Information Technology",759,Information Technology,Director,,(801) 303-3589,eric.cornell@clearone.com,5225 WILEY POST WAY Ste. 500,Salt Lake City,Utah,84116,United States,23,11/26/2019,8438096,ClearOne Inc,ClearOne,www.clearone.com,(801) 975-7200,5225 WILEY POST WAY Ste. 500,Salt Lake City,Utah,84116,United States,Consumer Electronics,Industry.mfg.consumer.electronics,Consumer Goods,Industry.mfg.consumer,28156,Sales.25Mto50M,130,Employees.100to249,36,366,334210,5419,"TitleCode.IT,TitleCodeTop.Business,TitleCodeMiddle.Technical,TitleCode.Director,TitleCodeMiddle.Director","Engineering & Technical,Director",https://go.zoominfo.com/#/apps/search/person/results?personProfileId=-1132385341,efcd7c87af52a89741f5bd3828ee3bd6,clearone.com
3014731950,Landon,Morris,,,,"Director, Information Technology",759,Information Technology,Director,,(918) 359-2167,lmorris@cliffordpower.com,9310 E. 46th St. North,Tulsa,Oklahoma,74117,United States,15,11/22/2019,21564825,Clifford Power Systems Inc,Clifford Power Systems,www.cliffordpower.com,(918) 836-0066,9310 E. 46th St. North,Tulsa,Oklahoma,74117,United States,Power Conversion & Protection Equipment,Industry.mfg.electronics.powerequip,Electronics,Industry.mfg.electronics,46600,Sales.25Mto50M,233,Employees.100to249,36,361,4236,42361,"TitleCode.IT,TitleCodeTop.Business,TitleCodeMiddle.Technical,TitleCode.Director,TitleCodeMiddle.Director","Engineering & Technical,Director",https://go.zoominfo.com/#/apps/search/person/results?personProfileId=3014731950,9516e99dbc4d2c7bae94cff4c9567c4b,cliffordpower.com
1463296693,Kielty,Mike,,,,"Director, Information Technology",759,Information Technology,Director,,(310) 347-3581,mike.kielty@clippercorp.com,21124 Figueroa St.,Carson,California,90745-1938,United States,60,11/26/2019,8504296,Clipper Corporation,Clipper Corporation,www.clippercorp.com,(310) 533-8585,21124 Figueroa St.,Placerville,California,95667,United States,Household Goods,Industry.mfg.consumer.household,Consumer Goods,Industry.mfg.consumer,32000,Sales.25Mto50M,39,Employees.20to49,50,504,42344,42,"TitleCode.IT,TitleCodeTop.Business,TitleCodeMiddle.Technical,TitleCode.Director,TitleCodeMiddle.Director","Engineering & Technical,Director",https://go.zoominfo.com/#/apps/search/person/results?personProfileId=1463296693,171c12f7ce9cccc6b8a7c457b066f0f8,clippercorp.com
2939386208,Shaw,Dan,,,,"Director, Information Technology",759,Information Technology,Director,,(620) 325-2653 ext. 455,dansh@cobaltboats.com,1715 N. 8th St.,Neodesha,Kansas,66757,United States,8,11/4/2019,19287339,Cobalt Boats LLC,Cobalt Boats,www.cobaltboats.com,(620) 325-2653,1715 N. 8th St.,Neodesha,Kansas,66757,United States,Boats & Submarines,Industry.mfg.boat,Manufacturing,Industry.mfg,138155,Sales.100MMto250M,700,Employees.500to999,37,373,48,33661,"TitleCode.IT,TitleCodeTop.Business,TitleCodeMiddle.Technical,TitleCode.Director,TitleCodeMiddle.Director","Engineering & Technical,Director",https://go.zoominfo.com/#/apps/search/person/results?personProfileId=2939386208,ea405a9001a097cbeb1c001e67785017,cobaltboats.com
-2042380930,Shah,Taral,,,,"Director, Information Technology",759,Information Technology,Director,,(310) 258-5057,tshah@compumedinc.com,5777 W Century Blvd. Ste. 360,Los Angeles,California,90045,United States,27,7/25/2019,12322017,"CompuMed , Inc.",CompuMed,www.compumedinc.com,(310) 258-5000,5777 W Century Blvd. Ste. 360,Los Angeles,California,90045,United States,Software & Technical Consulting,Industry.software.consulting,Software Development & Design,Industry.software.mfg,2300,Sales.1Mto5M,8,Employees.5to9,73,737,32541,339,"TitleCode.IT,TitleCodeTop.Business,TitleCodeMiddle.Technical,TitleCode.Director,TitleCodeMiddle.Director","Engineering & Technical,Director",https://go.zoominfo.com/#/apps/search/person/results?personProfileId=-2042380930,0d57eeb771cf5ec7bd1b5bc79549c094,compumedinc.com
227146451,Daneau,Al,,,,"Director, Information Technology",759,Information Technology,Director,,(781) 932-3949 ext. 228,adaneau@connoisseurs.com,17 Presidential Dr.,Woburn,Massachusetts,1801,United States,62,11/25/2019,27857464,Connoisseurs Products Corp,Connoisseurs,www.connoisseurs.com,(781) 932-3949,17 Presidential Dr.,Woburn,Massachusetts,1801,United States,Cleaning Products,Industry.mfg.consumer.cleaning,Consumer Goods,Industry.mfg.consumer,32240,Sales.25Mto50M,332,Employees.250to499,284,28,325612,32561,"TitleCode.IT,TitleCodeTop.Business,TitleCodeMiddle.Technical,TitleCode.Director,TitleCodeMiddle.Director","Engineering & Technical,Director",https://go.zoominfo.com/#/apps/search/person/results?personProfileId=227146451,33c9fb7496de81ee5ab35d3f8a941862,connoisseurs.com
2407729649,Whelan,Jim,,,,"Director, Information Technology",759,Information Technology,Director,,(201) 490-9298,jwhelan@corpjetsupport.com,One Graphic Pl.,Moonachie,New Jersey,7074,United States,7,11/25/2019,12944522,Corporate Jet Support Inc,Corporate Jet Support,www.corpjetsupport.com,(201) 807-0784,One Graphic Pl.,Moonachie,New Jersey,7074,United States,Aerospace & Defense,Industry.mfg.aerospace,Manufacturing,Industry.mfg,6000,Sales.5Mto10M,30,Employees.20to49,372,37,33,336,"TitleCode.IT,TitleCodeTop.Business,TitleCodeMiddle.Technical,TitleCode.Director,TitleCodeMiddle.Director","Engineering & Technical,Director",https://go.zoominfo.com/#/apps/search/person/results?personProfileId=2407729649,219e7bf3c5e2ed08a04560bfc2c7a3ce,corpjetsupport.com
1360234101,Fetter,Adam,,Mr.,,"Director, Information Technology",759,Information Technology,Director,,(212) 366-0291,afetter@coxandco.com,"200 Varick St,Rm 510",New York City,New York,10014-7040,United States,41,11/22/2019,345323246,Cox & Company Inc,Cox & Company,www.coxandco.com,(212) 366-0200,1664 Old Country Rd.,Plainview,New York,11803,United States,Electronic Components,Industry.mfg.electronics.electronics,Semiconductor & Semiconductor Equipment,Industry.mfg.electronics.semiconductors,62000,Sales.50Mto100M,200,Employees.100to249,36,362,336413,335314,"TitleCode.IT,TitleCodeTop.Business,TitleCodeMiddle.Technical,TitleCode.Director,TitleCodeMiddle.Director","Engineering & Technical,Director",https://go.zoominfo.com/#/apps/search/person/results?personProfileId=1360234101,b9ac7c17c9189fc88310fbeed619df9e,coxandco.com
1920603378,Osman,Matt,,,,"Director, Information Technology",759,Information Technology,Director,,(630) 226-4961,mosman@cranevs.com,860 Remington Blvd.,Bolingbrook,Illinois,60440,United States,14,10/28/2019,39146781,CRANE Nuclear Inc,CRANE Nuclear,www.cranenuclear.com,(770) 429-4600,2825 Cobb International Blvd.,Kennesaw,Georgia,30152,United States,Industrial Machinery & Equipment,Industry.mfg.industrialmachinery,Manufacturing,Industry.mfg,7894,Sales.5Mto10M,40,Employees.20to49,34,349,33291,332912,"TitleCode.IT,TitleCodeTop.Business,TitleCodeMiddle.Technical,TitleCode.Director,TitleCodeMiddle.Director","Engineering & Technical,Director",https://go.zoominfo.com/#/apps/search/person/results?personProfileId=1920603378,2fd70228061789ac44b93a1aae8cfef1,cranevs.com
1614289861,McCrory,Greg,,Mr.,,"Director, Information Technology",759,Information Technology,Director,,(260) 469-0502,gregm@deistermachine.com,1933 E Wayne St.,Fort Wayne,Indiana,46803,United States,56,11/18/2019,27479404,Deister Machine Company Inc,Deister Machine,www.deistermachine.com,(260) 426-7495,1933 E Wayne St.,Fort Wayne,Indiana,46803,United States,Mining,Industry.mm.mining,Metals & Mining,Industry.mm,66348,Sales.50Mto100M,300,Employees.250to499,35,353,48,333131,"TitleCode.IT,TitleCodeTop.Business,TitleCodeMiddle.Technical,TitleCode.Director,TitleCodeMiddle.Director","Engineering & Technical,Director",https://go.zoominfo.com/#/apps/search/person/results?personProfileId=1614289861,7b0a5902f32c405d15e664d59418fd3e,deistermachine.com
304776882,Pettus,Jonathan,Q.,Mr.,,"Director, Cybersecurity & Information Technology Solutions",759,Information Technology,Director,,(256) 964-4000 ext. 4109,jonathan.pettus@dynetics.com,1002 Explorer Blvd.,Huntsville,Alabama,35806,United States,72,10/30/2019,18171152,Dynetics Inc,Dynetics,www.dynetics.com,(256) 964-4000,1002 Explorer Blvd.,Huntsville,Alabama,35806,United States,Aerospace & Defense,Industry.mfg.aerospace,Manufacturing,Industry.mfg,293000,Sales.250Mto500M,1900,Employees.1000to4999,37,376,5417,336415,"TitleCode.IT,TitleCodeTop.Business,TitleCode.Technical,TitleCodeMiddle.Technical,TitleCode.Director,TitleCodeMiddle.Director","Engineering & Technical,Director",https://go.zoominfo.com/#/apps/search/person/results?personProfileId=304776882,497b984027810675597d4f45e61d1dee,dynetics.com
-2005677712,Sarvendram,Shankara,,,,"Director, Information Technology",759,Information Technology,Director,,(617) 499-6100,ssarvendram@eink.com,1000 Technology Park Dr.,Billerica,Massachusetts,1821,United States,20,11/18/2019,35064053,E Ink Corporation,E Ink,www.eink.com,(617) 499-6000,1000 Technology Park Dr.,Billerica,Massachusetts,1821,United States,Industrial Machinery & Equipment,Industry.mfg.industrialmachinery,Manufacturing,Industry.mfg,470200,Sales.250Mto500M,2700,Employees.1000to4999,35,359,33271,334419,"TitleCode.IT,TitleCodeTop.Business,TitleCodeMiddle.Technical,TitleCode.Director,TitleCodeMiddle.Director","Engineering & Technical,Director",https://go.zoominfo.com/#/apps/search/person/results?personProfileId=-2005677712,7d6e0942a965345164ffeaee32287aa8,eink.com
1347181075,Shell,Ryan,,,,"Director, Information Technology",759,Information Technology,Director,,(718) 784-0700 ext. 1267,rshell@egluck.com,"2910 Thomson Ave., 6th Fl.",Long Island City,New York,11101,United States,33,11/26/2019,347813948,E. Gluck Corporation,E. Gluck,www.egluck.com,(718) 784-0700,60-15 Little Neck Pkwy.,Little Neck,New York,11362,United States,Jewelry & Watches,Industry.mfg.consumer.watch,Consumer Goods,Industry.mfg.consumer,75000,Sales.50Mto100M,45,Employees.20to49,3873,387,334518,33451,"TitleCode.IT,TitleCodeTop.Business,TitleCodeMiddle.Technical,TitleCode.Director,TitleCodeMiddle.Director","Engineering & Technical,Director",https://go.zoominfo.com/#/apps/search/person/results?personProfileId=1347181075,e4bac6d10eda47013a2d0123bfb52ace,egluck.com
3050571937,Scott,Joel,,,,"Projects Director, Information Technology",759,Information Technology,Director,,(734) 238-5115,joscott@elementcorp.com,1 Village Center Dr.,Belleville,Michigan,48111-5711,United States,24,11/21/2019,371532643,Element Financial Corporation,Element,www.elementcorp.com,(256) 859-1114,2816 Winchester Rd.,New Market,Alabama,35761,United States,Industrial Machinery & Equipment,Industry.mfg.industrialmachinery,Manufacturing,Industry.mfg,5400,Sales.5Mto10M,27,Employees.20to49,35,,,,"TitleCode.IT,TitleCodeTop.Business,TitleCodeMiddle.Technical,TitleCode.Director,TitleCodeMiddle.Director","Engineering & Technical,Director",https://go.zoominfo.com/#/apps/search/person/results?personProfileId=3050571937,6521c0aa4b46fcd1b23323d84efc29a0,elementcorp.com
-2055430538,Auman,Aaron,,,,"Director, Information Technology",759,Information Technology,Director,,(801) 588-1826,aauman@es.com,770 KOMAS Dr.,Salt Lake City,Utah,84108,United States,10,11/26/2019,57216542,Evans & Sutherland Computer Corporation,Evans & Sutherland,www.es.com,(801) 588-1000,770 KOMAS Dr.,Salt Lake City,Utah,84108,United States,Computer Equipment & Peripherals,Industry.mfg.computers,Consumer Electronics & Computers Retail,Industry.retail.electronics,37193,Sales.25Mto50M,96,Employees.50to99,35,357,332,611430,"TitleCode.IT,TitleCodeTop.Business,TitleCodeMiddle.Technical,TitleCode.Director,TitleCodeMiddle.Director","Engineering & Technical,Director",https://go.zoominfo.com/#/apps/search/person/results?personProfileId=-2055430538,59d799eba088c343efaea5aa68c9f647,es.com
2608835779,Jenkins,Eddie,,,,"Director, Information Technology",759,Information Technology,Director,,(814) 371-3015 ext. 258,ejenkins@gasbarre.com,,,Pennsylvania,,United States,6,11/11/2019,41732251,Gasbarre Products Inc,Gasbarre,www.gasbarre.com,(814) 371-3015,590 Division St.,Du Bois,Pennsylvania,15801,United States,Electronics,Industry.mfg.electronics,Industrial Machinery & Equipment,Industry.mfg.industrialmachinery,59202,Sales.50Mto100M,200,Employees.100to249,35,354,333513,333,"TitleCode.IT,TitleCodeTop.Business,TitleCodeMiddle.Technical,TitleCode.Director,TitleCodeMiddle.Director","Engineering & Technical,Director",https://go.zoominfo.com/#/apps/search/person/results?personProfileId=2608835779,42784019d9cebc79eb0313a3d80b6077,gasbarre.com
-2052704320,Rene,Marco,,,,"President & Director, Information Technology",959,Information Technology,C-Level,,,mrene@grepopc.com,17 State St. L40,New York City,New York,10004,United States,15,10/11/2019,348755951,"Grepo Consulting, Inc",Grepo Consulting,www.grepopc.com,(718) 856-1806,17 State St. L40,New York City,New York,10004,United States,Network Security Hardware & Software,Industry.mfg.computers.security,Computer Equipment & Peripherals,Industry.mfg.computers,6513,Sales.5Mto10M,33,Employees.20to49,357,35,33,,"TitleCodeTop.Business,TitleCode.President,TitleCode.IT,TitleCodeMiddle.Exec,TitleCodeMiddle.Technical,TitleCode.Director,TitleCodeMiddle.TopExec","Engineering & Technical,General Management",https://go.zoominfo.com/#/apps/search/person/results?personProfileId=-2052704320,7d2a12246f35eac82e4279f10e5cd66d,grepopc.com
-1570859807,Szabo,Starla,,,,"Associate Director, G and A Information Technology Business Partner, Information Technology",839,Information Technology,Director,,(858) 704-8362,sszabo@halozyme.com,11388 Sorrento Valley Rd.,San Diego,California,92121,United States,15,6/18/2019,30132598,"Halozyme Therapeutics , Inc.",Halozyme,www.halozyme.com,(858) 794-8889,11388 Sorrento Valley Rd.,San Diego,California,92121,United States,Drug Manufacturing & Research,Industry.healthcare.pharmaceuticals.drugs,Pharmaceuticals,Industry.healthcare.pharmaceuticals,151862,Sales.100MMto250M,281,Employees.250to499,28,283,32541,5417,"TitleCode.IT,TitleCodeTop.Business,TitleCodeMiddle.Technical,TitleCode.Director,TitleCodeMiddle.Director","Engineering & Technical,Director",https://go.zoominfo.com/#/apps/search/person/results?personProfileId=-1570859807,5e2a1884913baa5ca603bec622ea0a82,halozyme.com
3020638008,Nickerson,Dana,,,,"Senior Director, Information Technology",763,Information Technology,Director,,,dana.nickerson@honeywell.com,"300 S. Tryon St., Ste. 500 / 600",Charlotte,North Carolina,28202,United States,17,11/26/2019,53447893,Hand Held Products Inc,Hand Held,www.hhp-inc.com,(603) 428-3298,14 Buxton Industrial Dr.,Henniker,New Hampshire,3242,United States,Manufacturing,Industry.mfg,Software,Industry.software,34000,Sales.25Mto50M,170,Employees.100to249,36,364,3351,33512,"TitleCode.IT,TitleCodeTop.Business,TitleCodeMiddle.Technical,TitleCode.Director,TitleCodeMiddle.Director","Engineering & Technical,Director",https://go.zoominfo.com/#/apps/search/person/results?personProfileId=3020638008,5a11a07ae7aca2f3f8e5999e98d60c0e,honeywell.com
700704725,Ferree,Sabrina,,,,"Director, Human Resources & Information Technology",759,Information Technology,Director,,(513) 684-8268,sferree@hilltopcompanies.com,"1 W 4th St,Ste 1100",Cincinnati,Ohio,45202-3610,United States,41,11/23/2019,17761342,Hilltop Basic Resources Inc,Hilltop,hilltopcompanies.com,(513) 651-5000,511 West Water St.,Cincinnati,Ohio,45202,United States,"Aggregates, Concrete & Cement",Industry.mfg.building.concrete,Building Materials,Industry.mfg.building,22696,Sales.10Mto25M,115,Employees.100to249,3272,327,423390,327,"TitleCodeMiddle.HR,TitleCodeMiddle.Director,TitleCodeTop.Business,TitleCode.IT,TitleCode.HR,TitleCodeMiddle.Technical,TitleCode.Director","Human Resources,Director",https://go.zoominfo.com/#/apps/search/person/results?personProfileId=700704725,cad44b89095b619f09a972c33a71034b,hilltopcompanies.com
3028816340,Baker,Sarah,,,,"Director, Information Technology",759,Information Technology,Director,,(336) 252-1765,sarah.baker@hoffman-hoffman.com,3816 Patterson St.,Greensboro,North Carolina,27407,United States,6,11/19/2019,47679618,"Hoffman & Hoffman , Inc.",Hoffman & Hoffman,www.hoffman-hoffman.com,(336) 292-8777,3816 Patterson St.,Greensboro,North Carolina,27407,United States,Plumbing & HVAC Equipment,Industry.mfg.building.plumbing,Building Materials,Industry.mfg.building,72038,Sales.50Mto100M,365,Employees.250to499,3432,343,541,5413,"TitleCode.IT,TitleCodeTop.Business,TitleCodeMiddle.Technical,TitleCode.Director,TitleCodeMiddle.Director","Engineering & Technical,Director",https://go.zoominfo.com/#/apps/search/person/results?personProfileId=3028816340,82752ce20f7e24a44b14795c75650ced,hoffman-hoffman.com
2002422044,Carlascio,Dan,,,PMP,"Chief Information Officer & Director, Global IT",899,Information Technology,C-Level,,(937) 865-2860,dan.carlascio@huffy.com,6551 Centerville Business Pkwy.,Centerville,Ohio,45459-2686,United States,46,3/21/2019,18367491,Huffy Corporation,Huffy,huffybikes.com/?SID=7dhqs2b5njgl2egu1s5s6d1dt6,(937) 865-2800,8877 Gander Creek Dr.,Miamisburg,Ohio,45342,United States,Sporting Goods,Industry.mfg.consumer.sport,Consumer Goods,Industry.mfg.consumer,114380,Sales.100MMto250M,281,Employees.250to499,39,394,5418,5416,"TitleCode.IT,TitleCodeTop.Business,TitleCodeMiddle.Exec,TitleCodeMiddle.Technical,TitleCode.Director,TitleCode.Exec","C-Level,Engineering & Technical",https://go.zoominfo.com/#/apps/search/person/results?personProfileId=2002422044,69240673ceb1923812efbca612fa3f9e,huffy.com
-1671967584,Johnson,Scott,M.,Mr.,,"Director, Information Technology",759,Information Technology,Director,,(978) 552-2049,sjohnson@infiniteelectronics.com,50 High St.,North Andover,Massachusetts,1845,United States,34,11/26/2019,406445143,"Infinite Electronics , Inc.",Infinite Electronics,www.infiniteelectronics.com,(978) 682-6936,17792 Fitch,Irvine,California,92614,United States,Electronic Components,Industry.mfg.electronics.electronics,Electronics,Industry.mfg.electronics,1973,Sales.1Mto5M,1000,Employees.1000to4999,36,367,334419,33441,"TitleCode.IT,TitleCodeTop.Business,TitleCodeMiddle.Technical,TitleCode.Director,TitleCodeMiddle.Director","Engineering & Technical,Director",https://go.zoominfo.com/#/apps/search/person/results?personProfileId=-1671967584,559a6dd34e750481a3ad090a0ad299bd,infiniteelectronics.com
1648191809,Aceves,Michael,,,,"Senior Director, Information Technology",763,Information Technology,Director,,(972) 314-3600,maceves@jequip.com,2802 Safran Dr.,Grand Prairie,Texas,75052,United States,29,11/21/2019,52447864,Johnson Equipment Company,Johnson Equipment,www.jequip.com,(512) 832-5571,309 Farley,Austin,Texas,78753,United States,Industrial Machinery & Equipment,Industry.mfg.industrialmachinery,Manufacturing,Industry.mfg,20513,Sales.10Mto25M,107,Employees.100to249,50,508,811,811310,"TitleCode.IT,TitleCodeTop.Business,TitleCodeMiddle.Technical,TitleCode.Director,TitleCodeMiddle.Director","Engineering & Technical,Director",https://go.zoominfo.com/#/apps/search/person/results?personProfileId=1648191809,e76f7cfb0e31c8a940be7bb4b2b76657,jequip.com
-1955914523,Pavlisich,Ernie,,,,"Director, Quality & Information Technology",759,Quality Management,Director,,(763) 999-7967,ernie.pavlisich@kdimfg.com,14150 Northdale Blvd.,Rogers,Minnesota,55374,United States,21,11/22/2019,128615193,Kluge Design Inc,Kluge Design,www.kdimfg.com,(763) 428-5140,14150 Northdale Blvd.,Rogers,Minnesota,55374,United States,Manufacturing,Industry.mfg,Electronic Components,Industry.mfg.electronics.electronics,7400,Sales.5Mto10M,37,Employees.20to49,367,36,33,334,"TitleCode.Quality,TitleCodeMiddle.Director,TitleCodeTop.Business,TitleCode.IT,TitleCodeMiddle.Operations,TitleCodeMiddle.Technical,TitleCode.Director","Operations,Director",https://go.zoominfo.com/#/apps/search/person/results?personProfileId=-1955914523,51d9e046dbbe0e0f85ed75189d73338e,kdimfg.com
1469176983,Klosak,Gary,A.,,,"Director, Information Technology",759,Information Technology,Director,,(312) 361-6408,gklosak@kolcraft.com,1100 W Monre St.,Chicago,Illinois,60607,United States,55,11/12/2019,21693213,Kolcraft Enterprises Inc,Kolcraft,www.kolcraft.com,(312) 361-6315,1100 W Monre St.,Chicago,Illinois,60607,United States,Furniture,Industry.mfg.furniture,Manufacturing,Industry.mfg,24200,Sales.10Mto25M,121,Employees.100to249,251,25,33791,3379,"TitleCode.IT,TitleCodeTop.Business,TitleCodeMiddle.Technical,TitleCode.Director,TitleCodeMiddle.Director","Engineering & Technical,Director",https://go.zoominfo.com/#/apps/search/person/results?personProfileId=1469176983,3b9c11b92e5c8fb72892d5bce9b23125,kolcraft.com
-1737433737,Jusionis,Darius,,,,"Director, Information Technology",759,Information Technology,Director,,(714) 731-3600 ext. 1177,djusionis@largoconcrete.com,2741 Walnut Ave. First Fl.,Tustin,California,92780,United States,25,11/21/2019,65554496,Largo Concrete Inc,Largo Concrete,www.largoconcrete.com,(714) 731-3600,2741 Walnut Ave. First Fl.,Tustin,California,92780,United States,"Aggregates, Concrete & Cement",Industry.mfg.building.concrete,Building Materials,Industry.mfg.building,300000,Sales.250Mto500M,1900,Employees.1000to4999,3272,327,327,32,"TitleCode.IT,TitleCodeTop.Business,TitleCodeMiddle.Technical,TitleCode.Director,TitleCodeMiddle.Director","Engineering & Technical,Director",https://go.zoominfo.com/#/apps/search/person/results?personProfileId=-1737433737,b967be9850fb44186ed31aba48c808d9,largoconcrete.com
1576648235,Hyukki,Kim,,,,"Director, Information Technology Product Management Team",759,Information Technology,Director,,(201) 408-9067,hyukki.kim@lge.com,1000 Sylvan Ave.,Englewood Cliffs,New Jersey,7632,United States,30,2/21/2019,49923524,"LG Electronics USA , Inc.",LG Electronics,www.lge.com,(201) 816-2000,1000 Sylvan Ave.,Englewood Cliffs,New Jersey,7632,United States,Manufacturing,Industry.mfg,Consumer Goods,Industry.mfg.consumer,106577,Sales.100MMto250M,540,Employees.500to999,365,36,3343,33,"TitleCodeMiddle.Director,TitleCodeTop.Business,TitleCode.IT,TitleCodeMiddle.Marketing,TitleCodeMiddle.Technical,TitleCode.Product,TitleCode.Director","Marketing,Director",https://go.zoominfo.com/#/apps/search/person/results?personProfileId=1576648235,9927871a1005f36d434abf6c41ad7c1c,lge.com
-2035752673,Frazier,Jeffery,,,,"Director, Information Technology",759,Information Technology,Director,,(615) 370-6133,jeff.frazier@mantank.com,1000 Corporate Centre Dr. Ste. 300,Franklin,Tennessee,37067,United States,25,9/16/2019,69845940,Manchester Tank & Equipment Company,Manchester Tank,www.mantank.com,(615) 370-6300,1000 Corporate Centre Dr. Ste. 300,Franklin,Tennessee,37067,United States,Industrial Machinery & Equipment,Industry.mfg.industrialmachinery,Manufacturing,Industry.mfg,190861,Sales.100MMto250M,863,Employees.500to999,34,344,332,3323,"TitleCode.IT,TitleCodeTop.Business,TitleCodeMiddle.Technical,TitleCode.Director,TitleCodeMiddle.Director","Engineering & Technical,Director",https://go.zoominfo.com/#/apps/search/person/results?personProfileId=-2035752673,6c25281dd279549c77a13d89115d5ca9,mantank.com
-1891419373,Sharp,Jamie,,,,"Director, Information Technology",759,Information Technology,Director,,(256) 259-1327 ext. 219,jsharp@maplesrugs.com,108 South Broad St.,Scottsboro,Alabama,35768,United States,12,11/16/2019,344802345,"Maples Industries , Inc.",Maples,www.maplesrugs.com,(256) 259-1327,108 South Broad St.,Scottsboro,Alabama,35768,United States,"Miscellaneous Building Materials (Flooring, Cabinets, etc.)",Industry.mfg.building.other,Building Materials,Industry.mfg.building,16776,Sales.10Mto25M,85,Employees.50to99,,,,,"TitleCode.IT,TitleCodeTop.Business,TitleCodeMiddle.Technical,TitleCode.Director,TitleCodeMiddle.Director","Engineering & Technical,Director",https://go.zoominfo.com/#/apps/search/person/results?personProfileId=-1891419373,1277bfaabaa037a20791c3bc26c96b87,maplesrugs.com
-2083049522,Ferreira,Hermano,J.,,,"Systems & Cybersecurity At Medrobotics Corporation Global Director, Information Technology",759,Information Technology,Director,,(508) 692-6460 ext. 256,hferreira@medrobotics.com,475 Paramount Dr.,Raynham,Massachusetts,2767,United States,30,11/13/2019,347588224,Medrobotics Corporation,Medrobotics,www.medrobotics.com,(508) 692-6460,475 Paramount Dr.,Raynham,Massachusetts,2767,United States,Medical Devices & Equipment,Industry.mfg.medical,Manufacturing,Industry.mfg,6960,Sales.5Mto10M,185,Employees.100to249,38,384,339,33,"TitleCode.IT,TitleCodeTop.Business,TitleCodeMiddle.Technical,TitleCode.Director,TitleCodeMiddle.Director","Engineering & Technical,Director",https://go.zoominfo.com/#/apps/search/person/results?personProfileId=-2083049522,6532f77b870638394c1ccf982f3f6b3b,medrobotics.com
2096464897,Curry,Nathan,,,,"Director, Information Technology",759,Information Technology,Director,,(571) 223-7036 ext. 226,ncurry@mosaicatm.com,540 Ft Evans Rd. Ne Ste. 300,Leesburg,Virginia,20176,United States,30,11/15/2019,89605423,Mosaic ATM Inc,Mosaic ATM,www.mosaicatm.com,(800) 405-8576,540 Ft Evans Rd. Ne Ste. 300,Leesburg,Virginia,20176,United States,Aerospace & Defense,Industry.mfg.aerospace,Manufacturing,Industry.mfg,11400,Sales.10Mto25M,51,Employees.50to99,37,376,336415,336414,"TitleCode.IT,TitleCodeTop.Business,TitleCodeMiddle.Technical,TitleCode.Director,TitleCodeMiddle.Director","Engineering & Technical,Director",https://go.zoominfo.com/#/apps/search/person/results?personProfileId=2096464897,5e01f85909623d55117993258a3b8ffa,mosaicatm.com
1143602899,Wu,Steve,,,,"Director, Information Technology",759,Information Technology,Director,,(734) 213-0017 ext. 237,stevew@motawi.com,170 Enterprise Dr.,Ann Arbor,Michigan,48103,United States,17,11/17/2019,25641084,Motawi Tileworks Inc,Motawi Tileworks,www.motawi.com,(734) 213-0017,170 Enterprise Dr.,Ann Arbor,Michigan,48103,United States,Glass & Clay,Industry.mfg.chemicals.glass,"Miscellaneous Building Materials (Flooring, Cabinets, etc.)",Industry.mfg.building.other,3000,Sales.1Mto5M,30,Employees.20to49,32,325,327,23815,"TitleCode.IT,TitleCodeTop.Business,TitleCodeMiddle.Technical,TitleCode.Director,TitleCodeMiddle.Director","Engineering & Technical,Director",https://go.zoominfo.com/#/apps/search/person/results?personProfileId=1143602899,dbeca87f670bfcd21afa1d07fd044b25,motawi.com
1927818553,Compton,Ann,,,,"Director, Information Technology & Vice President",849,Information Technology,VP-Level,,(434) 295-9126 ext. 428,acompton@nationaloptronics.com,100 Avon St.,Charlottesville,Virginia,22902,United States,13,11/22/2019,83429174,National Optronics Inc,National Optronics,www.nationaloptronics.com,(262) 250-2324,100 Avon St.,Charlottesville,Virginia,22902,United States,Industrial Machinery & Equipment,Industry.mfg.industrialmachinery,Manufacturing,Industry.mfg,62732,Sales.50Mto100M,27,Employees.20to49,35,359,33399,333999,"TitleCodeMiddle.VP,TitleCode.IT,TitleCodeTop.Business,TitleCode.VP,TitleCodeMiddle.Technical,TitleCode.Director","Engineering & Technical,VP-Level",https://go.zoominfo.com/#/apps/search/person/results?personProfileId=1927818553,99a22c815dec1b60b349c8328cc1e57c,nationaloptronics.com
2627821004,Cruz,Daniel,,,,"Director, Information Technology",759,Information Technology,Director,,(520) 426-3134,danielc@nationalvitamin.com,,,Arizona,,United States,4,11/27/2019,26853576,National Vitamin Company,National Vitamin,www.nationalvitamin.com,(520) 316-9104,1145 West Gila Bend Hwy.,Casa Grande,Arizona,85122,United States,Health & Nutrition Products,Industry.mfg.consumer.health,Consumer Goods,Industry.mfg.consumer,11162,Sales.10Mto25M,55,Employees.50to99,2833,283,32541,3254,"TitleCode.IT,TitleCodeTop.Business,TitleCodeMiddle.Technical,TitleCode.Director,TitleCodeMiddle.Director","Engineering & Technical,Director",https://go.zoominfo.com/#/apps/search/person/results?personProfileId=2627821004,dc68b702b33e9e82a32736b50b3016f8,nationalvitamin.com
-2049014146,Sriram,Sunitha,,,,"Director, Information Technology",759,Information Technology,Director,,(703) 743-8613,ssriram@ncst.com,7669 Limestone Dr.,Gainesville,Virginia,20155,United States,13,9/16/2019,35783871,NCS Technologies Inc,NCS Technologies,www.ncst.com,(703) 743-8500,7669 Limestone Dr.,Gainesville,Virginia,20155,United States,Personal Computers & Peripherals,Industry.mfg.computers.computers,Consumer Electronics,Industry.mfg.consumer.electronics,49330,Sales.25Mto50M,103,Employees.100to249,35,357,3343,3341,"TitleCode.IT,TitleCodeTop.Business,TitleCodeMiddle.Technical,TitleCode.Director,TitleCodeMiddle.Director","Engineering & Technical,Director",https://go.zoominfo.com/#/apps/search/person/results?personProfileId=-2049014146,518496c6f278c71348d01aacb8b0aad2,ncst.com
747549305,Corcoran,Michael,,,,"Senior Director, Information Technology",763,Information Technology,Director,,(630) 467-3419,mcorcoran@necdisplay.com,3250 Lacey Rd. Ste. 500,Downers Grove,Illinois,60515,United States,30,11/26/2019,353652996,NEC Display Solutions Ltd,NEC Display,www.necdisplay.com,(630) 467-3000,3250 Lacey Rd. Ste. 500,Downers Grove,Illinois,60515,United States,Computer Equipment & Peripherals,Industry.mfg.computers,Telecommunication Equipment,Industry.mfg.telecom,215000,Sales.100MMto250M,94,Employees.50to99,35,357,3341,334113,"TitleCode.IT,TitleCodeTop.Business,TitleCodeMiddle.Technical,TitleCode.Director,TitleCodeMiddle.Director","Engineering & Technical,Director",https://go.zoominfo.com/#/apps/search/person/results?personProfileId=747549305,28895bdb6cd0c192df37e66fb42717f4,necdisplay.com
1483979379,Lysen,Laura,,,,"Senior Director, Information Technology",763,Information Technology,Director,,(650) 237-2762,llysen@neuropace.com,455 N. Bernardo Ave.,Mountain View,California,94043,United States,17,11/20/2019,49481229,NeuroPace Inc,NeuroPace,www.neuropace.com,(650) 237-2700,455 N. Bernardo Ave.,Mountain View,California,94043,United States,Test & Measurement Equipment,Industry.mfg.testequipment,Manufacturing,Industry.mfg,20200,Sales.10Mto25M,101,Employees.100to249,38,382,339,33,"TitleCode.IT,TitleCodeTop.Business,TitleCodeMiddle.Technical,TitleCode.Director,TitleCodeMiddle.Director","Engineering & Technical,Director",https://go.zoominfo.com/#/apps/search/person/results?personProfileId=1483979379,eff251ec1b8aa3d792af7ad56eb7c989,neuropace.com
-1903200209,Sandoval,Daniel,,,,"Director, Information Technology",759,Information Technology,Director,,(323) 581-0300 ext. 221,d.sandoval@newchef.com,3223 E 46th St.,Vernon,California,90058-2407,United States,21,11/26/2019,174096857,NEWCHEF Fashion Inc.,NEWCHEF,www.newchef.com,(323) 581-0077,3223 E 46Th St.,Los Angeles,California,90058,United States,Textiles & Apparel,Industry.mfg.consumer.clothes,Consumer Goods,Industry.mfg.consumer,8052,Sales.5Mto10M,42,Employees.20to49,721,72,812,3149,"TitleCode.IT,TitleCodeTop.Business,TitleCodeMiddle.Technical,TitleCode.Director,TitleCodeMiddle.Director","Engineering & Technical,Director",https://go.zoominfo.com/#/apps/search/person/results?personProfileId=-1903200209,0c3edc47dc50dc4393b3f1f00352b598,newchef.com
3335644983,Sarhangpour,Ali,,,,"Director, Information Technology",759,Information Technology,Director,,(714) 223-3550,ali.sarhangpour@nylonmoldingcorp.com,3101 Enterprise St.,Brea,California,92821,United States,9,11/22/2019,474266239,Nylon Molding Corporation,Nylon Molding,www.nylonmoldingcorp.com,(714) 223-3500,3101 Enterprise St.,Brea,California,92821,United States,Aerospace & Defense,Industry.mfg.aerospace,Manufacturing,Industry.mfg,196,Sales.under500K,1,Employees.1to4,372,37,33,336,"TitleCode.IT,TitleCodeTop.Business,TitleCodeMiddle.Technical,TitleCode.Director,TitleCodeMiddle.Director","Engineering & Technical,Director",https://go.zoominfo.com/#/apps/search/person/results?personProfileId=3335644983,29021766d735f345c7980d31b2eaba68,nylonmoldingcorp.com
-1120017545,Palmer,Tyree,,,,"Director, Information Technology",759,Information Technology,Director,,(281) 207-0943,tpalmer@optimalmax.com,12701 Directors Dr.,Stafford,Texas,77477,United States,6,11/17/2019,359140972,Optimal,Optimal,www.optimalmax.com,(832) 886-5311,12701 Directors Dr.,Stafford,Texas,77477,United States,Medical Devices & Equipment,Industry.mfg.medical,Manufacturing,Industry.mfg,7400,Sales.5Mto10M,37,Employees.20to49,384,38,,,"TitleCode.IT,TitleCodeTop.Business,TitleCodeMiddle.Technical,TitleCode.Director,TitleCodeMiddle.Director","Engineering & Technical,Director",https://go.zoominfo.com/#/apps/search/person/results?personProfileId=-1120017545,e9ad740c7b80ecaa26322ddd3495be43,optimalmax.com
-1332608881,Sapp,John,B.,,Jr.,"Security & Controls Director, Information Technology",759,Information Technology,Director,,(214) 937-2235,johnsapp@orthofix.com,3451 PLANO Pkwy.,Lewisville,Texas,75056,United States,124,11/5/2019,29180901,Orthofix International N.V.,Orthofix,www.orthofix.com,(214) 937-2000,3451 PLANO Pkwy.,Lewisville,Texas,75056,United States,Medical Devices & Equipment,Industry.mfg.medical,Manufacturing,Industry.mfg,453042,Sales.250Mto500M,954,Employees.500to999,38,384,3219,339,"TitleCode.IT,TitleCodeTop.Business,TitleCodeMiddle.Technical,TitleCode.Director,TitleCodeMiddle.Director","Engineering & Technical,Director",https://go.zoominfo.com/#/apps/search/person/results?personProfileId=-1332608881,f832485d37364f406dc5374bca30014c,orthofix.com
287591546,Allen,Tom,,,,"Director, Information Technology",759,Information Technology,Director,,(708) 326-4380,tomallen@ozinga.com,19001 Old Lagrange Rd.,Mokena,Illinois,60448,United States,67,11/25/2019,53035827,Ozinga Bros. Inc,Ozinga,www.ozinga.com,(708) 326-4200,19001 Old Lagrange Rd.,Mokena,Illinois,60448,United States,Construction General,Industry.construction.general,Home Improvement & Hardware Retail,Industry.retail.hardware,434513,Sales.250Mto500M,765,Employees.500to999,50,503,44419,423390,"TitleCode.IT,TitleCodeTop.Business,TitleCodeMiddle.Technical,TitleCode.Director,TitleCodeMiddle.Director","Engineering & Technical,Director",https://go.zoominfo.com/#/apps/search/person/results?personProfileId=287591546,5ffc1ea173a83912c05ac42ac74e848e,ozinga.com
1499724650,Schoeberle,Craig,,,,"Infrastructure Management Director, Information Technology",759,Information Technology,Director,,(630) 889-6988,cschoeberle@partstown.com,1200 Greenbriar Dr.,Addison,Illinois,60101,United States,117,10/22/2019,87426523,Parts Town LLC,Parts Town,www.partstown.com,(630) 620-1635,1200 Greenbriar Dr.,Addison,Illinois,60101,United States,Industrial Machinery & Equipment,Industry.mfg.industrialmachinery,Manufacturing,Industry.mfg,392900,Sales.250Mto500M,500,Employees.500to999,50,508,4238,42,"TitleCode.IT,TitleCodeTop.Business,TitleCodeMiddle.Technical,TitleCode.Director,TitleCodeMiddle.Director","Engineering & Technical,Director",https://go.zoominfo.com/#/apps/search/person/results?personProfileId=1499724650,9552a494ff8ea55cbddd571626c4040e,partstown.com
3377450444,Tarangioli,Daniel,,,,"Director, Information Technology",759,Information Technology,Director,,(510) 748-3377,dtarangioli@penumbrainc.com,ONE PENUMBRA Pl.,Alameda,California,94502,United States,1,11/26/2019,213369203,Penumbra Inc,Penumbra,www.penumbrainc.com,(510) 748-3200,ONE PENUMBRA Pl.,Alameda,California,94502,United States,Medical Devices & Equipment,Industry.mfg.medical,Manufacturing,Industry.mfg,444938,Sales.250Mto500M,2200,Employees.1000to4999,38,384,339,33,"TitleCode.IT,TitleCodeTop.Business,TitleCodeMiddle.Technical,TitleCode.Director,TitleCodeMiddle.Director","Engineering & Technical,Director",https://go.zoominfo.com/#/apps/search/person/results?personProfileId=3377450444,1dc892fdb2661a42039f53b3ae78e381,penumbrainc.com
3100140337,Roth,Peter,Thomas,,,"Director, Information Technology",759,Information Technology,Director,,(212) 581-5800 ext. 5287,peter@peterthomasroth.com,460 Park Ave.,New York City,New York,10022,United States,167,11/27/2019,353842995,PETER THOMAS ROTH LABS LLC,Peter Thomas Roth,www.peterthomasroth.com,(212) 581-5800,460 Park Ave.,New York City,New York,10022,United States,"Cosmetics, Beauty Supply & Personal Care Products",Industry.mfg.consumer.cosmetics,Consumer Goods,Industry.mfg.consumer,22800,Sales.10Mto25M,114,Employees.100to249,28,284,325611,32561,"TitleCode.IT,TitleCodeTop.Business,TitleCodeMiddle.Technical,TitleCode.Director,TitleCodeMiddle.Director","Engineering & Technical,Director",https://go.zoominfo.com/#/apps/search/person/results?personProfileId=3100140337,cd4dd6bc3689b5353efd0e0dd9c0ada3,peterthomasroth.com
-1643927619,Rowland,Jason,,,,"Director, Information Technology",759,Information Technology,Director,,(608) 362-6896 ext. 1256,jason.rowland@playmonster.com,1400 E. Inman Pkwy.,Beloit,Wisconsin,53511,United States,34,11/26/2019,373856502,PlayMonster LLC,PlayMonster,www.playmonster.com,(608) 362-6896,1400 E. Inman Pkwy.,Beloit,Wisconsin,53511,United States,Toys & Games,Industry.mfg.toys,Manufacturing,Industry.mfg,6000,Sales.5Mto10M,88,Employees.50to99,39,394,33993,339,"TitleCode.IT,TitleCodeTop.Business,TitleCodeMiddle.Technical,TitleCode.Director,TitleCodeMiddle.Director","Engineering & Technical,Director",https://go.zoominfo.com/#/apps/search/person/results?personProfileId=-1643927619,cbd6cabed36d59fbd5cd9912f2199691,playmonster.com
2027236866,Hooten,Patricia,,,,"Director, Information Technology",759,Information Technology,Director,,(305) 908-5345,pat@rallymfg.com,7200 Corporate Center Dr.,Miami,Florida,33126,United States,19,11/25/2019,97649159,Rally Manufacturing Inc,Rally Manufacturing,www.rallymfg.com,(305) 628-2886,7200 Corporate Center Dr.,Miami,Florida,33126,United States,Industrial Machinery & Equipment,Industry.mfg.industrialmachinery,Manufacturing,Industry.mfg,9670,Sales.5Mto10M,49,Employees.20to49,35,,,,"TitleCode.IT,TitleCodeTop.Business,TitleCodeMiddle.Technical,TitleCode.Director,TitleCodeMiddle.Director","Engineering & Technical,Director",https://go.zoominfo.com/#/apps/search/person/results?personProfileId=2027236866,e28dd497e94a9ed4ab4881f216947e64,rallymfg.com
1839921236,Tate,Don,,,,"Director, Information Technology",759,Information Technology,Director,,(480) 409-4455,don.tate@regenesisbio.com,5301 N. Pima Rd. ·,Scottsdale,Arizona,85250,United States,37,11/14/2019,32489573,Regenesis Biomedical Inc,Regenesis,www.regenesisbio.com,(480) 970-4970,5301 N. Pima Rd. ·,Scottsdale,Arizona,85250,United States,Medical Devices & Equipment,Industry.mfg.medical,Manufacturing,Industry.mfg,21800,Sales.10Mto25M,109,Employees.100to249,384,38,,,"TitleCode.IT,TitleCodeTop.Business,TitleCodeMiddle.Technical,TitleCode.Director,TitleCodeMiddle.Director","Engineering & Technical,Director",https://go.zoominfo.com/#/apps/search/person/results?personProfileId=1839921236,7c986ac13348fae6c53ba8f939917aff,regenesisbio.com
-2039497930,Cameron,Christopher,,,,"Programming & Support Director, Information Technology",759,Information Technology,Director,,,ccameron@reynoldsbusiness.com,682 N Brookside Rd. # C,Allentown,Pennsylvania,18106,United States,9,8/29/2019,101876357,Reynolds Business Systems Inc,Reynolds Business Systems,www.reynoldsbusinesssystems.com,(610) 398-9080,682 N Brookside Rd. # C,Allentown,Pennsylvania,18106,United States,"Lumber, Wood Production & Timber Operations",Industry.mfg.building.lumber,Building Materials,Industry.mfg.building,4421,Sales.1Mto5M,23,Employees.20to49,25,254,337215,444,"TitleCode.IT,TitleCodeTop.Business,TitleCodeMiddle.Technical,TitleCode.Director,TitleCodeMiddle.Director","Engineering & Technical,Director",https://go.zoominfo.com/#/apps/search/person/results?personProfileId=-2039497930,eb32bfe2d5d4face1edfc300bef668b9,reynoldsbusiness.com
1869184781,Rodriguez,David,,,,"Director, Information Technology",759,Information Technology,Director,,(812) 342-0139 ext. 240,drodriguez@richardsonmolding.com,2405 Norcross Dr.,Columbus,Indiana,47201,United States,18,11/21/2019,355958628,Richardson Molding LLC,Richardson Molding,www.richardsonmolding.com,(812) 342-0139,2405 Norcross Dr.,Columbus,Indiana,47201,United States,"Miscellaneous Building Materials (Flooring, Cabinets, etc.)",Industry.mfg.building.other,Building Materials,Industry.mfg.building,38172,Sales.25Mto50M,29,Employees.20to49,30,308,339,3261,"TitleCode.IT,TitleCodeTop.Business,TitleCodeMiddle.Technical,TitleCode.Director,TitleCodeMiddle.Director","Engineering & Technical,Director",https://go.zoominfo.com/#/apps/search/person/results?personProfileId=1869184781,5ad80e46c0e6406abc1089e53d92bae2,richardsonmolding.com
1790670264,Sadler,Dean,,,,"Director, Information Technology",759,Information Technology,Director,,(540) 439-6208,dsadler@rossindinc.com,5321 MIDLAND Rd.,Midland,Virginia,22728,United States,11,11/20/2019,91406909,"Ross Industries, Inc.",Ross Industries,www.rossindinc.com,(540) 439-3271,5321 MIDLAND Rd.,Midland,Virginia,22728,United States,Food & Beverages,Industry.mfg.food.food,"Food, Beverages & Tobacco",Industry.mfg.food,27440,Sales.25Mto50M,50,Employees.50to99,35,355,333241,33329,"TitleCode.IT,TitleCodeTop.Business,TitleCodeMiddle.Technical,TitleCode.Director,TitleCodeMiddle.Director","Engineering & Technical,Director",https://go.zoominfo.com/#/apps/search/person/results?personProfileId=1790670264,deb52fb7bc1bb81e21d9bfb9fbe7f377,rossindinc.com
3043336442,Taraka,Rama,,,,"Associate Director, Information Technology of R&D Systems",755,Information Technology,Director,,(857) 856-4387,rtaraka@sarepta.com,215 First St. Ste. 415,Cambridge,Massachusetts,2142,United States,4,9/4/2019,348777344,Sarepta Therapeutics Inc,Sarepta,www.sarepta.com,(617) 274-4000,215 First St. Ste. 415,Cambridge,Massachusetts,2142,United States,Drug Manufacturing & Research,Industry.healthcare.pharmaceuticals.drugs,Pharmaceuticals,Industry.healthcare.pharmaceuticals,301034,Sales.250Mto500M,499,Employees.250to499,37,28,32541,42421,"TitleCode.IT,TitleCodeTop.Business,TitleCodeMiddle.Technical,TitleCode.Director,TitleCodeMiddle.Director","Engineering & Technical,Director",https://go.zoominfo.com/#/apps/search/person/results?personProfileId=3043336442,cdd32e1aaa3a411379daaff11dbab01d,sarepta.com
2460194246,Cunha,Stephen,,,,"Director, Information Technology",759,Information Technology,Director,,(781) 652-7812,stephen.cunha@sekisuidiagnostics.com,One Wall St.,Burlington,Massachusetts,1803,United States,11,11/25/2019,347475742,Sekisui Diagnostics Limited,Sekisui,www.sekisuidiagnostics.com,(781) 652-7800,4 Hartwell Pl.,Lexington,Massachusetts,2421,United States,Business Services General,Industry.bizservice.general,Test & Measurement Equipment,Industry.mfg.testequipment,86273,Sales.50Mto100M,450,Employees.250to499,38,382,5417,339,"TitleCode.IT,TitleCodeTop.Business,TitleCodeMiddle.Technical,TitleCode.Director,TitleCodeMiddle.Director","Engineering & Technical,Director",https://go.zoominfo.com/#/apps/search/person/results?personProfileId=2460194246,5bcb539c87f6b475f17e7bc25ef965c6,sekisuidiagnostics.com
1890899948,Cunningham,Gordon,,,,"Director, Information Technology",759,Information Technology,Director,,(207) 706-6801,gcunningham@semlerscientific.com,,Bangor,Maine,,United States,24,11/19/2019,348181708,Semler Scientific Inc,Semler Scientific,www.semlerscientific.com,(408) 627-4557,2330 NW Everett St.,Portland,Oregon,97210,United States,Medical Devices & Equipment,Industry.mfg.medical,Manufacturing,Industry.mfg,7434,Sales.5Mto10M,46,Employees.20to49,38,384,339,5413,"TitleCode.IT,TitleCodeTop.Business,TitleCodeMiddle.Technical,TitleCode.Director,TitleCodeMiddle.Director","Engineering & Technical,Director",https://go.zoominfo.com/#/apps/search/person/results?personProfileId=1890899948,9a07a791a4b8a4fe296e8ea575cadf58,semlerscientific.com
1417331030,Annan,Joey,,,,"Senior Director, Digital Processes, eCommerce & Information Technology",763,E-Biz,Director,,(770) 632-2988,joey.annan@sigvaris.com,1119 Hwy. 74 South,Peachtree City,Georgia,30269,United States,45,11/19/2019,96272968,SIGVARIS INC,SIGVARIS,www.sigvaris.com,(770) 631-1778,1119 Hwy. 74 South,Peachtree City,Georgia,30269,United States,Textiles & Apparel,Industry.mfg.consumer.clothes,Consumer Goods,Industry.mfg.consumer,40262,Sales.25Mto50M,204,Employees.100to249,23,,315111,31511,"TitleCode.e-biz,TitleCodeMiddle.Director,TitleCodeTop.Business,TitleCode.IT,TitleCodeMiddle.Marketing,TitleCodeMiddle.Technical,TitleCode.Director","Marketing,Director",https://go.zoominfo.com/#/apps/search/person/results?personProfileId=1417331030,31d2c9a07406d4be4a035685e5c3a7d3,sigvaris.com
1713759996,Martel,Gil,,,,"Director, Information Technology",759,Information Technology,Director,,(850) 878-1144 ext. 2104,gil@skandiawf.com,270 Crossway Rd.,Tallahassee,Florida,32305,United States,24,8/30/2019,35144012,Skandia Window Fashions Inc,Skandia Window Fashions,www.skandiawf.com,(850) 878-1144,270 Crossway Rd.,Tallahassee,Florida,32305,United States,Household Goods,Industry.mfg.consumer.household,Consumer Goods,Industry.mfg.consumer,199270,Sales.100MMto250M,78,Employees.50to99,25,259,337920,3379,"TitleCode.IT,TitleCodeTop.Business,TitleCodeMiddle.Technical,TitleCode.Director,TitleCodeMiddle.Director","Engineering & Technical,Director",https://go.zoominfo.com/#/apps/search/person/results?personProfileId=1713759996,bac5772f9477a4effaa7375114278998,skandiawf.com
-1903238364,Herrin,Jake,,,,"Director, Information Technology",759,Information Technology,Director,,(801) 415-5009,jherrin@smithppi.com,,,Utah,,United States,12,11/26/2019,209862800,Smith Power Products Inc,Smith Power Products,www.smithpowerproducts.com,(801) 415-5000,3065 W California Ave.,Salt Lake City,Utah,84104,United States,Industrial Machinery & Equipment,Industry.mfg.industrialmachinery,Manufacturing,Industry.mfg,93000,Sales.50Mto100M,200,Employees.100to249,50,508,4238,42,"TitleCode.IT,TitleCodeTop.Business,TitleCodeMiddle.Technical,TitleCode.Director,TitleCodeMiddle.Director","Engineering & Technical,Director",https://go.zoominfo.com/#/apps/search/person/results?personProfileId=-1903238364,e204b76dd93ebd860624ee6982961d0c,smithppi.com
-1172650785,Latour,Stephen,,,,"Director, Information Technology & Facilities",759,Facilities,Director,,(408) 737-5604,stephen.latour@socionext.com,2811 MISSION COLLEGE Blvd. Fl. 5,Santa Clara,California,95054,United States,20,11/27/2019,372204959,Socionext Inc.,Socionext,www.socionext.com,(408) 737-5654,1250 E. Arques Ave.,Sunnyvale,California,94085,United States,Business Services General,Industry.bizservice.general,Business Services,Industry.bizservice,276690,Sales.250Mto500M,2800,Employees.1000to4999,73,737,5182,541512,"TitleCode.Facilities,TitleCodeMiddle.Director,TitleCodeTop.Business,TitleCode.IT,TitleCodeMiddle.Operations,TitleCodeMiddle.Technical,TitleCode.Director","Operations,Director",https://go.zoominfo.com/#/apps/search/person/results?personProfileId=-1172650785,00108b4c9cfc6964866cc63b9ee47ac2,socionext.com
2040067602,Boll,Jeff,M.,,,"Senior Director, Information Technology",763,Information Technology,Director,,(563) 582-3606 ext. 318,jboll@spahnandrose.com,2175 Southpark Ct.,Dubuque,Iowa,52003,United States,39,11/26/2019,83296795,Spahn & Rose Lumber Co,Spahn & Rose,www.spahnandrose.com,(563) 582-3606,2175 Southpark Ct.,Dubuque,Iowa,52003,United States,"Lumber, Wood Production & Timber Operations",Industry.mfg.building.lumber,Building Materials,Industry.mfg.building,86445,Sales.50Mto100M,438,Employees.250to499,5211,521,444,44,"TitleCode.IT,TitleCodeTop.Business,TitleCodeMiddle.Technical,TitleCode.Director,TitleCodeMiddle.Director","Engineering & Technical,Director",https://go.zoominfo.com/#/apps/search/person/results?personProfileId=2040067602,a95d269815781906cc779a380b8e511a,spahnandrose.com
-1255414087,Higby,Andrew,,,,"Director, Information Technology",759,Information Technology,Director,,(904) 997-4439,ahigby@stenner.com,3174 De Salvo Rd.,Jacksonville,Florida,32246,United States,8,11/26/2019,36635854,Stenner Pump Company,Stenner Pump,www.stenner.com,(904) 641-1666,3174 De Salvo Rd.,Jacksonville,Florida,32246,United States,Industrial Machinery & Equipment,Industry.mfg.industrialmachinery,Manufacturing,Industry.mfg,26841,Sales.25Mto50M,136,Employees.100to249,35,,541,5413,"TitleCode.IT,TitleCodeTop.Business,TitleCodeMiddle.Technical,TitleCode.Director,TitleCodeMiddle.Director","Engineering & Technical,Director",https://go.zoominfo.com/#/apps/search/person/results?personProfileId=-1255414087,18a6d78ec7d489ca5cb915aad36bdf1c,stenner.com
73400095,Baumgardner,Greg,,,,"Director, Information Technology",759,Information Technology,Director,,(503) 478-1550,gregb@stimsonlumber.com,520 SW Yamhill St.,Portland,Oregon,97204,United States,71,11/5/2019,36700749,Stimson Lumber Company,Stimson Lumber,www.stimsonlumber.com,(503) 295-0951,520 SW Yamhill St.,Portland,Oregon,97204,United States,"Lumber, Wood Production & Timber Operations",Industry.mfg.building.lumber,Building Materials,Industry.mfg.building,300000,Sales.250Mto500M,750,Employees.500to999,24,241,444,321113,"TitleCode.IT,TitleCodeTop.Business,TitleCodeMiddle.Technical,TitleCode.Director,TitleCodeMiddle.Director","Engineering & Technical,Director",https://go.zoominfo.com/#/apps/search/person/results?personProfileId=73400095,5b6fb7de35eae65fcb478e020590d8b7,stimsonlumber.com
1739120953,Bride,Dan,,,,"Director, Information Technology",759,Information Technology,Director,,(626) 934-5226,dbride@swatfame.com,16425 E Gale Ave.,Industry,California,91745,United States,39,11/14/2019,353587218,Swatfame Inc,Swatfame,www.swatfame.com,(626) 961-7928,16425 E Gale Ave.,Industry,California,91745,United States,Textiles & Apparel,Industry.mfg.consumer.clothes,Consumer Goods,Industry.mfg.consumer,15986,Sales.10Mto25M,81,Employees.50to99,23,233,31524,31,"TitleCode.IT,TitleCodeTop.Business,TitleCodeMiddle.Technical,TitleCode.Director,TitleCodeMiddle.Director","Engineering & Technical,Director",https://go.zoominfo.com/#/apps/search/person/results?personProfileId=1739120953,6eb9d29fedf39a8b338eda6dbc3df9fa,swatfame.com
1697475038,Braithwaite,Nigel,W.,,,"Director, Information Technology",759,Information Technology,Director,,(305) 704-3554,nbraithwaite@symbits.com,800 South Douglas Rd. Ste. 450,Coral Gables,Florida,33134,United States,40,11/16/2019,351146263,SYMBITS Inc,SYMBITS,www.symbits.com,(866) 422-0511,800 South Douglas Rd. Ste. 450,Coral Gables,Florida,33134,United States,Computer Equipment & Peripherals,Industry.mfg.computers,Consumer Electronics & Computers Retail,Industry.retail.electronics,13800,Sales.10Mto25M,69,Employees.50to99,73,737,811,81121,"TitleCode.IT,TitleCodeTop.Business,TitleCodeMiddle.Technical,TitleCode.Director,TitleCodeMiddle.Director","Engineering & Technical,Director",https://go.zoominfo.com/#/apps/search/person/results?personProfileId=1697475038,46cdb15842686f2e9ac9bc7df6d32c8d,symbits.com
1641587131,Stewart,Mark,,,,"Director, Information Technology",759,Information Technology,Director,,(704) 664-8115,mark.stewart@teampenske.com,200 Penske Way,Mooresville,North Carolina,28115,United States,41,11/27/2019,30048661,Team Penske,Team Penske,www.teampenske.com,(704) 664-2300,200 Penske Way,Mooresville,North Carolina,28115,United States,Motor Vehicles,Industry.mfg.car,Manufacturing,Industry.mfg,44800,Sales.25Mto50M,224,Employees.100to249,371,37,7112,711211,"TitleCode.IT,TitleCodeTop.Business,TitleCodeMiddle.Technical,TitleCode.Director,TitleCodeMiddle.Director","Engineering & Technical,Director",https://go.zoominfo.com/#/apps/search/person/results?personProfileId=1641587131,d8370fbda8ff6d3d641f745e06d2fc83,teampenske.com
3260042175,Orrel,Larry,,Mr.,,"Director, Information Technology",759,Information Technology,Director,,(386) 257-0104,larry.orrel@technetics.com,305 Fentress Blvd.,Daytona Beach,Florida,32114,United States,45,11/21/2019,115179801,Technetics Group LLC,Technetics Group,www.technetics.com,(803) 783-1880,2791 The Blvd.,Columbia,South Carolina,29209,United States,Tires & Rubber,Industry.mfg.rubber,Manufacturing,Industry.mfg,177628,Sales.100MMto250M,900,Employees.500to999,30,305,339991,339,"TitleCode.IT,TitleCodeTop.Business,TitleCodeMiddle.Technical,TitleCode.Director,TitleCodeMiddle.Director","Engineering & Technical,Director",https://go.zoominfo.com/#/apps/search/person/results?personProfileId=3260042175,c984b9f3e238a369106877d53ae57aa6,technetics.com
43020329,Chiang,Alice,M.,Dr.,,"Director, Information Technology",759,Information Technology,Director,,(781) 221-5015,alice@terason.com,77 Terrace Hall Ave.,Burlington,Massachusetts,1803,United States,140,11/18/2019,37928962,Terason,Terason,www.terason.com,(781) 270-4143,77 Terrace Hall Ave.,Burlington,Massachusetts,1803,United States,Medical Devices & Equipment,Industry.mfg.medical,Manufacturing,Industry.mfg,43451,Sales.25Mto50M,28,Employees.20to49,38,384,33451,621,"TitleCode.IT,TitleCodeTop.Business,TitleCodeMiddle.Technical,TitleCode.Director,TitleCodeMiddle.Director","Engineering & Technical,Director",https://go.zoominfo.com/#/apps/search/person/results?personProfileId=43020329,13efb55dfa5c4fe1ee453dcab30928a0,terason.com
-2048343053,Whalen,Craig,,,,"Project Manager, Information Technology Director",759,Technical,Director,,(850) 504-6923,cwhalen@tformation.com,864 Commerce Blvd.,Midway,Florida,32343,United States,16,3/26/2019,116261040,"T-Formation of Tallahassee, Inc.",T-Formation,www.tformation.com,(850) 574-0122,864 Commerce Blvd.,Midway,Florida,32343,United States,Textiles & Apparel,Industry.mfg.consumer.clothes,Consumer Goods,Industry.mfg.consumer,10000,Sales.10Mto25M,45,Employees.20to49,23,239,541,5414,"TitleCodeMiddle.Manager,TitleCode.ProjectManagement,TitleCode.Technical,TitleCodeMiddle.Director,TitleCode.IT,TitleCodeTop.Business,TitleCodeMiddle.Operations,TitleCodeMiddle.Technical,TitleCode.Director,TitleCode.Manager","Manager,Director",https://go.zoominfo.com/#/apps/search/person/results?personProfileId=-2048343053,19bbf0b9dd45a7a3a12aa354dceeb1b6,tformation.com
1216775245,Piringer,Tim,,,,"Global Vice President, Information Technology & Facilities Management",849,Facilities,VP-Level,,(973) 290-6308,tim.piringer@themedco.com,20 Timber Trail,Ramsey,New Jersey,7446,United States,45,8/30/2019,32326763,The Medicines Company,The Medicines Company,www.themedicinescompany.com,(973) 290-6000,8 Sylvan Way,Parsippany,New Jersey,7054,United States,Drug Manufacturing & Research,Industry.healthcare.pharmaceuticals.drugs,Pharmaceuticals,Industry.healthcare.pharmaceuticals,6138,Sales.5Mto10M,62,Employees.50to99,28,283,32541,5417,"TitleCode.Facilities,TitleCode.VP,TitleCodeTop.Business,TitleCode.IT,TitleCodeMiddle.VP,TitleCodeMiddle.Operations,TitleCodeMiddle.Technical,TitleCode.Manager","Operations,Engineering & Technical",https://go.zoominfo.com/#/apps/search/person/results?personProfileId=1216775245,cf793a63725e9640a7c449fc6c187afb,themedco.com
-2104729615,Brinkley,Allen,,,,"Director, Information Technology",759,Information Technology,Director,,(713) 896-5598,allen.brinkley@toshiba.com,13131 West Little York Rd.,Houston,Texas,77041,United States,33,11/26/2019,343359857,Toshiba International Corporation,Toshiba,www.toshiba.com,(713) 466-0277,13131 West Little York Rd.,Houston,Texas,77041,United States,Manufacturing,Industry.mfg,Consumer Electronics,Industry.mfg.consumer.electronics,367296,Sales.250Mto500M,1861,Employees.1000to4999,365,36,3343,33,"TitleCode.IT,TitleCodeTop.Business,TitleCodeMiddle.Technical,TitleCode.Director,TitleCodeMiddle.Director","Engineering & Technical,Director",https://go.zoominfo.com/#/apps/search/person/results?personProfileId=-2104729615,985503b32c5d2b1f53bad522fa1f9d31,toshiba.com
2061428572,Ringer,Matt,,,,"Global Director, Information Technology & Chief Information Officer",899,Information Technology,C-Level,,(678) 880-1409,matt.ringer@universalalloy.com,180 Lamar Haley Pkwy.,Canton,Georgia,30114,United States,63,11/21/2019,132448503,Universal Alloy Corporation,Universal Alloy,www.universalalloy.com,(770) 479-7230,180 Lamar Haley Pkwy.,Canton,Georgia,30114,United States,Manufacturing,Industry.mfg,Power Conversion & Protection Equipment,Industry.mfg.electronics.powerequip,271570,Sales.250Mto500M,1000,Employees.1000to4999,37,372,5413,333,"TitleCode.IT,TitleCodeTop.Business,TitleCodeMiddle.Exec,TitleCodeMiddle.Technical,TitleCode.Director,TitleCode.Exec","C-Level,Engineering & Technical",https://go.zoominfo.com/#/apps/search/person/results?personProfileId=2061428572,0a471b53139774f1abc6b7997c5d9282,universalalloy.com
1581525836,Davidson,Chuck,,,,"Global Director, Information Technology",759,Information Technology,Director,,(512) 541-3744,chuck.davidson@velocityelec.com,2208 Energy Dr.,Austin,Texas,78758,United States,74,11/18/2019,126632026,Velocity Electronics Corp,Velocity Electronics,www.velocityelec.com,(512) 973-9500,2208 Energy Dr.,Austin,Texas,78758,United States,Semiconductor & Semiconductor Equipment,Industry.mfg.electronics.semiconductors,Electronics,Industry.mfg.electronics,75000,Sales.50Mto100M,97,Employees.50to99,3674,367,33441,33,"TitleCode.IT,TitleCodeTop.Business,TitleCodeMiddle.Technical,TitleCode.Director,TitleCodeMiddle.Director","Engineering & Technical,Director",https://go.zoominfo.com/#/apps/search/person/results?personProfileId=1581525836,d5b1831da7069e59bcec01c6f2d534c7,velocityelec.com
-899871638,Hutchinson,Hutch,,,,"Director, Information Technology & Manager, Inventory & Uvi",760,Information Technology,Director,,(504) 780-6049,hhutchinson@mbfordmetairie.com,3724 Veterans Memorial Blvd. Directions,Metairie,Louisiana,70002,United States,5,4/25/2019,258031976,Veterans Ford,Veterans Ford,veteransfordmetairie.com,(504) 887-8410,3724 Veterans Memorial Blvd. Directions,Metairie,Louisiana,70002,United States,Motor Vehicles,Industry.mfg.car,Manufacturing,Industry.mfg,9200,Sales.5Mto10M,46,Employees.20to49,371,37,33,336,"TitleCodeMiddle.Manager,TitleCodeMiddle.Director,TitleCodeTop.Business,TitleCode.IT,TitleCodeMiddle.Technical,TitleCode.Manager,TitleCode.Director","Manager,Director",https://go.zoominfo.com/#/apps/search/person/results?personProfileId=-899871638,6d0a41a0173afdc4405ff45f3533a2fb,mbfordmetairie.com
1228185208,Bryan,Wes,,Mr.,,"Director, Information Technology",759,Information Technology,Director,,(540) 932-3346,wbryan@vpc.com,1400 New Hope Rd.,Waynesboro,Virginia,22980,United States,70,9/6/2019,90259696,Virginia Panel Corporation,VPC,www.vpc.com,(540) 932-3300,1400 New Hope Rd.,Waynesboro,Virginia,22980,United States,Electronic Components,Industry.mfg.electronics.electronics,Electronics,Industry.mfg.electronics,22600,Sales.10Mto25M,113,Employees.100to249,36,367,3353,33531,"TitleCode.IT,TitleCodeTop.Business,TitleCodeMiddle.Technical,TitleCode.Director,TitleCodeMiddle.Director","Engineering & Technical,Director",https://go.zoominfo.com/#/apps/search/person/results?personProfileId=1228185208,c7b0a206aa5b6bb1dc2bac69eff78abf,vpc.com
-1876175594,Nagy,Gary,D.,,,"Director, Information Technology",759,Information Technology,Director,,(440) 439-1830 ext. 3530,nagyg@waxmancpg.com,24460 Aurora Rd.,Cleveland,Ohio,44146-1794,United States,25,11/22/2019,41566215,"Waxman Consumer Products Group , Inc.",Waxman,www.waxman.com,(440) 439-1830,24460 Aurora Rd.,Bedford,Ohio,44146,United States,Plumbing & HVAC Equipment,Industry.mfg.building.plumbing,Building Materials,Industry.mfg.building,69600,Sales.50Mto100M,100,Employees.100to249,34,343,6114,611430,"TitleCode.IT,TitleCodeTop.Business,TitleCodeMiddle.Technical,TitleCode.Director,TitleCodeMiddle.Director","Engineering & Technical,Director",https://go.zoominfo.com/#/apps/search/person/results?personProfileId=-1876175594,104516a6888b3e45cb5238925bfd1aae,waxmancpg.com
466623542,Rogers,Rick,,,,"Production Control Director, Information Technology",759,Operations,Director,,(260) 758-3121 ext. 246,rick.rogers@waynemetals.com,400 E Logan St.,Markle,Indiana,46770,United States,18,11/18/2019,114098451,Wayne Metals LLC,Wayne Metals,www.waynemetals.com,(260) 758-3121,400 E Logan St.,Markle,Indiana,46770,United States,Industrial Machinery & Equipment,Industry.mfg.industrialmachinery,Metals & Minerals,Industry.mm.metals,10000,Sales.10Mto25M,33,Employees.20to49,34,344,332,3323,"TitleCode.Operations,TitleCodeMiddle.Director,TitleCodeTop.Business,TitleCode.IT,TitleCodeMiddle.Operations,TitleCodeMiddle.Technical,TitleCode.Director","Operations,Director",https://go.zoominfo.com/#/apps/search/person/results?personProfileId=466623542,ccdd63e44625d1a85792fb24d8ba265a,waynemetals.com
2949651506,Deford,Amy,,,,"Director, Information Technology Operations",759,Operations,Director,,(858) 251-5575,adeford@wd40.com,,,California,,United States,4,7/15/2019,114163843,WD-40 Company,WD-40,www.wd40company.com,(619) 275-1400,9715 BUSINESSPARK Ave.,San Diego,California,92131,United States,Chemicals,Industry.mfg.chemicals.chemicals,"Chemicals, Petrochemicals, Glass & Gases",Industry.mfg.chemicals,408518,Sales.250Mto500M,480,Employees.250to499,28,289,325613,339,"TitleCode.Operations,TitleCodeMiddle.Director,TitleCodeTop.Business,TitleCode.IT,TitleCodeMiddle.Operations,TitleCodeMiddle.Technical,TitleCode.Director","Operations,Director",https://go.zoominfo.com/#/apps/search/person/results?personProfileId=2949651506,7e382e0c86ceb9a4bb957802c28c1c66,wd40.com
1738718496,Frederick,Bill,,,,"Director, Information Technology & Security",759,Information Technology,Director,,(805) 869-1720,bfrederick@xirgotech.com,188 Camino Ruiz,Camarillo,California,93012,United States,42,11/22/2019,353936204,Xirgo Technologies LLC,Xirgo Technologies,www.xirgotech.com,(805) 319-4079,188 Camino Ruiz,Camarillo,California,93012,United States,Computer Equipment & Peripherals,Industry.mfg.computers,Manufacturing,Industry.mfg,9078,Sales.5Mto10M,46,Employees.20to49,48,481,517312,5173,"TitleCode.IT,TitleCodeTop.Business,TitleCodeMiddle.Technical,TitleCode.Director,TitleCodeMiddle.Director","Engineering & Technical,Director",https://go.zoominfo.com/#/apps/search/person/results?personProfileId=1738718496,5cbb1390fa439b196b181718f55574ca,xirgotech.com
