﻿Zoom Individual ID,Last name,First name,Middle name,Salutation,Suffix,Job title,Job title hierarchy level,Job Function,Management Level,Company division name,Direct Phone Number,Email address,Person Street,Person City,Person State,Person Zip,Country,Source count,Last updated date,Zoom company ID,Company name,Marketing Friendly Name,Company domain name,Company phone number,Company Street address,Company City,Company State,Company ZIP/Postal code,Company Country,Industry label,Industry hierarchical category,Secondary industry label,Secondary industry hierarchical category,Revenue (in 000s),Revenue Range,Employees,Employees Range,SIC1,SIC2,NAICS1,NAICS2,TitleCode,Highest Level Job Function,Contact Zoom URL,Encrypted Email Address,Email Domain
2091968880,Friesen,Scot,,,,"Manager, Information Technology",719,Information Technology,Manager,,(408) 747-7140 ext. 1361,s.friesen@aixtron.com,1139 Karlstad Dr.,Sunnyvale,California,94089-2117,United States,19,3/21/2019,983087,AIXTRON AG,AIXTRON,www.aixtron.com,(669) 228-3759,1700 Wyatt Dr. Ste. 14-15,Santa Clara,California,95054,United States,Semiconductor & Semiconductor Equipment,Industry.mfg.electronics.semiconductors,Electronics,Industry.mfg.electronics,275965,Sales.250Mto500M,581,Employees.500to999,36,367,332,333,"TitleCode.IT,TitleCodeTop.Business,TitleCodeMiddle.Manager,TitleCodeMiddle.Technical,TitleCode.Manager","Manager,Engineering & Technical",https://go.zoominfo.com/#/apps/search/person/results?personProfileId=2091968880,1940794ada7a4a12deff7f175eb5f9ad,aixtron.com
2008123927,Li,Hao,,,,"Manager, Information Technology",719,Information Technology,Manager,,(408) 789-3107,hli@aosmd.com,475 OAKMEAD Pkwy.,Sunnyvale,California,94085,United States,30,10/11/2019,3624121,ALPHA & OMEGA SEMICONDUCTOR Ltd,Alpha & Omega Semiconductor,www.aosmd.com,(408) 830-9742,475 OAKMEAD Pkwy.,Sunnyvale,California,94085,United States,Semiconductor & Semiconductor Equipment,Industry.mfg.electronics.semiconductors,Electronics,Industry.mfg.electronics,421553,Sales.250Mto500M,3340,Employees.1000to4999,36,367,55,332,"TitleCode.IT,TitleCodeTop.Business,TitleCodeMiddle.Manager,TitleCodeMiddle.Technical,TitleCode.Manager","Manager,Engineering & Technical",https://go.zoominfo.com/#/apps/search/person/results?personProfileId=2008123927,2bdd50a201cd00991ccead8fc44a2537,aosmd.com
1528090748,Liu,Norman,,,,"Manager, Information Technology",719,Information Technology,Manager,,(714) 735-5228,nliu@amada.com,7025 Firestone Blvd.,Buena Park,California,90621,United States,44,10/3/2019,2015973,"Amada America , Inc.",Amada America,www.amada.com,(714) 549-0112,7025 Firestone Blvd.,Buena Park,California,90621,United States,Industrial Machinery & Equipment,Industry.mfg.industrialmachinery,Manufacturing,Industry.mfg,160852,Sales.100MMto250M,815,Employees.500to999,35,,,,"TitleCode.IT,TitleCodeTop.Business,TitleCodeMiddle.Manager,TitleCodeMiddle.Technical,TitleCode.Manager","Manager,Engineering & Technical",https://go.zoominfo.com/#/apps/search/person/results?personProfileId=1528090748,c54bfc249723d45acb2c34ce74253c72,amada.com
-1292456708,Wong,Isaac,,,,"Senior Manager, Information Technology",723,Information Technology,Manager,,(408) 400-1417,isaac.wong@ambarella.com,3101 JAY St.,Santa Clara,California,95054,United States,3,3/21/2019,3935383,Ambarella Inc,Ambarella,www.ambarella.com,(408) 734-8888,3101 Jay St.,Santa Clara,California,95054,United States,Semiconductor & Semiconductor Equipment,Industry.mfg.electronics.semiconductors,Electronics,Industry.mfg.electronics,295402,Sales.250Mto500M,706,Employees.500to999,36,367,33441,33,"TitleCode.IT,TitleCodeTop.Business,TitleCodeMiddle.Manager,TitleCodeMiddle.Technical,TitleCode.Manager","Manager,Engineering & Technical",https://go.zoominfo.com/#/apps/search/person/results?personProfileId=-1292456708,aba7cef5eead7624288b08c6cf7c8abe,ambarella.com
-1385126101,Hollifield,Gary,,,,"Manager, Information Technology",719,Information Technology,Manager,,,garyh@anver.com,36 Parmenter Rd.,Hudson,Massachusetts,1749,United States,9,4/24/2019,6245466,ANVER Corp,ANVER,www.anver.com,(978) 568-0221,36 Parmenter Rd.,Hudson,Massachusetts,1749,United States,Industrial Machinery & Equipment,Industry.mfg.industrialmachinery,Manufacturing,Industry.mfg,14999,Sales.10Mto25M,76,Employees.50to99,35,,,,"TitleCode.IT,TitleCodeTop.Business,TitleCodeMiddle.Manager,TitleCodeMiddle.Technical,TitleCode.Manager","Manager,Engineering & Technical",https://go.zoominfo.com/#/apps/search/person/results?personProfileId=-1385126101,eb8fa290db7eb7124830ed422c2ee89d,anver.com
92345358,Spangenberg,Scott,,,,"Manager, Information Technology",719,Information Technology,Manager,,(814) 474-4322,scott.spangenberg@apitech.com,8031 Avonia Rd.,Fairview,Pennsylvania,16415,United States,26,3/21/2019,6999589,API Technologies Corp,API,www.apitech.com,(508) 251-6400,400 Nickerson Rd.,Marlborough,Massachusetts,1752,United States,Semiconductor & Semiconductor Equipment,Industry.mfg.electronics.semiconductors,Electronics,Industry.mfg.electronics,235900,Sales.100MMto250M,1700,Employees.1000to4999,36,367,334419,33441,"TitleCode.IT,TitleCodeTop.Business,TitleCodeMiddle.Manager,TitleCodeMiddle.Technical,TitleCode.Manager","Manager,Engineering & Technical",https://go.zoominfo.com/#/apps/search/person/results?personProfileId=92345358,758b6d41f98da56ea3b85a9f5b38b2f2,apitech.com
-1824868228,Duffer,Cameron,,,,"Manager, Information Technology",719,Information Technology,Manager,,(919) 258-4305,cduffer@ardencompanies.com,1611 Broadway Rd.,Sanford,North Carolina,27332,United States,11,3/26/2019,17716191,Arden Companies,Arden,www.ardencompanies.com,(248) 415-8500,30400 Telegraph Rd. Ste. 200,Bingham Farms,Michigan,48025,United States,Household Goods,Industry.mfg.consumer.household,Consumer Goods,Industry.mfg.consumer,50000,Sales.50Mto100M,90,Employees.50to99,23,239,314120,31412,"TitleCode.IT,TitleCodeTop.Business,TitleCodeMiddle.Manager,TitleCodeMiddle.Technical,TitleCode.Manager","Manager,Engineering & Technical",https://go.zoominfo.com/#/apps/search/person/results?personProfileId=-1824868228,44fae6a5bf4802c4c5776c91c349cfbb,ardencompanies.com
37515344,Romano,Brian,,,,"Manager, Control Systems Engineering & Information Technology",719,Information Technology,Manager,,(860) 583-4109 ext. 105,brian.romano@arthurgrussell.com,750 Clark Ave.,Bristol,Connecticut,6010,United States,42,3/21/2019,8670762,Arthur G. Russell Co. Inc,Arthur G. Russell,www.arthurgrussell.com,(860) 583-4109,750 Clark Ave.,Bristol,Connecticut,6010,United States,Industrial Machinery & Equipment,Industry.mfg.industrialmachinery,Manufacturing,Industry.mfg,29604,Sales.25Mto50M,150,Employees.100to249,35,355,333249,3332,"TitleCode.IT,TitleCodeTop.Business,TitleCodeMiddle.Manager,TitleCode.SoftwareEng,TitleCodeMiddle.Technical,TitleCode.Manager","Manager,Engineering & Technical",https://go.zoominfo.com/#/apps/search/person/results?personProfileId=37515344,2ca609a7bfe91829abea7f93b0a470a1,arthurgrussell.com
1889712719,Stine,Linda,S.,,,"Manager, Information Technology",719,Information Technology,Manager,,(763) 536-3672,lstine@abelconn.com,9210 Science Center Dr.,New Hope,Minnesota,55428,United States,19,4/11/2019,371751595,Atrenne Integrated Solutions Inc,Atrenne,www.atrenne.com,(763) 533-3533,9210 Science Center Dr.,New Hope,Minnesota,55428,United States,"Miscellaneous Building Materials (Flooring, Cabinets, etc.)",Industry.mfg.building.other,Building Materials,Industry.mfg.building,12953,Sales.10Mto25M,68,Employees.50to99,33,335,331316,541,"TitleCode.IT,TitleCodeTop.Business,TitleCodeMiddle.Manager,TitleCodeMiddle.Technical,TitleCode.Manager","Manager,Engineering & Technical",https://go.zoominfo.com/#/apps/search/person/results?personProfileId=1889712719,625a4c6f56f2d8adf4f6d6def16fdc56,abelconn.com
2842163538,Bollin,Brent,,,,"Manager, Information Technology",719,Information Technology,Manager,,(417) 385-4631,bbollin@bbbind.com,,,Missouri,,United States,6,10/1/2019,12946740,BBB Industries LLC,BBB Industries,www.bbbind.com,(251) 438-2737,29627 Renaissance Blvd.,Daphne,Alabama,36526,United States,Motor Vehicle Parts,Industry.mfg.carparts,Manufacturing,Industry.mfg,298720,Sales.250Mto500M,3000,Employees.1000to4999,37,371,336322,3353,"TitleCode.IT,TitleCodeTop.Business,TitleCodeMiddle.Manager,TitleCodeMiddle.Technical,TitleCode.Manager","Manager,Engineering & Technical",https://go.zoominfo.com/#/apps/search/person/results?personProfileId=2842163538,186ef156e016d1808338e373c7417428,bbbind.com
-2024180329,Wang,James,,,,"Director, Information Technology",759,Information Technology,Director,,(708) 534-7187,james.wang@bimba.com,25150 S Governors Hwy.,University Park,Illinois,60484,United States,30,8/1/2019,4719046,Bimba Manufacturing Company,Bimba,www.bimba.com,(708) 534-8544,25150 S Governors Hwy.,University Park,Illinois,60484,United States,Industrial Machinery & Equipment,Industry.mfg.industrialmachinery,Manufacturing,Industry.mfg,125510,Sales.100MMto250M,325,Employees.250to499,35,359,333995,33399,"TitleCode.IT,TitleCodeTop.Business,TitleCodeMiddle.Technical,TitleCode.Director,TitleCodeMiddle.Director","Engineering & Technical,Director",https://go.zoominfo.com/#/apps/search/person/results?personProfileId=-2024180329,45ece6847d26206599b7fa70bc219ab5,bimba.com
2638641826,Walton,Scott,,,,"Manager, Information Technology",719,Information Technology,Manager,,(630) 497-8700 ext. 399,scott@grp7.com,2252 Southwind Blvd.,Bartlett,Illinois,60103,United States,3,10/7/2019,10636239,Bluff City Materials Inc,Bluff City,www.bluffcitymaterials.com,(630) 497-8700,2252 Southwind Blvd.,Bartlett,Illinois,60103,United States,"Aggregates, Concrete & Cement",Industry.mfg.building.concrete,Building Materials,Industry.mfg.building,16000,Sales.10Mto25M,27,Employees.20to49,14,144,21232,21,"TitleCode.IT,TitleCodeTop.Business,TitleCodeMiddle.Manager,TitleCodeMiddle.Technical,TitleCode.Manager","Manager,Engineering & Technical",https://go.zoominfo.com/#/apps/search/person/results?personProfileId=2638641826,e5facaa8c28c0ee2cec2de9c8bd4b560,grp7.com
2424771602,Dumbleton,Aaron,,,,"Manager, Information Technology Applications",719,Information Technology,Manager,,(215) 362-3678,aaron.dumbleton@brooksinstrument.com,,,Pennsylvania,,United States,6,9/9/2019,24252131,Brooks Instrument LLC,Brooks Instrument,www.brooksinstrument.com,(215) 362-3500,407 West Vine St.,Hatfield,Pennsylvania,19440,United States,Test & Measurement Equipment,Industry.mfg.testequipment,Manufacturing,Industry.mfg,98682,Sales.50Mto100M,500,Employees.500to999,38,382,334519,33399,"TitleCode.IT,TitleCodeTop.Business,TitleCodeMiddle.Manager,TitleCodeMiddle.Technical,TitleCode.Manager","Manager,Engineering & Technical",https://go.zoominfo.com/#/apps/search/person/results?personProfileId=2424771602,64dc2e1e6435b1d9e4cd1dc99c7ccb3c,brooksinstrument.com
-2042834347,Norris,Dale,,,,IT Manager,720,Information Technology,Manager,,(937) 456-7133 ext. 2127,dnorris@bullentech.com,1301 Miller Williams Rd.,Eaton,Ohio,45320,United States,12,3/26/2019,5865625,Bullen Ultrasonics Inc,Bullen Ultrasonics,www.bullentech.com,(937) 456-7133,1301 Miller Williams Rd.,Eaton,Ohio,45320,United States,Industrial Machinery & Equipment,Industry.mfg.industrialmachinery,Manufacturing,Industry.mfg,51870,Sales.50Mto100M,112,Employees.100to249,35,359,33271,332,"TitleCode.IT,TitleCodeTop.Business,TitleCodeMiddle.Manager,TitleCodeMiddle.Technical,TitleCode.Manager","Manager,Engineering & Technical",https://go.zoominfo.com/#/apps/search/person/results?personProfileId=-2042834347,ccb3a61be2a43579380d4041b52fd112,bullentech.com
1671391951,Agnew,Allen,,,,"Manager, IT Corporate Infrastructure",720,Information Technology,Manager,,(615) 365-3830,allen.agnew@carrierenterprise.com,915 Murfreesboro Rd.,Nashville,Tennessee,37217,United States,26,4/10/2019,346102270,Carrier Enterprise LLC,Carrier Enterprise,www.carrierenterprise.com,(305) 805-4500,"10801 NW 103rd St., Ste. 1",Miami,Florida,33178,United States,Plumbing & HVAC Equipment,Industry.mfg.building.plumbing,Building Materials,Industry.mfg.building,170000,Sales.100MMto250M,1600,Employees.1000to4999,50,507,4237,23822,"TitleCode.IT,TitleCodeTop.Business,TitleCodeMiddle.Manager,TitleCodeMiddle.Technical,TitleCode.Manager","Manager,Engineering & Technical",https://go.zoominfo.com/#/apps/search/person/results?personProfileId=1671391951,fd55ff0265abefc60278f51e217c8a06,carrierenterprise.com
1824162376,Klein,Josh,,,,"Architecture Director, Information Technology",759,Information Technology,Director,,(858) 345-5000,jklein@centrak.com,600 W. Broadway,San Diego,California,92101,United States,21,5/20/2019,7274641,CenTrak Inc,CenTrak,www.centrak.com,(215) 860-2928,826 Newtown-Yardley Rd.,Newtown,Pennsylvania,18940,United States,Electronic Components,Industry.mfg.electronics.electronics,Electronics,Industry.mfg.electronics,3000,Sales.1Mto5M,200,Employees.100to249,36,367,5417,622110,"TitleCode.IT,TitleCodeTop.Business,TitleCode.SoftwareEng,TitleCodeMiddle.Technical,TitleCode.Director,TitleCodeMiddle.Director","Engineering & Technical,Director",https://go.zoominfo.com/#/apps/search/person/results?personProfileId=1824162376,253cf772d5b5fe8265a47c93a17b6271,centrak.com
1578020815,Shipp,Justin,,,,"Manager, Information Technology",719,Information Technology,Manager,,(479) 770-0188 ext. 3175,jshipp@centralstatesmfg.com,302 Jane Pl.,Lowell,Arkansas,72745,United States,11,3/21/2019,10290621,Central States Manufacturing Inc,Central States Manufacturing,www.centralstatesmfg.com,(479) 770-0188,302 Jane Pl.,Lowell,Arkansas,72745,United States,"Miscellaneous Building Materials (Flooring, Cabinets, etc.)",Industry.mfg.building.other,Building Materials,Industry.mfg.building,138155,Sales.100MMto250M,700,Employees.500to999,34,344,331315,3313,"TitleCode.IT,TitleCodeTop.Business,TitleCodeMiddle.Manager,TitleCodeMiddle.Technical,TitleCode.Manager","Manager,Engineering & Technical",https://go.zoominfo.com/#/apps/search/person/results?personProfileId=1578020815,7ff0764f9489908e9fc2815db21427fb,centralstatesmfg.com
-1713165316,Linan,Rodolfo,,,,"Director, Information Technology",759,Information Technology,Director,,(248) 368-4027,rodolfo.navarrete@comau.com,21000 Telegraph Rd.,Southfield,Michigan,48033,United States,9,3/21/2019,11994523,Comau BV,Comau,www.comau.com,(248) 353-8888,21000 Telegraph Rd.,Southfield,Michigan,48033,United States,Industrial Machinery & Equipment,Industry.mfg.industrialmachinery,Manufacturing,Industry.mfg,300000,Sales.250Mto500M,9000,Employees.5000to9999,35,355,332,3323,"TitleCode.IT,TitleCodeTop.Business,TitleCodeMiddle.Technical,TitleCode.Director,TitleCodeMiddle.Director","Engineering & Technical,Director",https://go.zoominfo.com/#/apps/search/person/results?personProfileId=-1713165316,4c8f8efec1ecca292a45382cb4deb5a2,comau.com
262540215,Burghard,David,,,,"Manager, Information Technology",719,Information Technology,Manager,,(601) 974-2742,davidb@controlsysinc.com,909 Quinn St.,Jackson,Mississippi,39202-2740,United States,11,4/12/2019,29823126,Control Systems,Control Systems,www.control-systems-inc.com,(860) 956-9700,20 Hurlbut St.,West Hartford,Connecticut,6110,United States,Electronic Components,Industry.mfg.electronics.electronics,Semiconductor & Semiconductor Equipment,Industry.mfg.electronics.semiconductors,5920,Sales.5Mto10M,30,Employees.20to49,36,362,5182,335314,"TitleCode.IT,TitleCodeTop.Business,TitleCodeMiddle.Manager,TitleCodeMiddle.Technical,TitleCode.Manager","Manager,Engineering & Technical",https://go.zoominfo.com/#/apps/search/person/results?personProfileId=262540215,bf1b4043d103ff357679e249b9539fb5,controlsysinc.com
-2075803064,Wong,Kai,M.,,,IT Product Manager & Project Manager,719,Information Technology,Manager,,(713) 351-3791,kwong@cstindustries.com,498 N Loop 336 E,Conroe,Texas,77301,United States,12,3/21/2019,28282428,CST Industries Inc,CST,www.cstindustries.com,(913) 621-3700,903 E 104th St. Ste. 900,Kansas City,Missouri,64131,United States,Industrial Machinery & Equipment,Industry.mfg.industrialmachinery,Manufacturing,Industry.mfg,300000,Sales.250Mto500M,800,Employees.500to999,34,344,5413,332,"TitleCodeMiddle.Manager,TitleCode.ProjectManagement,TitleCode.IT,TitleCodeTop.Business,TitleCodeMiddle.Marketing,TitleCodeMiddle.Operations,TitleCodeMiddle.Technical,TitleCode.Manager,TitleCode.Product","Manager,Marketing",https://go.zoominfo.com/#/apps/search/person/results?personProfileId=-2075803064,068488de2b72b9c548ac2126d7c63800,cstindustries.com
3097572565,Shaw,Ron,,,,"Manager, Information Technology",719,Information Technology,Manager,,(505) 348-4338,ron.shaw@ctscorp.com,,Albuquerque,New Mexico,,United States,4,10/11/2019,10142084,CTS Corporation,CTS,www.ctscorp.com,(630) 577-8800,4925 INDIANA Ave.,Lisle,Illinois,60532,United States,Electronic Components,Industry.mfg.electronics.electronics,Electronics,Industry.mfg.electronics,470483,Sales.250Mto500M,3230,Employees.1000to4999,36,367,334419,333,"TitleCode.IT,TitleCodeTop.Business,TitleCodeMiddle.Manager,TitleCodeMiddle.Technical,TitleCode.Manager","Manager,Engineering & Technical",https://go.zoominfo.com/#/apps/search/person/results?personProfileId=3097572565,65a55eea415d6f28452653f0456089a2,ctscorp.com
1804792577,Patel,Rajan,,,,"Director, Information Technology",759,Information Technology,Director,,,rajan.patel@ctscorp.com,2375 Cabot Dr.,Lisle,Illinois,60532-3631,United States,21,8/30/2019,10142084,CTS Corporation,CTS,www.ctscorp.com,(630) 577-8800,4925 INDIANA Ave.,Lisle,Illinois,60532,United States,Electronic Components,Industry.mfg.electronics.electronics,Electronics,Industry.mfg.electronics,470483,Sales.250Mto500M,3230,Employees.1000to4999,36,367,334419,333,"TitleCode.IT,TitleCodeTop.Business,TitleCodeMiddle.Technical,TitleCode.Director,TitleCodeMiddle.Director","Engineering & Technical,Director",https://go.zoominfo.com/#/apps/search/person/results?personProfileId=1804792577,0618d3c24a115b2dcaa60177417980ae,ctscorp.com
765618222,Scott,Craig,,,,"Director, Information Technology & WMS",759,Information Technology,Director,,(562) 296-9524,craigs@cbpmail.net,,Lake Forest,California,92630,United States,29,9/4/2019,28581453,Custom Building Products Inc,Custom Building Products,www.custombuildingproducts.com,(562) 598-8808,13001 Seal Beach Blvd. Ste. 200,Seal Beach,California,90740,United States,"Miscellaneous Building Materials (Flooring, Cabinets, etc.)",Industry.mfg.building.other,Building Materials,Industry.mfg.building,100000,Sales.100MMto250M,1000,Employees.1000to4999,3272,327,327,3255,"TitleCode.IT,TitleCodeTop.Business,TitleCodeMiddle.Technical,TitleCode.Director,TitleCodeMiddle.Director","Engineering & Technical,Director",https://go.zoominfo.com/#/apps/search/person/results?personProfileId=765618222,9dd8e42ce6c2bafcd7aeacf252f9cb1b,cbpmail.net
-1664481035,Trainor,John,,,,"Director, Information Technology",759,Information Technology,Director,,(562) 598-8808 ext. 304,jtrainor@cbpmail.net,13001 Seal Beach Blvd. Ste. 200,Seal Beach,California,90740,United States,18,8/22/2019,28581453,Custom Building Products Inc,Custom Building Products,www.custombuildingproducts.com,(562) 598-8808,13001 Seal Beach Blvd. Ste. 200,Seal Beach,California,90740,United States,"Miscellaneous Building Materials (Flooring, Cabinets, etc.)",Industry.mfg.building.other,Building Materials,Industry.mfg.building,100000,Sales.100MMto250M,1000,Employees.1000to4999,3272,327,327,3255,"TitleCode.IT,TitleCodeTop.Business,TitleCodeMiddle.Technical,TitleCode.Director,TitleCodeMiddle.Director","Engineering & Technical,Director",https://go.zoominfo.com/#/apps/search/person/results?personProfileId=-1664481035,c05eea53fd593b1ffe1c30b7bcfab7cc,cbpmail.net
1150579394,Horlings,Brian,,,,"Manager, Information Technology",719,Information Technology,Manager,,(616) 389-1231,bhorlings@custom-profile.com,2535 Waldorf Ct. NW,Grand Rapids,Michigan,49544,United States,35,3/21/2019,39244209,Custom Profile Company,Custom Profile ,www.custom-profile.com,(616) 735-4410,2535 Waldorf Ct. NW,Grand Rapids,Michigan,49544,United States,"Plastic, Packaging & Containers",Industry.mfg.plastic,Manufacturing,Industry.mfg,48300,Sales.25Mto50M,275,Employees.250to499,30,308,3261,32,"TitleCode.IT,TitleCodeTop.Business,TitleCodeMiddle.Manager,TitleCodeMiddle.Technical,TitleCode.Manager","Manager,Engineering & Technical",https://go.zoominfo.com/#/apps/search/person/results?personProfileId=1150579394,968df2ddde946c9411acc82fd38ab59d,custom-profile.com
1802029067,Carlos,Tom,,,,"Manager, IT Enterprise Systems Applications",719,Information Technology,Manager,,(646) 264-7342,tcarlos@davidyurman.com,24 Vestry St.,New York City,New York,10013,United States,15,3/21/2019,33607094,David Yurman,David Yurman,www.davidyurman.com,(212) 896-1550,24 Vestry St.,New York City,New York,10013,United States,Jewelry & Watches,Industry.mfg.consumer.watch,Consumer Goods,Industry.mfg.consumer,241720,Sales.100MMto250M,300,Employees.250to499,39,391,44831,339,"TitleCode.IT,TitleCodeTop.Business,TitleCodeMiddle.Manager,TitleCodeMiddle.Technical,TitleCode.Manager","Manager,Engineering & Technical",https://go.zoominfo.com/#/apps/search/person/results?personProfileId=1802029067,55207f5ea48d45ec4c553e40462ade5e,davidyurman.com
1948743960,Lindstrom,Darren,,,,"Manager, Information Technology",719,Information Technology,Manager,,(781) 224-5111,darren.lindstrom@dntanks.com,11 Teal Rd.,Wakefield,Massachusetts,1880,United States,19,3/21/2019,348534756,DN Tanks Inc,DN Tanks,www.dntanks.com,(781) 246-1133,11 Teal Rd.,Wakefield,Massachusetts,1880,United States,"Aggregates, Concrete & Cement",Industry.mfg.building.concrete,"Miscellaneous Building Materials (Flooring, Cabinets, etc.)",Industry.mfg.building.other,62762,Sales.50Mto100M,318,Employees.250to499,32,327,3369,33699,"TitleCode.IT,TitleCodeTop.Business,TitleCodeMiddle.Manager,TitleCodeMiddle.Technical,TitleCode.Manager","Manager,Engineering & Technical",https://go.zoominfo.com/#/apps/search/person/results?personProfileId=1948743960,95c6bccbb4b4e4fbe920f5a9a94a7fff,dntanks.com
-1809033144,Sellers,Chris,,,,"Manager, Information Technology Systems",719,Information Technology,Manager,,,chris.sellers@duravant.com,107 Flint St.,Jonesboro,Arkansas,72401,United States,5,10/11/2019,365596021,Duravant LLC,Duravant,www.duravant.com,(630) 635-3910,3500 Lacey Rd. Ste. 290,Downers Grove,Illinois,60515,United States,Food & Beverages,Industry.mfg.food.food,"Food, Beverages & Tobacco",Industry.mfg.food,94545,Sales.50Mto100M,450,Employees.250to499,35,355,333249,33329,"TitleCode.IT,TitleCodeTop.Business,TitleCodeMiddle.Manager,TitleCodeMiddle.Technical,TitleCode.Manager","Manager,Engineering & Technical",https://go.zoominfo.com/#/apps/search/person/results?personProfileId=-1809033144,1ddb233ba89b1a1fe2b0ec9c09522f58,duravant.com
-1460069425,Forsberg,David,,,,"Manager, Information Technology",719,Information Technology,Manager,,(406) 414-7040 ext. 130,dave.f@earthelements.com,12 PENNY Ln.,Gallatin Gateway,Montana,59730,United States,14,4/11/2019,12157219,Earth Elements,Earth Elements,www.earthelements.com,(406) 414-7040,12 PENNY Ln.,Gallatin Gateway,Montana,59730,United States,Appliances,Industry.mfg.consumer.appliances,Consumer Goods,Industry.mfg.consumer,41821,Sales.25Mto50M,109,Employees.100to249,73,738,238330,541,"TitleCode.IT,TitleCodeTop.Business,TitleCodeMiddle.Manager,TitleCodeMiddle.Technical,TitleCode.Manager","Manager,Engineering & Technical",https://go.zoominfo.com/#/apps/search/person/results?personProfileId=-1460069425,0c13b8a228c4fa1acd73f1c7eada96af,earthelements.com
-2138871500,Reas,Josh,,,,"Manager, Information Technology",719,Information Technology,Manager,,(715) 539-5341,jreas@elginfasteners.com,1100 West Taylor St.,Merrill,Wisconsin,54452,United States,15,10/10/2019,39980139,Elgin Fastener Group LLC,Elgin Fastener,www.elginfasteners.com,(812) 689-8990,10217 Brecksville Rd.,Brecksville,Ohio,44141,United States,"Miscellaneous Building Materials (Flooring, Cabinets, etc.)",Industry.mfg.building.other,Building Materials,Industry.mfg.building,117860,Sales.100MMto250M,503,Employees.500to999,34,345,33261,33272,"TitleCode.IT,TitleCodeTop.Business,TitleCodeMiddle.Manager,TitleCodeMiddle.Technical,TitleCode.Manager","Manager,Engineering & Technical",https://go.zoominfo.com/#/apps/search/person/results?personProfileId=-2138871500,67a52239219ecb5337bc6ee9b5c698bf,elginfasteners.com
1585896473,Biondo,Judith,,,,"Manager, Information Technology",719,Information Technology,Manager,,(707) 763-4784 ext. 7122,jbiondo@enphaseenergy.com,1420 N MCDOWELL Blvd.,Petaluma,California,94954,United States,19,3/26/2019,344971152,"Enphase Energy , Inc.",Enphase,www.enphase.com,(707) 763-4784,1420 N MCDOWELL Blvd.,Petaluma,California,94954,United States,Semiconductor & Semiconductor Equipment,Industry.mfg.electronics.semiconductors,Electronics,Industry.mfg.electronics,286166,Sales.250Mto500M,427,Employees.250to499,36,367,237130,23713,"TitleCode.IT,TitleCodeTop.Business,TitleCodeMiddle.Manager,TitleCodeMiddle.Technical,TitleCode.Manager","Manager,Engineering & Technical",https://go.zoominfo.com/#/apps/search/person/results?personProfileId=1585896473,d27f3c8e9335e7cbd2bccd6be2c114b5,enphaseenergy.com
1434047021,Sharp,Ben,,,,"Manager, Information Technology",719,Information Technology,Manager,,(412) 351-3913 ext. 144,bsharp@epicmetals.com,Eleven Talbot Ave.,Rankin,Pennsylvania,15104,United States,17,9/27/2019,41307262,EPIC Metals Corporation,EPIC Metals,www.epicmetals.com,(412) 351-3913,Eleven Talbot Ave.,Rankin,Pennsylvania,15104,United States,"Miscellaneous Building Materials (Flooring, Cabinets, etc.)",Industry.mfg.building.other,Building Materials,Industry.mfg.building,14012,Sales.10Mto25M,71,Employees.50to99,34,344,332,3323,"TitleCode.IT,TitleCodeTop.Business,TitleCodeMiddle.Manager,TitleCodeMiddle.Technical,TitleCode.Manager","Manager,Engineering & Technical",https://go.zoominfo.com/#/apps/search/person/results?personProfileId=1434047021,d18c2f63a3169eae7d6ebc136ac3e5d0,epicmetals.com
530343927,Shorey,Scott,,,,"Manager, IT Infrastructure",719,Information Technology,Manager,,(810) 503-9071,scott.shorey@fernco.com,300 S. Dayton St.,Davison,Michigan,48423,United States,14,3/21/2019,14205245,Fernco Inc,Fernco,www.fernco.com,(810) 503-9000,300 S. Dayton St.,Davison,Michigan,48423,United States,Plumbing & HVAC Equipment,Industry.mfg.building.plumbing,Building Materials,Industry.mfg.building,24000,Sales.10Mto25M,292,Employees.250to499,34,343,33291,332996,"TitleCode.IT,TitleCodeTop.Business,TitleCodeMiddle.Manager,TitleCodeMiddle.Technical,TitleCode.Manager","Manager,Engineering & Technical",https://go.zoominfo.com/#/apps/search/person/results?personProfileId=530343927,2cd4241fc7e19ec97cdbd6dc93c25c03,fernco.com
524678460,Taulbee,Don,,,,"Manager, Information Technology",719,Information Technology,Manager,,,dtaulbee@thumbtool.com,175 Thompson Rd.,Bad Axe,Michigan,48413,United States,4,4/11/2019,36900204,Gemini Group Inc,Gemini,geminigroup.net,(989) 269-6272,175 Thompson Rd.,Bad Axe,Michigan,48413,United States,Industrial Machinery & Equipment,Industry.mfg.industrialmachinery,Manufacturing,Industry.mfg,390160,Sales.250Mto500M,1700,Employees.1000to4999,35,359,56,3261,"TitleCode.IT,TitleCodeTop.Business,TitleCodeMiddle.Manager,TitleCodeMiddle.Technical,TitleCode.Manager","Manager,Engineering & Technical",https://go.zoominfo.com/#/apps/search/person/results?personProfileId=524678460,05bad1c0c8474ae089170c8b093d5840,thumbtool.com
-2035218384,Conway,George,,,,"Senior Manager, Information Technology",723,Information Technology,Manager,,,gconway@gener8.net,500 Mercury Dr.,Sunnyvale,California,94085,United States,12,4/11/2019,348019301,Gener8 Inc,Gener8,www.gener8.net,(650) 940-9898,500 Mercury Dr.,Sunnyvale,California,94085,United States,Electronic Components,Industry.mfg.electronics.electronics,Motor Vehicle Parts,Industry.mfg.carparts,133840,Sales.100MMto250M,91,Employees.50to99,36,369,336322,541,"TitleCode.IT,TitleCodeTop.Business,TitleCodeMiddle.Manager,TitleCodeMiddle.Technical,TitleCode.Manager","Manager,Engineering & Technical",https://go.zoominfo.com/#/apps/search/person/results?personProfileId=-2035218384,1aa1ac7b3bad4d860d023d0f2829c6f8,gener8.net
-2137496206,Herron,Matt,,,,"Director, Information Technology",759,Information Technology,Director,,(410) 901-8435,matth@gkdusa.com,825 Chesapeake Dr.,Cambridge,Maryland,21613,United States,14,9/17/2019,16056748,GKD-USA Inc,GKD,www.gkdusa.com,(410) 901-8428,825 Chesapeake Dr.,Cambridge,Maryland,21613,United States,"Miscellaneous Building Materials (Flooring, Cabinets, etc.)",Industry.mfg.building.other,Building Materials,Industry.mfg.building,15000,Sales.10Mto25M,75,Employees.50to99,34,349,332999,332,"TitleCode.IT,TitleCodeTop.Business,TitleCodeMiddle.Technical,TitleCode.Director,TitleCodeMiddle.Director","Engineering & Technical,Director",https://go.zoominfo.com/#/apps/search/person/results?personProfileId=-2137496206,e58beba951a0647e5c845b69065153c6,gkdusa.com
2059364705,Swiecki,Arthur,,,,"Manager, Information Technology (Americas)",719,Information Technology,Manager,,,arthur.swiecki@glasspoint.com,46421 Landing Pkwy.,Fremont,California,94538,United States,26,5/3/2019,356067315,GlassPoint Solar Inc,GlassPoint,www.glasspoint.com,(415) 778-2800,47669 Fremont Blvd.,Fremont,California,94538,United States,Plumbing & HVAC Equipment,Industry.mfg.building.plumbing,Building Materials,Industry.mfg.building,222197,Sales.100MMto250M,300,Employees.250to499,50,507,4237,423720,"TitleCode.IT,TitleCodeTop.Business,TitleCodeMiddle.Manager,TitleCodeMiddle.Technical,TitleCode.Manager","Manager,Engineering & Technical",https://go.zoominfo.com/#/apps/search/person/results?personProfileId=2059364705,75936a6472ab02d8c7fc97e3c99f248d,glasspoint.com
-1540364148,Acosta,Lucio,,,,"Manager, Information Technology",719,Information Technology,Manager,,(970) 663-1377,luacosta@hach.com,5600 Lindbergh Dr.,Loveland,Colorado,80539,United States,6,8/23/2019,17007191,Hach Company,Hach,www.hach.com,(970) 669-2932,5600 Lindbergh Dr.,Loveland,Colorado,80539,United States,Manufacturing,Industry.mfg,Test & Measurement Equipment,Industry.mfg.testequipment,95000,Sales.50Mto100M,1000,Employees.1000to4999,38,382,5415,541512,"TitleCode.IT,TitleCodeTop.Business,TitleCodeMiddle.Manager,TitleCodeMiddle.Technical,TitleCode.Manager","Manager,Engineering & Technical",https://go.zoominfo.com/#/apps/search/person/results?personProfileId=-1540364148,a5daeaedab00e4231c975c0ec2f8ba44,hach.com
2067496569,Nahorny,Benjamin,,,,"Manager, Information Technology",719,Information Technology,Manager,,(319) 394-2226,bnahorny@hawkeyepedershaab.com,506 S. Wapello St.,Mediapolis,Iowa,52637,United States,18,9/13/2019,63048057,Hawkeye Pedershaab,Hawkeye,www.hawkeyepedershaab.com,(319) 394-3197,506 S. Wapello St.,Mediapolis,Iowa,52637,United States,Industrial Machinery & Equipment,Industry.mfg.industrialmachinery,Manufacturing,Industry.mfg,32340,Sales.25Mto50M,294,Employees.250to499,35,355,333249,3332,"TitleCode.IT,TitleCodeTop.Business,TitleCodeMiddle.Manager,TitleCodeMiddle.Technical,TitleCode.Manager","Manager,Engineering & Technical",https://go.zoominfo.com/#/apps/search/person/results?personProfileId=2067496569,2e757de633afd355b0aa27df44050335,hawkeyepedershaab.com
708393521,Emma,Dan,,,,"Manager, Information Technology",719,Information Technology,Manager,,(716) 874-0678,emmd@hebeler.com,2000 Military Rd.,Tonawanda,New York,14150,United States,12,3/21/2019,17514601,Hebeler,Hebeler,www.hebeler.com,(716) 873-9300,2000 Military Rd.,Tonawanda,New York,14150,United States,Industrial Machinery & Equipment,Industry.mfg.industrialmachinery,Manufacturing,Industry.mfg,36430,Sales.25Mto50M,320,Employees.250to499,35,359,4238,33399,"TitleCode.IT,TitleCodeTop.Business,TitleCodeMiddle.Manager,TitleCodeMiddle.Technical,TitleCode.Manager","Manager,Engineering & Technical",https://go.zoominfo.com/#/apps/search/person/results?personProfileId=708393521,16ea17c5002c53ce33f9f0c0cbe04fb5,hebeler.com
959191359,Graham,J.J.,,,,"Manager, IT Telecommunications",719,Information Technology,Manager,,(607) 733-7121 ext. 355,jjgraham@hilliardcorp.com,100 West Fourth St.,Elmira,New York,14901,United States,12,3/26/2019,23577864,Hilliard Corporation,Hilliard,www.hilliardcorp.com,(607) 733-7121,100 West Fourth St.,Elmira,New York,14901,United States,Industrial Machinery & Equipment,Industry.mfg.industrialmachinery,Manufacturing,Industry.mfg,106590,Sales.100MMto250M,500,Employees.500to999,35,356,33341,333413,"TitleCode.IT,TitleCodeTop.Business,TitleCodeMiddle.Manager,TitleCode.Technical,TitleCodeMiddle.Technical,TitleCode.Manager","Manager,Engineering & Technical",https://go.zoominfo.com/#/apps/search/person/results?personProfileId=959191359,f922dce8b370af9ba53a7a71f8822a87,hilliardcorp.com
1886751608,Coughlin,Michael,A.,,,"Manager, IT Processes",719,Information Technology,Manager,,(614) 438-2946,michael.coughlin@hyperionmt.com,6325 Huntley Rd.,Columbus,Ohio,43229,United States,16,3/21/2019,463621824,Hyperion Materials & Technologies Inc,Hyperion,hyperionmt.com,(614) 438-2300,6325 Huntley Rd.,Columbus,Ohio,43229,United States,"Hand, Power and Lawn-care Tools",Industry.mfg.consumer.tools,Consumer Goods,Industry.mfg.consumer,434000,Sales.250Mto500M,1600,Employees.1000to4999,32,329,3279,327,"TitleCode.IT,TitleCodeTop.Business,TitleCodeMiddle.Manager,TitleCodeMiddle.Technical,TitleCode.Manager","Manager,Engineering & Technical",https://go.zoominfo.com/#/apps/search/person/results?personProfileId=1886751608,3cc3ff0b848ff1de5ab2e1be51118625,hyperionmt.com
1914125598,Hatfield,Brent,,,,"Senior Manager, Information Technology",723,Information Technology,Manager,,(206) 834-1076,brent.hatfield@impinj.com,400 FAIRVIEW Ave. NORTH Ste. 1200,Seattle,Washington,98109,United States,33,3/21/2019,34425663,Impinj Inc,Impinj,www.impinj.com,(206) 517-5300,400 FAIRVIEW Ave. NORTH Ste. 1200,Seattle,Washington,98109,United States,Consumer Electronics,Industry.mfg.consumer.electronics,Consumer Goods,Industry.mfg.consumer,125300,Sales.100MMto250M,311,Employees.250to499,36,366,5182,332,"TitleCode.IT,TitleCodeTop.Business,TitleCodeMiddle.Manager,TitleCodeMiddle.Technical,TitleCode.Manager","Manager,Engineering & Technical",https://go.zoominfo.com/#/apps/search/person/results?personProfileId=1914125598,a7d9675a7a1c04a8434869fe24dc455e,impinj.com
-1508581899,Cabeza,Matthew,,,,"Manager, Information Technology",719,Information Technology,Manager,,,mcabeza@tippmanngroup.com,9009 Coldwater Rd.,Fort Wayne,Indiana,46825,United States,6,6/17/2019,26214888,Interstate Warehousing Inc,Interstate,www.tippmanngroup.com,(260) 490-3000,9009 Coldwater Rd.,Fort Wayne,Indiana,46825,United States,Appliances,Industry.mfg.consumer.appliances,Consumer Goods,Industry.mfg.consumer,100000,Sales.100MMto250M,500,Employees.500to999,76,762,49,811,"TitleCode.IT,TitleCodeTop.Business,TitleCodeMiddle.Manager,TitleCodeMiddle.Technical,TitleCode.Manager","Manager,Engineering & Technical",https://go.zoominfo.com/#/apps/search/person/results?personProfileId=-1508581899,e2295f75cd3e7be7c61d12f6feae952c,tippmanngroup.com
1942861564,Gallegos,Fred,,,,"Manager, Information Technology",719,Information Technology,Manager,,(408) 501-2207,fgallegos@invensense.com,1745 Technology Dr.,San Jose,California,95110,United States,25,10/9/2019,55396522,InvenSense Inc,InvenSense,www.invensense.com,(408) 501-2200,1745 Technology Dr.,San Jose,California,95110,United States,Semiconductor & Semiconductor Equipment,Industry.mfg.electronics.semiconductors,Electronics,Industry.mfg.electronics,418390,Sales.250Mto500M,632,Employees.500to999,36,367,3343,33431,"TitleCode.IT,TitleCodeTop.Business,TitleCodeMiddle.Manager,TitleCodeMiddle.Technical,TitleCode.Manager","Manager,Engineering & Technical",https://go.zoominfo.com/#/apps/search/person/results?personProfileId=1942861564,385bc2b575d818a58993763551dd9f3d,invensense.com
-2040200779,Washington,Denise,,,,"Project Manager, Information Technology",719,Information Technology,Manager,,(336) 547-4866,denisewashington@kayser-roth.com,102 Corporate Center Blvd.,Greensboro,North Carolina,27408,United States,14,3/21/2019,53414334,Kayser-Roth Corporation,Kayser-Roth,www.kayser-roth.com,(336) 852-2030,102 Corporate Center Blvd.,Greensboro,North Carolina,27408,United States,Textiles & Apparel,Industry.mfg.consumer.clothes,Consumer Goods,Industry.mfg.consumer,437218,Sales.250Mto500M,1000,Employees.1000to4999,22,225,31511,315110,"TitleCode.ProjectManagement,TitleCodeMiddle.Manager,TitleCodeTop.Business,TitleCode.IT,TitleCodeMiddle.Operations,TitleCodeMiddle.Technical,TitleCode.Manager","Operations,Manager",https://go.zoominfo.com/#/apps/search/person/results?personProfileId=-2040200779,72304f8f40f0eb14fd12d3fd6269cf07,kayser-roth.com
1474711234,Bucino,Vincent,,,,"Project Manager, Information Technology",719,Information Technology,Manager,,(212) 515-2676,vinny.bucino@kellwood.com,1333 Broadway,New York City,New York,10018,United States,33,5/23/2019,21282921,Kellwood Company,Kellwood,www.kellwood.com,(314) 576-3100,600 Kellwood Pkwy.,Chesterfield,Missouri,63017,United States,Apparel & Accessories Retail,Industry.retail.clothes,Retail,Industry.retail,100000,Sales.100MMto250M,3081,Employees.1000to4999,51,513,5414,42433,"TitleCode.ProjectManagement,TitleCodeMiddle.Manager,TitleCodeTop.Business,TitleCode.IT,TitleCodeMiddle.Operations,TitleCodeMiddle.Technical,TitleCode.Manager","Operations,Manager",https://go.zoominfo.com/#/apps/search/person/results?personProfileId=1474711234,86d5dbc4c180aeeda519a155c00d8eff,kellwood.com
-2034436225,Johnstone,Rhonda,G.,,,"Project Manager, Information Technology",719,Information Technology,Manager,,(314) 576-3131,rhonda.johnstone@kellwood.com,600 Kellwood Pkwy.,Chesterfield,Missouri,63017,United States,10,3/21/2019,21282921,Kellwood Company,Kellwood,www.kellwood.com,(314) 576-3100,600 Kellwood Pkwy.,Chesterfield,Missouri,63017,United States,Apparel & Accessories Retail,Industry.retail.clothes,Retail,Industry.retail,100000,Sales.100MMto250M,3081,Employees.1000to4999,51,513,5414,42433,"TitleCode.ProjectManagement,TitleCodeMiddle.Manager,TitleCodeTop.Business,TitleCode.IT,TitleCodeMiddle.Operations,TitleCodeMiddle.Technical,TitleCode.Manager","Operations,Manager",https://go.zoominfo.com/#/apps/search/person/results?personProfileId=-2034436225,77feae530f424f94c0f23c927ec29e45,kellwood.com
-2138648935,Cutcher,Eric,,,,"Manager, IT Operations",719,Operations,Manager,,(614) 951-2302,eric.cutcher@kimballmidwest.com,4800 Roberts Rd.,Columbus,Ohio,43228,United States,31,9/25/2019,41896989,Kimball Midwest Inc,Kimball Midwest,www.kimballmidwest.com,(614) 219-6100,4800 Roberts Rd.,Columbus,Ohio,43228,United States,Textiles & Apparel,Industry.mfg.consumer.clothes,Consumer Goods,Industry.mfg.consumer,227000,Sales.100MMto250M,1400,Employees.1000to4999,39,396,339993,423710,"TitleCodeMiddle.Manager,TitleCode.Operations,TitleCodeTop.Business,TitleCode.IT,TitleCodeMiddle.Operations,TitleCodeMiddle.Technical,TitleCode.Manager","Operations,Manager",https://go.zoominfo.com/#/apps/search/person/results?personProfileId=-2138648935,7649a4424c82df8343a41672958f0d4b,kimballmidwest.com
1945455005,Davis,Scott,,,,"Manager, Information Technology Development",719,Technical,Manager,,(765) 446-3327,sdavis@kirbyrisk.com,1750 Monon Ave.,Lafayette,Indiana,47904,United States,20,3/21/2019,63720306,Kirby Risk Corporation,Kirby Risk,www.kirbyrisk.com,(765) 449-4886,1815 Sagamore Pkwy. N,Lafayette,Indiana,47904,United States,Electronic Components,Industry.mfg.electronics.electronics,Electronics,Industry.mfg.electronics,100000,Sales.100MMto250M,514,Employees.500to999,36,367,335911,221,"TitleCode.Technical,TitleCodeMiddle.Manager,TitleCodeTop.Business,TitleCode.IT,TitleCode.SoftwareEng,TitleCodeMiddle.Technical,TitleCode.Manager","Manager,Engineering & Technical",https://go.zoominfo.com/#/apps/search/person/results?personProfileId=1945455005,b847e1a4c08023dca2182b955bd88268,kirbyrisk.com
1512956026,Schweizer,Larry,,,,"Manager, Information Technology Service Delivery",719,Information Technology,Manager,,(773) 304-5257,larry.schweizer@lawsonproducts.com,8770 WEST BRYN MAWR Ave. Ste. 900,Chicago,Illinois,60631,United States,36,4/11/2019,68158349,Lawson Products Inc,Lawson,www.lawsonproducts.com,(773) 304-5208,8770 WEST BRYN MAWR Ave. Ste. 900,Chicago,Illinois,60631,United States,Home Improvement & Hardware Retail,Industry.retail.hardware,Retail,Industry.retail,305907,Sales.250Mto500M,1740,Employees.1000to4999,50,508,423710,332,"TitleCode.IT,TitleCodeTop.Business,TitleCodeMiddle.Manager,TitleCode.Technical,TitleCodeMiddle.Technical,TitleCode.Manager","Manager,Engineering & Technical",https://go.zoominfo.com/#/apps/search/person/results?personProfileId=1512956026,3be9c64e1fe852a709876597d7b7ff20,lawsonproducts.com
3259698433,Gupta,Mohit,,,,"Director, Information Technology",759,Information Technology,Director,,(636) 688-3237,mgupta2@lmiaerospace.com,,,Missouri,,United States,2,9/23/2019,22872793,LMI Aerospace Inc,LMI Aerospace,www.lmiaerospace.com,(636) 946-6525,411 Fountain Lakes Blvd.,Saint Charles,Missouri,63301,United States,Manufacturing,Industry.mfg,"Miscellaneous Building Materials (Flooring, Cabinets, etc.)",Industry.mfg.building.other,311100,Sales.250Mto500M,2000,Employees.1000to4999,37,372,5413,336413,"TitleCode.IT,TitleCodeTop.Business,TitleCodeMiddle.Technical,TitleCode.Director,TitleCodeMiddle.Director","Engineering & Technical,Director",https://go.zoominfo.com/#/apps/search/person/results?personProfileId=3259698433,1219d4e787a2edf8c3089f7672a449a6,lmiaerospace.com
-1133407995,Hanks,Steve,,,,"Manager, Information Technology",719,Information Technology,Manager,,(503) 240-8742,shanks@malarkeyroofing.com,,,Oregon,,United States,5,6/24/2019,48924798,Malarkey Roofing Products Co,Malarkey,www.malarkeyroofing.com,(503) 283-1191,3131 North Columbia Blvd.,Portland,Oregon,97217,United States,"Aggregates, Concrete & Cement",Industry.mfg.building.concrete,Building Materials,Industry.mfg.building,79841,Sales.50Mto100M,231,Employees.100to249,29,295,327,3241,"TitleCode.IT,TitleCodeTop.Business,TitleCodeMiddle.Manager,TitleCodeMiddle.Technical,TitleCode.Manager","Manager,Engineering & Technical",https://go.zoominfo.com/#/apps/search/person/results?personProfileId=-1133407995,3a5ea8e10e595cbb00422a38460baaad,malarkeyroofing.com
1759145947,Taft,Michael,,,,"Corporate Manager, Information Technology",720,Information Technology,Manager,,(763) 391-6722,michaeltaft@midwesthardwood.com,9540 83rd Ave. N,Osseo,Minnesota,55369,United States,17,3/26/2019,24986377,Midwest Hardwood Corporation,Midwest Hardwood,www.midwesthardwood.com,(763) 425-8700,9540 83rd Ave. N,Osseo,Minnesota,55369,United States,"Lumber, Wood Production & Timber Operations",Industry.mfg.building.lumber,Building Materials,Industry.mfg.building,65720,Sales.50Mto100M,83,Employees.50to99,24,249,3219,44,"TitleCode.IT,TitleCodeTop.Business,TitleCodeMiddle.Manager,TitleCodeMiddle.Technical,TitleCode.Manager","Manager,Engineering & Technical",https://go.zoominfo.com/#/apps/search/person/results?personProfileId=1759145947,bd148f417344833f5a7045707e9c51bc,midwesthardwood.com
2059629511,Burke,Jeff,,,,"Manager, IT Operations",719,Operations,Manager,,(314) 543-6300 ext. 4727,jeff.burke@mississippilime.com,3870 S. Lindbergh Blvd.,St. Louis,Missouri,63127,United States,22,3/21/2019,25215341,Mississippi Lime Company,Mississippi Lime,www.mississippilime.com,(314) 543-6300,3870 S. Lindbergh Blvd.,St. Louis,Missouri,63127,United States,Chemicals,Industry.mfg.chemicals.chemicals,Glass & Clay,Industry.mfg.chemicals.glass,54100,Sales.50Mto100M,204,Employees.100to249,28,287,3274,32532,"TitleCodeMiddle.Manager,TitleCode.Operations,TitleCodeTop.Business,TitleCode.IT,TitleCodeMiddle.Operations,TitleCodeMiddle.Technical,TitleCode.Manager","Operations,Manager",https://go.zoominfo.com/#/apps/search/person/results?personProfileId=2059629511,74f56ed5af761825d57668ab1ec4f1f6,mississippilime.com
2456498447,Henson,David,,,,"Senior Database, IT Infrastructure Architect & Manager",723,Information Technology,Manager,,(502) 806-3397,dhenson@mmsi.com,3289 E Hemisphere Loop,Tucson,Arizona,85706,United States,3,4/11/2019,44565542,Modular,Modular,www.modularmining.com,(520) 746-9127,3289 E Hemisphere Loop,Tucson,Arizona,85706,United States,"Other Rental Stores (Furniture, A/V, Construction & Industrial Equipment)",Industry.retail.rental,Retail,Industry.retail,50000,Sales.50Mto100M,700,Employees.500to999,73,735,532412,2131,"TitleCode.IT,TitleCodeTop.Business,TitleCodeMiddle.Manager,TitleCode.Database,TitleCodeMiddle.Technical,TitleCode.Manager","Manager,Engineering & Technical",https://go.zoominfo.com/#/apps/search/person/results?personProfileId=2456498447,69f948186a7d62bbf42f0b6178077b99,mmsi.com
1109027997,Mueller,Alexandra,,,,"Manager, Information Technology",719,Information Technology,Manager,,(520) 471-3003,mueller@mmsi.com,3289 E Hemisphere Loop,Tucson,Arizona,85706,United States,20,3/21/2019,44565542,Modular,Modular,www.modularmining.com,(520) 746-9127,3289 E Hemisphere Loop,Tucson,Arizona,85706,United States,"Other Rental Stores (Furniture, A/V, Construction & Industrial Equipment)",Industry.retail.rental,Retail,Industry.retail,50000,Sales.50Mto100M,700,Employees.500to999,73,735,532412,2131,"TitleCode.IT,TitleCodeTop.Business,TitleCodeMiddle.Manager,TitleCodeMiddle.Technical,TitleCode.Manager","Manager,Engineering & Technical",https://go.zoominfo.com/#/apps/search/person/results?personProfileId=1109027997,a0eced88c4181b0a4ffa09b0952e6c82,mmsi.com
-1534185472,Lackner,Jason,,,,"Global Manager, Business Systems (IT/ERP)",719,Information Technology,Manager,,(508) 964-5247,jlackner@murata.com,11 Cabot Blvd.,Mansfield,Massachusetts,2048,United States,16,4/25/2019,344544832,Murata Power Solutions Inc,Murata,www.murata-ps.com,(508) 339-3000,129 Flanders Rd.,Westborough,Massachusetts,1581,United States,Electronic Components,Industry.mfg.electronics.electronics,Electronics,Industry.mfg.electronics,55200,Sales.50Mto100M,335,Employees.250to499,36,367,334419,33441,"TitleCode.IT,TitleCodeTop.Business,TitleCodeMiddle.Manager,TitleCodeMiddle.Technical,TitleCode.Manager","Manager,Engineering & Technical",https://go.zoominfo.com/#/apps/search/person/results?personProfileId=-1534185472,1dc072a4feebfa5d31ec44eb7a5b4abb,murata.com
-2111833519,Green,Erik,,,,"Manager, Information Technology",719,Information Technology,Manager,,(216) 851-4115,egreen@normannoble.net,5507 Avion Park Dr.,Cleveland,Ohio,44143,United States,24,3/21/2019,84968010,Norman Noble Inc,Norman Noble,nnoble.com,(216) 761-5387,5507 Avion Park Dr.,Cleveland,Ohio,44143,United States,Industrial Machinery & Equipment,Industry.mfg.industrialmachinery,Manufacturing,Industry.mfg,41051,Sales.25Mto50M,208,Employees.100to249,35,359,33271,332,"TitleCode.IT,TitleCodeTop.Business,TitleCodeMiddle.Manager,TitleCodeMiddle.Technical,TitleCode.Manager","Manager,Engineering & Technical",https://go.zoominfo.com/#/apps/search/person/results?personProfileId=-2111833519,b05707285760095c8b5e6c0d8a1a763a,normannoble.net
-1457462922,James,Robert,,,,"Manager, Information Technology & Inventory & Scheduling",719,Information Technology,Manager,,(253) 375-0740,rjames@northwestdoor.com,,,Washington,,United States,9,9/30/2019,77300802,Northwest Door Inc,Northwest Door,www.northwestdoor.com,(253) 375-0700,19000 CANYON Rd. E,Tacoma,Washington,98446,United States,Building Materials,Industry.mfg.building,Manufacturing,Industry.mfg,44200,Sales.25Mto50M,221,Employees.100to249,,,238350,332,"TitleCode.IT,TitleCodeTop.Business,TitleCodeMiddle.Manager,TitleCodeMiddle.Technical,TitleCode.Manager","Manager,Engineering & Technical",https://go.zoominfo.com/#/apps/search/person/results?personProfileId=-1457462922,58bd4eb0a84da2467d89d01d27baba1a,northwestdoor.com
1818923113,Olivas,Fernando,,,,"Project Manager, Information Technology",719,Information Technology,Manager,,(847) 457-2778,folivas@pharmedium.com,150 N Field Dr.,Lake Forest,Illinois,60045,United States,26,3/21/2019,39978243,PharMEDium Services LLC,PharMEDium,www.pharmedium.com,(847) 457-2300,150 N Field Dr.,Lake Forest,Illinois,60045,United States,Drug Manufacturing & Research,Industry.healthcare.pharmaceuticals.drugs,Medical Devices & Equipment,Industry.mfg.medical,209000,Sales.100MMto250M,1000,Employees.1000to4999,28,283,56191,32541,"TitleCode.ProjectManagement,TitleCodeMiddle.Manager,TitleCodeTop.Business,TitleCode.IT,TitleCodeMiddle.Operations,TitleCodeMiddle.Technical,TitleCode.Manager","Operations,Manager",https://go.zoominfo.com/#/apps/search/person/results?personProfileId=1818923113,db8e41a7c1c97f004e57e123d779664e,pharmedium.com
-998745828,Warshawsky,Eric,,,,"Manager, Information Technology",719,Information Technology,Manager,,(336) 779-6108,ewarshawsky@pinehallbrick.com,,,North Carolina,,United States,4,6/14/2019,30507578,Pine Hall Brick Inc,Pine Hall Brick,www.pinehallbrick.com,(336) 721-7500,2701 Shorefair Dr.,Winston-Salem,North Carolina,27105,United States,"Aggregates, Concrete & Cement",Industry.mfg.building.concrete,Building Materials,Industry.mfg.building,53288,Sales.50Mto100M,270,Employees.250to499,3272,327,541199,541,"TitleCode.IT,TitleCodeTop.Business,TitleCodeMiddle.Manager,TitleCodeMiddle.Technical,TitleCode.Manager","Manager,Engineering & Technical",https://go.zoominfo.com/#/apps/search/person/results?personProfileId=-998745828,c3c7adb710b31e62ec01c0888d520192,pinehallbrick.com
1748797494,Hughes,Joseph,,,,"Infrastructure Manager, Information Technology",719,Information Technology,Manager,,(630) 355-1515,jhughes@planosynergy.com,431 E. South St.,Plano,Illinois,60545,United States,22,4/11/2019,359268696,Plano Synergy Holdings,Plano Synergy,www.planosynergy.com,(972) 352-6600,602 Fountain Pkwy.,Grand Prairie,Texas,75050,United States,Sporting & Recreational Equipment Retail,Industry.retail.sports,Retail,Industry.retail,38640,Sales.25Mto50M,201,Employees.100to249,30,308,453,4539,"TitleCode.IT,TitleCodeTop.Business,TitleCodeMiddle.Manager,TitleCodeMiddle.Technical,TitleCode.Manager","Manager,Engineering & Technical",https://go.zoominfo.com/#/apps/search/person/results?personProfileId=1748797494,11298014342174944106e5d5d1468c0d,planosynergy.com
-1778067073,Morrow,David,,,,"Manager, Information Technology",719,Information Technology,Manager,,(708) 345-8600 ext. 3173,davidm@ppsvcs.com,3131 W. Soffel Ave.,Melrose Park,Illinois,60160,United States,18,4/27/2019,91178467,Power Plant Services,Power Plant Services,ppsvcs2.com,(708) 345-8600,875 E Mark St.,Marion,Ohio,43302,United States,Industrial Machinery & Equipment,Industry.mfg.industrialmachinery,Manufacturing,Industry.mfg,20800,Sales.10Mto25M,104,Employees.100to249,35,,,,"TitleCode.IT,TitleCodeTop.Business,TitleCodeMiddle.Manager,TitleCodeMiddle.Technical,TitleCode.Manager","Manager,Engineering & Technical",https://go.zoominfo.com/#/apps/search/person/results?personProfileId=-1778067073,8a38914c05d4db35c25145a15ccf0fca,ppsvcs.com
582341592,Czarnecki,Sandra,,,,"Manager, Information Technology",719,Information Technology,Manager,,,sczarnecki@primeequipmentgroup.com,2000 E. Fulton St.,Columbus,Ohio,43205,United States,17,5/8/2019,352826340,Prime Equipment Group Inc,Prime Equipment Group,www.primeequipmentgroup.com,(614) 253-8590,2000 E. Fulton St.,Columbus,Ohio,43205,United States,Industrial Machinery & Equipment,Industry.mfg.industrialmachinery,Manufacturing,Industry.mfg,18920,Sales.10Mto25M,184,Employees.100to249,35,355,333241,33329,"TitleCode.IT,TitleCodeTop.Business,TitleCodeMiddle.Manager,TitleCodeMiddle.Technical,TitleCode.Manager","Manager,Engineering & Technical",https://go.zoominfo.com/#/apps/search/person/results?personProfileId=582341592,5b301211e93c0ac0f7111be848244589,primeequipmentgroup.com
3137693475,Roskelley,Paul,,,,"Manager, Information Technology",719,Information Technology,Manager,,(800) 741-6721,proskelley@prismview.com,1651 North 10000 West,Logan,Utah,84321,United States,10,3/21/2019,373449901,Prismview LLC,Prismview,www.prismview.com,(435) 774-8800,1651 North 10000 West,Logan,Utah,84321,United States,Electronic Components,Industry.mfg.electronics.electronics,Electronics,Industry.mfg.electronics,70000,Sales.50Mto100M,84,Employees.50to99,36,367,334419,33441,"TitleCode.IT,TitleCodeTop.Business,TitleCodeMiddle.Manager,TitleCodeMiddle.Technical,TitleCode.Manager","Manager,Engineering & Technical",https://go.zoominfo.com/#/apps/search/person/results?personProfileId=3137693475,81e2cb5ad8f14bc61592f63986874cd3,prismview.com
1755403213,Ho,Joey,,,,"System Enhancement Manager, Information Technology",719,Information Technology,Manager,,(212) 205-1510,joey.ho@miraeasset.com,3120 Enterprise St.,Brea,California,92821,United States,19,4/11/2019,423667865,Proponent,Proponent,www.proponent.com,(714) 223-5400,3120 Enterprise St.,Brea,California,92821,United States,Building Materials,Industry.mfg.building,Manufacturing,Industry.mfg,117655,Sales.100MMto250M,600,Employees.500to999,50,508,423860,33251,"TitleCode.IT,TitleCodeTop.Business,TitleCodeMiddle.Manager,TitleCodeMiddle.Technical,TitleCode.Manager","Manager,Engineering & Technical",https://go.zoominfo.com/#/apps/search/person/results?personProfileId=1755403213,93357a54c543cd88e1252efb879be8e4,miraeasset.com
1968624383,Adams,Janice,,,,"Manager, Information Technology",719,Information Technology,Manager,,(770) 825-7308,jadams@purafil.com,2654 WEAVER WAY,Doraville,Georgia,30340,United States,20,3/21/2019,31670880,Purafil Inc,Purafil,www.purafil.com,(770) 662-8545,2654 WEAVER WAY,Atlanta,Georgia,30340,United States,Industrial Machinery & Equipment,Industry.mfg.industrialmachinery,Manufacturing,Industry.mfg,12828,Sales.10Mto25M,65,Employees.50to99,35,359,33271,33341,"TitleCode.IT,TitleCodeTop.Business,TitleCodeMiddle.Manager,TitleCodeMiddle.Technical,TitleCode.Manager","Manager,Engineering & Technical",https://go.zoominfo.com/#/apps/search/person/results?personProfileId=1968624383,529798ca7a47bbc0c50b23645ba908ec,purafil.com
-2073405480,Mire,Phillip,,,,"Manager, Information Technology",719,Information Technology,Manager,,(573) 744-5211 ext. 1193,pmire@quakerwindows.com,504 U. S. Hwy. 63 South,Freeburg,Missouri,65035,United States,38,3/21/2019,110527604,Quaker Window Products Inc,Quaker Window,www.quakerwindows.com,(573) 744-5211,504 U. S. Hwy. 63 South,Freeburg,Missouri,65035,United States,"Miscellaneous Building Materials (Flooring, Cabinets, etc.)",Industry.mfg.building.other,Building Materials,Industry.mfg.building,155500,Sales.100MMto250M,1100,Employees.1000to4999,34,344,444,3219,"TitleCode.IT,TitleCodeTop.Business,TitleCodeMiddle.Manager,TitleCodeMiddle.Technical,TitleCode.Manager","Manager,Engineering & Technical",https://go.zoominfo.com/#/apps/search/person/results?personProfileId=-2073405480,8be2a1da6308a19417cfef6d98cc1693,quakerwindows.com
1479401261,Bostater,Craig,,,,IT Infrastructure Manager,719,Information Technology,Manager,,(740) 753-1951 ext. 2548,craig.bostater@rockybrands.com,39 EAST CANAL St.,Nelsonville,Ohio,45764,United States,23,10/7/2019,33112789,"Rocky Brands, Inc.",Rocky Brands,www.rockyboots.com,(614) 753-1951,39 EAST CANAL St.,Nelsonville,Ohio,45764,United States,Apparel & Accessories Retail,Industry.retail.clothes,Retail,Industry.retail,253197,Sales.250Mto500M,2087,Employees.1000to4999,23,238,316,31621,"TitleCode.IT,TitleCodeTop.Business,TitleCodeMiddle.Manager,TitleCodeMiddle.Technical,TitleCode.Manager","Manager,Engineering & Technical",https://go.zoominfo.com/#/apps/search/person/results?personProfileId=1479401261,01ea2cf2c87b1288f398b024445b15ac,rockybrands.com
694276024,Wallbank,Tom,,,,"Manager, Information Technology",719,Information Technology,Manager,,(918) 627-8400 ext. 2309,twallbank@ruhrpumpen.com,4501 South 86th East Ave.,Tulsa,Oklahoma,74145,United States,39,9/23/2019,247169303,"Ruhrpumpen, Inc.",Ruhrpumpen,www.ruhrpumpen.com,(918) 627-8400,4501 South 86th East Ave.,Tulsa,Oklahoma,74145,United States,Plumbing & HVAC Equipment,Industry.mfg.building.plumbing,Building Materials,Industry.mfg.building,58191,Sales.50Mto100M,2000,Employees.1000to4999,35,356,5413,3339,"TitleCode.IT,TitleCodeTop.Business,TitleCodeMiddle.Manager,TitleCodeMiddle.Technical,TitleCode.Manager","Manager,Engineering & Technical",https://go.zoominfo.com/#/apps/search/person/results?personProfileId=694276024,d378546f3be065f8ae0d47c0198f68ee,ruhrpumpen.com
-2105831300,Viggeswarapu,Emmanuel,,,,"Manager, Information Technology",719,Information Technology,Manager,,(330) 202-4422,eviggeswarapu@seamancorp.com,1000 Venture Blvd. ?,Wooster,Ohio,44691,United States,46,10/3/2019,34291999,Seaman Corporation,Seaman,www.seamancorp.com,(330) 262-1111,1000 Venture Blvd.,Johnson City,Tennessee,37615,United States,Textiles & Apparel,Industry.mfg.consumer.clothes,Consumer Goods,Industry.mfg.consumer,36709,Sales.25Mto50M,186,Employees.100to249,22,222,5312,31321,"TitleCode.IT,TitleCodeTop.Business,TitleCodeMiddle.Manager,TitleCodeMiddle.Technical,TitleCode.Manager","Manager,Engineering & Technical",https://go.zoominfo.com/#/apps/search/person/results?personProfileId=-2105831300,86f0e3650005391d2feaed18becec777,seamancorp.com
-1241984495,Daylor,David,,,,"Manager, Information Technology",719,Information Technology,Manager,,(508) 771-9400 ext. 7373,ddaylor@sencorpwhite.com,400 Kidds Hill Dr.,Hyannis,Massachusetts,2601,United States,9,10/9/2019,105185581,SencorpWhite Inc,SencorpWhite,www.sencorpwhite.com,(508) 771-9400,400 Kidds Hill Dr.,Hyannis,Massachusetts,2601,United States,Industrial Machinery & Equipment,Industry.mfg.industrialmachinery,Manufacturing,Industry.mfg,22302,Sales.10Mto25M,113,Employees.100to249,35,355,333249,3332,"TitleCode.IT,TitleCodeTop.Business,TitleCodeMiddle.Manager,TitleCodeMiddle.Technical,TitleCode.Manager","Manager,Engineering & Technical",https://go.zoominfo.com/#/apps/search/person/results?personProfileId=-1241984495,20cb7c3d42d417756247ba1b04fff642,sencorpwhite.com
-1968768324,Amrhein,Bradley,,,,"Manufacturing Support Manager, Information Technology",719,Operations,Manager,,(262) 709-7261,bamrhein@signicast.com,1800 Innovation Way,Hartford,Wisconsin,53027,United States,9,3/21/2019,34948407,Signicast Corporation,Signicast,www.signicast.com,(262) 673-2700,1800 Innovation Way,Hartford,Wisconsin,53027,United States,"Miscellaneous Building Materials (Flooring, Cabinets, etc.)",Industry.mfg.building.other,Building Materials,Industry.mfg.building,167760,Sales.100MMto250M,850,Employees.500to999,33,332,33151,33,"TitleCodeMiddle.Manager,TitleCode.Operations,TitleCodeTop.Business,TitleCode.IT,TitleCodeMiddle.Operations,TitleCodeMiddle.Technical,TitleCode.Manager","Operations,Manager",https://go.zoominfo.com/#/apps/search/person/results?personProfileId=-1968768324,a9f4326d71b075aea0330864ddbcee41,signicast.com
-1863574980,Kosana,Prasad,,,,"Manager, Information Technology",719,Information Technology,Manager,,(858) 634-7551,prasad.kosana@smartdrive.net,9450 Carroll Park Dr.,San Diego,California,92121,United States,14,3/26/2019,224510035,Smartdrive,Smartdrive,www.smartdrive.net,(858) 225-5550,"4790 Eastgate Mall, Ste. 200",San Diego,California,92121,United States,Consumer Electronics,Industry.mfg.consumer.electronics,Consumer Goods,Industry.mfg.consumer,100000,Sales.100MMto250M,725,Employees.500to999,36,365,339,4239,"TitleCode.IT,TitleCodeTop.Business,TitleCodeMiddle.Manager,TitleCodeMiddle.Technical,TitleCode.Manager","Manager,Engineering & Technical",https://go.zoominfo.com/#/apps/search/person/results?personProfileId=-1863574980,3c070ecf9e3be4cac9d1ed66b792183a,smartdrive.net
1540739029,Engle,Alan,,,,"Manager, Information Technology",719,Information Technology,Manager,,(949) 362-2318,aengle@smithmicro.com,"120 Vantis, Ste. 350",Aliso Viejo,California,92656,United States,9,9/28/2019,35340452,Smith Micro Software Inc,Smith Micro,www.smithmicro.com,(949) 362-5800,51 Columbia Ste. 200,Aliso Viejo,California,92656,United States,Software Development & Design,Industry.software.mfg,Software,Industry.software,26200,Sales.25Mto50M,153,Employees.100to249,73,737,541511,334614,"TitleCode.IT,TitleCodeTop.Business,TitleCodeMiddle.Manager,TitleCodeMiddle.Technical,TitleCode.Manager","Manager,Engineering & Technical",https://go.zoominfo.com/#/apps/search/person/results?personProfileId=1540739029,12c2a5a696076ed5e750baa38bad8e58,smithmicro.com
2591272136,Salen,Will,,,,"Manager, IT",720,Information Technology,Manager,,(570) 915-1500 ext. 3804,wsalen@solarinnovations.com,31 Roberts Rd.,Pine Grove,Pennsylvania,17963,United States,4,3/21/2019,35553580,Solar Innovations Inc,Solar,www.solarinnovations.com,(570) 915-1500,31 Roberts Rd.,Pine Grove,Pennsylvania,17963,United States,"Miscellaneous Building Materials (Flooring, Cabinets, etc.)",Industry.mfg.building.other,Building Materials,Industry.mfg.building,26100,Sales.25Mto50M,160,Employees.100to249,34,344,332,3323,"TitleCode.IT,TitleCodeTop.Business,TitleCodeMiddle.Manager,TitleCodeMiddle.Technical,TitleCode.Manager","Manager,Engineering & Technical",https://go.zoominfo.com/#/apps/search/person/results?personProfileId=2591272136,855eb971974d27dfd954c3c1a6c18151,solarinnovations.com
-1147800666,Serna,Thomas,,,,"Manager, Information Technology",719,Information Technology,Manager,,(480) 783-0201 ext. 396,tserna@southwestmicrowave.com,9055 South McKemy St.,Tempe,Arizona,85284,United States,4,3/26/2019,74072433,Southwest Microwave Inc,Southwest,www.southwestmicrowave.com,(480) 783-0201,9055 South McKemy St.,Tempe,Arizona,85284,United States,Electronic Components,Industry.mfg.electronics.electronics,Electronics,Industry.mfg.electronics,47796,Sales.25Mto50M,300,Employees.250to499,36,367,334419,33441,"TitleCode.IT,TitleCodeTop.Business,TitleCodeMiddle.Manager,TitleCodeMiddle.Technical,TitleCode.Manager","Manager,Engineering & Technical",https://go.zoominfo.com/#/apps/search/person/results?personProfileId=-1147800666,349064b5f15582310a88f76a3989bd26,southwestmicrowave.com
3117183885,Lippincott,Bill,,,,"Director, Information Technology",759,Information Technology,Director,,(608) 373-2323,blippincott@ssisintered.com,,,Wisconsin,,United States,7,10/9/2019,74809887,SSI Technologies Inc,SSI,www.ssitechnologies.com,(608) 758-1500,3330 Palmer Dr.,Janesville,Wisconsin,53546,United States,Metals & Minerals,Industry.mm.metals,Manufacturing,Industry.mfg,138155,Sales.100MMto250M,700,Employees.500to999,33,339,33122,331221,"TitleCode.IT,TitleCodeTop.Business,TitleCodeMiddle.Technical,TitleCode.Director,TitleCodeMiddle.Director","Engineering & Technical,Director",https://go.zoominfo.com/#/apps/search/person/results?personProfileId=3117183885,9e9ec3929dd2fad542f1641176e6a871,ssisintered.com
73400095,Baumgardner,Greg,,,,"Director, Information Technology",759,Information Technology,Director,,(503) 478-1550,gregb@stimsonlumber.com,520 SW Yamhill St.,Portland,Oregon,97204,United States,71,10/8/2019,36700749,Stimson Lumber Company,Stimson Lumber,www.stimsonlumber.com,(503) 295-0951,520 SW Yamhill St.,Portland,Oregon,97204,United States,"Lumber, Wood Production & Timber Operations",Industry.mfg.building.lumber,Building Materials,Industry.mfg.building,300000,Sales.250Mto500M,750,Employees.500to999,24,241,444,321113,"TitleCode.IT,TitleCodeTop.Business,TitleCodeMiddle.Technical,TitleCode.Director,TitleCodeMiddle.Director","Engineering & Technical,Director",https://go.zoominfo.com/#/apps/search/person/results?personProfileId=73400095,5b6fb7de35eae65fcb478e020590d8b7,stimsonlumber.com
1663756724,Burke,Lynn,,,,"Manager, Information Technology",719,Information Technology,Manager,,,lynn_burke@stuller.com,302 Rue Louis XIV,Lafayette,Louisiana,70508,United States,4,4/11/2019,36881380,Stuller Inc,Stuller,www.stuller.com,(337) 262-7700,302 Rue Louis XIV,Lafayette,Louisiana,70508,United States,Jewelry & Watch Retail,Industry.retail.jewelry,Retail,Industry.retail,484240,Sales.250Mto500M,1250,Employees.1000to4999,50,509,448310,33,"TitleCode.IT,TitleCodeTop.Business,TitleCodeMiddle.Manager,TitleCodeMiddle.Technical,TitleCode.Manager","Manager,Engineering & Technical",https://go.zoominfo.com/#/apps/search/person/results?personProfileId=1663756724,c8f2014b493d1cd32972c1dea1ccbc87,stuller.com
3294674735,Quigley,Dan,,,,"Director, IT Infrastructure & Service Delivery",759,Information Technology,Director,,(404) 860-3297,dquigley@surterra.com,,,Georgia,,United States,2,9/3/2019,395669656,Surterra Wellness,Surterra,www.surterra.com,(404) 920-4890,"1175 PEACHTREE St. NE, 10TH Fl.",Atlanta,Georgia,30361,United States,Hospitals & Clinics,Industry.healthcare.healthcare,Healthcare,Industry.healthcare,36580,Sales.25Mto50M,500,Employees.500to999,80,804,32541,621340,"TitleCode.IT,TitleCodeTop.Business,TitleCodeMiddle.Technical,TitleCode.Director,TitleCodeMiddle.Director","Engineering & Technical,Director",https://go.zoominfo.com/#/apps/search/person/results?personProfileId=3294674735,708728312f1c6bcea3701173dc9cb35e,surterra.com
-1883458890,Peters,Noel,,,,"Director, Information Technology",759,Information Technology,Director,,(231) 944-7149,npeters@oilgear.com,1424 International Dr.,Traverse City,Michigan,49686,United States,20,6/12/2019,28704859,The Oilgear Company,Oilgear,www.oilgear.com,(231) 929-1660,1424 International Dr.,Traverse City,Michigan,49686,United States,Industrial Machinery & Equipment,Industry.mfg.industrialmachinery,Manufacturing,Industry.mfg,150000,Sales.100MMto250M,400,Employees.250to499,35,359,333995,333996,"TitleCode.IT,TitleCodeTop.Business,TitleCodeMiddle.Technical,TitleCode.Director,TitleCodeMiddle.Director","Engineering & Technical,Director",https://go.zoominfo.com/#/apps/search/person/results?personProfileId=-1883458890,797ddcbc975b6a3ee0e66f363af0024e,oilgear.com
967944640,Magallon,David,,,,"Manager, Management Information Systems & Information Technology",719,Information Technology,Manager,,(571) 322-2219,david.magallon@vomela.com,8401 Terminal Rd.,Newington,Virginia,22122,United States,28,5/7/2019,121274375,The Vomela Companies,Vomela,www.vomela.com,(651) 228-2200,274 Fillmore Ave. E,Saint Paul,Minnesota,55107,United States,Commercial Printing,Industry.bizservice.printing,Business Services,Industry.bizservice,285000,Sales.250Mto500M,1300,Employees.1000to4999,23,239,32311,541,"TitleCode.IT,TitleCodeTop.Business,TitleCodeMiddle.Manager,TitleCodeMiddle.Technical,TitleCode.Manager","Manager,Engineering & Technical",https://go.zoominfo.com/#/apps/search/person/results?personProfileId=967944640,0fa1437b14c786a8f427bc280811930a,vomela.com
1521390302,Chan,Joseph,,,,"Manager, Information Technology",719,Information Technology,Manager,,(408) 347-3400 ext. 1362,jchan@therma.com,1601 Las Plumas Ave.,San Jose,California,95133,United States,50,9/9/2019,345003760,Therma Corporation,Therma Corporation,www.therma.com,(408) 347-3400,1601 Las Plumas Ave.,San Jose,California,95133,United States,"Energy, Utilities & Waste Treatment General",Industry.energy.general,Industrial Machinery & Equipment,Industry.mfg.industrialmachinery,100000,Sales.100MMto250M,750,Employees.500to999,16,162,221,237120,"TitleCode.IT,TitleCodeTop.Business,TitleCodeMiddle.Manager,TitleCodeMiddle.Technical,TitleCode.Manager","Manager,Engineering & Technical",https://go.zoominfo.com/#/apps/search/person/results?personProfileId=1521390302,ae13f2fe53668785ff5f587783162cd4,therma.com
1488949590,Williams,Willie,,,,"Manager, IT Network",719,Information Technology,Manager,,(518) 452-1242 ext. 7102,willie@twec.com,38 CORPORATE Circle,Albany,New York,12203,United States,22,3/21/2019,106545234,Trans World Entertainment Corp,Trans World Entertainment,www.twec.com,(518) 452-1242,38 CORPORATE Circle,Albany,New York,12203,United States,Consumer Electronics & Computers Retail,Industry.retail.electronics,Retail Software,Industry.software.retail,442856,Sales.250Mto500M,1200,Employees.1000to4999,57,573,5419,443130,"TitleCode.IT,TitleCodeTop.Business,TitleCodeMiddle.Manager,TitleCodeMiddle.Technical,TitleCode.Manager","Manager,Engineering & Technical",https://go.zoominfo.com/#/apps/search/person/results?personProfileId=1488949590,4715f65c9c032c6c0350fd6a4ad16168,twec.com
3120594562,Antoun,Dana,,,,"Director, Information Technology",759,Information Technology,Director,,,dana.antoun@usfarathane.com,2700 High Meadow Circle,Auburn Hills,Michigan,48326,United States,5,9/17/2019,125255773,US Farathane Corporation,US Farathane,www.usfarathane.com,(248) 754-7000,2700 High Meadow Circle,Auburn Hills,Michigan,48326,United States,"Miscellaneous Building Materials (Flooring, Cabinets, etc.)",Industry.mfg.building.other,Building Materials,Industry.mfg.building,450000,Sales.250Mto500M,4200,Employees.1000to4999,30,308,3261,32,"TitleCode.IT,TitleCodeTop.Business,TitleCodeMiddle.Technical,TitleCode.Director,TitleCodeMiddle.Director","Engineering & Technical,Director",https://go.zoominfo.com/#/apps/search/person/results?personProfileId=3120594562,5fd5cbee6da087f0481fc6ee16b48b18,usfarathane.com
-2082735780,Fodor,Eric,,,,"Manager, Information Technology Systems",719,Information Technology,Manager,,(330) 683-0075 ext. 2313,eric.fodor@ventrac.com,328 E Water St.,Orrville,Ohio,44667,United States,14,9/23/2019,160022628,Ventrac,Ventrac,www.ventrac.com,(330) 683-0000,500 VENTURE Dr.,Orrville,Ohio,44667,United States,Industrial Machinery & Equipment,Industry.mfg.industrialmachinery,Manufacturing,Industry.mfg,31381,Sales.25Mto50M,159,Employees.100to249,35,,3331,333,"TitleCode.IT,TitleCodeTop.Business,TitleCodeMiddle.Manager,TitleCodeMiddle.Technical,TitleCode.Manager","Manager,Engineering & Technical",https://go.zoominfo.com/#/apps/search/person/results?personProfileId=-2082735780,1cca74b7b29c0dc5df7e186a7c386131,ventrac.com
2079844389,Hamilton,Mike,,,,"Director, IT Infrastructure",759,Information Technology,Director,,(978) 749-3254,mhamilton@vicorpower.com,25 Frontage Rd.,Andover,Massachusetts,1810,United States,29,10/2/2019,153518114,Vicor Corporation,Vicor,www.vicorpower.com,(978) 470-2900,25 Frontage Rd.,Andover,Massachusetts,1810,United States,Electronic Components,Industry.mfg.electronics.electronics,Electronics,Industry.mfg.electronics,227830,Sales.100MMto250M,970,Employees.500to999,36,367,33599,334419,"TitleCode.IT,TitleCodeTop.Business,TitleCodeMiddle.Technical,TitleCode.Director,TitleCodeMiddle.Director","Engineering & Technical,Director",https://go.zoominfo.com/#/apps/search/person/results?personProfileId=2079844389,b15e8a0a4d512ece7435e12476dd1e72,vicorpower.com
2557081166,Figan,Douglas,,,,"Manager, Information Technology",719,Information Technology,Manager,,(919) 460-2291,douglas.figan@vinventions.com,400 Vintage Park Dr.,Zebulon,North Carolina,27597,United States,5,3/21/2019,370691631,Vinventions SA,Vinventions,www.vinventions.com,(919) 460-2200,400 Vintage Park Dr.,Zebulon,North Carolina,27597,United States,"Miscellaneous Building Materials (Flooring, Cabinets, etc.)",Industry.mfg.building.other,Building Materials,Industry.mfg.building,118000,Sales.100MMto250M,62,Employees.50to99,30,308,3261,32,"TitleCode.IT,TitleCodeTop.Business,TitleCodeMiddle.Manager,TitleCodeMiddle.Technical,TitleCode.Manager","Manager,Engineering & Technical",https://go.zoominfo.com/#/apps/search/person/results?personProfileId=2557081166,e2e3c12559c0e7efffb18aa8877a8553,vinventions.com
2845625298,Sharma,Manish,,,,"Manager, Information Technology",719,Information Technology,Manager,,(540) 682-5169,manish_sharma@vatransformer.com,220 Glade View Dr.,Roanoke,Virginia,24012,United States,12,8/29/2019,90292266,Virginia Transformer Corp,Virginia Transformer,www.vatransformer.com,(540) 345-9892,220 Glade View Dr.,Roanoke,Virginia,24012,United States,Power Conversion & Protection Equipment,Industry.mfg.electronics.powerequip,Electronics,Industry.mfg.electronics,167760,Sales.100MMto250M,850,Employees.500to999,36,361,3353,335311,"TitleCode.IT,TitleCodeTop.Business,TitleCodeMiddle.Manager,TitleCodeMiddle.Technical,TitleCode.Manager","Manager,Engineering & Technical",https://go.zoominfo.com/#/apps/search/person/results?personProfileId=2845625298,554456d91897e0f477bc55ccb7804950,vatransformer.com
621133632,Mostowy,Todd,G.,,,"Regional Manager, Information Technology, The (Americas)",719,Information Technology,Manager,,(919) 628-9311,todd.mostowy@vpgsensors.com,951 Wendell Blvd.,Wendell,North Carolina,27591,United States,38,4/11/2019,135856203,Vishay Precision Group Inc,Vishay Precision Group,www.vpgsensors.com,(484) 321-5300,3 Great Valley Pkwy. Ste. 150,Malvern,Pennsylvania,19355,United States,Electronics,Industry.mfg.electronics,Manufacturing,Industry.mfg,254350,Sales.250Mto500M,2250,Employees.1000to4999,36,369,4236,423620,"TitleCode.IT,TitleCodeTop.Business,TitleCodeMiddle.Manager,TitleCodeMiddle.Technical,TitleCode.Manager","Manager,Engineering & Technical",https://go.zoominfo.com/#/apps/search/person/results?personProfileId=621133632,b6bfa6ec66c0e7a87b0e53c0d6d6821b,vpgsensors.com
-2043979035,Hong,Simon,,,,"Manager, Information Technology",719,Information Technology,Manager,,(360) 817-3852,shong@wafertech.com,5509 NW Parker St.,Camas,Washington,98607,United States,14,3/26/2019,41288272,WaferTech LLC,WaferTech,www.wafertech.com,(360) 817-3000,5509 NW Parker St.,Camas,Washington,98607,United States,Semiconductor & Semiconductor Equipment,Industry.mfg.electronics.semiconductors,Electronics,Industry.mfg.electronics,100000,Sales.100MMto250M,2000,Employees.1000to4999,36,367,33441,33,"TitleCode.IT,TitleCodeTop.Business,TitleCodeMiddle.Manager,TitleCodeMiddle.Technical,TitleCode.Manager","Manager,Engineering & Technical",https://go.zoominfo.com/#/apps/search/person/results?personProfileId=-2043979035,318532ff2b03aa560e43dd6c74bfd176,wafertech.com
-2050780116,Hou,Ron,,,,"Manager, Information Technology",719,Information Technology,Manager,,(360) 817-3374,rhou@wafertech.com,5509 NW Parker St.,Camas,Washington,98607,United States,13,3/21/2019,41288272,WaferTech LLC,WaferTech,www.wafertech.com,(360) 817-3000,5509 NW Parker St.,Camas,Washington,98607,United States,Semiconductor & Semiconductor Equipment,Industry.mfg.electronics.semiconductors,Electronics,Industry.mfg.electronics,100000,Sales.100MMto250M,2000,Employees.1000to4999,36,367,33441,33,"TitleCode.IT,TitleCodeTop.Business,TitleCodeMiddle.Manager,TitleCodeMiddle.Technical,TitleCode.Manager","Manager,Engineering & Technical",https://go.zoominfo.com/#/apps/search/person/results?personProfileId=-2050780116,54e8ed82cc287aecc49d52425a7c0620,wafertech.com
1676678077,Ruscansky,John,,,,"Manager, Information Technology",719,Information Technology,Manager,,(570) 595-7495 ext. 1455,jruscansky@weilercorp.com,One Weiler Dr.,Cresco,Pennsylvania,18326,United States,23,3/21/2019,41796171,Weiler Corporation,Weiler,www.weilercorp.com,(570) 595-7495,One Weiler Dr.,Cresco,Pennsylvania,18326,United States,Cleaning Products,Industry.mfg.consumer.cleaning,Consumer Goods,Industry.mfg.consumer,35000,Sales.25Mto50M,175,Employees.100to249,32,329,339994,339,"TitleCode.IT,TitleCodeTop.Business,TitleCodeMiddle.Manager,TitleCodeMiddle.Technical,TitleCode.Manager","Manager,Engineering & Technical",https://go.zoominfo.com/#/apps/search/person/results?personProfileId=1676678077,dc794b3b99be6ea27f5ac29f420e6c8e,weilercorp.com
-2070233656,Pon,Scott,,,,"Manager, Information Technology Systems",719,Information Technology,Manager,,(408) 956-0100 ext. 106,scott@solderquik.com,,,California,,United States,5,4/19/2019,129155084,Winslow Automation Inc,Winslow Automation,www.winslowautomation.com,(408) 262-9004,905 Montague Expy.,Milpitas,California,95035,United States,Semiconductor & Semiconductor Equipment,Industry.mfg.electronics.semiconductors,Electronics,Industry.mfg.electronics,14407,Sales.10Mto25M,73,Employees.50to99,3674,367,5416,332,"TitleCode.IT,TitleCodeTop.Business,TitleCodeMiddle.Manager,TitleCodeMiddle.Technical,TitleCode.Manager","Manager,Engineering & Technical",https://go.zoominfo.com/#/apps/search/person/results?personProfileId=-2070233656,f767e527a4d520a7662210f8349f9c37,solderquik.com
2618461900,Bell,Kevin,,,,IT Infrastructure Manager,719,Information Technology,Manager,,(208) 712-5301,kevin.bell@woodgrain.com,300 Nw 16Th St.,Fruitland,Idaho,83619,United States,11,9/26/2019,111346251,Woodgrain Millwork Inc,Woodgrain,www.woodgrain.com,(208) 452-3801,300 Nw 16Th St.,Fruitland,Idaho,83619,United States,"Lumber, Wood Production & Timber Operations",Industry.mfg.building.lumber,Building Materials,Industry.mfg.building,300000,Sales.250Mto500M,2912,Employees.1000to4999,5211,521,444,44,"TitleCode.IT,TitleCodeTop.Business,TitleCodeMiddle.Manager,TitleCodeMiddle.Technical,TitleCode.Manager","Manager,Engineering & Technical",https://go.zoominfo.com/#/apps/search/person/results?personProfileId=2618461900,279bbedcc6be27c8b00574221e3b32a5,woodgrain.com
1519803528,Birch,Wallace,,,,"Project Manager, Information Technology",719,Information Technology,Manager,,(208) 452-8343,wbirch@woodgrain.com,300 Nw 16Th St.,Fruitland,Idaho,83619,United States,17,3/21/2019,111346251,Woodgrain Millwork Inc,Woodgrain,www.woodgrain.com,(208) 452-3801,300 Nw 16Th St.,Fruitland,Idaho,83619,United States,"Lumber, Wood Production & Timber Operations",Industry.mfg.building.lumber,Building Materials,Industry.mfg.building,300000,Sales.250Mto500M,2912,Employees.1000to4999,5211,521,444,44,"TitleCode.ProjectManagement,TitleCodeMiddle.Manager,TitleCodeTop.Business,TitleCode.IT,TitleCodeMiddle.Operations,TitleCodeMiddle.Technical,TitleCode.Manager","Operations,Manager",https://go.zoominfo.com/#/apps/search/person/results?personProfileId=1519803528,85d04d1468c819e6ab1f517ab53f7efd,woodgrain.com
2401725556,Willis,Bryan,,,,"Manager, IT Infrastructure & Operations",719,Operations,Manager,,(805) 445-7789 ext. 231,bryan.willis@zpowerbattery.com,4765 Calle Quetzal,Camarillo,California,93012,United States,6,3/21/2019,313884781,ZPOWER LLC,Zpower,www.zpowerbattery.com,(805) 445-7789,4765 Calle Quetzal,Camarillo,California,93012,United States,"Batteries, Power Storage Equipment & Generators",Industry.mfg.electronics.batteries,Electronics,Industry.mfg.electronics,26500,Sales.25Mto50M,256,Employees.250to499,36,369,335911,335999,"TitleCodeMiddle.Manager,TitleCode.Operations,TitleCodeTop.Business,TitleCode.IT,TitleCodeMiddle.Operations,TitleCodeMiddle.Technical,TitleCode.Manager","Operations,Manager",https://go.zoominfo.com/#/apps/search/person/results?personProfileId=2401725556,ae34a50c5feab3d2491809865219cb4d,zpowerbattery.com
